source_file,row_identifier,rule_id,column,observed_value,reason,decision
equipment.csv,EQ-CHILL-128,R-EQ-001,equipment_id,EQ-CHILL-128,Ligne strictement dupliquée,doublon_supprime
equipment.csv,EQ-CONV-222,R-EQ-001,equipment_id,EQ-CONV-222,Ligne strictement dupliquée,doublon_supprime
equipment.csv,EQ-OVEN-366,R-EQ-001,equipment_id,EQ-OVEN-366,Ligne strictement dupliquée,doublon_supprime
equipment.csv,EQ-ROBOT-390,R-EQ-001,equipment_id,EQ-ROBOT-390,Ligne strictement dupliquée,doublon_supprime
equipment.csv,EQ-CAB-239,R-EQ-003,equipment_type,Pump ,Catégorie non normalisée,valeur_normalisee
equipment.csv,EQ-COMP-169,R-EQ-004,rated_power_kw,-12.5,Puissance nominale nulle ou négative,champ_neutralise
equipment.csv,EQ-CONV-137,R-EQ-005,commissioning_date,2031-04-17,Date de mise en service absente ou postérieure à la période,champ_neutralise
equipment.csv,EQ-FAN-180,R-EQ-006,manufacturer,,Fabricant manquant,conserve_signale
equipment.csv,EQ-MIX-319,R-EQ-006,rated_power_kw,,Puissance nominale manquante,conserve_signale
events.csv,EVT-2026S1-0022,R-EVT-001,event_id,EVT-2026S1-0022,Ligne strictement dupliquée,doublon_supprime
events.csv,EVT-2026S1-0155,R-EVT-001,event_id,EVT-2026S1-0155,Ligne strictement dupliquée,doublon_supprime
events.csv,EVT-2026S1-0314,R-EVT-001,event_id,EVT-2026S1-0314,Ligne strictement dupliquée,doublon_supprime
events.csv,EVT-2026S1-0432,R-EVT-001,event_id,EVT-2026S1-0432,Ligne strictement dupliquée,doublon_supprime
events.csv,EVT-2026S1-0032,R-EVT-004,end_at,2026-04-09T17:50:00Z,Fin antérieure au début,champ_neutralise
events.csv,EVT-2026S1-0102,R-EVT-002,severity,URGENT,Sévérité hors domaine,exclue
events.csv,EVT-2026S1-0180,R-EVT-005,equipment_id,EQ-ORPHAN-999,Équipement référencé absent de la table préparée,exclue
events.csv,EVT-2026S1-0265,R-EVT-003,event_type,Incident ,Type d'événement non normalisé,valeur_normalisee
maintenance_history.csv,MNT-2026S1-0061,R-MNT-001,maintenance_id,MNT-2026S1-0061,Ligne strictement dupliquée,doublon_supprime
maintenance_history.csv,MNT-2026S1-0334,R-MNT-001,maintenance_id,MNT-2026S1-0334,Ligne strictement dupliquée,doublon_supprime
maintenance_history.csv,MNT-2026S1-0778,R-MNT-001,maintenance_id,MNT-2026S1-0778,Ligne strictement dupliquée,doublon_supprime
maintenance_history.csv,MNT-2026S1-1201,R-MNT-001,maintenance_id,MNT-2026S1-1201,Ligne strictement dupliquée,doublon_supprime
maintenance_history.csv,MNT-2026S1-1601,R-MNT-001,maintenance_id,MNT-2026S1-1601,Ligne strictement dupliquée,doublon_supprime
maintenance_history.csv,MNT-2026S1-0041,R-MNT-005,downtime_minutes,-45,Durée d'arrêt négative ou illisible,exclue
maintenance_history.csv,MNT-2026S1-0206,R-MNT-005,downtime_minutes,99999,"Durée d'arrêt supérieure à quatorze jours, expertise métier requise",conserve_signale
maintenance_history.csv,MNT-2026S1-0389,R-MNT-002,event_id,EVT-ORPHAN-999,Événement référencé absent de la table préparée,exclue
maintenance_history.csv,MNT-2026S1-0545,R-MNT-003,equipment_id,EQ-ORPHAN-998,Équipement référencé absent de la table préparée,exclue
maintenance_history.csv,MNT-2026S1-0621,R-MNT-004,closed_at,2026-06-14T14:55:00Z,Clôture antérieure à l'ouverture,champ_neutralise
maintenance_history.csv,MNT-2026S1-0703,R-MNT-006,parts_cost_eur,-350.0,Coût de pièces négatif,champ_neutralise
maintenance_history.csv,MNT-2026S1-0857,R-MNT-002,event_id,EVT-2026S1-0102,Événement référencé absent de la table préparée,exclue
maintenance_history.csv,MNT-2026S1-0912,R-MNT-007,intervention_type,Correctif,Type d'intervention non normalisé,valeur_normalisee
maintenance_history.csv,MNT-2026S1-0912,R-MNT-007,intervention_type,Correctif,Type d'intervention hors domaine,exclue
maintenance_history.csv,MNT-2026S1-1006,R-MNT-002,event_id,EVT-2026S1-0102,Événement référencé absent de la table préparée,exclue
maintenance_history.csv,MNT-2026S1-1121,R-MNT-008,work_order_note,telephone+nom,Information relative à une personne dans une note libre,pseudonymise
maintenance_history.csv,MNT-2026S1-1190,R-MNT-002,event_id,EVT-2026S1-0102,Événement référencé absent de la table préparée,exclue
maintenance_history.csv,MNT-2026S1-1334,R-MNT-008,work_order_note,email,Information relative à une personne dans une note libre,pseudonymise
sensor_readings.csv,EQ-PUMP-001|2026-01-02T00:00:00Z|TEMPERATURE_C ,R-SEN-005,sensor_name,TEMPERATURE_C ,Nom de capteur non normalise (casse ou espace),valeur_normalisee
sensor_readings.csv,EQ-PUMP-001|2026-01-02T06:00:00Z|TEMPERATURE_C ,R-SEN-005,sensor_name,TEMPERATURE_C ,Nom de capteur non normalise (casse ou espace),valeur_normalisee
sensor_readings.csv,EQ-PUMP-001|2026-01-02T12:00:00Z|TEMPERATURE_C ,R-SEN-005,sensor_name,TEMPERATURE_C ,Nom de capteur non normalise (casse ou espace),valeur_normalisee
sensor_readings.csv,EQ-PUMP-001|2026-01-02T18:00:00Z|TEMPERATURE_C ,R-SEN-005,sensor_name,TEMPERATURE_C ,Nom de capteur non normalise (casse ou espace),valeur_normalisee
sensor_readings.csv,EQ-PUMP-001|2026-01-03T00:00:00Z|TEMPERATURE_C ,R-SEN-005,sensor_name,TEMPERATURE_C ,Nom de capteur non normalise (casse ou espace),valeur_normalisee
sensor_readings.csv,EQ-PUMP-001|2026-01-03T06:00:00Z|TEMPERATURE_C ,R-SEN-005,sensor_name,TEMPERATURE_C ,Nom de capteur non normalise (casse ou espace),valeur_normalisee
sensor_readings.csv,EQ-PUMP-001|2026-01-03T12:00:00Z|TEMPERATURE_C ,R-SEN-005,sensor_name,TEMPERATURE_C ,Nom de capteur non normalise (casse ou espace),valeur_normalisee
sensor_readings.csv,EQ-PUMP-001|2026-01-03T18:00:00Z|TEMPERATURE_C ,R-SEN-005,sensor_name,TEMPERATURE_C ,Nom de capteur non normalise (casse ou espace),valeur_normalisee
sensor_readings.csv,EQ-PUMP-001|2026-01-04T00:00:00Z|TEMPERATURE_C ,R-SEN-005,sensor_name,TEMPERATURE_C ,Nom de capteur non normalise (casse ou espace),valeur_normalisee
sensor_readings.csv,EQ-PUMP-001|2026-01-04T06:00:00Z|TEMPERATURE_C ,R-SEN-005,sensor_name,TEMPERATURE_C ,Nom de capteur non normalise (casse ou espace),valeur_normalisee
sensor_readings.csv,EQ-PUMP-001|2026-01-04T12:00:00Z|TEMPERATURE_C ,R-SEN-005,sensor_name,TEMPERATURE_C ,Nom de capteur non normalise (casse ou espace),valeur_normalisee
sensor_readings.csv,EQ-PUMP-001|2026-01-04T18:00:00Z|TEMPERATURE_C ,R-SEN-005,sensor_name,TEMPERATURE_C ,Nom de capteur non normalise (casse ou espace),valeur_normalisee
sensor_readings.csv,EQ-PUMP-001|2026-01-05T00:00:00Z|TEMPERATURE_C ,R-SEN-005,sensor_name,TEMPERATURE_C ,Nom de capteur non normalise (casse ou espace),valeur_normalisee
sensor_readings.csv,EQ-PUMP-001|2026-01-05T06:00:00Z|TEMPERATURE_C ,R-SEN-005,sensor_name,TEMPERATURE_C ,Nom de capteur non normalise (casse ou espace),valeur_normalisee
sensor_readings.csv,EQ-PUMP-001|2026-01-05T12:00:00Z|TEMPERATURE_C ,R-SEN-005,sensor_name,TEMPERATURE_C ,Nom de capteur non normalise (casse ou espace),valeur_normalisee
sensor_readings.csv,EQ-PUMP-001|2026-01-05T18:00:00Z|TEMPERATURE_C ,R-SEN-005,sensor_name,TEMPERATURE_C ,Nom de capteur non normalise (casse ou espace),valeur_normalisee
sensor_readings.csv,EQ-PUMP-001|2026-01-06T00:00:00Z|TEMPERATURE_C ,R-SEN-005,sensor_name,TEMPERATURE_C ,Nom de capteur non normalise (casse ou espace),valeur_normalisee
sensor_readings.csv,EQ-PUMP-001|2026-01-06T06:00:00Z|TEMPERATURE_C ,R-SEN-005,sensor_name,TEMPERATURE_C ,Nom de capteur non normalise (casse ou espace),valeur_normalisee
sensor_readings.csv,EQ-PUMP-001|2026-01-06T12:00:00Z|TEMPERATURE_C ,R-SEN-005,sensor_name,TEMPERATURE_C ,Nom de capteur non normalise (casse ou espace),valeur_normalisee
sensor_readings.csv,EQ-PUMP-001|2026-01-06T18:00:00Z|TEMPERATURE_C ,R-SEN-005,sensor_name,TEMPERATURE_C ,Nom de capteur non normalise (casse ou espace),valeur_normalisee
sensor_readings.csv,EQ-PUMP-001|2026-01-07T00:00:00Z|TEMPERATURE_C ,R-SEN-005,sensor_name,TEMPERATURE_C ,Nom de capteur non normalise (casse ou espace),valeur_normalisee
sensor_readings.csv,EQ-PUMP-001|2026-01-07T06:00:00Z|TEMPERATURE_C ,R-SEN-005,sensor_name,TEMPERATURE_C ,Nom de capteur non normalise (casse ou espace),valeur_normalisee
sensor_readings.csv,EQ-PUMP-001|2026-01-07T12:00:00Z|TEMPERATURE_C ,R-SEN-005,sensor_name,TEMPERATURE_C ,Nom de capteur non normalise (casse ou espace),valeur_normalisee
sensor_readings.csv,EQ-PUMP-001|2026-01-07T18:00:00Z|TEMPERATURE_C ,R-SEN-005,sensor_name,TEMPERATURE_C ,Nom de capteur non normalise (casse ou espace),valeur_normalisee
sensor_readings.csv,EQ-PUMP-001|2026-01-08T00:00:00Z|TEMPERATURE_C ,R-SEN-005,sensor_name,TEMPERATURE_C ,Nom de capteur non normalise (casse ou espace),valeur_normalisee
sensor_readings.csv,EQ-PUMP-001|2026-01-08T06:00:00Z|TEMPERATURE_C ,R-SEN-005,sensor_name,TEMPERATURE_C ,Nom de capteur non normalise (casse ou espace),valeur_normalisee
sensor_readings.csv,EQ-PUMP-001|2026-01-08T12:00:00Z|TEMPERATURE_C ,R-SEN-005,sensor_name,TEMPERATURE_C ,Nom de capteur non normalise (casse ou espace),valeur_normalisee
sensor_readings.csv,EQ-PUMP-001|2026-01-08T18:00:00Z|TEMPERATURE_C ,R-SEN-005,sensor_name,TEMPERATURE_C ,Nom de capteur non normalise (casse ou espace),valeur_normalisee
sensor_readings.csv,EQ-PUMP-001|2026-01-09T00:00:00Z|TEMPERATURE_C ,R-SEN-005,sensor_name,TEMPERATURE_C ,Nom de capteur non normalise (casse ou espace),valeur_normalisee
sensor_readings.csv,EQ-PUMP-001|2026-01-09T06:00:00Z|TEMPERATURE_C ,R-SEN-005,sensor_name,TEMPERATURE_C ,Nom de capteur non normalise (casse ou espace),valeur_normalisee
sensor_readings.csv,EQ-PUMP-001|2026-01-09T12:00:00Z|TEMPERATURE_C ,R-SEN-005,sensor_name,TEMPERATURE_C ,Nom de capteur non normalise (casse ou espace),valeur_normalisee
sensor_readings.csv,EQ-PUMP-001|2026-01-09T18:00:00Z|TEMPERATURE_C ,R-SEN-005,sensor_name,TEMPERATURE_C ,Nom de capteur non normalise (casse ou espace),valeur_normalisee
sensor_readings.csv,EQ-PUMP-001|2026-01-10T00:00:00Z|TEMPERATURE_C ,R-SEN-005,sensor_name,TEMPERATURE_C ,Nom de capteur non normalise (casse ou espace),valeur_normalisee
sensor_readings.csv,EQ-PUMP-001|2026-01-10T06:00:00Z|TEMPERATURE_C ,R-SEN-005,sensor_name,TEMPERATURE_C ,Nom de capteur non normalise (casse ou espace),valeur_normalisee
sensor_readings.csv,EQ-PUMP-001|2026-01-10T12:00:00Z|TEMPERATURE_C ,R-SEN-005,sensor_name,TEMPERATURE_C ,Nom de capteur non normalise (casse ou espace),valeur_normalisee
sensor_readings.csv,EQ-PUMP-001|2026-01-10T18:00:00Z|TEMPERATURE_C ,R-SEN-005,sensor_name,TEMPERATURE_C ,Nom de capteur non normalise (casse ou espace),valeur_normalisee
sensor_readings.csv,EQ-PUMP-001|2026-01-11T00:00:00Z|TEMPERATURE_C ,R-SEN-005,sensor_name,TEMPERATURE_C ,Nom de capteur non normalise (casse ou espace),valeur_normalisee
sensor_readings.csv,EQ-PUMP-001|2026-01-11T06:00:00Z|TEMPERATURE_C ,R-SEN-005,sensor_name,TEMPERATURE_C ,Nom de capteur non normalise (casse ou espace),valeur_normalisee
sensor_readings.csv,EQ-PUMP-001|2026-01-11T12:00:00Z|TEMPERATURE_C ,R-SEN-005,sensor_name,TEMPERATURE_C ,Nom de capteur non normalise (casse ou espace),valeur_normalisee
sensor_readings.csv,EQ-PUMP-001|2026-01-11T18:00:00Z|TEMPERATURE_C ,R-SEN-005,sensor_name,TEMPERATURE_C ,Nom de capteur non normalise (casse ou espace),valeur_normalisee
sensor_readings.csv,EQ-COMP-233|2026-01-02 00:00:00|temperature_c,R-SEN-002,timestamp,2026-01-02 00:00:00,Horodatage sans fuseau — interprete en UTC (hypothese tracee),valeur_normalisee
sensor_readings.csv,EQ-COMP-233|2026-01-02 06:00:00|temperature_c,R-SEN-002,timestamp,2026-01-02 06:00:00,Horodatage sans fuseau — interprete en UTC (hypothese tracee),valeur_normalisee
sensor_readings.csv,EQ-COMP-233|2026-01-02 12:00:00|temperature_c,R-SEN-002,timestamp,2026-01-02 12:00:00,Horodatage sans fuseau — interprete en UTC (hypothese tracee),valeur_normalisee
sensor_readings.csv,EQ-COMP-233|2026-01-02 18:00:00|temperature_c,R-SEN-002,timestamp,2026-01-02 18:00:00,Horodatage sans fuseau — interprete en UTC (hypothese tracee),valeur_normalisee
sensor_readings.csv,EQ-COMP-233|2026-01-03 00:00:00|temperature_c,R-SEN-002,timestamp,2026-01-03 00:00:00,Horodatage sans fuseau — interprete en UTC (hypothese tracee),valeur_normalisee
sensor_readings.csv,EQ-COMP-233|2026-01-03 06:00:00|temperature_c,R-SEN-002,timestamp,2026-01-03 06:00:00,Horodatage sans fuseau — interprete en UTC (hypothese tracee),valeur_normalisee
sensor_readings.csv,EQ-COMP-233|2026-01-03 12:00:00|temperature_c,R-SEN-002,timestamp,2026-01-03 12:00:00,Horodatage sans fuseau — interprete en UTC (hypothese tracee),valeur_normalisee
sensor_readings.csv,EQ-COMP-233|2026-01-03 18:00:00|temperature_c,R-SEN-002,timestamp,2026-01-03 18:00:00,Horodatage sans fuseau — interprete en UTC (hypothese tracee),valeur_normalisee
sensor_readings.csv,EQ-COMP-233|2026-01-04 00:00:00|temperature_c,R-SEN-002,timestamp,2026-01-04 00:00:00,Horodatage sans fuseau — interprete en UTC (hypothese tracee),valeur_normalisee
sensor_readings.csv,EQ-COMP-233|2026-01-04 06:00:00|temperature_c,R-SEN-002,timestamp,2026-01-04 06:00:00,Horodatage sans fuseau — interprete en UTC (hypothese tracee),valeur_normalisee
sensor_readings.csv,EQ-COMP-233|2026-01-04 12:00:00|temperature_c,R-SEN-002,timestamp,2026-01-04 12:00:00,Horodatage sans fuseau — interprete en UTC (hypothese tracee),valeur_normalisee
sensor_readings.csv,EQ-COMP-233|2026-01-04 18:00:00|temperature_c,R-SEN-002,timestamp,2026-01-04 18:00:00,Horodatage sans fuseau — interprete en UTC (hypothese tracee),valeur_normalisee
sensor_readings.csv,EQ-COMP-233|2026-01-05 00:00:00|temperature_c,R-SEN-002,timestamp,2026-01-05 00:00:00,Horodatage sans fuseau — interprete en UTC (hypothese tracee),valeur_normalisee
sensor_readings.csv,EQ-COMP-233|2026-01-05 06:00:00|temperature_c,R-SEN-002,timestamp,2026-01-05 06:00:00,Horodatage sans fuseau — interprete en UTC (hypothese tracee),valeur_normalisee
sensor_readings.csv,EQ-COMP-233|2026-01-05 12:00:00|temperature_c,R-SEN-002,timestamp,2026-01-05 12:00:00,Horodatage sans fuseau — interprete en UTC (hypothese tracee),valeur_normalisee
sensor_readings.csv,EQ-COMP-233|2026-01-05 18:00:00|temperature_c,R-SEN-002,timestamp,2026-01-05 18:00:00,Horodatage sans fuseau — interprete en UTC (hypothese tracee),valeur_normalisee
sensor_readings.csv,EQ-COMP-233|2026-01-06 00:00:00|temperature_c,R-SEN-002,timestamp,2026-01-06 00:00:00,Horodatage sans fuseau — interprete en UTC (hypothese tracee),valeur_normalisee
sensor_readings.csv,EQ-COMP-233|2026-01-06 06:00:00|temperature_c,R-SEN-002,timestamp,2026-01-06 06:00:00,Horodatage sans fuseau — interprete en UTC (hypothese tracee),valeur_normalisee
sensor_readings.csv,EQ-COMP-233|2026-01-06 12:00:00|temperature_c,R-SEN-002,timestamp,2026-01-06 12:00:00,Horodatage sans fuseau — interprete en UTC (hypothese tracee),valeur_normalisee
sensor_readings.csv,EQ-COMP-233|2026-01-06 18:00:00|temperature_c,R-SEN-002,timestamp,2026-01-06 18:00:00,Horodatage sans fuseau — interprete en UTC (hypothese tracee),valeur_normalisee
sensor_readings.csv,EQ-COMP-233|2026-01-07 00:00:00|temperature_c,R-SEN-002,timestamp,2026-01-07 00:00:00,Horodatage sans fuseau — interprete en UTC (hypothese tracee),valeur_normalisee
sensor_readings.csv,EQ-COMP-233|2026-01-07 06:00:00|temperature_c,R-SEN-002,timestamp,2026-01-07 06:00:00,Horodatage sans fuseau — interprete en UTC (hypothese tracee),valeur_normalisee
sensor_readings.csv,EQ-COMP-233|2026-01-07 12:00:00|temperature_c,R-SEN-002,timestamp,2026-01-07 12:00:00,Horodatage sans fuseau — interprete en UTC (hypothese tracee),valeur_normalisee
sensor_readings.csv,EQ-COMP-233|2026-01-07 18:00:00|temperature_c,R-SEN-002,timestamp,2026-01-07 18:00:00,Horodatage sans fuseau — interprete en UTC (hypothese tracee),valeur_normalisee
sensor_readings.csv,EQ-COMP-233|2026-01-08 00:00:00|temperature_c,R-SEN-002,timestamp,2026-01-08 00:00:00,Horodatage sans fuseau — interprete en UTC (hypothese tracee),valeur_normalisee
sensor_readings.csv,EQ-COMP-233|2026-01-08 06:00:00|temperature_c,R-SEN-002,timestamp,2026-01-08 06:00:00,Horodatage sans fuseau — interprete en UTC (hypothese tracee),valeur_normalisee
sensor_readings.csv,EQ-COMP-233|2026-01-08 12:00:00|temperature_c,R-SEN-002,timestamp,2026-01-08 12:00:00,Horodatage sans fuseau — interprete en UTC (hypothese tracee),valeur_normalisee
sensor_readings.csv,EQ-COMP-233|2026-01-08 18:00:00|temperature_c,R-SEN-002,timestamp,2026-01-08 18:00:00,Horodatage sans fuseau — interprete en UTC (hypothese tracee),valeur_normalisee
sensor_readings.csv,EQ-COMP-233|2026-01-09 00:00:00|temperature_c,R-SEN-002,timestamp,2026-01-09 00:00:00,Horodatage sans fuseau — interprete en UTC (hypothese tracee),valeur_normalisee
sensor_readings.csv,EQ-COMP-233|2026-01-09 06:00:00|temperature_c,R-SEN-002,timestamp,2026-01-09 06:00:00,Horodatage sans fuseau — interprete en UTC (hypothese tracee),valeur_normalisee
sensor_readings.csv,EQ-COMP-233|2026-01-09 12:00:00|temperature_c,R-SEN-002,timestamp,2026-01-09 12:00:00,Horodatage sans fuseau — interprete en UTC (hypothese tracee),valeur_normalisee
sensor_readings.csv,EQ-COMP-233|2026-01-09 18:00:00|temperature_c,R-SEN-002,timestamp,2026-01-09 18:00:00,Horodatage sans fuseau — interprete en UTC (hypothese tracee),valeur_normalisee
sensor_readings.csv,EQ-COMP-233|2026-01-10 00:00:00|temperature_c,R-SEN-002,timestamp,2026-01-10 00:00:00,Horodatage sans fuseau — interprete en UTC (hypothese tracee),valeur_normalisee
sensor_readings.csv,EQ-COMP-233|2026-01-10 06:00:00|temperature_c,R-SEN-002,timestamp,2026-01-10 06:00:00,Horodatage sans fuseau — interprete en UTC (hypothese tracee),valeur_normalisee
sensor_readings.csv,EQ-COMP-233|2026-01-10 12:00:00|temperature_c,R-SEN-002,timestamp,2026-01-10 12:00:00,Horodatage sans fuseau — interprete en UTC (hypothese tracee),valeur_normalisee
sensor_readings.csv,EQ-COMP-233|2026-01-10 18:00:00|temperature_c,R-SEN-002,timestamp,2026-01-10 18:00:00,Horodatage sans fuseau — interprete en UTC (hypothese tracee),valeur_normalisee
sensor_readings.csv,EQ-COMP-233|2026-01-11 00:00:00|temperature_c,R-SEN-002,timestamp,2026-01-11 00:00:00,Horodatage sans fuseau — interprete en UTC (hypothese tracee),valeur_normalisee
sensor_readings.csv,EQ-COMP-233|2026-01-11 06:00:00|temperature_c,R-SEN-002,timestamp,2026-01-11 06:00:00,Horodatage sans fuseau — interprete en UTC (hypothese tracee),valeur_normalisee
sensor_readings.csv,EQ-COMP-233|2026-01-11 12:00:00|temperature_c,R-SEN-002,timestamp,2026-01-11 12:00:00,Horodatage sans fuseau — interprete en UTC (hypothese tracee),valeur_normalisee
sensor_readings.csv,EQ-COMP-233|2026-01-11 18:00:00|temperature_c,R-SEN-002,timestamp,2026-01-11 18:00:00,Horodatage sans fuseau — interprete en UTC (hypothese tracee),valeur_normalisee
sensor_readings.csv,EQ-COMP-233|2026-01-12 00:00:00|temperature_c,R-SEN-002,timestamp,2026-01-12 00:00:00,Horodatage sans fuseau — interprete en UTC (hypothese tracee),valeur_normalisee
sensor_readings.csv,EQ-COMP-233|2026-01-12 06:00:00|temperature_c,R-SEN-002,timestamp,2026-01-12 06:00:00,Horodatage sans fuseau — interprete en UTC (hypothese tracee),valeur_normalisee
sensor_readings.csv,EQ-COMP-233|2026-01-12 12:00:00|temperature_c,R-SEN-002,timestamp,2026-01-12 12:00:00,Horodatage sans fuseau — interprete en UTC (hypothese tracee),valeur_normalisee
sensor_readings.csv,EQ-COMP-233|2026-01-12 18:00:00|temperature_c,R-SEN-002,timestamp,2026-01-12 18:00:00,Horodatage sans fuseau — interprete en UTC (hypothese tracee),valeur_normalisee
sensor_readings.csv,EQ-COMP-233|2026-01-13 00:00:00|temperature_c,R-SEN-002,timestamp,2026-01-13 00:00:00,Horodatage sans fuseau — interprete en UTC (hypothese tracee),valeur_normalisee
sensor_readings.csv,EQ-COMP-233|2026-01-13 06:00:00|temperature_c,R-SEN-002,timestamp,2026-01-13 06:00:00,Horodatage sans fuseau — interprete en UTC (hypothese tracee),valeur_normalisee
sensor_readings.csv,EQ-COMP-233|2026-01-13 12:00:00|temperature_c,R-SEN-002,timestamp,2026-01-13 12:00:00,Horodatage sans fuseau — interprete en UTC (hypothese tracee),valeur_normalisee
sensor_readings.csv,EQ-COMP-233|2026-01-13 18:00:00|temperature_c,R-SEN-002,timestamp,2026-01-13 18:00:00,Horodatage sans fuseau — interprete en UTC (hypothese tracee),valeur_normalisee
sensor_readings.csv,EQ-COMP-233|2026-01-14 00:00:00|temperature_c,R-SEN-002,timestamp,2026-01-14 00:00:00,Horodatage sans fuseau — interprete en UTC (hypothese tracee),valeur_normalisee
sensor_readings.csv,EQ-COMP-233|2026-01-14 06:00:00|temperature_c,R-SEN-002,timestamp,2026-01-14 06:00:00,Horodatage sans fuseau — interprete en UTC (hypothese tracee),valeur_normalisee
sensor_readings.csv,EQ-COMP-233|2026-01-14 12:00:00|temperature_c,R-SEN-002,timestamp,2026-01-14 12:00:00,Horodatage sans fuseau — interprete en UTC (hypothese tracee),valeur_normalisee
sensor_readings.csv,EQ-COMP-233|2026-01-14 18:00:00|temperature_c,R-SEN-002,timestamp,2026-01-14 18:00:00,Horodatage sans fuseau — interprete en UTC (hypothese tracee),valeur_normalisee
sensor_readings.csv,EQ-COMP-233|2026-01-15 00:00:00|temperature_c,R-SEN-002,timestamp,2026-01-15 00:00:00,Horodatage sans fuseau — interprete en UTC (hypothese tracee),valeur_normalisee
sensor_readings.csv,EQ-COMP-233|2026-01-15 06:00:00|temperature_c,R-SEN-002,timestamp,2026-01-15 06:00:00,Horodatage sans fuseau — interprete en UTC (hypothese tracee),valeur_normalisee
sensor_readings.csv,EQ-COMP-233|2026-01-15 12:00:00|temperature_c,R-SEN-002,timestamp,2026-01-15 12:00:00,Horodatage sans fuseau — interprete en UTC (hypothese tracee),valeur_normalisee
sensor_readings.csv,EQ-COMP-233|2026-01-15 18:00:00|temperature_c,R-SEN-002,timestamp,2026-01-15 18:00:00,Horodatage sans fuseau — interprete en UTC (hypothese tracee),valeur_normalisee
sensor_readings.csv,EQ-COMP-233|2026-01-16 00:00:00|temperature_c,R-SEN-002,timestamp,2026-01-16 00:00:00,Horodatage sans fuseau — interprete en UTC (hypothese tracee),valeur_normalisee
sensor_readings.csv,EQ-COMP-233|2026-01-16 06:00:00|temperature_c,R-SEN-002,timestamp,2026-01-16 06:00:00,Horodatage sans fuseau — interprete en UTC (hypothese tracee),valeur_normalisee
sensor_readings.csv,EQ-COMP-233|2026-01-16 12:00:00|temperature_c,R-SEN-002,timestamp,2026-01-16 12:00:00,Horodatage sans fuseau — interprete en UTC (hypothese tracee),valeur_normalisee
sensor_readings.csv,EQ-COMP-233|2026-01-16 18:00:00|temperature_c,R-SEN-002,timestamp,2026-01-16 18:00:00,Horodatage sans fuseau — interprete en UTC (hypothese tracee),valeur_normalisee
sensor_readings.csv,EQ-COMP-233|2026-01-17 00:00:00|temperature_c,R-SEN-002,timestamp,2026-01-17 00:00:00,Horodatage sans fuseau — interprete en UTC (hypothese tracee),valeur_normalisee
sensor_readings.csv,EQ-COMP-233|2026-01-17 06:00:00|temperature_c,R-SEN-002,timestamp,2026-01-17 06:00:00,Horodatage sans fuseau — interprete en UTC (hypothese tracee),valeur_normalisee
sensor_readings.csv,EQ-COMP-233|2026-01-17 12:00:00|temperature_c,R-SEN-002,timestamp,2026-01-17 12:00:00,Horodatage sans fuseau — interprete en UTC (hypothese tracee),valeur_normalisee
sensor_readings.csv,EQ-COMP-233|2026-01-17 18:00:00|temperature_c,R-SEN-002,timestamp,2026-01-17 18:00:00,Horodatage sans fuseau — interprete en UTC (hypothese tracee),valeur_normalisee
sensor_readings.csv,EQ-COMP-233|2026-01-18 00:00:00|temperature_c,R-SEN-002,timestamp,2026-01-18 00:00:00,Horodatage sans fuseau — interprete en UTC (hypothese tracee),valeur_normalisee
sensor_readings.csv,EQ-COMP-233|2026-01-18 06:00:00|temperature_c,R-SEN-002,timestamp,2026-01-18 06:00:00,Horodatage sans fuseau — interprete en UTC (hypothese tracee),valeur_normalisee
sensor_readings.csv,EQ-COMP-233|2026-01-18 12:00:00|temperature_c,R-SEN-002,timestamp,2026-01-18 12:00:00,Horodatage sans fuseau — interprete en UTC (hypothese tracee),valeur_normalisee
sensor_readings.csv,EQ-COMP-233|2026-01-18 18:00:00|temperature_c,R-SEN-002,timestamp,2026-01-18 18:00:00,Horodatage sans fuseau — interprete en UTC (hypothese tracee),valeur_normalisee
sensor_readings.csv,EQ-COMP-233|2026-01-19 00:00:00|temperature_c,R-SEN-002,timestamp,2026-01-19 00:00:00,Horodatage sans fuseau — interprete en UTC (hypothese tracee),valeur_normalisee
sensor_readings.csv,EQ-COMP-233|2026-01-19 06:00:00|temperature_c,R-SEN-002,timestamp,2026-01-19 06:00:00,Horodatage sans fuseau — interprete en UTC (hypothese tracee),valeur_normalisee
sensor_readings.csv,EQ-COMP-233|2026-01-19 12:00:00|temperature_c,R-SEN-002,timestamp,2026-01-19 12:00:00,Horodatage sans fuseau — interprete en UTC (hypothese tracee),valeur_normalisee
sensor_readings.csv,EQ-COMP-233|2026-01-19 18:00:00|temperature_c,R-SEN-002,timestamp,2026-01-19 18:00:00,Horodatage sans fuseau — interprete en UTC (hypothese tracee),valeur_normalisee
sensor_readings.csv,EQ-COMP-233|2026-01-20 00:00:00|temperature_c,R-SEN-002,timestamp,2026-01-20 00:00:00,Horodatage sans fuseau — interprete en UTC (hypothese tracee),valeur_normalisee
sensor_readings.csv,EQ-COMP-233|2026-01-20 06:00:00|temperature_c,R-SEN-002,timestamp,2026-01-20 06:00:00,Horodatage sans fuseau — interprete en UTC (hypothese tracee),valeur_normalisee
sensor_readings.csv,EQ-COMP-233|2026-01-20 12:00:00|temperature_c,R-SEN-002,timestamp,2026-01-20 12:00:00,Horodatage sans fuseau — interprete en UTC (hypothese tracee),valeur_normalisee
sensor_readings.csv,EQ-COMP-233|2026-01-20 18:00:00|temperature_c,R-SEN-002,timestamp,2026-01-20 18:00:00,Horodatage sans fuseau — interprete en UTC (hypothese tracee),valeur_normalisee
sensor_readings.csv,EQ-COMP-233|2026-01-21 00:00:00|temperature_c,R-SEN-002,timestamp,2026-01-21 00:00:00,Horodatage sans fuseau — interprete en UTC (hypothese tracee),valeur_normalisee
sensor_readings.csv,EQ-COMP-233|2026-01-21 06:00:00|temperature_c,R-SEN-002,timestamp,2026-01-21 06:00:00,Horodatage sans fuseau — interprete en UTC (hypothese tracee),valeur_normalisee
sensor_readings.csv,EQ-COMP-233|2026-01-21 12:00:00|temperature_c,R-SEN-002,timestamp,2026-01-21 12:00:00,Horodatage sans fuseau — interprete en UTC (hypothese tracee),valeur_normalisee
sensor_readings.csv,EQ-COMP-233|2026-01-21 18:00:00|temperature_c,R-SEN-002,timestamp,2026-01-21 18:00:00,Horodatage sans fuseau — interprete en UTC (hypothese tracee),valeur_normalisee
sensor_readings.csv,EQ-COMP-233|2026-01-22 00:00:00|temperature_c,R-SEN-002,timestamp,2026-01-22 00:00:00,Horodatage sans fuseau — interprete en UTC (hypothese tracee),valeur_normalisee
sensor_readings.csv,EQ-COMP-233|2026-01-22 06:00:00|temperature_c,R-SEN-002,timestamp,2026-01-22 06:00:00,Horodatage sans fuseau — interprete en UTC (hypothese tracee),valeur_normalisee
sensor_readings.csv,EQ-COMP-233|2026-01-22 12:00:00|temperature_c,R-SEN-002,timestamp,2026-01-22 12:00:00,Horodatage sans fuseau — interprete en UTC (hypothese tracee),valeur_normalisee
sensor_readings.csv,EQ-COMP-233|2026-01-22 18:00:00|temperature_c,R-SEN-002,timestamp,2026-01-22 18:00:00,Horodatage sans fuseau — interprete en UTC (hypothese tracee),valeur_normalisee
sensor_readings.csv,EQ-COMP-233|2026-01-23 00:00:00|temperature_c,R-SEN-002,timestamp,2026-01-23 00:00:00,Horodatage sans fuseau — interprete en UTC (hypothese tracee),valeur_normalisee
sensor_readings.csv,EQ-COMP-233|2026-01-23 06:00:00|temperature_c,R-SEN-002,timestamp,2026-01-23 06:00:00,Horodatage sans fuseau — interprete en UTC (hypothese tracee),valeur_normalisee
sensor_readings.csv,EQ-COMP-233|2026-01-23 12:00:00|temperature_c,R-SEN-002,timestamp,2026-01-23 12:00:00,Horodatage sans fuseau — interprete en UTC (hypothese tracee),valeur_normalisee
sensor_readings.csv,EQ-COMP-233|2026-01-23 18:00:00|temperature_c,R-SEN-002,timestamp,2026-01-23 18:00:00,Horodatage sans fuseau — interprete en UTC (hypothese tracee),valeur_normalisee
sensor_readings.csv,EQ-COMP-233|2026-01-24 00:00:00|temperature_c,R-SEN-002,timestamp,2026-01-24 00:00:00,Horodatage sans fuseau — interprete en UTC (hypothese tracee),valeur_normalisee
sensor_readings.csv,EQ-COMP-233|2026-01-24 06:00:00|temperature_c,R-SEN-002,timestamp,2026-01-24 06:00:00,Horodatage sans fuseau — interprete en UTC (hypothese tracee),valeur_normalisee
sensor_readings.csv,EQ-COMP-233|2026-01-24 12:00:00|temperature_c,R-SEN-002,timestamp,2026-01-24 12:00:00,Horodatage sans fuseau — interprete en UTC (hypothese tracee),valeur_normalisee
sensor_readings.csv,EQ-COMP-233|2026-01-24 18:00:00|temperature_c,R-SEN-002,timestamp,2026-01-24 18:00:00,Horodatage sans fuseau — interprete en UTC (hypothese tracee),valeur_normalisee
sensor_readings.csv,EQ-COMP-233|2026-01-25 00:00:00|temperature_c,R-SEN-002,timestamp,2026-01-25 00:00:00,Horodatage sans fuseau — interprete en UTC (hypothese tracee),valeur_normalisee
sensor_readings.csv,EQ-COMP-233|2026-01-25 06:00:00|temperature_c,R-SEN-002,timestamp,2026-01-25 06:00:00,Horodatage sans fuseau — interprete en UTC (hypothese tracee),valeur_normalisee
sensor_readings.csv,EQ-COMP-233|2026-01-25 12:00:00|temperature_c,R-SEN-002,timestamp,2026-01-25 12:00:00,Horodatage sans fuseau — interprete en UTC (hypothese tracee),valeur_normalisee
sensor_readings.csv,EQ-COMP-233|2026-01-25 18:00:00|temperature_c,R-SEN-002,timestamp,2026-01-25 18:00:00,Horodatage sans fuseau — interprete en UTC (hypothese tracee),valeur_normalisee
sensor_readings.csv,EQ-COMP-233|2026-01-26 00:00:00|temperature_c,R-SEN-002,timestamp,2026-01-26 00:00:00,Horodatage sans fuseau — interprete en UTC (hypothese tracee),valeur_normalisee
sensor_readings.csv,EQ-COMP-233|2026-01-26 06:00:00|temperature_c,R-SEN-002,timestamp,2026-01-26 06:00:00,Horodatage sans fuseau — interprete en UTC (hypothese tracee),valeur_normalisee
sensor_readings.csv,EQ-COMP-233|2026-01-26 12:00:00|temperature_c,R-SEN-002,timestamp,2026-01-26 12:00:00,Horodatage sans fuseau — interprete en UTC (hypothese tracee),valeur_normalisee
sensor_readings.csv,EQ-COMP-233|2026-01-26 18:00:00|temperature_c,R-SEN-002,timestamp,2026-01-26 18:00:00,Horodatage sans fuseau — interprete en UTC (hypothese tracee),valeur_normalisee
sensor_readings.csv,EQ-COMP-233|2026-01-27 00:00:00|temperature_c,R-SEN-002,timestamp,2026-01-27 00:00:00,Horodatage sans fuseau — interprete en UTC (hypothese tracee),valeur_normalisee
sensor_readings.csv,EQ-COMP-233|2026-01-27 06:00:00|temperature_c,R-SEN-002,timestamp,2026-01-27 06:00:00,Horodatage sans fuseau — interprete en UTC (hypothese tracee),valeur_normalisee
sensor_readings.csv,EQ-COMP-233|2026-01-27 12:00:00|temperature_c,R-SEN-002,timestamp,2026-01-27 12:00:00,Horodatage sans fuseau — interprete en UTC (hypothese tracee),valeur_normalisee
sensor_readings.csv,EQ-COMP-233|2026-01-27 18:00:00|temperature_c,R-SEN-002,timestamp,2026-01-27 18:00:00,Horodatage sans fuseau — interprete en UTC (hypothese tracee),valeur_normalisee
sensor_readings.csv,EQ-COMP-233|2026-01-28 00:00:00|temperature_c,R-SEN-002,timestamp,2026-01-28 00:00:00,Horodatage sans fuseau — interprete en UTC (hypothese tracee),valeur_normalisee
sensor_readings.csv,EQ-COMP-233|2026-01-28 06:00:00|temperature_c,R-SEN-002,timestamp,2026-01-28 06:00:00,Horodatage sans fuseau — interprete en UTC (hypothese tracee),valeur_normalisee
sensor_readings.csv,EQ-COMP-233|2026-01-28 12:00:00|temperature_c,R-SEN-002,timestamp,2026-01-28 12:00:00,Horodatage sans fuseau — interprete en UTC (hypothese tracee),valeur_normalisee
sensor_readings.csv,EQ-COMP-233|2026-01-28 18:00:00|temperature_c,R-SEN-002,timestamp,2026-01-28 18:00:00,Horodatage sans fuseau — interprete en UTC (hypothese tracee),valeur_normalisee
sensor_readings.csv,EQ-COMP-233|2026-01-29 00:00:00|temperature_c,R-SEN-002,timestamp,2026-01-29 00:00:00,Horodatage sans fuseau — interprete en UTC (hypothese tracee),valeur_normalisee
sensor_readings.csv,EQ-COMP-233|2026-01-29 06:00:00|temperature_c,R-SEN-002,timestamp,2026-01-29 06:00:00,Horodatage sans fuseau — interprete en UTC (hypothese tracee),valeur_normalisee
sensor_readings.csv,EQ-COMP-233|2026-01-29 12:00:00|temperature_c,R-SEN-002,timestamp,2026-01-29 12:00:00,Horodatage sans fuseau — interprete en UTC (hypothese tracee),valeur_normalisee
sensor_readings.csv,EQ-COMP-233|2026-01-29 18:00:00|temperature_c,R-SEN-002,timestamp,2026-01-29 18:00:00,Horodatage sans fuseau — interprete en UTC (hypothese tracee),valeur_normalisee
sensor_readings.csv,EQ-COMP-233|2026-01-30 00:00:00|temperature_c,R-SEN-002,timestamp,2026-01-30 00:00:00,Horodatage sans fuseau — interprete en UTC (hypothese tracee),valeur_normalisee
sensor_readings.csv,EQ-COMP-233|2026-01-30 06:00:00|temperature_c,R-SEN-002,timestamp,2026-01-30 06:00:00,Horodatage sans fuseau — interprete en UTC (hypothese tracee),valeur_normalisee
sensor_readings.csv,EQ-COMP-233|2026-01-30 12:00:00|temperature_c,R-SEN-002,timestamp,2026-01-30 12:00:00,Horodatage sans fuseau — interprete en UTC (hypothese tracee),valeur_normalisee
sensor_readings.csv,EQ-COMP-233|2026-01-30 18:00:00|temperature_c,R-SEN-002,timestamp,2026-01-30 18:00:00,Horodatage sans fuseau — interprete en UTC (hypothese tracee),valeur_normalisee
sensor_readings.csv,EQ-COMP-233|2026-01-31 00:00:00|temperature_c,R-SEN-002,timestamp,2026-01-31 00:00:00,Horodatage sans fuseau — interprete en UTC (hypothese tracee),valeur_normalisee
sensor_readings.csv,EQ-COMP-233|2026-01-31 06:00:00|temperature_c,R-SEN-002,timestamp,2026-01-31 06:00:00,Horodatage sans fuseau — interprete en UTC (hypothese tracee),valeur_normalisee
sensor_readings.csv,EQ-COMP-233|2026-01-31 12:00:00|temperature_c,R-SEN-002,timestamp,2026-01-31 12:00:00,Horodatage sans fuseau — interprete en UTC (hypothese tracee),valeur_normalisee
sensor_readings.csv,EQ-COMP-233|2026-01-31 18:00:00|temperature_c,R-SEN-002,timestamp,2026-01-31 18:00:00,Horodatage sans fuseau — interprete en UTC (hypothese tracee),valeur_normalisee
sensor_readings.csv,EQ-COMP-233|2026-02-01 00:00:00|temperature_c,R-SEN-002,timestamp,2026-02-01 00:00:00,Horodatage sans fuseau — interprete en UTC (hypothese tracee),valeur_normalisee
sensor_readings.csv,EQ-COMP-233|2026-02-01 06:00:00|temperature_c,R-SEN-002,timestamp,2026-02-01 06:00:00,Horodatage sans fuseau — interprete en UTC (hypothese tracee),valeur_normalisee
sensor_readings.csv,EQ-COMP-233|2026-02-01 12:00:00|temperature_c,R-SEN-002,timestamp,2026-02-01 12:00:00,Horodatage sans fuseau — interprete en UTC (hypothese tracee),valeur_normalisee
sensor_readings.csv,EQ-COMP-233|2026-02-01 18:00:00|temperature_c,R-SEN-002,timestamp,2026-02-01 18:00:00,Horodatage sans fuseau — interprete en UTC (hypothese tracee),valeur_normalisee
sensor_readings.csv,EQ-COMP-233|2026-02-02 00:00:00|temperature_c,R-SEN-002,timestamp,2026-02-02 00:00:00,Horodatage sans fuseau — interprete en UTC (hypothese tracee),valeur_normalisee
sensor_readings.csv,EQ-COMP-233|2026-02-02 06:00:00|temperature_c,R-SEN-002,timestamp,2026-02-02 06:00:00,Horodatage sans fuseau — interprete en UTC (hypothese tracee),valeur_normalisee
sensor_readings.csv,EQ-COMP-233|2026-02-02 12:00:00|temperature_c,R-SEN-002,timestamp,2026-02-02 12:00:00,Horodatage sans fuseau — interprete en UTC (hypothese tracee),valeur_normalisee
sensor_readings.csv,EQ-COMP-233|2026-02-02 18:00:00|temperature_c,R-SEN-002,timestamp,2026-02-02 18:00:00,Horodatage sans fuseau — interprete en UTC (hypothese tracee),valeur_normalisee
sensor_readings.csv,EQ-COMP-233|2026-02-03 00:00:00|temperature_c,R-SEN-002,timestamp,2026-02-03 00:00:00,Horodatage sans fuseau — interprete en UTC (hypothese tracee),valeur_normalisee
sensor_readings.csv,EQ-COMP-233|2026-02-03 06:00:00|temperature_c,R-SEN-002,timestamp,2026-02-03 06:00:00,Horodatage sans fuseau — interprete en UTC (hypothese tracee),valeur_normalisee
sensor_readings.csv,EQ-COMP-233|2026-02-03 12:00:00|temperature_c,R-SEN-002,timestamp,2026-02-03 12:00:00,Horodatage sans fuseau — interprete en UTC (hypothese tracee),valeur_normalisee
sensor_readings.csv,EQ-COMP-233|2026-02-03 18:00:00|temperature_c,R-SEN-002,timestamp,2026-02-03 18:00:00,Horodatage sans fuseau — interprete en UTC (hypothese tracee),valeur_normalisee
sensor_readings.csv,EQ-COMP-233|2026-02-04 00:00:00|temperature_c,R-SEN-002,timestamp,2026-02-04 00:00:00,Horodatage sans fuseau — interprete en UTC (hypothese tracee),valeur_normalisee
sensor_readings.csv,EQ-COMP-233|2026-02-04 06:00:00|temperature_c,R-SEN-002,timestamp,2026-02-04 06:00:00,Horodatage sans fuseau — interprete en UTC (hypothese tracee),valeur_normalisee
sensor_readings.csv,EQ-COMP-233|2026-02-04 12:00:00|temperature_c,R-SEN-002,timestamp,2026-02-04 12:00:00,Horodatage sans fuseau — interprete en UTC (hypothese tracee),valeur_normalisee
sensor_readings.csv,EQ-COMP-233|2026-02-04 18:00:00|temperature_c,R-SEN-002,timestamp,2026-02-04 18:00:00,Horodatage sans fuseau — interprete en UTC (hypothese tracee),valeur_normalisee
sensor_readings.csv,EQ-COMP-233|2026-02-05 00:00:00|temperature_c,R-SEN-002,timestamp,2026-02-05 00:00:00,Horodatage sans fuseau — interprete en UTC (hypothese tracee),valeur_normalisee
sensor_readings.csv,EQ-COMP-233|2026-02-05 06:00:00|temperature_c,R-SEN-002,timestamp,2026-02-05 06:00:00,Horodatage sans fuseau — interprete en UTC (hypothese tracee),valeur_normalisee
sensor_readings.csv,EQ-COMP-233|2026-02-05 12:00:00|temperature_c,R-SEN-002,timestamp,2026-02-05 12:00:00,Horodatage sans fuseau — interprete en UTC (hypothese tracee),valeur_normalisee
sensor_readings.csv,EQ-COMP-233|2026-02-05 18:00:00|temperature_c,R-SEN-002,timestamp,2026-02-05 18:00:00,Horodatage sans fuseau — interprete en UTC (hypothese tracee),valeur_normalisee
sensor_readings.csv,EQ-COMP-233|2026-02-06 00:00:00|temperature_c,R-SEN-002,timestamp,2026-02-06 00:00:00,Horodatage sans fuseau — interprete en UTC (hypothese tracee),valeur_normalisee
sensor_readings.csv,EQ-COMP-233|2026-02-06 06:00:00|temperature_c,R-SEN-002,timestamp,2026-02-06 06:00:00,Horodatage sans fuseau — interprete en UTC (hypothese tracee),valeur_normalisee
sensor_readings.csv,EQ-COMP-233|2026-02-06 12:00:00|temperature_c,R-SEN-002,timestamp,2026-02-06 12:00:00,Horodatage sans fuseau — interprete en UTC (hypothese tracee),valeur_normalisee
sensor_readings.csv,EQ-COMP-233|2026-02-06 18:00:00|temperature_c,R-SEN-002,timestamp,2026-02-06 18:00:00,Horodatage sans fuseau — interprete en UTC (hypothese tracee),valeur_normalisee
sensor_readings.csv,EQ-COMP-233|2026-02-07 00:00:00|temperature_c,R-SEN-002,timestamp,2026-02-07 00:00:00,Horodatage sans fuseau — interprete en UTC (hypothese tracee),valeur_normalisee
sensor_readings.csv,EQ-COMP-233|2026-02-07 06:00:00|temperature_c,R-SEN-002,timestamp,2026-02-07 06:00:00,Horodatage sans fuseau — interprete en UTC (hypothese tracee),valeur_normalisee
sensor_readings.csv,EQ-COMP-233|2026-02-07 12:00:00|temperature_c,R-SEN-002,timestamp,2026-02-07 12:00:00,Horodatage sans fuseau — interprete en UTC (hypothese tracee),valeur_normalisee
sensor_readings.csv,EQ-COMP-233|2026-02-07 18:00:00|temperature_c,R-SEN-002,timestamp,2026-02-07 18:00:00,Horodatage sans fuseau — interprete en UTC (hypothese tracee),valeur_normalisee
sensor_readings.csv,EQ-COMP-233|2026-02-08 00:00:00|temperature_c,R-SEN-002,timestamp,2026-02-08 00:00:00,Horodatage sans fuseau — interprete en UTC (hypothese tracee),valeur_normalisee
sensor_readings.csv,EQ-COMP-233|2026-02-08 06:00:00|temperature_c,R-SEN-002,timestamp,2026-02-08 06:00:00,Horodatage sans fuseau — interprete en UTC (hypothese tracee),valeur_normalisee
sensor_readings.csv,EQ-COMP-233|2026-02-08 12:00:00|temperature_c,R-SEN-002,timestamp,2026-02-08 12:00:00,Horodatage sans fuseau — interprete en UTC (hypothese tracee),valeur_normalisee
sensor_readings.csv,EQ-COMP-233|2026-02-08 18:00:00|temperature_c,R-SEN-002,timestamp,2026-02-08 18:00:00,Horodatage sans fuseau — interprete en UTC (hypothese tracee),valeur_normalisee
sensor_readings.csv,EQ-COMP-233|2026-02-09 00:00:00|temperature_c,R-SEN-002,timestamp,2026-02-09 00:00:00,Horodatage sans fuseau — interprete en UTC (hypothese tracee),valeur_normalisee
sensor_readings.csv,EQ-COMP-233|2026-02-09 06:00:00|temperature_c,R-SEN-002,timestamp,2026-02-09 06:00:00,Horodatage sans fuseau — interprete en UTC (hypothese tracee),valeur_normalisee
sensor_readings.csv,EQ-COMP-233|2026-02-09 12:00:00|temperature_c,R-SEN-002,timestamp,2026-02-09 12:00:00,Horodatage sans fuseau — interprete en UTC (hypothese tracee),valeur_normalisee
sensor_readings.csv,EQ-COMP-233|2026-02-09 18:00:00|temperature_c,R-SEN-002,timestamp,2026-02-09 18:00:00,Horodatage sans fuseau — interprete en UTC (hypothese tracee),valeur_normalisee
sensor_readings.csv,EQ-COMP-233|2026-02-10 00:00:00|temperature_c,R-SEN-002,timestamp,2026-02-10 00:00:00,Horodatage sans fuseau — interprete en UTC (hypothese tracee),valeur_normalisee
sensor_readings.csv,EQ-COMP-233|2026-02-10 06:00:00|temperature_c,R-SEN-002,timestamp,2026-02-10 06:00:00,Horodatage sans fuseau — interprete en UTC (hypothese tracee),valeur_normalisee
sensor_readings.csv,EQ-COMP-233|2026-02-10 12:00:00|temperature_c,R-SEN-002,timestamp,2026-02-10 12:00:00,Horodatage sans fuseau — interprete en UTC (hypothese tracee),valeur_normalisee
sensor_readings.csv,EQ-COMP-233|2026-02-10 18:00:00|temperature_c,R-SEN-002,timestamp,2026-02-10 18:00:00,Horodatage sans fuseau — interprete en UTC (hypothese tracee),valeur_normalisee
sensor_readings.csv,EQ-COMP-233|2026-02-11 00:00:00|temperature_c,R-SEN-002,timestamp,2026-02-11 00:00:00,Horodatage sans fuseau — interprete en UTC (hypothese tracee),valeur_normalisee
sensor_readings.csv,EQ-COMP-233|2026-02-11 06:00:00|temperature_c,R-SEN-002,timestamp,2026-02-11 06:00:00,Horodatage sans fuseau — interprete en UTC (hypothese tracee),valeur_normalisee
sensor_readings.csv,EQ-COMP-233|2026-02-11 12:00:00|temperature_c,R-SEN-002,timestamp,2026-02-11 12:00:00,Horodatage sans fuseau — interprete en UTC (hypothese tracee),valeur_normalisee
sensor_readings.csv,EQ-COMP-233|2026-02-11 18:00:00|temperature_c,R-SEN-002,timestamp,2026-02-11 18:00:00,Horodatage sans fuseau — interprete en UTC (hypothese tracee),valeur_normalisee
sensor_readings.csv,EQ-COMP-233|2026-02-12 00:00:00|temperature_c,R-SEN-002,timestamp,2026-02-12 00:00:00,Horodatage sans fuseau — interprete en UTC (hypothese tracee),valeur_normalisee
sensor_readings.csv,EQ-COMP-233|2026-02-12 06:00:00|temperature_c,R-SEN-002,timestamp,2026-02-12 06:00:00,Horodatage sans fuseau — interprete en UTC (hypothese tracee),valeur_normalisee
sensor_readings.csv,EQ-COMP-233|2026-02-12 12:00:00|temperature_c,R-SEN-002,timestamp,2026-02-12 12:00:00,Horodatage sans fuseau — interprete en UTC (hypothese tracee),valeur_normalisee
sensor_readings.csv,EQ-COMP-233|2026-02-12 18:00:00|temperature_c,R-SEN-002,timestamp,2026-02-12 18:00:00,Horodatage sans fuseau — interprete en UTC (hypothese tracee),valeur_normalisee
sensor_readings.csv,EQ-COMP-233|2026-02-13 00:00:00|temperature_c,R-SEN-002,timestamp,2026-02-13 00:00:00,Horodatage sans fuseau — interprete en UTC (hypothese tracee),valeur_normalisee
sensor_readings.csv,EQ-COMP-233|2026-02-13 06:00:00|temperature_c,R-SEN-002,timestamp,2026-02-13 06:00:00,Horodatage sans fuseau — interprete en UTC (hypothese tracee),valeur_normalisee
sensor_readings.csv,EQ-COMP-233|2026-02-13 12:00:00|temperature_c,R-SEN-002,timestamp,2026-02-13 12:00:00,Horodatage sans fuseau — interprete en UTC (hypothese tracee),valeur_normalisee
sensor_readings.csv,EQ-COMP-233|2026-02-13 18:00:00|temperature_c,R-SEN-002,timestamp,2026-02-13 18:00:00,Horodatage sans fuseau — interprete en UTC (hypothese tracee),valeur_normalisee
sensor_readings.csv,EQ-COMP-233|2026-02-14 00:00:00|temperature_c,R-SEN-002,timestamp,2026-02-14 00:00:00,Horodatage sans fuseau — interprete en UTC (hypothese tracee),valeur_normalisee
sensor_readings.csv,EQ-COMP-233|2026-02-14 06:00:00|temperature_c,R-SEN-002,timestamp,2026-02-14 06:00:00,Horodatage sans fuseau — interprete en UTC (hypothese tracee),valeur_normalisee
sensor_readings.csv,EQ-COMP-233|2026-02-14 12:00:00|temperature_c,R-SEN-002,timestamp,2026-02-14 12:00:00,Horodatage sans fuseau — interprete en UTC (hypothese tracee),valeur_normalisee
sensor_readings.csv,EQ-COMP-233|2026-02-14 18:00:00|temperature_c,R-SEN-002,timestamp,2026-02-14 18:00:00,Horodatage sans fuseau — interprete en UTC (hypothese tracee),valeur_normalisee
sensor_readings.csv,EQ-COMP-233|2026-02-15 00:00:00|temperature_c,R-SEN-002,timestamp,2026-02-15 00:00:00,Horodatage sans fuseau — interprete en UTC (hypothese tracee),valeur_normalisee
sensor_readings.csv,EQ-COMP-233|2026-02-15 06:00:00|temperature_c,R-SEN-002,timestamp,2026-02-15 06:00:00,Horodatage sans fuseau — interprete en UTC (hypothese tracee),valeur_normalisee
sensor_readings.csv,EQ-COMP-233|2026-02-15 12:00:00|temperature_c,R-SEN-002,timestamp,2026-02-15 12:00:00,Horodatage sans fuseau — interprete en UTC (hypothese tracee),valeur_normalisee
sensor_readings.csv,EQ-COMP-233|2026-02-15 18:00:00|temperature_c,R-SEN-002,timestamp,2026-02-15 18:00:00,Horodatage sans fuseau — interprete en UTC (hypothese tracee),valeur_normalisee
sensor_readings.csv,EQ-COMP-233|2026-02-16 00:00:00|temperature_c,R-SEN-002,timestamp,2026-02-16 00:00:00,Horodatage sans fuseau — interprete en UTC (hypothese tracee),valeur_normalisee
sensor_readings.csv,EQ-COMP-233|2026-02-16 06:00:00|temperature_c,R-SEN-002,timestamp,2026-02-16 06:00:00,Horodatage sans fuseau — interprete en UTC (hypothese tracee),valeur_normalisee
sensor_readings.csv,EQ-COMP-233|2026-02-16 12:00:00|temperature_c,R-SEN-002,timestamp,2026-02-16 12:00:00,Horodatage sans fuseau — interprete en UTC (hypothese tracee),valeur_normalisee
sensor_readings.csv,EQ-COMP-233|2026-02-16 18:00:00|temperature_c,R-SEN-002,timestamp,2026-02-16 18:00:00,Horodatage sans fuseau — interprete en UTC (hypothese tracee),valeur_normalisee
sensor_readings.csv,EQ-COMP-233|2026-02-17 00:00:00|temperature_c,R-SEN-002,timestamp,2026-02-17 00:00:00,Horodatage sans fuseau — interprete en UTC (hypothese tracee),valeur_normalisee
sensor_readings.csv,EQ-COMP-233|2026-02-17 06:00:00|temperature_c,R-SEN-002,timestamp,2026-02-17 06:00:00,Horodatage sans fuseau — interprete en UTC (hypothese tracee),valeur_normalisee
sensor_readings.csv,EQ-COMP-233|2026-02-17 12:00:00|temperature_c,R-SEN-002,timestamp,2026-02-17 12:00:00,Horodatage sans fuseau — interprete en UTC (hypothese tracee),valeur_normalisee
sensor_readings.csv,EQ-COMP-233|2026-02-17 18:00:00|temperature_c,R-SEN-002,timestamp,2026-02-17 18:00:00,Horodatage sans fuseau — interprete en UTC (hypothese tracee),valeur_normalisee
sensor_readings.csv,EQ-COMP-233|2026-02-18 00:00:00|temperature_c,R-SEN-002,timestamp,2026-02-18 00:00:00,Horodatage sans fuseau — interprete en UTC (hypothese tracee),valeur_normalisee
sensor_readings.csv,EQ-COMP-233|2026-02-18 06:00:00|temperature_c,R-SEN-002,timestamp,2026-02-18 06:00:00,Horodatage sans fuseau — interprete en UTC (hypothese tracee),valeur_normalisee
sensor_readings.csv,EQ-COMP-233|2026-02-18 12:00:00|temperature_c,R-SEN-002,timestamp,2026-02-18 12:00:00,Horodatage sans fuseau — interprete en UTC (hypothese tracee),valeur_normalisee
sensor_readings.csv,EQ-COMP-233|2026-02-18 18:00:00|temperature_c,R-SEN-002,timestamp,2026-02-18 18:00:00,Horodatage sans fuseau — interprete en UTC (hypothese tracee),valeur_normalisee
sensor_readings.csv,EQ-COMP-233|2026-02-19 00:00:00|temperature_c,R-SEN-002,timestamp,2026-02-19 00:00:00,Horodatage sans fuseau — interprete en UTC (hypothese tracee),valeur_normalisee
sensor_readings.csv,EQ-COMP-233|2026-02-19 06:00:00|temperature_c,R-SEN-002,timestamp,2026-02-19 06:00:00,Horodatage sans fuseau — interprete en UTC (hypothese tracee),valeur_normalisee
sensor_readings.csv,EQ-COMP-233|2026-02-19 12:00:00|temperature_c,R-SEN-002,timestamp,2026-02-19 12:00:00,Horodatage sans fuseau — interprete en UTC (hypothese tracee),valeur_normalisee
sensor_readings.csv,EQ-COMP-233|2026-02-19 18:00:00|temperature_c,R-SEN-002,timestamp,2026-02-19 18:00:00,Horodatage sans fuseau — interprete en UTC (hypothese tracee),valeur_normalisee
sensor_readings.csv,EQ-COMP-233|2026-02-20 00:00:00|temperature_c,R-SEN-002,timestamp,2026-02-20 00:00:00,Horodatage sans fuseau — interprete en UTC (hypothese tracee),valeur_normalisee
sensor_readings.csv,EQ-COMP-233|2026-02-20 06:00:00|temperature_c,R-SEN-002,timestamp,2026-02-20 06:00:00,Horodatage sans fuseau — interprete en UTC (hypothese tracee),valeur_normalisee
sensor_readings.csv,EQ-COMP-233|2026-02-20 12:00:00|temperature_c,R-SEN-002,timestamp,2026-02-20 12:00:00,Horodatage sans fuseau — interprete en UTC (hypothese tracee),valeur_normalisee
sensor_readings.csv,EQ-COMP-233|2026-02-20 18:00:00|temperature_c,R-SEN-002,timestamp,2026-02-20 18:00:00,Horodatage sans fuseau — interprete en UTC (hypothese tracee),valeur_normalisee
sensor_readings.csv,EQ-COMP-233|2026-02-21 00:00:00|temperature_c,R-SEN-002,timestamp,2026-02-21 00:00:00,Horodatage sans fuseau — interprete en UTC (hypothese tracee),valeur_normalisee
sensor_readings.csv,EQ-COMP-233|2026-02-21 06:00:00|temperature_c,R-SEN-002,timestamp,2026-02-21 06:00:00,Horodatage sans fuseau — interprete en UTC (hypothese tracee),valeur_normalisee
sensor_readings.csv,EQ-COMP-233|2026-02-21 12:00:00|temperature_c,R-SEN-002,timestamp,2026-02-21 12:00:00,Horodatage sans fuseau — interprete en UTC (hypothese tracee),valeur_normalisee
sensor_readings.csv,EQ-COMP-233|2026-02-21 18:00:00|temperature_c,R-SEN-002,timestamp,2026-02-21 18:00:00,Horodatage sans fuseau — interprete en UTC (hypothese tracee),valeur_normalisee
sensor_readings.csv,EQ-COMP-233|2026-02-22 00:00:00|temperature_c,R-SEN-002,timestamp,2026-02-22 00:00:00,Horodatage sans fuseau — interprete en UTC (hypothese tracee),valeur_normalisee
sensor_readings.csv,EQ-COMP-233|2026-02-22 06:00:00|temperature_c,R-SEN-002,timestamp,2026-02-22 06:00:00,Horodatage sans fuseau — interprete en UTC (hypothese tracee),valeur_normalisee
sensor_readings.csv,EQ-COMP-233|2026-02-22 12:00:00|temperature_c,R-SEN-002,timestamp,2026-02-22 12:00:00,Horodatage sans fuseau — interprete en UTC (hypothese tracee),valeur_normalisee
sensor_readings.csv,EQ-COMP-233|2026-02-22 18:00:00|temperature_c,R-SEN-002,timestamp,2026-02-22 18:00:00,Horodatage sans fuseau — interprete en UTC (hypothese tracee),valeur_normalisee
sensor_readings.csv,EQ-COMP-233|2026-02-23 00:00:00|temperature_c,R-SEN-002,timestamp,2026-02-23 00:00:00,Horodatage sans fuseau — interprete en UTC (hypothese tracee),valeur_normalisee
sensor_readings.csv,EQ-COMP-233|2026-02-23 06:00:00|temperature_c,R-SEN-002,timestamp,2026-02-23 06:00:00,Horodatage sans fuseau — interprete en UTC (hypothese tracee),valeur_normalisee
sensor_readings.csv,EQ-COMP-233|2026-02-23 12:00:00|temperature_c,R-SEN-002,timestamp,2026-02-23 12:00:00,Horodatage sans fuseau — interprete en UTC (hypothese tracee),valeur_normalisee
sensor_readings.csv,EQ-COMP-233|2026-02-23 18:00:00|temperature_c,R-SEN-002,timestamp,2026-02-23 18:00:00,Horodatage sans fuseau — interprete en UTC (hypothese tracee),valeur_normalisee
sensor_readings.csv,EQ-COMP-233|2026-02-24 00:00:00|temperature_c,R-SEN-002,timestamp,2026-02-24 00:00:00,Horodatage sans fuseau — interprete en UTC (hypothese tracee),valeur_normalisee
sensor_readings.csv,EQ-COMP-233|2026-02-24 06:00:00|temperature_c,R-SEN-002,timestamp,2026-02-24 06:00:00,Horodatage sans fuseau — interprete en UTC (hypothese tracee),valeur_normalisee
sensor_readings.csv,EQ-COMP-233|2026-02-24 12:00:00|temperature_c,R-SEN-002,timestamp,2026-02-24 12:00:00,Horodatage sans fuseau — interprete en UTC (hypothese tracee),valeur_normalisee
sensor_readings.csv,EQ-COMP-233|2026-02-24 18:00:00|temperature_c,R-SEN-002,timestamp,2026-02-24 18:00:00,Horodatage sans fuseau — interprete en UTC (hypothese tracee),valeur_normalisee
sensor_readings.csv,EQ-COMP-233|2026-02-25 00:00:00|temperature_c,R-SEN-002,timestamp,2026-02-25 00:00:00,Horodatage sans fuseau — interprete en UTC (hypothese tracee),valeur_normalisee
sensor_readings.csv,EQ-COMP-233|2026-02-25 06:00:00|temperature_c,R-SEN-002,timestamp,2026-02-25 06:00:00,Horodatage sans fuseau — interprete en UTC (hypothese tracee),valeur_normalisee
sensor_readings.csv,EQ-COMP-233|2026-02-25 12:00:00|temperature_c,R-SEN-002,timestamp,2026-02-25 12:00:00,Horodatage sans fuseau — interprete en UTC (hypothese tracee),valeur_normalisee
sensor_readings.csv,EQ-COMP-233|2026-02-25 18:00:00|temperature_c,R-SEN-002,timestamp,2026-02-25 18:00:00,Horodatage sans fuseau — interprete en UTC (hypothese tracee),valeur_normalisee
sensor_readings.csv,EQ-COMP-233|2026-02-26 00:00:00|temperature_c,R-SEN-002,timestamp,2026-02-26 00:00:00,Horodatage sans fuseau — interprete en UTC (hypothese tracee),valeur_normalisee
sensor_readings.csv,EQ-COMP-233|2026-02-26 06:00:00|temperature_c,R-SEN-002,timestamp,2026-02-26 06:00:00,Horodatage sans fuseau — interprete en UTC (hypothese tracee),valeur_normalisee
sensor_readings.csv,EQ-COMP-233|2026-02-26 12:00:00|temperature_c,R-SEN-002,timestamp,2026-02-26 12:00:00,Horodatage sans fuseau — interprete en UTC (hypothese tracee),valeur_normalisee
sensor_readings.csv,EQ-COMP-233|2026-02-26 18:00:00|temperature_c,R-SEN-002,timestamp,2026-02-26 18:00:00,Horodatage sans fuseau — interprete en UTC (hypothese tracee),valeur_normalisee
sensor_readings.csv,EQ-COMP-233|2026-02-27 00:00:00|temperature_c,R-SEN-002,timestamp,2026-02-27 00:00:00,Horodatage sans fuseau — interprete en UTC (hypothese tracee),valeur_normalisee
sensor_readings.csv,EQ-COMP-233|2026-02-27 06:00:00|temperature_c,R-SEN-002,timestamp,2026-02-27 06:00:00,Horodatage sans fuseau — interprete en UTC (hypothese tracee),valeur_normalisee
sensor_readings.csv,EQ-COMP-233|2026-02-27 12:00:00|temperature_c,R-SEN-002,timestamp,2026-02-27 12:00:00,Horodatage sans fuseau — interprete en UTC (hypothese tracee),valeur_normalisee
sensor_readings.csv,EQ-COMP-233|2026-02-27 18:00:00|temperature_c,R-SEN-002,timestamp,2026-02-27 18:00:00,Horodatage sans fuseau — interprete en UTC (hypothese tracee),valeur_normalisee
sensor_readings.csv,EQ-COMP-233|2026-02-28 00:00:00|temperature_c,R-SEN-002,timestamp,2026-02-28 00:00:00,Horodatage sans fuseau — interprete en UTC (hypothese tracee),valeur_normalisee
sensor_readings.csv,EQ-COMP-233|2026-02-28 06:00:00|temperature_c,R-SEN-002,timestamp,2026-02-28 06:00:00,Horodatage sans fuseau — interprete en UTC (hypothese tracee),valeur_normalisee
sensor_readings.csv,EQ-COMP-233|2026-02-28 12:00:00|temperature_c,R-SEN-002,timestamp,2026-02-28 12:00:00,Horodatage sans fuseau — interprete en UTC (hypothese tracee),valeur_normalisee
sensor_readings.csv,EQ-COMP-233|2026-02-28 18:00:00|temperature_c,R-SEN-002,timestamp,2026-02-28 18:00:00,Horodatage sans fuseau — interprete en UTC (hypothese tracee),valeur_normalisee
sensor_readings.csv,EQ-COMP-233|2026-03-01 00:00:00|temperature_c,R-SEN-002,timestamp,2026-03-01 00:00:00,Horodatage sans fuseau — interprete en UTC (hypothese tracee),valeur_normalisee
sensor_readings.csv,EQ-COMP-233|2026-03-01 06:00:00|temperature_c,R-SEN-002,timestamp,2026-03-01 06:00:00,Horodatage sans fuseau — interprete en UTC (hypothese tracee),valeur_normalisee
sensor_readings.csv,EQ-COMP-233|2026-03-01 12:00:00|temperature_c,R-SEN-002,timestamp,2026-03-01 12:00:00,Horodatage sans fuseau — interprete en UTC (hypothese tracee),valeur_normalisee
sensor_readings.csv,EQ-COMP-233|2026-03-01 18:00:00|temperature_c,R-SEN-002,timestamp,2026-03-01 18:00:00,Horodatage sans fuseau — interprete en UTC (hypothese tracee),valeur_normalisee
sensor_readings.csv,EQ-COMP-233|2026-03-02 00:00:00|temperature_c,R-SEN-002,timestamp,2026-03-02 00:00:00,Horodatage sans fuseau — interprete en UTC (hypothese tracee),valeur_normalisee
sensor_readings.csv,EQ-COMP-233|2026-03-02 06:00:00|temperature_c,R-SEN-002,timestamp,2026-03-02 06:00:00,Horodatage sans fuseau — interprete en UTC (hypothese tracee),valeur_normalisee
sensor_readings.csv,EQ-COMP-233|2026-03-02 12:00:00|temperature_c,R-SEN-002,timestamp,2026-03-02 12:00:00,Horodatage sans fuseau — interprete en UTC (hypothese tracee),valeur_normalisee
sensor_readings.csv,EQ-COMP-233|2026-03-02 18:00:00|temperature_c,R-SEN-002,timestamp,2026-03-02 18:00:00,Horodatage sans fuseau — interprete en UTC (hypothese tracee),valeur_normalisee
sensor_readings.csv,EQ-COMP-233|2026-03-03 00:00:00|temperature_c,R-SEN-002,timestamp,2026-03-03 00:00:00,Horodatage sans fuseau — interprete en UTC (hypothese tracee),valeur_normalisee
sensor_readings.csv,EQ-COMP-233|2026-03-03 06:00:00|temperature_c,R-SEN-002,timestamp,2026-03-03 06:00:00,Horodatage sans fuseau — interprete en UTC (hypothese tracee),valeur_normalisee
sensor_readings.csv,EQ-COMP-233|2026-03-03 12:00:00|temperature_c,R-SEN-002,timestamp,2026-03-03 12:00:00,Horodatage sans fuseau — interprete en UTC (hypothese tracee),valeur_normalisee
sensor_readings.csv,EQ-COMP-233|2026-03-03 18:00:00|temperature_c,R-SEN-002,timestamp,2026-03-03 18:00:00,Horodatage sans fuseau — interprete en UTC (hypothese tracee),valeur_normalisee
sensor_readings.csv,EQ-COMP-233|2026-03-04 00:00:00|temperature_c,R-SEN-002,timestamp,2026-03-04 00:00:00,Horodatage sans fuseau — interprete en UTC (hypothese tracee),valeur_normalisee
sensor_readings.csv,EQ-COMP-233|2026-03-04 06:00:00|temperature_c,R-SEN-002,timestamp,2026-03-04 06:00:00,Horodatage sans fuseau — interprete en UTC (hypothese tracee),valeur_normalisee
sensor_readings.csv,EQ-COMP-233|2026-03-04 12:00:00|temperature_c,R-SEN-002,timestamp,2026-03-04 12:00:00,Horodatage sans fuseau — interprete en UTC (hypothese tracee),valeur_normalisee
sensor_readings.csv,EQ-COMP-233|2026-03-04 18:00:00|temperature_c,R-SEN-002,timestamp,2026-03-04 18:00:00,Horodatage sans fuseau — interprete en UTC (hypothese tracee),valeur_normalisee
sensor_readings.csv,EQ-COMP-233|2026-03-05 00:00:00|temperature_c,R-SEN-002,timestamp,2026-03-05 00:00:00,Horodatage sans fuseau — interprete en UTC (hypothese tracee),valeur_normalisee
sensor_readings.csv,EQ-COMP-233|2026-03-05 06:00:00|temperature_c,R-SEN-002,timestamp,2026-03-05 06:00:00,Horodatage sans fuseau — interprete en UTC (hypothese tracee),valeur_normalisee
sensor_readings.csv,EQ-COMP-233|2026-03-05 12:00:00|temperature_c,R-SEN-002,timestamp,2026-03-05 12:00:00,Horodatage sans fuseau — interprete en UTC (hypothese tracee),valeur_normalisee
sensor_readings.csv,EQ-COMP-233|2026-03-05 18:00:00|temperature_c,R-SEN-002,timestamp,2026-03-05 18:00:00,Horodatage sans fuseau — interprete en UTC (hypothese tracee),valeur_normalisee
sensor_readings.csv,EQ-COMP-233|2026-03-06 00:00:00|temperature_c,R-SEN-002,timestamp,2026-03-06 00:00:00,Horodatage sans fuseau — interprete en UTC (hypothese tracee),valeur_normalisee
sensor_readings.csv,EQ-COMP-233|2026-03-06 06:00:00|temperature_c,R-SEN-002,timestamp,2026-03-06 06:00:00,Horodatage sans fuseau — interprete en UTC (hypothese tracee),valeur_normalisee
sensor_readings.csv,EQ-COMP-233|2026-03-06 12:00:00|temperature_c,R-SEN-002,timestamp,2026-03-06 12:00:00,Horodatage sans fuseau — interprete en UTC (hypothese tracee),valeur_normalisee
sensor_readings.csv,EQ-COMP-233|2026-03-06 18:00:00|temperature_c,R-SEN-002,timestamp,2026-03-06 18:00:00,Horodatage sans fuseau — interprete en UTC (hypothese tracee),valeur_normalisee
sensor_readings.csv,EQ-COMP-233|2026-03-07 00:00:00|temperature_c,R-SEN-002,timestamp,2026-03-07 00:00:00,Horodatage sans fuseau — interprete en UTC (hypothese tracee),valeur_normalisee
sensor_readings.csv,EQ-COMP-233|2026-03-07 06:00:00|temperature_c,R-SEN-002,timestamp,2026-03-07 06:00:00,Horodatage sans fuseau — interprete en UTC (hypothese tracee),valeur_normalisee
sensor_readings.csv,EQ-COMP-233|2026-03-07 12:00:00|temperature_c,R-SEN-002,timestamp,2026-03-07 12:00:00,Horodatage sans fuseau — interprete en UTC (hypothese tracee),valeur_normalisee
sensor_readings.csv,EQ-COMP-233|2026-03-07 18:00:00|temperature_c,R-SEN-002,timestamp,2026-03-07 18:00:00,Horodatage sans fuseau — interprete en UTC (hypothese tracee),valeur_normalisee
sensor_readings.csv,EQ-COMP-233|2026-03-08 00:00:00|temperature_c,R-SEN-002,timestamp,2026-03-08 00:00:00,Horodatage sans fuseau — interprete en UTC (hypothese tracee),valeur_normalisee
sensor_readings.csv,EQ-COMP-233|2026-03-08 06:00:00|temperature_c,R-SEN-002,timestamp,2026-03-08 06:00:00,Horodatage sans fuseau — interprete en UTC (hypothese tracee),valeur_normalisee
sensor_readings.csv,EQ-COMP-233|2026-03-08 12:00:00|temperature_c,R-SEN-002,timestamp,2026-03-08 12:00:00,Horodatage sans fuseau — interprete en UTC (hypothese tracee),valeur_normalisee
sensor_readings.csv,EQ-COMP-233|2026-03-08 18:00:00|temperature_c,R-SEN-002,timestamp,2026-03-08 18:00:00,Horodatage sans fuseau — interprete en UTC (hypothese tracee),valeur_normalisee
sensor_readings.csv,EQ-COMP-233|2026-03-09 00:00:00|temperature_c,R-SEN-002,timestamp,2026-03-09 00:00:00,Horodatage sans fuseau — interprete en UTC (hypothese tracee),valeur_normalisee
sensor_readings.csv,EQ-COMP-233|2026-03-09 06:00:00|temperature_c,R-SEN-002,timestamp,2026-03-09 06:00:00,Horodatage sans fuseau — interprete en UTC (hypothese tracee),valeur_normalisee
sensor_readings.csv,EQ-COMP-233|2026-03-09 12:00:00|temperature_c,R-SEN-002,timestamp,2026-03-09 12:00:00,Horodatage sans fuseau — interprete en UTC (hypothese tracee),valeur_normalisee
sensor_readings.csv,EQ-COMP-233|2026-03-09 18:00:00|temperature_c,R-SEN-002,timestamp,2026-03-09 18:00:00,Horodatage sans fuseau — interprete en UTC (hypothese tracee),valeur_normalisee
sensor_readings.csv,EQ-COMP-233|2026-03-10 00:00:00|temperature_c,R-SEN-002,timestamp,2026-03-10 00:00:00,Horodatage sans fuseau — interprete en UTC (hypothese tracee),valeur_normalisee
sensor_readings.csv,EQ-COMP-233|2026-03-10 06:00:00|temperature_c,R-SEN-002,timestamp,2026-03-10 06:00:00,Horodatage sans fuseau — interprete en UTC (hypothese tracee),valeur_normalisee
sensor_readings.csv,EQ-COMP-233|2026-03-10 12:00:00|temperature_c,R-SEN-002,timestamp,2026-03-10 12:00:00,Horodatage sans fuseau — interprete en UTC (hypothese tracee),valeur_normalisee
sensor_readings.csv,EQ-COMP-233|2026-03-10 18:00:00|temperature_c,R-SEN-002,timestamp,2026-03-10 18:00:00,Horodatage sans fuseau — interprete en UTC (hypothese tracee),valeur_normalisee
sensor_readings.csv,EQ-COMP-233|2026-03-11 00:00:00|temperature_c,R-SEN-002,timestamp,2026-03-11 00:00:00,Horodatage sans fuseau — interprete en UTC (hypothese tracee),valeur_normalisee
sensor_readings.csv,EQ-COMP-233|2026-03-11 06:00:00|temperature_c,R-SEN-002,timestamp,2026-03-11 06:00:00,Horodatage sans fuseau — interprete en UTC (hypothese tracee),valeur_normalisee
sensor_readings.csv,EQ-COMP-233|2026-03-11 12:00:00|temperature_c,R-SEN-002,timestamp,2026-03-11 12:00:00,Horodatage sans fuseau — interprete en UTC (hypothese tracee),valeur_normalisee
sensor_readings.csv,EQ-COMP-233|2026-03-11 18:00:00|temperature_c,R-SEN-002,timestamp,2026-03-11 18:00:00,Horodatage sans fuseau — interprete en UTC (hypothese tracee),valeur_normalisee
sensor_readings.csv,EQ-COMP-233|2026-03-12 00:00:00|temperature_c,R-SEN-002,timestamp,2026-03-12 00:00:00,Horodatage sans fuseau — interprete en UTC (hypothese tracee),valeur_normalisee
sensor_readings.csv,EQ-COMP-233|2026-03-12 06:00:00|temperature_c,R-SEN-002,timestamp,2026-03-12 06:00:00,Horodatage sans fuseau — interprete en UTC (hypothese tracee),valeur_normalisee
sensor_readings.csv,EQ-COMP-233|2026-03-12 12:00:00|temperature_c,R-SEN-002,timestamp,2026-03-12 12:00:00,Horodatage sans fuseau — interprete en UTC (hypothese tracee),valeur_normalisee
sensor_readings.csv,EQ-COMP-233|2026-03-12 18:00:00|temperature_c,R-SEN-002,timestamp,2026-03-12 18:00:00,Horodatage sans fuseau — interprete en UTC (hypothese tracee),valeur_normalisee
sensor_readings.csv,EQ-COMP-233|2026-03-13 00:00:00|temperature_c,R-SEN-002,timestamp,2026-03-13 00:00:00,Horodatage sans fuseau — interprete en UTC (hypothese tracee),valeur_normalisee
sensor_readings.csv,EQ-COMP-233|2026-03-13 06:00:00|temperature_c,R-SEN-002,timestamp,2026-03-13 06:00:00,Horodatage sans fuseau — interprete en UTC (hypothese tracee),valeur_normalisee
sensor_readings.csv,EQ-COMP-233|2026-03-13 12:00:00|temperature_c,R-SEN-002,timestamp,2026-03-13 12:00:00,Horodatage sans fuseau — interprete en UTC (hypothese tracee),valeur_normalisee
sensor_readings.csv,EQ-COMP-233|2026-03-13 18:00:00|temperature_c,R-SEN-002,timestamp,2026-03-13 18:00:00,Horodatage sans fuseau — interprete en UTC (hypothese tracee),valeur_normalisee
sensor_readings.csv,EQ-COMP-233|2026-03-14 00:00:00|temperature_c,R-SEN-002,timestamp,2026-03-14 00:00:00,Horodatage sans fuseau — interprete en UTC (hypothese tracee),valeur_normalisee
sensor_readings.csv,EQ-COMP-233|2026-03-14 06:00:00|temperature_c,R-SEN-002,timestamp,2026-03-14 06:00:00,Horodatage sans fuseau — interprete en UTC (hypothese tracee),valeur_normalisee
sensor_readings.csv,EQ-COMP-233|2026-03-14 12:00:00|temperature_c,R-SEN-002,timestamp,2026-03-14 12:00:00,Horodatage sans fuseau — interprete en UTC (hypothese tracee),valeur_normalisee
sensor_readings.csv,EQ-COMP-233|2026-03-14 18:00:00|temperature_c,R-SEN-002,timestamp,2026-03-14 18:00:00,Horodatage sans fuseau — interprete en UTC (hypothese tracee),valeur_normalisee
sensor_readings.csv,EQ-COMP-233|2026-03-15 00:00:00|temperature_c,R-SEN-002,timestamp,2026-03-15 00:00:00,Horodatage sans fuseau — interprete en UTC (hypothese tracee),valeur_normalisee
sensor_readings.csv,EQ-COMP-233|2026-03-15 06:00:00|temperature_c,R-SEN-002,timestamp,2026-03-15 06:00:00,Horodatage sans fuseau — interprete en UTC (hypothese tracee),valeur_normalisee
sensor_readings.csv,EQ-COMP-233|2026-03-15 12:00:00|temperature_c,R-SEN-002,timestamp,2026-03-15 12:00:00,Horodatage sans fuseau — interprete en UTC (hypothese tracee),valeur_normalisee
sensor_readings.csv,EQ-COMP-233|2026-03-15 18:00:00|temperature_c,R-SEN-002,timestamp,2026-03-15 18:00:00,Horodatage sans fuseau — interprete en UTC (hypothese tracee),valeur_normalisee
sensor_readings.csv,EQ-COMP-233|2026-03-16 00:00:00|temperature_c,R-SEN-002,timestamp,2026-03-16 00:00:00,Horodatage sans fuseau — interprete en UTC (hypothese tracee),valeur_normalisee
sensor_readings.csv,EQ-COMP-233|2026-03-16 06:00:00|temperature_c,R-SEN-002,timestamp,2026-03-16 06:00:00,Horodatage sans fuseau — interprete en UTC (hypothese tracee),valeur_normalisee
sensor_readings.csv,EQ-COMP-233|2026-03-16 12:00:00|temperature_c,R-SEN-002,timestamp,2026-03-16 12:00:00,Horodatage sans fuseau — interprete en UTC (hypothese tracee),valeur_normalisee
sensor_readings.csv,EQ-COMP-233|2026-03-16 18:00:00|temperature_c,R-SEN-002,timestamp,2026-03-16 18:00:00,Horodatage sans fuseau — interprete en UTC (hypothese tracee),valeur_normalisee
sensor_readings.csv,EQ-COMP-233|2026-03-17 00:00:00|temperature_c,R-SEN-002,timestamp,2026-03-17 00:00:00,Horodatage sans fuseau — interprete en UTC (hypothese tracee),valeur_normalisee
sensor_readings.csv,EQ-COMP-233|2026-03-17 06:00:00|temperature_c,R-SEN-002,timestamp,2026-03-17 06:00:00,Horodatage sans fuseau — interprete en UTC (hypothese tracee),valeur_normalisee
sensor_readings.csv,EQ-COMP-233|2026-03-17 12:00:00|temperature_c,R-SEN-002,timestamp,2026-03-17 12:00:00,Horodatage sans fuseau — interprete en UTC (hypothese tracee),valeur_normalisee
sensor_readings.csv,EQ-COMP-233|2026-03-17 18:00:00|temperature_c,R-SEN-002,timestamp,2026-03-17 18:00:00,Horodatage sans fuseau — interprete en UTC (hypothese tracee),valeur_normalisee
sensor_readings.csv,EQ-COMP-233|2026-03-18 00:00:00|temperature_c,R-SEN-002,timestamp,2026-03-18 00:00:00,Horodatage sans fuseau — interprete en UTC (hypothese tracee),valeur_normalisee
sensor_readings.csv,EQ-COMP-233|2026-03-18 06:00:00|temperature_c,R-SEN-002,timestamp,2026-03-18 06:00:00,Horodatage sans fuseau — interprete en UTC (hypothese tracee),valeur_normalisee
sensor_readings.csv,EQ-COMP-233|2026-03-18 12:00:00|temperature_c,R-SEN-002,timestamp,2026-03-18 12:00:00,Horodatage sans fuseau — interprete en UTC (hypothese tracee),valeur_normalisee
sensor_readings.csv,EQ-COMP-233|2026-03-18 18:00:00|temperature_c,R-SEN-002,timestamp,2026-03-18 18:00:00,Horodatage sans fuseau — interprete en UTC (hypothese tracee),valeur_normalisee
sensor_readings.csv,EQ-COMP-233|2026-03-19 00:00:00|temperature_c,R-SEN-002,timestamp,2026-03-19 00:00:00,Horodatage sans fuseau — interprete en UTC (hypothese tracee),valeur_normalisee
sensor_readings.csv,EQ-COMP-233|2026-03-19 06:00:00|temperature_c,R-SEN-002,timestamp,2026-03-19 06:00:00,Horodatage sans fuseau — interprete en UTC (hypothese tracee),valeur_normalisee
sensor_readings.csv,EQ-COMP-233|2026-03-19 12:00:00|temperature_c,R-SEN-002,timestamp,2026-03-19 12:00:00,Horodatage sans fuseau — interprete en UTC (hypothese tracee),valeur_normalisee
sensor_readings.csv,EQ-COMP-233|2026-03-19 18:00:00|temperature_c,R-SEN-002,timestamp,2026-03-19 18:00:00,Horodatage sans fuseau — interprete en UTC (hypothese tracee),valeur_normalisee
sensor_readings.csv,EQ-COMP-233|2026-03-20 00:00:00|temperature_c,R-SEN-002,timestamp,2026-03-20 00:00:00,Horodatage sans fuseau — interprete en UTC (hypothese tracee),valeur_normalisee
sensor_readings.csv,EQ-COMP-233|2026-03-20 06:00:00|temperature_c,R-SEN-002,timestamp,2026-03-20 06:00:00,Horodatage sans fuseau — interprete en UTC (hypothese tracee),valeur_normalisee
sensor_readings.csv,EQ-COMP-233|2026-03-20 12:00:00|temperature_c,R-SEN-002,timestamp,2026-03-20 12:00:00,Horodatage sans fuseau — interprete en UTC (hypothese tracee),valeur_normalisee
sensor_readings.csv,EQ-COMP-233|2026-03-20 18:00:00|temperature_c,R-SEN-002,timestamp,2026-03-20 18:00:00,Horodatage sans fuseau — interprete en UTC (hypothese tracee),valeur_normalisee
sensor_readings.csv,EQ-COMP-233|2026-03-21 00:00:00|temperature_c,R-SEN-002,timestamp,2026-03-21 00:00:00,Horodatage sans fuseau — interprete en UTC (hypothese tracee),valeur_normalisee
sensor_readings.csv,EQ-COMP-233|2026-03-21 06:00:00|temperature_c,R-SEN-002,timestamp,2026-03-21 06:00:00,Horodatage sans fuseau — interprete en UTC (hypothese tracee),valeur_normalisee
sensor_readings.csv,EQ-COMP-233|2026-03-21 12:00:00|temperature_c,R-SEN-002,timestamp,2026-03-21 12:00:00,Horodatage sans fuseau — interprete en UTC (hypothese tracee),valeur_normalisee
sensor_readings.csv,EQ-COMP-233|2026-03-21 18:00:00|temperature_c,R-SEN-002,timestamp,2026-03-21 18:00:00,Horodatage sans fuseau — interprete en UTC (hypothese tracee),valeur_normalisee
sensor_readings.csv,EQ-COMP-233|2026-03-22 00:00:00|temperature_c,R-SEN-002,timestamp,2026-03-22 00:00:00,Horodatage sans fuseau — interprete en UTC (hypothese tracee),valeur_normalisee
sensor_readings.csv,EQ-COMP-233|2026-03-22 06:00:00|temperature_c,R-SEN-002,timestamp,2026-03-22 06:00:00,Horodatage sans fuseau — interprete en UTC (hypothese tracee),valeur_normalisee
sensor_readings.csv,EQ-COMP-233|2026-03-22 12:00:00|temperature_c,R-SEN-002,timestamp,2026-03-22 12:00:00,Horodatage sans fuseau — interprete en UTC (hypothese tracee),valeur_normalisee
sensor_readings.csv,EQ-COMP-233|2026-03-22 18:00:00|temperature_c,R-SEN-002,timestamp,2026-03-22 18:00:00,Horodatage sans fuseau — interprete en UTC (hypothese tracee),valeur_normalisee
sensor_readings.csv,EQ-COMP-233|2026-03-23 00:00:00|temperature_c,R-SEN-002,timestamp,2026-03-23 00:00:00,Horodatage sans fuseau — interprete en UTC (hypothese tracee),valeur_normalisee
sensor_readings.csv,EQ-COMP-233|2026-03-23 06:00:00|temperature_c,R-SEN-002,timestamp,2026-03-23 06:00:00,Horodatage sans fuseau — interprete en UTC (hypothese tracee),valeur_normalisee
sensor_readings.csv,EQ-COMP-233|2026-03-23 12:00:00|temperature_c,R-SEN-002,timestamp,2026-03-23 12:00:00,Horodatage sans fuseau — interprete en UTC (hypothese tracee),valeur_normalisee
sensor_readings.csv,EQ-COMP-233|2026-03-23 18:00:00|temperature_c,R-SEN-002,timestamp,2026-03-23 18:00:00,Horodatage sans fuseau — interprete en UTC (hypothese tracee),valeur_normalisee
sensor_readings.csv,EQ-COMP-233|2026-03-24 00:00:00|temperature_c,R-SEN-002,timestamp,2026-03-24 00:00:00,Horodatage sans fuseau — interprete en UTC (hypothese tracee),valeur_normalisee
sensor_readings.csv,EQ-COMP-233|2026-03-24 06:00:00|temperature_c,R-SEN-002,timestamp,2026-03-24 06:00:00,Horodatage sans fuseau — interprete en UTC (hypothese tracee),valeur_normalisee
sensor_readings.csv,EQ-COMP-233|2026-03-24 12:00:00|temperature_c,R-SEN-002,timestamp,2026-03-24 12:00:00,Horodatage sans fuseau — interprete en UTC (hypothese tracee),valeur_normalisee
sensor_readings.csv,EQ-COMP-233|2026-03-24 18:00:00|temperature_c,R-SEN-002,timestamp,2026-03-24 18:00:00,Horodatage sans fuseau — interprete en UTC (hypothese tracee),valeur_normalisee
sensor_readings.csv,EQ-COMP-233|2026-03-25 00:00:00|temperature_c,R-SEN-002,timestamp,2026-03-25 00:00:00,Horodatage sans fuseau — interprete en UTC (hypothese tracee),valeur_normalisee
sensor_readings.csv,EQ-COMP-233|2026-03-25 06:00:00|temperature_c,R-SEN-002,timestamp,2026-03-25 06:00:00,Horodatage sans fuseau — interprete en UTC (hypothese tracee),valeur_normalisee
sensor_readings.csv,EQ-COMP-233|2026-03-25 12:00:00|temperature_c,R-SEN-002,timestamp,2026-03-25 12:00:00,Horodatage sans fuseau — interprete en UTC (hypothese tracee),valeur_normalisee
sensor_readings.csv,EQ-COMP-233|2026-03-25 18:00:00|temperature_c,R-SEN-002,timestamp,2026-03-25 18:00:00,Horodatage sans fuseau — interprete en UTC (hypothese tracee),valeur_normalisee
sensor_readings.csv,EQ-COMP-233|2026-03-26 00:00:00|temperature_c,R-SEN-002,timestamp,2026-03-26 00:00:00,Horodatage sans fuseau — interprete en UTC (hypothese tracee),valeur_normalisee
sensor_readings.csv,EQ-COMP-233|2026-03-26 06:00:00|temperature_c,R-SEN-002,timestamp,2026-03-26 06:00:00,Horodatage sans fuseau — interprete en UTC (hypothese tracee),valeur_normalisee
sensor_readings.csv,EQ-COMP-233|2026-03-26 12:00:00|temperature_c,R-SEN-002,timestamp,2026-03-26 12:00:00,Horodatage sans fuseau — interprete en UTC (hypothese tracee),valeur_normalisee
sensor_readings.csv,EQ-COMP-233|2026-03-26 18:00:00|temperature_c,R-SEN-002,timestamp,2026-03-26 18:00:00,Horodatage sans fuseau — interprete en UTC (hypothese tracee),valeur_normalisee
sensor_readings.csv,EQ-COMP-233|2026-03-27 00:00:00|temperature_c,R-SEN-002,timestamp,2026-03-27 00:00:00,Horodatage sans fuseau — interprete en UTC (hypothese tracee),valeur_normalisee
sensor_readings.csv,EQ-COMP-233|2026-03-27 06:00:00|temperature_c,R-SEN-002,timestamp,2026-03-27 06:00:00,Horodatage sans fuseau — interprete en UTC (hypothese tracee),valeur_normalisee
sensor_readings.csv,EQ-COMP-233|2026-03-27 12:00:00|temperature_c,R-SEN-002,timestamp,2026-03-27 12:00:00,Horodatage sans fuseau — interprete en UTC (hypothese tracee),valeur_normalisee
sensor_readings.csv,EQ-COMP-233|2026-03-27 18:00:00|temperature_c,R-SEN-002,timestamp,2026-03-27 18:00:00,Horodatage sans fuseau — interprete en UTC (hypothese tracee),valeur_normalisee
sensor_readings.csv,EQ-COMP-233|2026-03-28 00:00:00|temperature_c,R-SEN-002,timestamp,2026-03-28 00:00:00,Horodatage sans fuseau — interprete en UTC (hypothese tracee),valeur_normalisee
sensor_readings.csv,EQ-COMP-233|2026-03-28 06:00:00|temperature_c,R-SEN-002,timestamp,2026-03-28 06:00:00,Horodatage sans fuseau — interprete en UTC (hypothese tracee),valeur_normalisee
sensor_readings.csv,EQ-COMP-233|2026-03-28 12:00:00|temperature_c,R-SEN-002,timestamp,2026-03-28 12:00:00,Horodatage sans fuseau — interprete en UTC (hypothese tracee),valeur_normalisee
sensor_readings.csv,EQ-COMP-233|2026-03-28 18:00:00|temperature_c,R-SEN-002,timestamp,2026-03-28 18:00:00,Horodatage sans fuseau — interprete en UTC (hypothese tracee),valeur_normalisee
sensor_readings.csv,EQ-COMP-233|2026-03-29 00:00:00|temperature_c,R-SEN-002,timestamp,2026-03-29 00:00:00,Horodatage sans fuseau — interprete en UTC (hypothese tracee),valeur_normalisee
sensor_readings.csv,EQ-COMP-233|2026-03-29 06:00:00|temperature_c,R-SEN-002,timestamp,2026-03-29 06:00:00,Horodatage sans fuseau — interprete en UTC (hypothese tracee),valeur_normalisee
sensor_readings.csv,EQ-COMP-233|2026-03-29 12:00:00|temperature_c,R-SEN-002,timestamp,2026-03-29 12:00:00,Horodatage sans fuseau — interprete en UTC (hypothese tracee),valeur_normalisee
sensor_readings.csv,EQ-COMP-233|2026-03-29 18:00:00|temperature_c,R-SEN-002,timestamp,2026-03-29 18:00:00,Horodatage sans fuseau — interprete en UTC (hypothese tracee),valeur_normalisee
sensor_readings.csv,EQ-COMP-233|2026-03-30 00:00:00|temperature_c,R-SEN-002,timestamp,2026-03-30 00:00:00,Horodatage sans fuseau — interprete en UTC (hypothese tracee),valeur_normalisee
sensor_readings.csv,EQ-COMP-233|2026-03-30 06:00:00|temperature_c,R-SEN-002,timestamp,2026-03-30 06:00:00,Horodatage sans fuseau — interprete en UTC (hypothese tracee),valeur_normalisee
sensor_readings.csv,EQ-COMP-233|2026-03-30 12:00:00|temperature_c,R-SEN-002,timestamp,2026-03-30 12:00:00,Horodatage sans fuseau — interprete en UTC (hypothese tracee),valeur_normalisee
sensor_readings.csv,EQ-COMP-233|2026-03-30 18:00:00|temperature_c,R-SEN-002,timestamp,2026-03-30 18:00:00,Horodatage sans fuseau — interprete en UTC (hypothese tracee),valeur_normalisee
sensor_readings.csv,EQ-COMP-233|2026-03-31 00:00:00|temperature_c,R-SEN-002,timestamp,2026-03-31 00:00:00,Horodatage sans fuseau — interprete en UTC (hypothese tracee),valeur_normalisee
sensor_readings.csv,EQ-COMP-233|2026-03-31 06:00:00|temperature_c,R-SEN-002,timestamp,2026-03-31 06:00:00,Horodatage sans fuseau — interprete en UTC (hypothese tracee),valeur_normalisee
sensor_readings.csv,EQ-COMP-233|2026-03-31 12:00:00|temperature_c,R-SEN-002,timestamp,2026-03-31 12:00:00,Horodatage sans fuseau — interprete en UTC (hypothese tracee),valeur_normalisee
sensor_readings.csv,EQ-COMP-233|2026-03-31 18:00:00|temperature_c,R-SEN-002,timestamp,2026-03-31 18:00:00,Horodatage sans fuseau — interprete en UTC (hypothese tracee),valeur_normalisee
sensor_readings.csv,EQ-COMP-233|2026-04-01 00:00:00|temperature_c,R-SEN-002,timestamp,2026-04-01 00:00:00,Horodatage sans fuseau — interprete en UTC (hypothese tracee),valeur_normalisee
sensor_readings.csv,EQ-COMP-233|2026-04-01 06:00:00|temperature_c,R-SEN-002,timestamp,2026-04-01 06:00:00,Horodatage sans fuseau — interprete en UTC (hypothese tracee),valeur_normalisee
sensor_readings.csv,EQ-COMP-233|2026-04-01 12:00:00|temperature_c,R-SEN-002,timestamp,2026-04-01 12:00:00,Horodatage sans fuseau — interprete en UTC (hypothese tracee),valeur_normalisee
sensor_readings.csv,EQ-COMP-233|2026-04-01 18:00:00|temperature_c,R-SEN-002,timestamp,2026-04-01 18:00:00,Horodatage sans fuseau — interprete en UTC (hypothese tracee),valeur_normalisee
sensor_readings.csv,EQ-COMP-233|2026-04-02 00:00:00|temperature_c,R-SEN-002,timestamp,2026-04-02 00:00:00,Horodatage sans fuseau — interprete en UTC (hypothese tracee),valeur_normalisee
sensor_readings.csv,EQ-COMP-233|2026-04-02 06:00:00|temperature_c,R-SEN-002,timestamp,2026-04-02 06:00:00,Horodatage sans fuseau — interprete en UTC (hypothese tracee),valeur_normalisee
sensor_readings.csv,EQ-COMP-233|2026-04-02 12:00:00|temperature_c,R-SEN-002,timestamp,2026-04-02 12:00:00,Horodatage sans fuseau — interprete en UTC (hypothese tracee),valeur_normalisee
sensor_readings.csv,EQ-COMP-233|2026-04-02 18:00:00|temperature_c,R-SEN-002,timestamp,2026-04-02 18:00:00,Horodatage sans fuseau — interprete en UTC (hypothese tracee),valeur_normalisee
sensor_readings.csv,EQ-COMP-233|2026-04-03 00:00:00|temperature_c,R-SEN-002,timestamp,2026-04-03 00:00:00,Horodatage sans fuseau — interprete en UTC (hypothese tracee),valeur_normalisee
sensor_readings.csv,EQ-COMP-233|2026-04-03 06:00:00|temperature_c,R-SEN-002,timestamp,2026-04-03 06:00:00,Horodatage sans fuseau — interprete en UTC (hypothese tracee),valeur_normalisee
sensor_readings.csv,EQ-COMP-233|2026-04-03 12:00:00|temperature_c,R-SEN-002,timestamp,2026-04-03 12:00:00,Horodatage sans fuseau — interprete en UTC (hypothese tracee),valeur_normalisee
sensor_readings.csv,EQ-COMP-233|2026-04-03 18:00:00|temperature_c,R-SEN-002,timestamp,2026-04-03 18:00:00,Horodatage sans fuseau — interprete en UTC (hypothese tracee),valeur_normalisee
sensor_readings.csv,EQ-COMP-233|2026-04-04 00:00:00|temperature_c,R-SEN-002,timestamp,2026-04-04 00:00:00,Horodatage sans fuseau — interprete en UTC (hypothese tracee),valeur_normalisee
sensor_readings.csv,EQ-COMP-233|2026-04-04 06:00:00|temperature_c,R-SEN-002,timestamp,2026-04-04 06:00:00,Horodatage sans fuseau — interprete en UTC (hypothese tracee),valeur_normalisee
sensor_readings.csv,EQ-COMP-233|2026-04-04 12:00:00|temperature_c,R-SEN-002,timestamp,2026-04-04 12:00:00,Horodatage sans fuseau — interprete en UTC (hypothese tracee),valeur_normalisee
sensor_readings.csv,EQ-COMP-233|2026-04-04 18:00:00|temperature_c,R-SEN-002,timestamp,2026-04-04 18:00:00,Horodatage sans fuseau — interprete en UTC (hypothese tracee),valeur_normalisee
sensor_readings.csv,EQ-COMP-233|2026-04-05 00:00:00|temperature_c,R-SEN-002,timestamp,2026-04-05 00:00:00,Horodatage sans fuseau — interprete en UTC (hypothese tracee),valeur_normalisee
sensor_readings.csv,EQ-COMP-233|2026-04-05 06:00:00|temperature_c,R-SEN-002,timestamp,2026-04-05 06:00:00,Horodatage sans fuseau — interprete en UTC (hypothese tracee),valeur_normalisee
sensor_readings.csv,EQ-COMP-233|2026-04-05 12:00:00|temperature_c,R-SEN-002,timestamp,2026-04-05 12:00:00,Horodatage sans fuseau — interprete en UTC (hypothese tracee),valeur_normalisee
sensor_readings.csv,EQ-COMP-233|2026-04-05 18:00:00|temperature_c,R-SEN-002,timestamp,2026-04-05 18:00:00,Horodatage sans fuseau — interprete en UTC (hypothese tracee),valeur_normalisee
sensor_readings.csv,EQ-COMP-233|2026-04-06 00:00:00|temperature_c,R-SEN-002,timestamp,2026-04-06 00:00:00,Horodatage sans fuseau — interprete en UTC (hypothese tracee),valeur_normalisee
sensor_readings.csv,EQ-COMP-233|2026-04-06 06:00:00|temperature_c,R-SEN-002,timestamp,2026-04-06 06:00:00,Horodatage sans fuseau — interprete en UTC (hypothese tracee),valeur_normalisee
sensor_readings.csv,EQ-COMP-233|2026-04-06 12:00:00|temperature_c,R-SEN-002,timestamp,2026-04-06 12:00:00,Horodatage sans fuseau — interprete en UTC (hypothese tracee),valeur_normalisee
sensor_readings.csv,EQ-COMP-233|2026-04-06 18:00:00|temperature_c,R-SEN-002,timestamp,2026-04-06 18:00:00,Horodatage sans fuseau — interprete en UTC (hypothese tracee),valeur_normalisee
sensor_readings.csv,EQ-COMP-233|2026-04-07 00:00:00|temperature_c,R-SEN-002,timestamp,2026-04-07 00:00:00,Horodatage sans fuseau — interprete en UTC (hypothese tracee),valeur_normalisee
sensor_readings.csv,EQ-COMP-233|2026-04-07 06:00:00|temperature_c,R-SEN-002,timestamp,2026-04-07 06:00:00,Horodatage sans fuseau — interprete en UTC (hypothese tracee),valeur_normalisee
sensor_readings.csv,EQ-COMP-233|2026-04-07 12:00:00|temperature_c,R-SEN-002,timestamp,2026-04-07 12:00:00,Horodatage sans fuseau — interprete en UTC (hypothese tracee),valeur_normalisee
sensor_readings.csv,EQ-COMP-233|2026-04-07 18:00:00|temperature_c,R-SEN-002,timestamp,2026-04-07 18:00:00,Horodatage sans fuseau — interprete en UTC (hypothese tracee),valeur_normalisee
sensor_readings.csv,EQ-COMP-233|2026-04-08 00:00:00|temperature_c,R-SEN-002,timestamp,2026-04-08 00:00:00,Horodatage sans fuseau — interprete en UTC (hypothese tracee),valeur_normalisee
sensor_readings.csv,EQ-COMP-233|2026-04-08 06:00:00|temperature_c,R-SEN-002,timestamp,2026-04-08 06:00:00,Horodatage sans fuseau — interprete en UTC (hypothese tracee),valeur_normalisee
sensor_readings.csv,EQ-COMP-233|2026-04-08 12:00:00|temperature_c,R-SEN-002,timestamp,2026-04-08 12:00:00,Horodatage sans fuseau — interprete en UTC (hypothese tracee),valeur_normalisee
sensor_readings.csv,EQ-COMP-233|2026-04-08 18:00:00|temperature_c,R-SEN-002,timestamp,2026-04-08 18:00:00,Horodatage sans fuseau — interprete en UTC (hypothese tracee),valeur_normalisee
sensor_readings.csv,EQ-COMP-233|2026-04-09 00:00:00|temperature_c,R-SEN-002,timestamp,2026-04-09 00:00:00,Horodatage sans fuseau — interprete en UTC (hypothese tracee),valeur_normalisee
sensor_readings.csv,EQ-COMP-233|2026-04-09 06:00:00|temperature_c,R-SEN-002,timestamp,2026-04-09 06:00:00,Horodatage sans fuseau — interprete en UTC (hypothese tracee),valeur_normalisee
sensor_readings.csv,EQ-COMP-233|2026-04-09 12:00:00|temperature_c,R-SEN-002,timestamp,2026-04-09 12:00:00,Horodatage sans fuseau — interprete en UTC (hypothese tracee),valeur_normalisee
sensor_readings.csv,EQ-COMP-233|2026-04-09 18:00:00|temperature_c,R-SEN-002,timestamp,2026-04-09 18:00:00,Horodatage sans fuseau — interprete en UTC (hypothese tracee),valeur_normalisee
sensor_readings.csv,EQ-COMP-233|2026-04-10 00:00:00|temperature_c,R-SEN-002,timestamp,2026-04-10 00:00:00,Horodatage sans fuseau — interprete en UTC (hypothese tracee),valeur_normalisee
sensor_readings.csv,EQ-COMP-233|2026-04-10 06:00:00|temperature_c,R-SEN-002,timestamp,2026-04-10 06:00:00,Horodatage sans fuseau — interprete en UTC (hypothese tracee),valeur_normalisee
sensor_readings.csv,EQ-COMP-233|2026-04-10 12:00:00|temperature_c,R-SEN-002,timestamp,2026-04-10 12:00:00,Horodatage sans fuseau — interprete en UTC (hypothese tracee),valeur_normalisee
sensor_readings.csv,EQ-COMP-233|2026-04-10 18:00:00|temperature_c,R-SEN-002,timestamp,2026-04-10 18:00:00,Horodatage sans fuseau — interprete en UTC (hypothese tracee),valeur_normalisee
sensor_readings.csv,EQ-COMP-233|2026-04-11 00:00:00|temperature_c,R-SEN-002,timestamp,2026-04-11 00:00:00,Horodatage sans fuseau — interprete en UTC (hypothese tracee),valeur_normalisee
sensor_readings.csv,EQ-COMP-233|2026-04-11 06:00:00|temperature_c,R-SEN-002,timestamp,2026-04-11 06:00:00,Horodatage sans fuseau — interprete en UTC (hypothese tracee),valeur_normalisee
sensor_readings.csv,EQ-COMP-233|2026-04-11 12:00:00|temperature_c,R-SEN-002,timestamp,2026-04-11 12:00:00,Horodatage sans fuseau — interprete en UTC (hypothese tracee),valeur_normalisee
sensor_readings.csv,EQ-COMP-233|2026-04-11 18:00:00|temperature_c,R-SEN-002,timestamp,2026-04-11 18:00:00,Horodatage sans fuseau — interprete en UTC (hypothese tracee),valeur_normalisee
sensor_readings.csv,EQ-COMP-233|2026-04-12 00:00:00|temperature_c,R-SEN-002,timestamp,2026-04-12 00:00:00,Horodatage sans fuseau — interprete en UTC (hypothese tracee),valeur_normalisee
sensor_readings.csv,EQ-COMP-233|2026-04-12 06:00:00|temperature_c,R-SEN-002,timestamp,2026-04-12 06:00:00,Horodatage sans fuseau — interprete en UTC (hypothese tracee),valeur_normalisee
sensor_readings.csv,EQ-COMP-233|2026-04-12 12:00:00|temperature_c,R-SEN-002,timestamp,2026-04-12 12:00:00,Horodatage sans fuseau — interprete en UTC (hypothese tracee),valeur_normalisee
sensor_readings.csv,EQ-COMP-233|2026-04-12 18:00:00|temperature_c,R-SEN-002,timestamp,2026-04-12 18:00:00,Horodatage sans fuseau — interprete en UTC (hypothese tracee),valeur_normalisee
sensor_readings.csv,EQ-COMP-233|2026-04-13 00:00:00|temperature_c,R-SEN-002,timestamp,2026-04-13 00:00:00,Horodatage sans fuseau — interprete en UTC (hypothese tracee),valeur_normalisee
sensor_readings.csv,EQ-COMP-233|2026-04-13 06:00:00|temperature_c,R-SEN-002,timestamp,2026-04-13 06:00:00,Horodatage sans fuseau — interprete en UTC (hypothese tracee),valeur_normalisee
sensor_readings.csv,EQ-COMP-233|2026-04-13 12:00:00|temperature_c,R-SEN-002,timestamp,2026-04-13 12:00:00,Horodatage sans fuseau — interprete en UTC (hypothese tracee),valeur_normalisee
sensor_readings.csv,EQ-COMP-233|2026-04-13 18:00:00|temperature_c,R-SEN-002,timestamp,2026-04-13 18:00:00,Horodatage sans fuseau — interprete en UTC (hypothese tracee),valeur_normalisee
sensor_readings.csv,EQ-COMP-233|2026-04-14 00:00:00|temperature_c,R-SEN-002,timestamp,2026-04-14 00:00:00,Horodatage sans fuseau — interprete en UTC (hypothese tracee),valeur_normalisee
sensor_readings.csv,EQ-COMP-233|2026-04-14 06:00:00|temperature_c,R-SEN-002,timestamp,2026-04-14 06:00:00,Horodatage sans fuseau — interprete en UTC (hypothese tracee),valeur_normalisee
sensor_readings.csv,EQ-COMP-233|2026-04-14 12:00:00|temperature_c,R-SEN-002,timestamp,2026-04-14 12:00:00,Horodatage sans fuseau — interprete en UTC (hypothese tracee),valeur_normalisee
sensor_readings.csv,EQ-COMP-233|2026-04-14 18:00:00|temperature_c,R-SEN-002,timestamp,2026-04-14 18:00:00,Horodatage sans fuseau — interprete en UTC (hypothese tracee),valeur_normalisee
sensor_readings.csv,EQ-COMP-233|2026-04-15 00:00:00|temperature_c,R-SEN-002,timestamp,2026-04-15 00:00:00,Horodatage sans fuseau — interprete en UTC (hypothese tracee),valeur_normalisee
sensor_readings.csv,EQ-COMP-233|2026-04-15 06:00:00|temperature_c,R-SEN-002,timestamp,2026-04-15 06:00:00,Horodatage sans fuseau — interprete en UTC (hypothese tracee),valeur_normalisee
sensor_readings.csv,EQ-COMP-233|2026-04-15 12:00:00|temperature_c,R-SEN-002,timestamp,2026-04-15 12:00:00,Horodatage sans fuseau — interprete en UTC (hypothese tracee),valeur_normalisee
sensor_readings.csv,EQ-COMP-233|2026-04-15 18:00:00|temperature_c,R-SEN-002,timestamp,2026-04-15 18:00:00,Horodatage sans fuseau — interprete en UTC (hypothese tracee),valeur_normalisee
sensor_readings.csv,EQ-COMP-233|2026-04-16 00:00:00|temperature_c,R-SEN-002,timestamp,2026-04-16 00:00:00,Horodatage sans fuseau — interprete en UTC (hypothese tracee),valeur_normalisee
sensor_readings.csv,EQ-COMP-233|2026-04-16 06:00:00|temperature_c,R-SEN-002,timestamp,2026-04-16 06:00:00,Horodatage sans fuseau — interprete en UTC (hypothese tracee),valeur_normalisee
sensor_readings.csv,EQ-COMP-233|2026-04-16 12:00:00|temperature_c,R-SEN-002,timestamp,2026-04-16 12:00:00,Horodatage sans fuseau — interprete en UTC (hypothese tracee),valeur_normalisee
sensor_readings.csv,EQ-COMP-233|2026-04-16 18:00:00|temperature_c,R-SEN-002,timestamp,2026-04-16 18:00:00,Horodatage sans fuseau — interprete en UTC (hypothese tracee),valeur_normalisee
sensor_readings.csv,EQ-COMP-233|2026-04-17 00:00:00|temperature_c,R-SEN-002,timestamp,2026-04-17 00:00:00,Horodatage sans fuseau — interprete en UTC (hypothese tracee),valeur_normalisee
sensor_readings.csv,EQ-COMP-233|2026-04-17 06:00:00|temperature_c,R-SEN-002,timestamp,2026-04-17 06:00:00,Horodatage sans fuseau — interprete en UTC (hypothese tracee),valeur_normalisee
sensor_readings.csv,EQ-COMP-233|2026-04-17 12:00:00|temperature_c,R-SEN-002,timestamp,2026-04-17 12:00:00,Horodatage sans fuseau — interprete en UTC (hypothese tracee),valeur_normalisee
sensor_readings.csv,EQ-COMP-233|2026-04-17 18:00:00|temperature_c,R-SEN-002,timestamp,2026-04-17 18:00:00,Horodatage sans fuseau — interprete en UTC (hypothese tracee),valeur_normalisee
sensor_readings.csv,EQ-COMP-233|2026-04-18 00:00:00|temperature_c,R-SEN-002,timestamp,2026-04-18 00:00:00,Horodatage sans fuseau — interprete en UTC (hypothese tracee),valeur_normalisee
sensor_readings.csv,EQ-COMP-233|2026-04-18 06:00:00|temperature_c,R-SEN-002,timestamp,2026-04-18 06:00:00,Horodatage sans fuseau — interprete en UTC (hypothese tracee),valeur_normalisee
sensor_readings.csv,EQ-COMP-233|2026-04-18 12:00:00|temperature_c,R-SEN-002,timestamp,2026-04-18 12:00:00,Horodatage sans fuseau — interprete en UTC (hypothese tracee),valeur_normalisee
sensor_readings.csv,EQ-COMP-233|2026-04-18 18:00:00|temperature_c,R-SEN-002,timestamp,2026-04-18 18:00:00,Horodatage sans fuseau — interprete en UTC (hypothese tracee),valeur_normalisee
sensor_readings.csv,EQ-COMP-233|2026-04-19 00:00:00|temperature_c,R-SEN-002,timestamp,2026-04-19 00:00:00,Horodatage sans fuseau — interprete en UTC (hypothese tracee),valeur_normalisee
sensor_readings.csv,EQ-COMP-233|2026-04-19 06:00:00|temperature_c,R-SEN-002,timestamp,2026-04-19 06:00:00,Horodatage sans fuseau — interprete en UTC (hypothese tracee),valeur_normalisee
sensor_readings.csv,EQ-COMP-233|2026-04-19 12:00:00|temperature_c,R-SEN-002,timestamp,2026-04-19 12:00:00,Horodatage sans fuseau — interprete en UTC (hypothese tracee),valeur_normalisee
sensor_readings.csv,EQ-COMP-233|2026-04-19 18:00:00|temperature_c,R-SEN-002,timestamp,2026-04-19 18:00:00,Horodatage sans fuseau — interprete en UTC (hypothese tracee),valeur_normalisee
sensor_readings.csv,EQ-COMP-233|2026-04-20 00:00:00|temperature_c,R-SEN-002,timestamp,2026-04-20 00:00:00,Horodatage sans fuseau — interprete en UTC (hypothese tracee),valeur_normalisee
sensor_readings.csv,EQ-COMP-233|2026-04-20 06:00:00|temperature_c,R-SEN-002,timestamp,2026-04-20 06:00:00,Horodatage sans fuseau — interprete en UTC (hypothese tracee),valeur_normalisee
sensor_readings.csv,EQ-COMP-233|2026-04-20 12:00:00|temperature_c,R-SEN-002,timestamp,2026-04-20 12:00:00,Horodatage sans fuseau — interprete en UTC (hypothese tracee),valeur_normalisee
sensor_readings.csv,EQ-COMP-233|2026-04-20 18:00:00|temperature_c,R-SEN-002,timestamp,2026-04-20 18:00:00,Horodatage sans fuseau — interprete en UTC (hypothese tracee),valeur_normalisee
sensor_readings.csv,EQ-COMP-233|2026-04-21 00:00:00|temperature_c,R-SEN-002,timestamp,2026-04-21 00:00:00,Horodatage sans fuseau — interprete en UTC (hypothese tracee),valeur_normalisee
sensor_readings.csv,EQ-COMP-233|2026-04-21 06:00:00|temperature_c,R-SEN-002,timestamp,2026-04-21 06:00:00,Horodatage sans fuseau — interprete en UTC (hypothese tracee),valeur_normalisee
sensor_readings.csv,EQ-COMP-233|2026-04-21 12:00:00|temperature_c,R-SEN-002,timestamp,2026-04-21 12:00:00,Horodatage sans fuseau — interprete en UTC (hypothese tracee),valeur_normalisee
sensor_readings.csv,EQ-COMP-233|2026-04-21 18:00:00|temperature_c,R-SEN-002,timestamp,2026-04-21 18:00:00,Horodatage sans fuseau — interprete en UTC (hypothese tracee),valeur_normalisee
sensor_readings.csv,EQ-COMP-233|2026-04-22 00:00:00|temperature_c,R-SEN-002,timestamp,2026-04-22 00:00:00,Horodatage sans fuseau — interprete en UTC (hypothese tracee),valeur_normalisee
sensor_readings.csv,EQ-COMP-233|2026-04-22 06:00:00|temperature_c,R-SEN-002,timestamp,2026-04-22 06:00:00,Horodatage sans fuseau — interprete en UTC (hypothese tracee),valeur_normalisee
sensor_readings.csv,EQ-COMP-233|2026-04-22 12:00:00|temperature_c,R-SEN-002,timestamp,2026-04-22 12:00:00,Horodatage sans fuseau — interprete en UTC (hypothese tracee),valeur_normalisee
sensor_readings.csv,EQ-COMP-233|2026-04-22 18:00:00|temperature_c,R-SEN-002,timestamp,2026-04-22 18:00:00,Horodatage sans fuseau — interprete en UTC (hypothese tracee),valeur_normalisee
sensor_readings.csv,EQ-COMP-233|2026-04-23 00:00:00|temperature_c,R-SEN-002,timestamp,2026-04-23 00:00:00,Horodatage sans fuseau — interprete en UTC (hypothese tracee),valeur_normalisee
sensor_readings.csv,EQ-COMP-233|2026-04-23 06:00:00|temperature_c,R-SEN-002,timestamp,2026-04-23 06:00:00,Horodatage sans fuseau — interprete en UTC (hypothese tracee),valeur_normalisee
sensor_readings.csv,EQ-COMP-233|2026-04-23 12:00:00|temperature_c,R-SEN-002,timestamp,2026-04-23 12:00:00,Horodatage sans fuseau — interprete en UTC (hypothese tracee),valeur_normalisee
sensor_readings.csv,EQ-COMP-233|2026-04-23 18:00:00|temperature_c,R-SEN-002,timestamp,2026-04-23 18:00:00,Horodatage sans fuseau — interprete en UTC (hypothese tracee),valeur_normalisee
sensor_readings.csv,EQ-COMP-233|2026-04-24 00:00:00|temperature_c,R-SEN-002,timestamp,2026-04-24 00:00:00,Horodatage sans fuseau — interprete en UTC (hypothese tracee),valeur_normalisee
sensor_readings.csv,EQ-COMP-233|2026-04-24 06:00:00|temperature_c,R-SEN-002,timestamp,2026-04-24 06:00:00,Horodatage sans fuseau — interprete en UTC (hypothese tracee),valeur_normalisee
sensor_readings.csv,EQ-COMP-233|2026-04-24 12:00:00|temperature_c,R-SEN-002,timestamp,2026-04-24 12:00:00,Horodatage sans fuseau — interprete en UTC (hypothese tracee),valeur_normalisee
sensor_readings.csv,EQ-COMP-233|2026-04-24 18:00:00|temperature_c,R-SEN-002,timestamp,2026-04-24 18:00:00,Horodatage sans fuseau — interprete en UTC (hypothese tracee),valeur_normalisee
sensor_readings.csv,EQ-COMP-233|2026-04-25 00:00:00|temperature_c,R-SEN-002,timestamp,2026-04-25 00:00:00,Horodatage sans fuseau — interprete en UTC (hypothese tracee),valeur_normalisee
sensor_readings.csv,EQ-COMP-233|2026-04-25 06:00:00|temperature_c,R-SEN-002,timestamp,2026-04-25 06:00:00,Horodatage sans fuseau — interprete en UTC (hypothese tracee),valeur_normalisee
sensor_readings.csv,EQ-COMP-233|2026-04-25 12:00:00|temperature_c,R-SEN-002,timestamp,2026-04-25 12:00:00,Horodatage sans fuseau — interprete en UTC (hypothese tracee),valeur_normalisee
sensor_readings.csv,EQ-COMP-233|2026-04-25 18:00:00|temperature_c,R-SEN-002,timestamp,2026-04-25 18:00:00,Horodatage sans fuseau — interprete en UTC (hypothese tracee),valeur_normalisee
sensor_readings.csv,EQ-COMP-233|2026-04-26 00:00:00|temperature_c,R-SEN-002,timestamp,2026-04-26 00:00:00,Horodatage sans fuseau — interprete en UTC (hypothese tracee),valeur_normalisee
sensor_readings.csv,EQ-COMP-233|2026-04-26 06:00:00|temperature_c,R-SEN-002,timestamp,2026-04-26 06:00:00,Horodatage sans fuseau — interprete en UTC (hypothese tracee),valeur_normalisee
sensor_readings.csv,EQ-COMP-233|2026-04-26 12:00:00|temperature_c,R-SEN-002,timestamp,2026-04-26 12:00:00,Horodatage sans fuseau — interprete en UTC (hypothese tracee),valeur_normalisee
sensor_readings.csv,EQ-COMP-233|2026-04-26 18:00:00|temperature_c,R-SEN-002,timestamp,2026-04-26 18:00:00,Horodatage sans fuseau — interprete en UTC (hypothese tracee),valeur_normalisee
sensor_readings.csv,EQ-COMP-233|2026-04-27 00:00:00|temperature_c,R-SEN-002,timestamp,2026-04-27 00:00:00,Horodatage sans fuseau — interprete en UTC (hypothese tracee),valeur_normalisee
sensor_readings.csv,EQ-COMP-233|2026-04-27 06:00:00|temperature_c,R-SEN-002,timestamp,2026-04-27 06:00:00,Horodatage sans fuseau — interprete en UTC (hypothese tracee),valeur_normalisee
sensor_readings.csv,EQ-COMP-233|2026-04-27 12:00:00|temperature_c,R-SEN-002,timestamp,2026-04-27 12:00:00,Horodatage sans fuseau — interprete en UTC (hypothese tracee),valeur_normalisee
sensor_readings.csv,EQ-COMP-233|2026-04-27 18:00:00|temperature_c,R-SEN-002,timestamp,2026-04-27 18:00:00,Horodatage sans fuseau — interprete en UTC (hypothese tracee),valeur_normalisee
sensor_readings.csv,EQ-COMP-233|2026-04-28 00:00:00|temperature_c,R-SEN-002,timestamp,2026-04-28 00:00:00,Horodatage sans fuseau — interprete en UTC (hypothese tracee),valeur_normalisee
sensor_readings.csv,EQ-COMP-233|2026-04-28 06:00:00|temperature_c,R-SEN-002,timestamp,2026-04-28 06:00:00,Horodatage sans fuseau — interprete en UTC (hypothese tracee),valeur_normalisee
sensor_readings.csv,EQ-COMP-233|2026-04-28 12:00:00|temperature_c,R-SEN-002,timestamp,2026-04-28 12:00:00,Horodatage sans fuseau — interprete en UTC (hypothese tracee),valeur_normalisee
sensor_readings.csv,EQ-COMP-233|2026-04-28 18:00:00|temperature_c,R-SEN-002,timestamp,2026-04-28 18:00:00,Horodatage sans fuseau — interprete en UTC (hypothese tracee),valeur_normalisee
sensor_readings.csv,EQ-COMP-233|2026-04-29 00:00:00|temperature_c,R-SEN-002,timestamp,2026-04-29 00:00:00,Horodatage sans fuseau — interprete en UTC (hypothese tracee),valeur_normalisee
sensor_readings.csv,EQ-COMP-233|2026-04-29 06:00:00|temperature_c,R-SEN-002,timestamp,2026-04-29 06:00:00,Horodatage sans fuseau — interprete en UTC (hypothese tracee),valeur_normalisee
sensor_readings.csv,EQ-COMP-233|2026-04-29 12:00:00|temperature_c,R-SEN-002,timestamp,2026-04-29 12:00:00,Horodatage sans fuseau — interprete en UTC (hypothese tracee),valeur_normalisee
sensor_readings.csv,EQ-COMP-233|2026-04-29 18:00:00|temperature_c,R-SEN-002,timestamp,2026-04-29 18:00:00,Horodatage sans fuseau — interprete en UTC (hypothese tracee),valeur_normalisee
sensor_readings.csv,EQ-COMP-233|2026-04-30 00:00:00|temperature_c,R-SEN-002,timestamp,2026-04-30 00:00:00,Horodatage sans fuseau — interprete en UTC (hypothese tracee),valeur_normalisee
sensor_readings.csv,EQ-COMP-233|2026-04-30 06:00:00|temperature_c,R-SEN-002,timestamp,2026-04-30 06:00:00,Horodatage sans fuseau — interprete en UTC (hypothese tracee),valeur_normalisee
sensor_readings.csv,EQ-COMP-233|2026-04-30 12:00:00|temperature_c,R-SEN-002,timestamp,2026-04-30 12:00:00,Horodatage sans fuseau — interprete en UTC (hypothese tracee),valeur_normalisee
sensor_readings.csv,EQ-COMP-233|2026-04-30 18:00:00|temperature_c,R-SEN-002,timestamp,2026-04-30 18:00:00,Horodatage sans fuseau — interprete en UTC (hypothese tracee),valeur_normalisee
sensor_readings.csv,EQ-COMP-233|2026-05-01 00:00:00|temperature_c,R-SEN-002,timestamp,2026-05-01 00:00:00,Horodatage sans fuseau — interprete en UTC (hypothese tracee),valeur_normalisee
sensor_readings.csv,EQ-COMP-233|2026-05-01 06:00:00|temperature_c,R-SEN-002,timestamp,2026-05-01 06:00:00,Horodatage sans fuseau — interprete en UTC (hypothese tracee),valeur_normalisee
sensor_readings.csv,EQ-COMP-233|2026-05-01 12:00:00|temperature_c,R-SEN-002,timestamp,2026-05-01 12:00:00,Horodatage sans fuseau — interprete en UTC (hypothese tracee),valeur_normalisee
sensor_readings.csv,EQ-COMP-233|2026-05-01 18:00:00|temperature_c,R-SEN-002,timestamp,2026-05-01 18:00:00,Horodatage sans fuseau — interprete en UTC (hypothese tracee),valeur_normalisee
sensor_readings.csv,EQ-COMP-233|2026-05-02 00:00:00|temperature_c,R-SEN-002,timestamp,2026-05-02 00:00:00,Horodatage sans fuseau — interprete en UTC (hypothese tracee),valeur_normalisee
sensor_readings.csv,EQ-COMP-233|2026-05-02 06:00:00|temperature_c,R-SEN-002,timestamp,2026-05-02 06:00:00,Horodatage sans fuseau — interprete en UTC (hypothese tracee),valeur_normalisee
sensor_readings.csv,EQ-COMP-233|2026-05-02 12:00:00|temperature_c,R-SEN-002,timestamp,2026-05-02 12:00:00,Horodatage sans fuseau — interprete en UTC (hypothese tracee),valeur_normalisee
sensor_readings.csv,EQ-COMP-233|2026-05-02 18:00:00|temperature_c,R-SEN-002,timestamp,2026-05-02 18:00:00,Horodatage sans fuseau — interprete en UTC (hypothese tracee),valeur_normalisee
sensor_readings.csv,EQ-COMP-233|2026-05-03 00:00:00|temperature_c,R-SEN-002,timestamp,2026-05-03 00:00:00,Horodatage sans fuseau — interprete en UTC (hypothese tracee),valeur_normalisee
sensor_readings.csv,EQ-COMP-233|2026-05-03 06:00:00|temperature_c,R-SEN-002,timestamp,2026-05-03 06:00:00,Horodatage sans fuseau — interprete en UTC (hypothese tracee),valeur_normalisee
sensor_readings.csv,EQ-COMP-233|2026-05-03 12:00:00|temperature_c,R-SEN-002,timestamp,2026-05-03 12:00:00,Horodatage sans fuseau — interprete en UTC (hypothese tracee),valeur_normalisee
sensor_readings.csv,EQ-COMP-233|2026-05-03 18:00:00|temperature_c,R-SEN-002,timestamp,2026-05-03 18:00:00,Horodatage sans fuseau — interprete en UTC (hypothese tracee),valeur_normalisee
sensor_readings.csv,EQ-COMP-233|2026-05-04 00:00:00|temperature_c,R-SEN-002,timestamp,2026-05-04 00:00:00,Horodatage sans fuseau — interprete en UTC (hypothese tracee),valeur_normalisee
sensor_readings.csv,EQ-COMP-233|2026-05-04 06:00:00|temperature_c,R-SEN-002,timestamp,2026-05-04 06:00:00,Horodatage sans fuseau — interprete en UTC (hypothese tracee),valeur_normalisee
sensor_readings.csv,EQ-COMP-233|2026-05-04 12:00:00|temperature_c,R-SEN-002,timestamp,2026-05-04 12:00:00,Horodatage sans fuseau — interprete en UTC (hypothese tracee),valeur_normalisee
sensor_readings.csv,EQ-COMP-233|2026-05-04 18:00:00|temperature_c,R-SEN-002,timestamp,2026-05-04 18:00:00,Horodatage sans fuseau — interprete en UTC (hypothese tracee),valeur_normalisee
sensor_readings.csv,EQ-COMP-233|2026-05-05 00:00:00|temperature_c,R-SEN-002,timestamp,2026-05-05 00:00:00,Horodatage sans fuseau — interprete en UTC (hypothese tracee),valeur_normalisee
sensor_readings.csv,EQ-COMP-233|2026-05-05 06:00:00|temperature_c,R-SEN-002,timestamp,2026-05-05 06:00:00,Horodatage sans fuseau — interprete en UTC (hypothese tracee),valeur_normalisee
sensor_readings.csv,EQ-COMP-233|2026-05-05 12:00:00|temperature_c,R-SEN-002,timestamp,2026-05-05 12:00:00,Horodatage sans fuseau — interprete en UTC (hypothese tracee),valeur_normalisee
sensor_readings.csv,EQ-COMP-233|2026-05-05 18:00:00|temperature_c,R-SEN-002,timestamp,2026-05-05 18:00:00,Horodatage sans fuseau — interprete en UTC (hypothese tracee),valeur_normalisee
sensor_readings.csv,EQ-COMP-233|2026-05-06 00:00:00|temperature_c,R-SEN-002,timestamp,2026-05-06 00:00:00,Horodatage sans fuseau — interprete en UTC (hypothese tracee),valeur_normalisee
sensor_readings.csv,EQ-COMP-233|2026-05-06 06:00:00|temperature_c,R-SEN-002,timestamp,2026-05-06 06:00:00,Horodatage sans fuseau — interprete en UTC (hypothese tracee),valeur_normalisee
sensor_readings.csv,EQ-COMP-233|2026-05-06 12:00:00|temperature_c,R-SEN-002,timestamp,2026-05-06 12:00:00,Horodatage sans fuseau — interprete en UTC (hypothese tracee),valeur_normalisee
sensor_readings.csv,EQ-COMP-233|2026-05-06 18:00:00|temperature_c,R-SEN-002,timestamp,2026-05-06 18:00:00,Horodatage sans fuseau — interprete en UTC (hypothese tracee),valeur_normalisee
sensor_readings.csv,EQ-COMP-233|2026-05-07 00:00:00|temperature_c,R-SEN-002,timestamp,2026-05-07 00:00:00,Horodatage sans fuseau — interprete en UTC (hypothese tracee),valeur_normalisee
sensor_readings.csv,EQ-COMP-233|2026-05-07 06:00:00|temperature_c,R-SEN-002,timestamp,2026-05-07 06:00:00,Horodatage sans fuseau — interprete en UTC (hypothese tracee),valeur_normalisee
sensor_readings.csv,EQ-COMP-233|2026-05-07 12:00:00|temperature_c,R-SEN-002,timestamp,2026-05-07 12:00:00,Horodatage sans fuseau — interprete en UTC (hypothese tracee),valeur_normalisee
sensor_readings.csv,EQ-COMP-233|2026-05-07 18:00:00|temperature_c,R-SEN-002,timestamp,2026-05-07 18:00:00,Horodatage sans fuseau — interprete en UTC (hypothese tracee),valeur_normalisee
sensor_readings.csv,EQ-COMP-233|2026-05-08 00:00:00|temperature_c,R-SEN-002,timestamp,2026-05-08 00:00:00,Horodatage sans fuseau — interprete en UTC (hypothese tracee),valeur_normalisee
sensor_readings.csv,EQ-COMP-233|2026-05-08 06:00:00|temperature_c,R-SEN-002,timestamp,2026-05-08 06:00:00,Horodatage sans fuseau — interprete en UTC (hypothese tracee),valeur_normalisee
sensor_readings.csv,EQ-COMP-233|2026-05-08 12:00:00|temperature_c,R-SEN-002,timestamp,2026-05-08 12:00:00,Horodatage sans fuseau — interprete en UTC (hypothese tracee),valeur_normalisee
sensor_readings.csv,EQ-COMP-233|2026-05-08 18:00:00|temperature_c,R-SEN-002,timestamp,2026-05-08 18:00:00,Horodatage sans fuseau — interprete en UTC (hypothese tracee),valeur_normalisee
sensor_readings.csv,EQ-COMP-233|2026-05-09 00:00:00|temperature_c,R-SEN-002,timestamp,2026-05-09 00:00:00,Horodatage sans fuseau — interprete en UTC (hypothese tracee),valeur_normalisee
sensor_readings.csv,EQ-COMP-233|2026-05-09 06:00:00|temperature_c,R-SEN-002,timestamp,2026-05-09 06:00:00,Horodatage sans fuseau — interprete en UTC (hypothese tracee),valeur_normalisee
sensor_readings.csv,EQ-COMP-233|2026-05-09 12:00:00|temperature_c,R-SEN-002,timestamp,2026-05-09 12:00:00,Horodatage sans fuseau — interprete en UTC (hypothese tracee),valeur_normalisee
sensor_readings.csv,EQ-COMP-233|2026-05-09 18:00:00|temperature_c,R-SEN-002,timestamp,2026-05-09 18:00:00,Horodatage sans fuseau — interprete en UTC (hypothese tracee),valeur_normalisee
sensor_readings.csv,EQ-COMP-233|2026-05-10 00:00:00|temperature_c,R-SEN-002,timestamp,2026-05-10 00:00:00,Horodatage sans fuseau — interprete en UTC (hypothese tracee),valeur_normalisee
sensor_readings.csv,EQ-COMP-233|2026-05-10 06:00:00|temperature_c,R-SEN-002,timestamp,2026-05-10 06:00:00,Horodatage sans fuseau — interprete en UTC (hypothese tracee),valeur_normalisee
sensor_readings.csv,EQ-COMP-233|2026-05-10 12:00:00|temperature_c,R-SEN-002,timestamp,2026-05-10 12:00:00,Horodatage sans fuseau — interprete en UTC (hypothese tracee),valeur_normalisee
sensor_readings.csv,EQ-COMP-233|2026-05-10 18:00:00|temperature_c,R-SEN-002,timestamp,2026-05-10 18:00:00,Horodatage sans fuseau — interprete en UTC (hypothese tracee),valeur_normalisee
sensor_readings.csv,EQ-COMP-233|2026-05-11 00:00:00|temperature_c,R-SEN-002,timestamp,2026-05-11 00:00:00,Horodatage sans fuseau — interprete en UTC (hypothese tracee),valeur_normalisee
sensor_readings.csv,EQ-COMP-233|2026-05-11 06:00:00|temperature_c,R-SEN-002,timestamp,2026-05-11 06:00:00,Horodatage sans fuseau — interprete en UTC (hypothese tracee),valeur_normalisee
sensor_readings.csv,EQ-COMP-233|2026-05-11 12:00:00|temperature_c,R-SEN-002,timestamp,2026-05-11 12:00:00,Horodatage sans fuseau — interprete en UTC (hypothese tracee),valeur_normalisee
sensor_readings.csv,EQ-COMP-233|2026-05-11 18:00:00|temperature_c,R-SEN-002,timestamp,2026-05-11 18:00:00,Horodatage sans fuseau — interprete en UTC (hypothese tracee),valeur_normalisee
sensor_readings.csv,EQ-COMP-233|2026-05-12 00:00:00|temperature_c,R-SEN-002,timestamp,2026-05-12 00:00:00,Horodatage sans fuseau — interprete en UTC (hypothese tracee),valeur_normalisee
sensor_readings.csv,EQ-COMP-233|2026-05-12 06:00:00|temperature_c,R-SEN-002,timestamp,2026-05-12 06:00:00,Horodatage sans fuseau — interprete en UTC (hypothese tracee),valeur_normalisee
sensor_readings.csv,EQ-COMP-233|2026-05-12 12:00:00|temperature_c,R-SEN-002,timestamp,2026-05-12 12:00:00,Horodatage sans fuseau — interprete en UTC (hypothese tracee),valeur_normalisee
sensor_readings.csv,EQ-COMP-233|2026-05-12 18:00:00|temperature_c,R-SEN-002,timestamp,2026-05-12 18:00:00,Horodatage sans fuseau — interprete en UTC (hypothese tracee),valeur_normalisee
sensor_readings.csv,EQ-COMP-233|2026-05-13 00:00:00|temperature_c,R-SEN-002,timestamp,2026-05-13 00:00:00,Horodatage sans fuseau — interprete en UTC (hypothese tracee),valeur_normalisee
sensor_readings.csv,EQ-COMP-233|2026-05-13 06:00:00|temperature_c,R-SEN-002,timestamp,2026-05-13 06:00:00,Horodatage sans fuseau — interprete en UTC (hypothese tracee),valeur_normalisee
sensor_readings.csv,EQ-COMP-233|2026-05-13 12:00:00|temperature_c,R-SEN-002,timestamp,2026-05-13 12:00:00,Horodatage sans fuseau — interprete en UTC (hypothese tracee),valeur_normalisee
sensor_readings.csv,EQ-COMP-233|2026-05-13 18:00:00|temperature_c,R-SEN-002,timestamp,2026-05-13 18:00:00,Horodatage sans fuseau — interprete en UTC (hypothese tracee),valeur_normalisee
sensor_readings.csv,EQ-COMP-233|2026-05-14 00:00:00|temperature_c,R-SEN-002,timestamp,2026-05-14 00:00:00,Horodatage sans fuseau — interprete en UTC (hypothese tracee),valeur_normalisee
sensor_readings.csv,EQ-COMP-233|2026-05-14 06:00:00|temperature_c,R-SEN-002,timestamp,2026-05-14 06:00:00,Horodatage sans fuseau — interprete en UTC (hypothese tracee),valeur_normalisee
sensor_readings.csv,EQ-COMP-233|2026-05-14 12:00:00|temperature_c,R-SEN-002,timestamp,2026-05-14 12:00:00,Horodatage sans fuseau — interprete en UTC (hypothese tracee),valeur_normalisee
sensor_readings.csv,EQ-COMP-233|2026-05-14 18:00:00|temperature_c,R-SEN-002,timestamp,2026-05-14 18:00:00,Horodatage sans fuseau — interprete en UTC (hypothese tracee),valeur_normalisee
sensor_readings.csv,EQ-COMP-233|2026-05-15 00:00:00|temperature_c,R-SEN-002,timestamp,2026-05-15 00:00:00,Horodatage sans fuseau — interprete en UTC (hypothese tracee),valeur_normalisee
sensor_readings.csv,EQ-COMP-233|2026-05-15 06:00:00|temperature_c,R-SEN-002,timestamp,2026-05-15 06:00:00,Horodatage sans fuseau — interprete en UTC (hypothese tracee),valeur_normalisee
sensor_readings.csv,EQ-COMP-233|2026-05-15 12:00:00|temperature_c,R-SEN-002,timestamp,2026-05-15 12:00:00,Horodatage sans fuseau — interprete en UTC (hypothese tracee),valeur_normalisee
sensor_readings.csv,EQ-COMP-233|2026-05-15 18:00:00|temperature_c,R-SEN-002,timestamp,2026-05-15 18:00:00,Horodatage sans fuseau — interprete en UTC (hypothese tracee),valeur_normalisee
sensor_readings.csv,EQ-COMP-233|2026-05-16 00:00:00|temperature_c,R-SEN-002,timestamp,2026-05-16 00:00:00,Horodatage sans fuseau — interprete en UTC (hypothese tracee),valeur_normalisee
sensor_readings.csv,EQ-COMP-233|2026-05-16 06:00:00|temperature_c,R-SEN-002,timestamp,2026-05-16 06:00:00,Horodatage sans fuseau — interprete en UTC (hypothese tracee),valeur_normalisee
sensor_readings.csv,EQ-COMP-233|2026-05-16 12:00:00|temperature_c,R-SEN-002,timestamp,2026-05-16 12:00:00,Horodatage sans fuseau — interprete en UTC (hypothese tracee),valeur_normalisee
sensor_readings.csv,EQ-COMP-233|2026-05-16 18:00:00|temperature_c,R-SEN-002,timestamp,2026-05-16 18:00:00,Horodatage sans fuseau — interprete en UTC (hypothese tracee),valeur_normalisee
sensor_readings.csv,EQ-COMP-233|2026-05-17 00:00:00|temperature_c,R-SEN-002,timestamp,2026-05-17 00:00:00,Horodatage sans fuseau — interprete en UTC (hypothese tracee),valeur_normalisee
sensor_readings.csv,EQ-COMP-233|2026-05-17 06:00:00|temperature_c,R-SEN-002,timestamp,2026-05-17 06:00:00,Horodatage sans fuseau — interprete en UTC (hypothese tracee),valeur_normalisee
sensor_readings.csv,EQ-COMP-233|2026-05-17 12:00:00|temperature_c,R-SEN-002,timestamp,2026-05-17 12:00:00,Horodatage sans fuseau — interprete en UTC (hypothese tracee),valeur_normalisee
sensor_readings.csv,EQ-COMP-233|2026-05-17 18:00:00|temperature_c,R-SEN-002,timestamp,2026-05-17 18:00:00,Horodatage sans fuseau — interprete en UTC (hypothese tracee),valeur_normalisee
sensor_readings.csv,EQ-COMP-233|2026-05-18 00:00:00|temperature_c,R-SEN-002,timestamp,2026-05-18 00:00:00,Horodatage sans fuseau — interprete en UTC (hypothese tracee),valeur_normalisee
sensor_readings.csv,EQ-COMP-233|2026-05-18 06:00:00|temperature_c,R-SEN-002,timestamp,2026-05-18 06:00:00,Horodatage sans fuseau — interprete en UTC (hypothese tracee),valeur_normalisee
sensor_readings.csv,EQ-COMP-233|2026-05-18 12:00:00|temperature_c,R-SEN-002,timestamp,2026-05-18 12:00:00,Horodatage sans fuseau — interprete en UTC (hypothese tracee),valeur_normalisee
sensor_readings.csv,EQ-COMP-233|2026-05-18 18:00:00|temperature_c,R-SEN-002,timestamp,2026-05-18 18:00:00,Horodatage sans fuseau — interprete en UTC (hypothese tracee),valeur_normalisee
sensor_readings.csv,EQ-COMP-233|2026-05-19 00:00:00|temperature_c,R-SEN-002,timestamp,2026-05-19 00:00:00,Horodatage sans fuseau — interprete en UTC (hypothese tracee),valeur_normalisee
sensor_readings.csv,EQ-COMP-233|2026-05-19 06:00:00|temperature_c,R-SEN-002,timestamp,2026-05-19 06:00:00,Horodatage sans fuseau — interprete en UTC (hypothese tracee),valeur_normalisee
sensor_readings.csv,EQ-COMP-233|2026-05-19 12:00:00|temperature_c,R-SEN-002,timestamp,2026-05-19 12:00:00,Horodatage sans fuseau — interprete en UTC (hypothese tracee),valeur_normalisee
sensor_readings.csv,EQ-COMP-233|2026-05-19 18:00:00|temperature_c,R-SEN-002,timestamp,2026-05-19 18:00:00,Horodatage sans fuseau — interprete en UTC (hypothese tracee),valeur_normalisee
sensor_readings.csv,EQ-COMP-233|2026-05-20 00:00:00|temperature_c,R-SEN-002,timestamp,2026-05-20 00:00:00,Horodatage sans fuseau — interprete en UTC (hypothese tracee),valeur_normalisee
sensor_readings.csv,EQ-COMP-233|2026-05-20 06:00:00|temperature_c,R-SEN-002,timestamp,2026-05-20 06:00:00,Horodatage sans fuseau — interprete en UTC (hypothese tracee),valeur_normalisee
sensor_readings.csv,EQ-COMP-233|2026-05-20 12:00:00|temperature_c,R-SEN-002,timestamp,2026-05-20 12:00:00,Horodatage sans fuseau — interprete en UTC (hypothese tracee),valeur_normalisee
sensor_readings.csv,EQ-COMP-233|2026-05-20 18:00:00|temperature_c,R-SEN-002,timestamp,2026-05-20 18:00:00,Horodatage sans fuseau — interprete en UTC (hypothese tracee),valeur_normalisee
sensor_readings.csv,EQ-COMP-233|2026-05-21 00:00:00|temperature_c,R-SEN-002,timestamp,2026-05-21 00:00:00,Horodatage sans fuseau — interprete en UTC (hypothese tracee),valeur_normalisee
sensor_readings.csv,EQ-COMP-233|2026-05-21 06:00:00|temperature_c,R-SEN-002,timestamp,2026-05-21 06:00:00,Horodatage sans fuseau — interprete en UTC (hypothese tracee),valeur_normalisee
sensor_readings.csv,EQ-COMP-233|2026-05-21 12:00:00|temperature_c,R-SEN-002,timestamp,2026-05-21 12:00:00,Horodatage sans fuseau — interprete en UTC (hypothese tracee),valeur_normalisee
sensor_readings.csv,EQ-COMP-233|2026-05-21 18:00:00|temperature_c,R-SEN-002,timestamp,2026-05-21 18:00:00,Horodatage sans fuseau — interprete en UTC (hypothese tracee),valeur_normalisee
sensor_readings.csv,EQ-COMP-233|2026-05-22 00:00:00|temperature_c,R-SEN-002,timestamp,2026-05-22 00:00:00,Horodatage sans fuseau — interprete en UTC (hypothese tracee),valeur_normalisee
sensor_readings.csv,EQ-COMP-233|2026-05-22 06:00:00|temperature_c,R-SEN-002,timestamp,2026-05-22 06:00:00,Horodatage sans fuseau — interprete en UTC (hypothese tracee),valeur_normalisee
sensor_readings.csv,EQ-COMP-233|2026-05-22 12:00:00|temperature_c,R-SEN-002,timestamp,2026-05-22 12:00:00,Horodatage sans fuseau — interprete en UTC (hypothese tracee),valeur_normalisee
sensor_readings.csv,EQ-COMP-233|2026-05-22 18:00:00|temperature_c,R-SEN-002,timestamp,2026-05-22 18:00:00,Horodatage sans fuseau — interprete en UTC (hypothese tracee),valeur_normalisee
sensor_readings.csv,EQ-COMP-233|2026-05-23 00:00:00|temperature_c,R-SEN-002,timestamp,2026-05-23 00:00:00,Horodatage sans fuseau — interprete en UTC (hypothese tracee),valeur_normalisee
sensor_readings.csv,EQ-COMP-233|2026-05-23 06:00:00|temperature_c,R-SEN-002,timestamp,2026-05-23 06:00:00,Horodatage sans fuseau — interprete en UTC (hypothese tracee),valeur_normalisee
sensor_readings.csv,EQ-COMP-233|2026-05-23 12:00:00|temperature_c,R-SEN-002,timestamp,2026-05-23 12:00:00,Horodatage sans fuseau — interprete en UTC (hypothese tracee),valeur_normalisee
sensor_readings.csv,EQ-COMP-233|2026-05-23 18:00:00|temperature_c,R-SEN-002,timestamp,2026-05-23 18:00:00,Horodatage sans fuseau — interprete en UTC (hypothese tracee),valeur_normalisee
sensor_readings.csv,EQ-COMP-233|2026-05-24 00:00:00|temperature_c,R-SEN-002,timestamp,2026-05-24 00:00:00,Horodatage sans fuseau — interprete en UTC (hypothese tracee),valeur_normalisee
sensor_readings.csv,EQ-COMP-233|2026-05-24 06:00:00|temperature_c,R-SEN-002,timestamp,2026-05-24 06:00:00,Horodatage sans fuseau — interprete en UTC (hypothese tracee),valeur_normalisee
sensor_readings.csv,EQ-COMP-233|2026-05-24 12:00:00|temperature_c,R-SEN-002,timestamp,2026-05-24 12:00:00,Horodatage sans fuseau — interprete en UTC (hypothese tracee),valeur_normalisee
sensor_readings.csv,EQ-COMP-233|2026-05-24 18:00:00|temperature_c,R-SEN-002,timestamp,2026-05-24 18:00:00,Horodatage sans fuseau — interprete en UTC (hypothese tracee),valeur_normalisee
sensor_readings.csv,EQ-COMP-233|2026-05-25 00:00:00|temperature_c,R-SEN-002,timestamp,2026-05-25 00:00:00,Horodatage sans fuseau — interprete en UTC (hypothese tracee),valeur_normalisee
sensor_readings.csv,EQ-COMP-233|2026-05-25 06:00:00|temperature_c,R-SEN-002,timestamp,2026-05-25 06:00:00,Horodatage sans fuseau — interprete en UTC (hypothese tracee),valeur_normalisee
sensor_readings.csv,EQ-COMP-233|2026-05-25 12:00:00|temperature_c,R-SEN-002,timestamp,2026-05-25 12:00:00,Horodatage sans fuseau — interprete en UTC (hypothese tracee),valeur_normalisee
sensor_readings.csv,EQ-COMP-233|2026-05-25 18:00:00|temperature_c,R-SEN-002,timestamp,2026-05-25 18:00:00,Horodatage sans fuseau — interprete en UTC (hypothese tracee),valeur_normalisee
sensor_readings.csv,EQ-COMP-233|2026-05-26 00:00:00|temperature_c,R-SEN-002,timestamp,2026-05-26 00:00:00,Horodatage sans fuseau — interprete en UTC (hypothese tracee),valeur_normalisee
sensor_readings.csv,EQ-COMP-233|2026-05-26 06:00:00|temperature_c,R-SEN-002,timestamp,2026-05-26 06:00:00,Horodatage sans fuseau — interprete en UTC (hypothese tracee),valeur_normalisee
sensor_readings.csv,EQ-COMP-233|2026-05-26 12:00:00|temperature_c,R-SEN-002,timestamp,2026-05-26 12:00:00,Horodatage sans fuseau — interprete en UTC (hypothese tracee),valeur_normalisee
sensor_readings.csv,EQ-COMP-233|2026-05-26 18:00:00|temperature_c,R-SEN-002,timestamp,2026-05-26 18:00:00,Horodatage sans fuseau — interprete en UTC (hypothese tracee),valeur_normalisee
sensor_readings.csv,EQ-COMP-233|2026-05-27 00:00:00|temperature_c,R-SEN-002,timestamp,2026-05-27 00:00:00,Horodatage sans fuseau — interprete en UTC (hypothese tracee),valeur_normalisee
sensor_readings.csv,EQ-COMP-233|2026-05-27 06:00:00|temperature_c,R-SEN-002,timestamp,2026-05-27 06:00:00,Horodatage sans fuseau — interprete en UTC (hypothese tracee),valeur_normalisee
sensor_readings.csv,EQ-COMP-233|2026-05-27 12:00:00|temperature_c,R-SEN-002,timestamp,2026-05-27 12:00:00,Horodatage sans fuseau — interprete en UTC (hypothese tracee),valeur_normalisee
sensor_readings.csv,EQ-COMP-233|2026-05-27 18:00:00|temperature_c,R-SEN-002,timestamp,2026-05-27 18:00:00,Horodatage sans fuseau — interprete en UTC (hypothese tracee),valeur_normalisee
sensor_readings.csv,EQ-COMP-233|2026-05-28 00:00:00|temperature_c,R-SEN-002,timestamp,2026-05-28 00:00:00,Horodatage sans fuseau — interprete en UTC (hypothese tracee),valeur_normalisee
sensor_readings.csv,EQ-COMP-233|2026-05-28 06:00:00|temperature_c,R-SEN-002,timestamp,2026-05-28 06:00:00,Horodatage sans fuseau — interprete en UTC (hypothese tracee),valeur_normalisee
sensor_readings.csv,EQ-COMP-233|2026-05-28 12:00:00|temperature_c,R-SEN-002,timestamp,2026-05-28 12:00:00,Horodatage sans fuseau — interprete en UTC (hypothese tracee),valeur_normalisee
sensor_readings.csv,EQ-COMP-233|2026-05-28 18:00:00|temperature_c,R-SEN-002,timestamp,2026-05-28 18:00:00,Horodatage sans fuseau — interprete en UTC (hypothese tracee),valeur_normalisee
sensor_readings.csv,EQ-COMP-233|2026-05-29 00:00:00|temperature_c,R-SEN-002,timestamp,2026-05-29 00:00:00,Horodatage sans fuseau — interprete en UTC (hypothese tracee),valeur_normalisee
sensor_readings.csv,EQ-COMP-233|2026-05-29 06:00:00|temperature_c,R-SEN-002,timestamp,2026-05-29 06:00:00,Horodatage sans fuseau — interprete en UTC (hypothese tracee),valeur_normalisee
sensor_readings.csv,EQ-COMP-233|2026-05-29 12:00:00|temperature_c,R-SEN-002,timestamp,2026-05-29 12:00:00,Horodatage sans fuseau — interprete en UTC (hypothese tracee),valeur_normalisee
sensor_readings.csv,EQ-COMP-233|2026-05-29 18:00:00|temperature_c,R-SEN-002,timestamp,2026-05-29 18:00:00,Horodatage sans fuseau — interprete en UTC (hypothese tracee),valeur_normalisee
sensor_readings.csv,EQ-COMP-233|2026-05-30 00:00:00|temperature_c,R-SEN-002,timestamp,2026-05-30 00:00:00,Horodatage sans fuseau — interprete en UTC (hypothese tracee),valeur_normalisee
sensor_readings.csv,EQ-COMP-233|2026-05-30 06:00:00|temperature_c,R-SEN-002,timestamp,2026-05-30 06:00:00,Horodatage sans fuseau — interprete en UTC (hypothese tracee),valeur_normalisee
sensor_readings.csv,EQ-COMP-233|2026-05-30 12:00:00|temperature_c,R-SEN-002,timestamp,2026-05-30 12:00:00,Horodatage sans fuseau — interprete en UTC (hypothese tracee),valeur_normalisee
sensor_readings.csv,EQ-COMP-233|2026-05-30 18:00:00|temperature_c,R-SEN-002,timestamp,2026-05-30 18:00:00,Horodatage sans fuseau — interprete en UTC (hypothese tracee),valeur_normalisee
sensor_readings.csv,EQ-COMP-233|2026-05-31 00:00:00|temperature_c,R-SEN-002,timestamp,2026-05-31 00:00:00,Horodatage sans fuseau — interprete en UTC (hypothese tracee),valeur_normalisee
sensor_readings.csv,EQ-COMP-233|2026-05-31 06:00:00|temperature_c,R-SEN-002,timestamp,2026-05-31 06:00:00,Horodatage sans fuseau — interprete en UTC (hypothese tracee),valeur_normalisee
sensor_readings.csv,EQ-COMP-233|2026-05-31 12:00:00|temperature_c,R-SEN-002,timestamp,2026-05-31 12:00:00,Horodatage sans fuseau — interprete en UTC (hypothese tracee),valeur_normalisee
sensor_readings.csv,EQ-COMP-233|2026-05-31 18:00:00|temperature_c,R-SEN-002,timestamp,2026-05-31 18:00:00,Horodatage sans fuseau — interprete en UTC (hypothese tracee),valeur_normalisee
sensor_readings.csv,EQ-COMP-233|2026-06-01 00:00:00|temperature_c,R-SEN-002,timestamp,2026-06-01 00:00:00,Horodatage sans fuseau — interprete en UTC (hypothese tracee),valeur_normalisee
sensor_readings.csv,EQ-COMP-233|2026-06-01 06:00:00|temperature_c,R-SEN-002,timestamp,2026-06-01 06:00:00,Horodatage sans fuseau — interprete en UTC (hypothese tracee),valeur_normalisee
sensor_readings.csv,EQ-COMP-233|2026-06-01 12:00:00|temperature_c,R-SEN-002,timestamp,2026-06-01 12:00:00,Horodatage sans fuseau — interprete en UTC (hypothese tracee),valeur_normalisee
sensor_readings.csv,EQ-COMP-233|2026-06-01 18:00:00|temperature_c,R-SEN-002,timestamp,2026-06-01 18:00:00,Horodatage sans fuseau — interprete en UTC (hypothese tracee),valeur_normalisee
sensor_readings.csv,EQ-COMP-233|2026-06-02 00:00:00|temperature_c,R-SEN-002,timestamp,2026-06-02 00:00:00,Horodatage sans fuseau — interprete en UTC (hypothese tracee),valeur_normalisee
sensor_readings.csv,EQ-COMP-233|2026-06-02 06:00:00|temperature_c,R-SEN-002,timestamp,2026-06-02 06:00:00,Horodatage sans fuseau — interprete en UTC (hypothese tracee),valeur_normalisee
sensor_readings.csv,EQ-COMP-233|2026-06-02 12:00:00|temperature_c,R-SEN-002,timestamp,2026-06-02 12:00:00,Horodatage sans fuseau — interprete en UTC (hypothese tracee),valeur_normalisee
sensor_readings.csv,EQ-COMP-233|2026-06-02 18:00:00|temperature_c,R-SEN-002,timestamp,2026-06-02 18:00:00,Horodatage sans fuseau — interprete en UTC (hypothese tracee),valeur_normalisee
sensor_readings.csv,EQ-COMP-233|2026-06-03 00:00:00|temperature_c,R-SEN-002,timestamp,2026-06-03 00:00:00,Horodatage sans fuseau — interprete en UTC (hypothese tracee),valeur_normalisee
sensor_readings.csv,EQ-COMP-233|2026-06-03 06:00:00|temperature_c,R-SEN-002,timestamp,2026-06-03 06:00:00,Horodatage sans fuseau — interprete en UTC (hypothese tracee),valeur_normalisee
sensor_readings.csv,EQ-COMP-233|2026-06-03 12:00:00|temperature_c,R-SEN-002,timestamp,2026-06-03 12:00:00,Horodatage sans fuseau — interprete en UTC (hypothese tracee),valeur_normalisee
sensor_readings.csv,EQ-COMP-233|2026-06-03 18:00:00|temperature_c,R-SEN-002,timestamp,2026-06-03 18:00:00,Horodatage sans fuseau — interprete en UTC (hypothese tracee),valeur_normalisee
sensor_readings.csv,EQ-COMP-233|2026-06-04 00:00:00|temperature_c,R-SEN-002,timestamp,2026-06-04 00:00:00,Horodatage sans fuseau — interprete en UTC (hypothese tracee),valeur_normalisee
sensor_readings.csv,EQ-COMP-233|2026-06-04 06:00:00|temperature_c,R-SEN-002,timestamp,2026-06-04 06:00:00,Horodatage sans fuseau — interprete en UTC (hypothese tracee),valeur_normalisee
sensor_readings.csv,EQ-COMP-233|2026-06-04 12:00:00|temperature_c,R-SEN-002,timestamp,2026-06-04 12:00:00,Horodatage sans fuseau — interprete en UTC (hypothese tracee),valeur_normalisee
sensor_readings.csv,EQ-COMP-233|2026-06-04 18:00:00|temperature_c,R-SEN-002,timestamp,2026-06-04 18:00:00,Horodatage sans fuseau — interprete en UTC (hypothese tracee),valeur_normalisee
sensor_readings.csv,EQ-COMP-233|2026-06-05 00:00:00|temperature_c,R-SEN-002,timestamp,2026-06-05 00:00:00,Horodatage sans fuseau — interprete en UTC (hypothese tracee),valeur_normalisee
sensor_readings.csv,EQ-COMP-233|2026-06-05 06:00:00|temperature_c,R-SEN-002,timestamp,2026-06-05 06:00:00,Horodatage sans fuseau — interprete en UTC (hypothese tracee),valeur_normalisee
sensor_readings.csv,EQ-COMP-233|2026-06-05 12:00:00|temperature_c,R-SEN-002,timestamp,2026-06-05 12:00:00,Horodatage sans fuseau — interprete en UTC (hypothese tracee),valeur_normalisee
sensor_readings.csv,EQ-COMP-233|2026-06-05 18:00:00|temperature_c,R-SEN-002,timestamp,2026-06-05 18:00:00,Horodatage sans fuseau — interprete en UTC (hypothese tracee),valeur_normalisee
sensor_readings.csv,EQ-COMP-233|2026-06-06 00:00:00|temperature_c,R-SEN-002,timestamp,2026-06-06 00:00:00,Horodatage sans fuseau — interprete en UTC (hypothese tracee),valeur_normalisee
sensor_readings.csv,EQ-COMP-233|2026-06-06 06:00:00|temperature_c,R-SEN-002,timestamp,2026-06-06 06:00:00,Horodatage sans fuseau — interprete en UTC (hypothese tracee),valeur_normalisee
sensor_readings.csv,EQ-COMP-233|2026-06-06 12:00:00|temperature_c,R-SEN-002,timestamp,2026-06-06 12:00:00,Horodatage sans fuseau — interprete en UTC (hypothese tracee),valeur_normalisee
sensor_readings.csv,EQ-COMP-233|2026-06-06 18:00:00|temperature_c,R-SEN-002,timestamp,2026-06-06 18:00:00,Horodatage sans fuseau — interprete en UTC (hypothese tracee),valeur_normalisee
sensor_readings.csv,EQ-COMP-233|2026-06-07 00:00:00|temperature_c,R-SEN-002,timestamp,2026-06-07 00:00:00,Horodatage sans fuseau — interprete en UTC (hypothese tracee),valeur_normalisee
sensor_readings.csv,EQ-COMP-233|2026-06-07 06:00:00|temperature_c,R-SEN-002,timestamp,2026-06-07 06:00:00,Horodatage sans fuseau — interprete en UTC (hypothese tracee),valeur_normalisee
sensor_readings.csv,EQ-COMP-233|2026-06-07 12:00:00|temperature_c,R-SEN-002,timestamp,2026-06-07 12:00:00,Horodatage sans fuseau — interprete en UTC (hypothese tracee),valeur_normalisee
sensor_readings.csv,EQ-COMP-233|2026-06-07 18:00:00|temperature_c,R-SEN-002,timestamp,2026-06-07 18:00:00,Horodatage sans fuseau — interprete en UTC (hypothese tracee),valeur_normalisee
sensor_readings.csv,EQ-COMP-233|2026-06-08 00:00:00|temperature_c,R-SEN-002,timestamp,2026-06-08 00:00:00,Horodatage sans fuseau — interprete en UTC (hypothese tracee),valeur_normalisee
sensor_readings.csv,EQ-COMP-233|2026-06-08 06:00:00|temperature_c,R-SEN-002,timestamp,2026-06-08 06:00:00,Horodatage sans fuseau — interprete en UTC (hypothese tracee),valeur_normalisee
sensor_readings.csv,EQ-COMP-233|2026-06-08 12:00:00|temperature_c,R-SEN-002,timestamp,2026-06-08 12:00:00,Horodatage sans fuseau — interprete en UTC (hypothese tracee),valeur_normalisee
sensor_readings.csv,EQ-COMP-233|2026-06-08 18:00:00|temperature_c,R-SEN-002,timestamp,2026-06-08 18:00:00,Horodatage sans fuseau — interprete en UTC (hypothese tracee),valeur_normalisee
sensor_readings.csv,EQ-COMP-233|2026-06-09 00:00:00|temperature_c,R-SEN-002,timestamp,2026-06-09 00:00:00,Horodatage sans fuseau — interprete en UTC (hypothese tracee),valeur_normalisee
sensor_readings.csv,EQ-COMP-233|2026-06-09 06:00:00|temperature_c,R-SEN-002,timestamp,2026-06-09 06:00:00,Horodatage sans fuseau — interprete en UTC (hypothese tracee),valeur_normalisee
sensor_readings.csv,EQ-COMP-233|2026-06-09 12:00:00|temperature_c,R-SEN-002,timestamp,2026-06-09 12:00:00,Horodatage sans fuseau — interprete en UTC (hypothese tracee),valeur_normalisee
sensor_readings.csv,EQ-COMP-233|2026-06-09 18:00:00|temperature_c,R-SEN-002,timestamp,2026-06-09 18:00:00,Horodatage sans fuseau — interprete en UTC (hypothese tracee),valeur_normalisee
sensor_readings.csv,EQ-COMP-233|2026-06-10 00:00:00|temperature_c,R-SEN-002,timestamp,2026-06-10 00:00:00,Horodatage sans fuseau — interprete en UTC (hypothese tracee),valeur_normalisee
sensor_readings.csv,EQ-COMP-233|2026-06-10 06:00:00|temperature_c,R-SEN-002,timestamp,2026-06-10 06:00:00,Horodatage sans fuseau — interprete en UTC (hypothese tracee),valeur_normalisee
sensor_readings.csv,EQ-COMP-233|2026-06-10 12:00:00|temperature_c,R-SEN-002,timestamp,2026-06-10 12:00:00,Horodatage sans fuseau — interprete en UTC (hypothese tracee),valeur_normalisee
sensor_readings.csv,EQ-COMP-233|2026-06-10 18:00:00|temperature_c,R-SEN-002,timestamp,2026-06-10 18:00:00,Horodatage sans fuseau — interprete en UTC (hypothese tracee),valeur_normalisee
sensor_readings.csv,EQ-COMP-233|2026-06-11 00:00:00|temperature_c,R-SEN-002,timestamp,2026-06-11 00:00:00,Horodatage sans fuseau — interprete en UTC (hypothese tracee),valeur_normalisee
sensor_readings.csv,EQ-COMP-233|2026-06-11 06:00:00|temperature_c,R-SEN-002,timestamp,2026-06-11 06:00:00,Horodatage sans fuseau — interprete en UTC (hypothese tracee),valeur_normalisee
sensor_readings.csv,EQ-COMP-233|2026-06-11 12:00:00|temperature_c,R-SEN-002,timestamp,2026-06-11 12:00:00,Horodatage sans fuseau — interprete en UTC (hypothese tracee),valeur_normalisee
sensor_readings.csv,EQ-COMP-233|2026-06-11 18:00:00|temperature_c,R-SEN-002,timestamp,2026-06-11 18:00:00,Horodatage sans fuseau — interprete en UTC (hypothese tracee),valeur_normalisee
sensor_readings.csv,EQ-COMP-233|2026-06-12 00:00:00|temperature_c,R-SEN-002,timestamp,2026-06-12 00:00:00,Horodatage sans fuseau — interprete en UTC (hypothese tracee),valeur_normalisee
sensor_readings.csv,EQ-COMP-233|2026-06-12 06:00:00|temperature_c,R-SEN-002,timestamp,2026-06-12 06:00:00,Horodatage sans fuseau — interprete en UTC (hypothese tracee),valeur_normalisee
sensor_readings.csv,EQ-COMP-233|2026-06-12 12:00:00|temperature_c,R-SEN-002,timestamp,2026-06-12 12:00:00,Horodatage sans fuseau — interprete en UTC (hypothese tracee),valeur_normalisee
sensor_readings.csv,EQ-COMP-233|2026-06-12 18:00:00|temperature_c,R-SEN-002,timestamp,2026-06-12 18:00:00,Horodatage sans fuseau — interprete en UTC (hypothese tracee),valeur_normalisee
sensor_readings.csv,EQ-COMP-233|2026-06-13 00:00:00|temperature_c,R-SEN-002,timestamp,2026-06-13 00:00:00,Horodatage sans fuseau — interprete en UTC (hypothese tracee),valeur_normalisee
sensor_readings.csv,EQ-COMP-233|2026-06-13 06:00:00|temperature_c,R-SEN-002,timestamp,2026-06-13 06:00:00,Horodatage sans fuseau — interprete en UTC (hypothese tracee),valeur_normalisee
sensor_readings.csv,EQ-COMP-233|2026-06-13 12:00:00|temperature_c,R-SEN-002,timestamp,2026-06-13 12:00:00,Horodatage sans fuseau — interprete en UTC (hypothese tracee),valeur_normalisee
sensor_readings.csv,EQ-COMP-233|2026-06-13 18:00:00|temperature_c,R-SEN-002,timestamp,2026-06-13 18:00:00,Horodatage sans fuseau — interprete en UTC (hypothese tracee),valeur_normalisee
sensor_readings.csv,EQ-COMP-233|2026-06-14 00:00:00|temperature_c,R-SEN-002,timestamp,2026-06-14 00:00:00,Horodatage sans fuseau — interprete en UTC (hypothese tracee),valeur_normalisee
sensor_readings.csv,EQ-COMP-233|2026-06-14 06:00:00|temperature_c,R-SEN-002,timestamp,2026-06-14 06:00:00,Horodatage sans fuseau — interprete en UTC (hypothese tracee),valeur_normalisee
sensor_readings.csv,EQ-COMP-233|2026-06-14 12:00:00|temperature_c,R-SEN-002,timestamp,2026-06-14 12:00:00,Horodatage sans fuseau — interprete en UTC (hypothese tracee),valeur_normalisee
sensor_readings.csv,EQ-COMP-233|2026-06-14 18:00:00|temperature_c,R-SEN-002,timestamp,2026-06-14 18:00:00,Horodatage sans fuseau — interprete en UTC (hypothese tracee),valeur_normalisee
sensor_readings.csv,EQ-COMP-233|2026-06-15 00:00:00|temperature_c,R-SEN-002,timestamp,2026-06-15 00:00:00,Horodatage sans fuseau — interprete en UTC (hypothese tracee),valeur_normalisee
sensor_readings.csv,EQ-COMP-233|2026-06-15 06:00:00|temperature_c,R-SEN-002,timestamp,2026-06-15 06:00:00,Horodatage sans fuseau — interprete en UTC (hypothese tracee),valeur_normalisee
sensor_readings.csv,EQ-COMP-233|2026-06-15 12:00:00|temperature_c,R-SEN-002,timestamp,2026-06-15 12:00:00,Horodatage sans fuseau — interprete en UTC (hypothese tracee),valeur_normalisee
sensor_readings.csv,EQ-COMP-233|2026-06-15 18:00:00|temperature_c,R-SEN-002,timestamp,2026-06-15 18:00:00,Horodatage sans fuseau — interprete en UTC (hypothese tracee),valeur_normalisee
sensor_readings.csv,EQ-COMP-233|2026-06-16 00:00:00|temperature_c,R-SEN-002,timestamp,2026-06-16 00:00:00,Horodatage sans fuseau — interprete en UTC (hypothese tracee),valeur_normalisee
sensor_readings.csv,EQ-COMP-233|2026-06-16 06:00:00|temperature_c,R-SEN-002,timestamp,2026-06-16 06:00:00,Horodatage sans fuseau — interprete en UTC (hypothese tracee),valeur_normalisee
sensor_readings.csv,EQ-COMP-233|2026-06-16 12:00:00|temperature_c,R-SEN-002,timestamp,2026-06-16 12:00:00,Horodatage sans fuseau — interprete en UTC (hypothese tracee),valeur_normalisee
sensor_readings.csv,EQ-COMP-233|2026-06-16 18:00:00|temperature_c,R-SEN-002,timestamp,2026-06-16 18:00:00,Horodatage sans fuseau — interprete en UTC (hypothese tracee),valeur_normalisee
sensor_readings.csv,EQ-COMP-233|2026-06-17 00:00:00|temperature_c,R-SEN-002,timestamp,2026-06-17 00:00:00,Horodatage sans fuseau — interprete en UTC (hypothese tracee),valeur_normalisee
sensor_readings.csv,EQ-COMP-233|2026-06-17 06:00:00|temperature_c,R-SEN-002,timestamp,2026-06-17 06:00:00,Horodatage sans fuseau — interprete en UTC (hypothese tracee),valeur_normalisee
sensor_readings.csv,EQ-COMP-233|2026-06-17 12:00:00|temperature_c,R-SEN-002,timestamp,2026-06-17 12:00:00,Horodatage sans fuseau — interprete en UTC (hypothese tracee),valeur_normalisee
sensor_readings.csv,EQ-COMP-233|2026-06-17 18:00:00|temperature_c,R-SEN-002,timestamp,2026-06-17 18:00:00,Horodatage sans fuseau — interprete en UTC (hypothese tracee),valeur_normalisee
sensor_readings.csv,EQ-COMP-233|2026-06-18 00:00:00|temperature_c,R-SEN-002,timestamp,2026-06-18 00:00:00,Horodatage sans fuseau — interprete en UTC (hypothese tracee),valeur_normalisee
sensor_readings.csv,EQ-COMP-233|2026-06-18 06:00:00|temperature_c,R-SEN-002,timestamp,2026-06-18 06:00:00,Horodatage sans fuseau — interprete en UTC (hypothese tracee),valeur_normalisee
sensor_readings.csv,EQ-COMP-233|2026-06-18 12:00:00|temperature_c,R-SEN-002,timestamp,2026-06-18 12:00:00,Horodatage sans fuseau — interprete en UTC (hypothese tracee),valeur_normalisee
sensor_readings.csv,EQ-COMP-233|2026-06-18 18:00:00|temperature_c,R-SEN-002,timestamp,2026-06-18 18:00:00,Horodatage sans fuseau — interprete en UTC (hypothese tracee),valeur_normalisee
sensor_readings.csv,EQ-COMP-233|2026-06-19 00:00:00|temperature_c,R-SEN-002,timestamp,2026-06-19 00:00:00,Horodatage sans fuseau — interprete en UTC (hypothese tracee),valeur_normalisee
sensor_readings.csv,EQ-COMP-233|2026-06-19 06:00:00|temperature_c,R-SEN-002,timestamp,2026-06-19 06:00:00,Horodatage sans fuseau — interprete en UTC (hypothese tracee),valeur_normalisee
sensor_readings.csv,EQ-COMP-233|2026-06-19 12:00:00|temperature_c,R-SEN-002,timestamp,2026-06-19 12:00:00,Horodatage sans fuseau — interprete en UTC (hypothese tracee),valeur_normalisee
sensor_readings.csv,EQ-COMP-233|2026-06-19 18:00:00|temperature_c,R-SEN-002,timestamp,2026-06-19 18:00:00,Horodatage sans fuseau — interprete en UTC (hypothese tracee),valeur_normalisee
sensor_readings.csv,EQ-COMP-233|2026-06-20 00:00:00|temperature_c,R-SEN-002,timestamp,2026-06-20 00:00:00,Horodatage sans fuseau — interprete en UTC (hypothese tracee),valeur_normalisee
sensor_readings.csv,EQ-COMP-233|2026-06-20 06:00:00|temperature_c,R-SEN-002,timestamp,2026-06-20 06:00:00,Horodatage sans fuseau — interprete en UTC (hypothese tracee),valeur_normalisee
sensor_readings.csv,EQ-COMP-233|2026-06-20 12:00:00|temperature_c,R-SEN-002,timestamp,2026-06-20 12:00:00,Horodatage sans fuseau — interprete en UTC (hypothese tracee),valeur_normalisee
sensor_readings.csv,EQ-COMP-233|2026-06-20 18:00:00|temperature_c,R-SEN-002,timestamp,2026-06-20 18:00:00,Horodatage sans fuseau — interprete en UTC (hypothese tracee),valeur_normalisee
sensor_readings.csv,EQ-COMP-233|2026-06-21 00:00:00|temperature_c,R-SEN-002,timestamp,2026-06-21 00:00:00,Horodatage sans fuseau — interprete en UTC (hypothese tracee),valeur_normalisee
sensor_readings.csv,EQ-COMP-233|2026-06-21 06:00:00|temperature_c,R-SEN-002,timestamp,2026-06-21 06:00:00,Horodatage sans fuseau — interprete en UTC (hypothese tracee),valeur_normalisee
sensor_readings.csv,EQ-COMP-233|2026-06-21 12:00:00|temperature_c,R-SEN-002,timestamp,2026-06-21 12:00:00,Horodatage sans fuseau — interprete en UTC (hypothese tracee),valeur_normalisee
sensor_readings.csv,EQ-COMP-233|2026-06-21 18:00:00|temperature_c,R-SEN-002,timestamp,2026-06-21 18:00:00,Horodatage sans fuseau — interprete en UTC (hypothese tracee),valeur_normalisee
sensor_readings.csv,EQ-COMP-233|2026-06-22 00:00:00|temperature_c,R-SEN-002,timestamp,2026-06-22 00:00:00,Horodatage sans fuseau — interprete en UTC (hypothese tracee),valeur_normalisee
sensor_readings.csv,EQ-COMP-233|2026-06-22 06:00:00|temperature_c,R-SEN-002,timestamp,2026-06-22 06:00:00,Horodatage sans fuseau — interprete en UTC (hypothese tracee),valeur_normalisee
sensor_readings.csv,EQ-COMP-233|2026-06-22 12:00:00|temperature_c,R-SEN-002,timestamp,2026-06-22 12:00:00,Horodatage sans fuseau — interprete en UTC (hypothese tracee),valeur_normalisee
sensor_readings.csv,EQ-COMP-233|2026-06-22 18:00:00|temperature_c,R-SEN-002,timestamp,2026-06-22 18:00:00,Horodatage sans fuseau — interprete en UTC (hypothese tracee),valeur_normalisee
sensor_readings.csv,EQ-COMP-233|2026-06-23 00:00:00|temperature_c,R-SEN-002,timestamp,2026-06-23 00:00:00,Horodatage sans fuseau — interprete en UTC (hypothese tracee),valeur_normalisee
sensor_readings.csv,EQ-COMP-233|2026-06-23 06:00:00|temperature_c,R-SEN-002,timestamp,2026-06-23 06:00:00,Horodatage sans fuseau — interprete en UTC (hypothese tracee),valeur_normalisee
sensor_readings.csv,EQ-COMP-233|2026-06-23 12:00:00|temperature_c,R-SEN-002,timestamp,2026-06-23 12:00:00,Horodatage sans fuseau — interprete en UTC (hypothese tracee),valeur_normalisee
sensor_readings.csv,EQ-COMP-233|2026-06-23 18:00:00|temperature_c,R-SEN-002,timestamp,2026-06-23 18:00:00,Horodatage sans fuseau — interprete en UTC (hypothese tracee),valeur_normalisee
sensor_readings.csv,EQ-COMP-233|2026-06-24 00:00:00|temperature_c,R-SEN-002,timestamp,2026-06-24 00:00:00,Horodatage sans fuseau — interprete en UTC (hypothese tracee),valeur_normalisee
sensor_readings.csv,EQ-COMP-233|2026-06-24 06:00:00|temperature_c,R-SEN-002,timestamp,2026-06-24 06:00:00,Horodatage sans fuseau — interprete en UTC (hypothese tracee),valeur_normalisee
sensor_readings.csv,EQ-COMP-233|2026-06-24 12:00:00|temperature_c,R-SEN-002,timestamp,2026-06-24 12:00:00,Horodatage sans fuseau — interprete en UTC (hypothese tracee),valeur_normalisee
sensor_readings.csv,EQ-COMP-233|2026-06-24 18:00:00|temperature_c,R-SEN-002,timestamp,2026-06-24 18:00:00,Horodatage sans fuseau — interprete en UTC (hypothese tracee),valeur_normalisee
sensor_readings.csv,EQ-COMP-233|2026-06-25 00:00:00|temperature_c,R-SEN-002,timestamp,2026-06-25 00:00:00,Horodatage sans fuseau — interprete en UTC (hypothese tracee),valeur_normalisee
sensor_readings.csv,EQ-COMP-233|2026-06-25 06:00:00|temperature_c,R-SEN-002,timestamp,2026-06-25 06:00:00,Horodatage sans fuseau — interprete en UTC (hypothese tracee),valeur_normalisee
sensor_readings.csv,EQ-COMP-233|2026-06-25 12:00:00|temperature_c,R-SEN-002,timestamp,2026-06-25 12:00:00,Horodatage sans fuseau — interprete en UTC (hypothese tracee),valeur_normalisee
sensor_readings.csv,EQ-COMP-233|2026-06-25 18:00:00|temperature_c,R-SEN-002,timestamp,2026-06-25 18:00:00,Horodatage sans fuseau — interprete en UTC (hypothese tracee),valeur_normalisee
sensor_readings.csv,EQ-COMP-233|2026-06-26 00:00:00|temperature_c,R-SEN-002,timestamp,2026-06-26 00:00:00,Horodatage sans fuseau — interprete en UTC (hypothese tracee),valeur_normalisee
sensor_readings.csv,EQ-COMP-233|2026-06-26 06:00:00|temperature_c,R-SEN-002,timestamp,2026-06-26 06:00:00,Horodatage sans fuseau — interprete en UTC (hypothese tracee),valeur_normalisee
sensor_readings.csv,EQ-COMP-233|2026-06-26 12:00:00|temperature_c,R-SEN-002,timestamp,2026-06-26 12:00:00,Horodatage sans fuseau — interprete en UTC (hypothese tracee),valeur_normalisee
sensor_readings.csv,EQ-COMP-233|2026-06-26 18:00:00|temperature_c,R-SEN-002,timestamp,2026-06-26 18:00:00,Horodatage sans fuseau — interprete en UTC (hypothese tracee),valeur_normalisee
sensor_readings.csv,EQ-COMP-233|2026-06-27 00:00:00|temperature_c,R-SEN-002,timestamp,2026-06-27 00:00:00,Horodatage sans fuseau — interprete en UTC (hypothese tracee),valeur_normalisee
sensor_readings.csv,EQ-COMP-233|2026-06-27 06:00:00|temperature_c,R-SEN-002,timestamp,2026-06-27 06:00:00,Horodatage sans fuseau — interprete en UTC (hypothese tracee),valeur_normalisee
sensor_readings.csv,EQ-COMP-233|2026-06-27 12:00:00|temperature_c,R-SEN-002,timestamp,2026-06-27 12:00:00,Horodatage sans fuseau — interprete en UTC (hypothese tracee),valeur_normalisee
sensor_readings.csv,EQ-COMP-233|2026-06-27 18:00:00|temperature_c,R-SEN-002,timestamp,2026-06-27 18:00:00,Horodatage sans fuseau — interprete en UTC (hypothese tracee),valeur_normalisee
sensor_readings.csv,EQ-COMP-233|2026-06-28 00:00:00|temperature_c,R-SEN-002,timestamp,2026-06-28 00:00:00,Horodatage sans fuseau — interprete en UTC (hypothese tracee),valeur_normalisee
sensor_readings.csv,EQ-COMP-233|2026-06-28 06:00:00|temperature_c,R-SEN-002,timestamp,2026-06-28 06:00:00,Horodatage sans fuseau — interprete en UTC (hypothese tracee),valeur_normalisee
sensor_readings.csv,EQ-COMP-233|2026-06-28 12:00:00|temperature_c,R-SEN-002,timestamp,2026-06-28 12:00:00,Horodatage sans fuseau — interprete en UTC (hypothese tracee),valeur_normalisee
sensor_readings.csv,EQ-COMP-233|2026-06-28 18:00:00|temperature_c,R-SEN-002,timestamp,2026-06-28 18:00:00,Horodatage sans fuseau — interprete en UTC (hypothese tracee),valeur_normalisee
sensor_readings.csv,EQ-COMP-233|2026-06-29 00:00:00|temperature_c,R-SEN-002,timestamp,2026-06-29 00:00:00,Horodatage sans fuseau — interprete en UTC (hypothese tracee),valeur_normalisee
sensor_readings.csv,EQ-COMP-233|2026-06-29 06:00:00|temperature_c,R-SEN-002,timestamp,2026-06-29 06:00:00,Horodatage sans fuseau — interprete en UTC (hypothese tracee),valeur_normalisee
sensor_readings.csv,EQ-COMP-233|2026-06-29 12:00:00|temperature_c,R-SEN-002,timestamp,2026-06-29 12:00:00,Horodatage sans fuseau — interprete en UTC (hypothese tracee),valeur_normalisee
sensor_readings.csv,EQ-COMP-233|2026-06-29 18:00:00|temperature_c,R-SEN-002,timestamp,2026-06-29 18:00:00,Horodatage sans fuseau — interprete en UTC (hypothese tracee),valeur_normalisee
sensor_readings.csv,EQ-COMP-233|2026-06-30 00:00:00|temperature_c,R-SEN-002,timestamp,2026-06-30 00:00:00,Horodatage sans fuseau — interprete en UTC (hypothese tracee),valeur_normalisee
sensor_readings.csv,EQ-COMP-233|2026-06-30 06:00:00|temperature_c,R-SEN-002,timestamp,2026-06-30 06:00:00,Horodatage sans fuseau — interprete en UTC (hypothese tracee),valeur_normalisee
sensor_readings.csv,EQ-COMP-233|2026-06-30 12:00:00|temperature_c,R-SEN-002,timestamp,2026-06-30 12:00:00,Horodatage sans fuseau — interprete en UTC (hypothese tracee),valeur_normalisee
sensor_readings.csv,EQ-COMP-233|2026-06-30 18:00:00|temperature_c,R-SEN-002,timestamp,2026-06-30 18:00:00,Horodatage sans fuseau — interprete en UTC (hypothese tracee),valeur_normalisee
sensor_readings.csv,EQ-CHILL-001|2026-01-02T00:00:00Z|pressure_bar,R-SEN-006,unit,kPa,Unite kPa convertie en bar,valeur_normalisee
sensor_readings.csv,EQ-CHILL-001|2026-01-02T06:00:00Z|pressure_bar,R-SEN-006,unit,kPa,Unite kPa convertie en bar,valeur_normalisee
sensor_readings.csv,EQ-CHILL-001|2026-01-02T12:00:00Z|pressure_bar,R-SEN-006,unit,kPa,Unite kPa convertie en bar,valeur_normalisee
sensor_readings.csv,EQ-CHILL-001|2026-01-02T18:00:00Z|pressure_bar,R-SEN-006,unit,kPa,Unite kPa convertie en bar,valeur_normalisee
sensor_readings.csv,EQ-CHILL-001|2026-01-03T00:00:00Z|pressure_bar,R-SEN-006,unit,kPa,Unite kPa convertie en bar,valeur_normalisee
sensor_readings.csv,EQ-CHILL-001|2026-01-03T06:00:00Z|pressure_bar,R-SEN-006,unit,kPa,Unite kPa convertie en bar,valeur_normalisee
sensor_readings.csv,EQ-CHILL-001|2026-01-03T12:00:00Z|pressure_bar,R-SEN-006,unit,kPa,Unite kPa convertie en bar,valeur_normalisee
sensor_readings.csv,EQ-CHILL-001|2026-01-03T18:00:00Z|pressure_bar,R-SEN-006,unit,kPa,Unite kPa convertie en bar,valeur_normalisee
sensor_readings.csv,EQ-CHILL-001|2026-01-04T00:00:00Z|pressure_bar,R-SEN-006,unit,kPa,Unite kPa convertie en bar,valeur_normalisee
sensor_readings.csv,EQ-CHILL-001|2026-01-04T06:00:00Z|pressure_bar,R-SEN-006,unit,kPa,Unite kPa convertie en bar,valeur_normalisee
sensor_readings.csv,EQ-CHILL-001|2026-01-04T12:00:00Z|pressure_bar,R-SEN-006,unit,kPa,Unite kPa convertie en bar,valeur_normalisee
sensor_readings.csv,EQ-CHILL-001|2026-01-04T18:00:00Z|pressure_bar,R-SEN-006,unit,kPa,Unite kPa convertie en bar,valeur_normalisee
sensor_readings.csv,EQ-CHILL-001|2026-01-05T00:00:00Z|pressure_bar,R-SEN-006,unit,kPa,Unite kPa convertie en bar,valeur_normalisee
sensor_readings.csv,EQ-CHILL-001|2026-01-05T06:00:00Z|pressure_bar,R-SEN-006,unit,kPa,Unite kPa convertie en bar,valeur_normalisee
sensor_readings.csv,EQ-CHILL-001|2026-01-05T12:00:00Z|pressure_bar,R-SEN-006,unit,kPa,Unite kPa convertie en bar,valeur_normalisee
sensor_readings.csv,EQ-CHILL-001|2026-01-05T18:00:00Z|pressure_bar,R-SEN-006,unit,kPa,Unite kPa convertie en bar,valeur_normalisee
sensor_readings.csv,EQ-CHILL-001|2026-01-06T00:00:00Z|pressure_bar,R-SEN-006,unit,kPa,Unite kPa convertie en bar,valeur_normalisee
sensor_readings.csv,EQ-CHILL-001|2026-01-06T06:00:00Z|pressure_bar,R-SEN-006,unit,kPa,Unite kPa convertie en bar,valeur_normalisee
sensor_readings.csv,EQ-CHILL-001|2026-01-06T12:00:00Z|pressure_bar,R-SEN-006,unit,kPa,Unite kPa convertie en bar,valeur_normalisee
sensor_readings.csv,EQ-CHILL-001|2026-01-06T18:00:00Z|pressure_bar,R-SEN-006,unit,kPa,Unite kPa convertie en bar,valeur_normalisee
sensor_readings.csv,EQ-CHILL-001|2026-01-07T00:00:00Z|pressure_bar,R-SEN-006,unit,kPa,Unite kPa convertie en bar,valeur_normalisee
sensor_readings.csv,EQ-CHILL-001|2026-01-07T06:00:00Z|pressure_bar,R-SEN-006,unit,kPa,Unite kPa convertie en bar,valeur_normalisee
sensor_readings.csv,EQ-CHILL-001|2026-01-07T12:00:00Z|pressure_bar,R-SEN-006,unit,kPa,Unite kPa convertie en bar,valeur_normalisee
sensor_readings.csv,EQ-CHILL-001|2026-01-07T18:00:00Z|pressure_bar,R-SEN-006,unit,kPa,Unite kPa convertie en bar,valeur_normalisee
sensor_readings.csv,EQ-CHILL-001|2026-01-08T00:00:00Z|pressure_bar,R-SEN-006,unit,kPa,Unite kPa convertie en bar,valeur_normalisee
sensor_readings.csv,EQ-CHILL-001|2026-01-08T06:00:00Z|pressure_bar,R-SEN-006,unit,kPa,Unite kPa convertie en bar,valeur_normalisee
sensor_readings.csv,EQ-CHILL-001|2026-01-08T12:00:00Z|pressure_bar,R-SEN-006,unit,kPa,Unite kPa convertie en bar,valeur_normalisee
sensor_readings.csv,EQ-CHILL-001|2026-01-08T18:00:00Z|pressure_bar,R-SEN-006,unit,kPa,Unite kPa convertie en bar,valeur_normalisee
sensor_readings.csv,EQ-CHILL-001|2026-01-09T00:00:00Z|pressure_bar,R-SEN-006,unit,kPa,Unite kPa convertie en bar,valeur_normalisee
sensor_readings.csv,EQ-CHILL-001|2026-01-09T06:00:00Z|pressure_bar,R-SEN-006,unit,kPa,Unite kPa convertie en bar,valeur_normalisee
sensor_readings.csv,EQ-CHILL-001|2026-01-09T12:00:00Z|pressure_bar,R-SEN-006,unit,kPa,Unite kPa convertie en bar,valeur_normalisee
sensor_readings.csv,EQ-CHILL-001|2026-01-09T18:00:00Z|pressure_bar,R-SEN-006,unit,kPa,Unite kPa convertie en bar,valeur_normalisee
sensor_readings.csv,EQ-CHILL-001|2026-01-10T00:00:00Z|pressure_bar,R-SEN-006,unit,kPa,Unite kPa convertie en bar,valeur_normalisee
sensor_readings.csv,EQ-CHILL-001|2026-01-10T06:00:00Z|pressure_bar,R-SEN-006,unit,kPa,Unite kPa convertie en bar,valeur_normalisee
sensor_readings.csv,EQ-CHILL-001|2026-01-10T12:00:00Z|pressure_bar,R-SEN-006,unit,kPa,Unite kPa convertie en bar,valeur_normalisee
sensor_readings.csv,EQ-CHILL-001|2026-01-10T18:00:00Z|pressure_bar,R-SEN-006,unit,kPa,Unite kPa convertie en bar,valeur_normalisee
sensor_readings.csv,EQ-CHILL-001|2026-01-11T00:00:00Z|pressure_bar,R-SEN-006,unit,kPa,Unite kPa convertie en bar,valeur_normalisee
sensor_readings.csv,EQ-CHILL-001|2026-01-11T06:00:00Z|pressure_bar,R-SEN-006,unit,kPa,Unite kPa convertie en bar,valeur_normalisee
sensor_readings.csv,EQ-CHILL-001|2026-01-11T12:00:00Z|pressure_bar,R-SEN-006,unit,kPa,Unite kPa convertie en bar,valeur_normalisee
sensor_readings.csv,EQ-CHILL-001|2026-01-11T18:00:00Z|pressure_bar,R-SEN-006,unit,kPa,Unite kPa convertie en bar,valeur_normalisee
sensor_readings.csv,EQ-CHILL-001|2026-01-12T00:00:00Z|pressure_bar,R-SEN-006,unit,kPa,Unite kPa convertie en bar,valeur_normalisee
sensor_readings.csv,EQ-CHILL-001|2026-01-12T06:00:00Z|pressure_bar,R-SEN-006,unit,kPa,Unite kPa convertie en bar,valeur_normalisee
sensor_readings.csv,EQ-CHILL-001|2026-01-12T12:00:00Z|pressure_bar,R-SEN-006,unit,kPa,Unite kPa convertie en bar,valeur_normalisee
sensor_readings.csv,EQ-CHILL-001|2026-01-12T18:00:00Z|pressure_bar,R-SEN-006,unit,kPa,Unite kPa convertie en bar,valeur_normalisee
sensor_readings.csv,EQ-CHILL-001|2026-01-13T00:00:00Z|pressure_bar,R-SEN-006,unit,kPa,Unite kPa convertie en bar,valeur_normalisee
sensor_readings.csv,EQ-CHILL-001|2026-01-13T06:00:00Z|pressure_bar,R-SEN-006,unit,kPa,Unite kPa convertie en bar,valeur_normalisee
sensor_readings.csv,EQ-CHILL-001|2026-01-13T12:00:00Z|pressure_bar,R-SEN-006,unit,kPa,Unite kPa convertie en bar,valeur_normalisee
sensor_readings.csv,EQ-CHILL-001|2026-01-13T18:00:00Z|pressure_bar,R-SEN-006,unit,kPa,Unite kPa convertie en bar,valeur_normalisee
sensor_readings.csv,EQ-CHILL-001|2026-01-14T00:00:00Z|pressure_bar,R-SEN-006,unit,kPa,Unite kPa convertie en bar,valeur_normalisee
sensor_readings.csv,EQ-CHILL-001|2026-01-14T06:00:00Z|pressure_bar,R-SEN-006,unit,kPa,Unite kPa convertie en bar,valeur_normalisee
sensor_readings.csv,EQ-CHILL-001|2026-01-14T12:00:00Z|pressure_bar,R-SEN-006,unit,kPa,Unite kPa convertie en bar,valeur_normalisee
sensor_readings.csv,EQ-CHILL-001|2026-01-14T18:00:00Z|pressure_bar,R-SEN-006,unit,kPa,Unite kPa convertie en bar,valeur_normalisee
sensor_readings.csv,EQ-CHILL-001|2026-01-15T00:00:00Z|pressure_bar,R-SEN-006,unit,kPa,Unite kPa convertie en bar,valeur_normalisee
sensor_readings.csv,EQ-CHILL-001|2026-01-15T06:00:00Z|pressure_bar,R-SEN-006,unit,kPa,Unite kPa convertie en bar,valeur_normalisee
sensor_readings.csv,EQ-CHILL-001|2026-01-15T12:00:00Z|pressure_bar,R-SEN-006,unit,kPa,Unite kPa convertie en bar,valeur_normalisee
sensor_readings.csv,EQ-CHILL-001|2026-01-15T18:00:00Z|pressure_bar,R-SEN-006,unit,kPa,Unite kPa convertie en bar,valeur_normalisee
sensor_readings.csv,EQ-CHILL-001|2026-01-16T00:00:00Z|pressure_bar,R-SEN-006,unit,kPa,Unite kPa convertie en bar,valeur_normalisee
sensor_readings.csv,EQ-CHILL-001|2026-01-16T06:00:00Z|pressure_bar,R-SEN-006,unit,kPa,Unite kPa convertie en bar,valeur_normalisee
sensor_readings.csv,EQ-CHILL-001|2026-01-16T12:00:00Z|pressure_bar,R-SEN-006,unit,kPa,Unite kPa convertie en bar,valeur_normalisee
sensor_readings.csv,EQ-CHILL-001|2026-01-16T18:00:00Z|pressure_bar,R-SEN-006,unit,kPa,Unite kPa convertie en bar,valeur_normalisee
sensor_readings.csv,EQ-CHILL-001|2026-01-17T00:00:00Z|pressure_bar,R-SEN-006,unit,kPa,Unite kPa convertie en bar,valeur_normalisee
sensor_readings.csv,EQ-CHILL-001|2026-01-17T06:00:00Z|pressure_bar,R-SEN-006,unit,kPa,Unite kPa convertie en bar,valeur_normalisee
sensor_readings.csv,EQ-CHILL-001|2026-01-17T12:00:00Z|pressure_bar,R-SEN-006,unit,kPa,Unite kPa convertie en bar,valeur_normalisee
sensor_readings.csv,EQ-CHILL-001|2026-01-17T18:00:00Z|pressure_bar,R-SEN-006,unit,kPa,Unite kPa convertie en bar,valeur_normalisee
sensor_readings.csv,EQ-CHILL-001|2026-01-18T00:00:00Z|pressure_bar,R-SEN-006,unit,kPa,Unite kPa convertie en bar,valeur_normalisee
sensor_readings.csv,EQ-CHILL-001|2026-01-18T06:00:00Z|pressure_bar,R-SEN-006,unit,kPa,Unite kPa convertie en bar,valeur_normalisee
sensor_readings.csv,EQ-CHILL-001|2026-01-18T12:00:00Z|pressure_bar,R-SEN-006,unit,kPa,Unite kPa convertie en bar,valeur_normalisee
sensor_readings.csv,EQ-CHILL-001|2026-01-18T18:00:00Z|pressure_bar,R-SEN-006,unit,kPa,Unite kPa convertie en bar,valeur_normalisee
sensor_readings.csv,EQ-CHILL-001|2026-01-19T00:00:00Z|pressure_bar,R-SEN-006,unit,kPa,Unite kPa convertie en bar,valeur_normalisee
sensor_readings.csv,EQ-CHILL-001|2026-01-19T06:00:00Z|pressure_bar,R-SEN-006,unit,kPa,Unite kPa convertie en bar,valeur_normalisee
sensor_readings.csv,EQ-CHILL-001|2026-01-19T12:00:00Z|pressure_bar,R-SEN-006,unit,kPa,Unite kPa convertie en bar,valeur_normalisee
sensor_readings.csv,EQ-CHILL-001|2026-01-19T18:00:00Z|pressure_bar,R-SEN-006,unit,kPa,Unite kPa convertie en bar,valeur_normalisee
sensor_readings.csv,EQ-CHILL-001|2026-01-20T00:00:00Z|pressure_bar,R-SEN-006,unit,kPa,Unite kPa convertie en bar,valeur_normalisee
sensor_readings.csv,EQ-CHILL-001|2026-01-20T06:00:00Z|pressure_bar,R-SEN-006,unit,kPa,Unite kPa convertie en bar,valeur_normalisee
sensor_readings.csv,EQ-CHILL-001|2026-01-20T12:00:00Z|pressure_bar,R-SEN-006,unit,kPa,Unite kPa convertie en bar,valeur_normalisee
sensor_readings.csv,EQ-CHILL-001|2026-01-20T18:00:00Z|pressure_bar,R-SEN-006,unit,kPa,Unite kPa convertie en bar,valeur_normalisee
sensor_readings.csv,EQ-CHILL-001|2026-01-21T00:00:00Z|pressure_bar,R-SEN-006,unit,kPa,Unite kPa convertie en bar,valeur_normalisee
sensor_readings.csv,EQ-CHILL-001|2026-01-21T06:00:00Z|pressure_bar,R-SEN-006,unit,kPa,Unite kPa convertie en bar,valeur_normalisee
sensor_readings.csv,EQ-CHILL-001|2026-01-21T12:00:00Z|pressure_bar,R-SEN-006,unit,kPa,Unite kPa convertie en bar,valeur_normalisee
sensor_readings.csv,EQ-CHILL-001|2026-01-21T18:00:00Z|pressure_bar,R-SEN-006,unit,kPa,Unite kPa convertie en bar,valeur_normalisee
sensor_readings.csv,EQ-CHILL-001|2026-01-22T00:00:00Z|pressure_bar,R-SEN-006,unit,kPa,Unite kPa convertie en bar,valeur_normalisee
sensor_readings.csv,EQ-CHILL-001|2026-01-22T06:00:00Z|pressure_bar,R-SEN-006,unit,kPa,Unite kPa convertie en bar,valeur_normalisee
sensor_readings.csv,EQ-CHILL-001|2026-01-22T12:00:00Z|pressure_bar,R-SEN-006,unit,kPa,Unite kPa convertie en bar,valeur_normalisee
sensor_readings.csv,EQ-CHILL-001|2026-01-22T18:00:00Z|pressure_bar,R-SEN-006,unit,kPa,Unite kPa convertie en bar,valeur_normalisee
sensor_readings.csv,EQ-CHILL-001|2026-01-23T00:00:00Z|pressure_bar,R-SEN-006,unit,kPa,Unite kPa convertie en bar,valeur_normalisee
sensor_readings.csv,EQ-CHILL-001|2026-01-23T06:00:00Z|pressure_bar,R-SEN-006,unit,kPa,Unite kPa convertie en bar,valeur_normalisee
sensor_readings.csv,EQ-CHILL-001|2026-01-23T12:00:00Z|pressure_bar,R-SEN-006,unit,kPa,Unite kPa convertie en bar,valeur_normalisee
sensor_readings.csv,EQ-CHILL-001|2026-01-23T18:00:00Z|pressure_bar,R-SEN-006,unit,kPa,Unite kPa convertie en bar,valeur_normalisee
sensor_readings.csv,EQ-CHILL-001|2026-01-24T00:00:00Z|pressure_bar,R-SEN-006,unit,kPa,Unite kPa convertie en bar,valeur_normalisee
sensor_readings.csv,EQ-CHILL-001|2026-01-24T06:00:00Z|pressure_bar,R-SEN-006,unit,kPa,Unite kPa convertie en bar,valeur_normalisee
sensor_readings.csv,EQ-CHILL-001|2026-01-24T12:00:00Z|pressure_bar,R-SEN-006,unit,kPa,Unite kPa convertie en bar,valeur_normalisee
sensor_readings.csv,EQ-CHILL-001|2026-01-24T18:00:00Z|pressure_bar,R-SEN-006,unit,kPa,Unite kPa convertie en bar,valeur_normalisee
sensor_readings.csv,EQ-CHILL-001|2026-01-25T00:00:00Z|pressure_bar,R-SEN-006,unit,kPa,Unite kPa convertie en bar,valeur_normalisee
sensor_readings.csv,EQ-CHILL-001|2026-01-25T06:00:00Z|pressure_bar,R-SEN-006,unit,kPa,Unite kPa convertie en bar,valeur_normalisee
sensor_readings.csv,EQ-CHILL-001|2026-01-25T12:00:00Z|pressure_bar,R-SEN-006,unit,kPa,Unite kPa convertie en bar,valeur_normalisee
sensor_readings.csv,EQ-CHILL-001|2026-01-25T18:00:00Z|pressure_bar,R-SEN-006,unit,kPa,Unite kPa convertie en bar,valeur_normalisee
sensor_readings.csv,EQ-CHILL-001|2026-01-26T00:00:00Z|pressure_bar,R-SEN-006,unit,kPa,Unite kPa convertie en bar,valeur_normalisee
sensor_readings.csv,EQ-CHILL-001|2026-01-26T06:00:00Z|pressure_bar,R-SEN-006,unit,kPa,Unite kPa convertie en bar,valeur_normalisee
sensor_readings.csv,EQ-CHILL-001|2026-01-26T12:00:00Z|pressure_bar,R-SEN-006,unit,kPa,Unite kPa convertie en bar,valeur_normalisee
sensor_readings.csv,EQ-CHILL-001|2026-01-26T18:00:00Z|pressure_bar,R-SEN-006,unit,kPa,Unite kPa convertie en bar,valeur_normalisee
sensor_readings.csv,EQ-CHILL-001|2026-01-27T00:00:00Z|pressure_bar,R-SEN-006,unit,kPa,Unite kPa convertie en bar,valeur_normalisee
sensor_readings.csv,EQ-CHILL-001|2026-01-27T06:00:00Z|pressure_bar,R-SEN-006,unit,kPa,Unite kPa convertie en bar,valeur_normalisee
sensor_readings.csv,EQ-CHILL-001|2026-01-27T12:00:00Z|pressure_bar,R-SEN-006,unit,kPa,Unite kPa convertie en bar,valeur_normalisee
sensor_readings.csv,EQ-CHILL-001|2026-01-27T18:00:00Z|pressure_bar,R-SEN-006,unit,kPa,Unite kPa convertie en bar,valeur_normalisee
sensor_readings.csv,EQ-CHILL-001|2026-01-28T00:00:00Z|pressure_bar,R-SEN-006,unit,kPa,Unite kPa convertie en bar,valeur_normalisee
sensor_readings.csv,EQ-CHILL-001|2026-01-28T06:00:00Z|pressure_bar,R-SEN-006,unit,kPa,Unite kPa convertie en bar,valeur_normalisee
sensor_readings.csv,EQ-CHILL-001|2026-01-28T12:00:00Z|pressure_bar,R-SEN-006,unit,kPa,Unite kPa convertie en bar,valeur_normalisee
sensor_readings.csv,EQ-CHILL-001|2026-01-28T18:00:00Z|pressure_bar,R-SEN-006,unit,kPa,Unite kPa convertie en bar,valeur_normalisee
sensor_readings.csv,EQ-CHILL-001|2026-01-29T00:00:00Z|pressure_bar,R-SEN-006,unit,kPa,Unite kPa convertie en bar,valeur_normalisee
sensor_readings.csv,EQ-CHILL-001|2026-01-29T06:00:00Z|pressure_bar,R-SEN-006,unit,kPa,Unite kPa convertie en bar,valeur_normalisee
sensor_readings.csv,EQ-CHILL-001|2026-01-29T12:00:00Z|pressure_bar,R-SEN-006,unit,kPa,Unite kPa convertie en bar,valeur_normalisee
sensor_readings.csv,EQ-CHILL-001|2026-01-29T18:00:00Z|pressure_bar,R-SEN-006,unit,kPa,Unite kPa convertie en bar,valeur_normalisee
sensor_readings.csv,EQ-CHILL-001|2026-01-30T00:00:00Z|pressure_bar,R-SEN-006,unit,kPa,Unite kPa convertie en bar,valeur_normalisee
sensor_readings.csv,EQ-CHILL-001|2026-01-30T06:00:00Z|pressure_bar,R-SEN-006,unit,kPa,Unite kPa convertie en bar,valeur_normalisee
sensor_readings.csv,EQ-CHILL-001|2026-01-30T12:00:00Z|pressure_bar,R-SEN-006,unit,kPa,Unite kPa convertie en bar,valeur_normalisee
sensor_readings.csv,EQ-CHILL-001|2026-01-30T18:00:00Z|pressure_bar,R-SEN-006,unit,kPa,Unite kPa convertie en bar,valeur_normalisee
sensor_readings.csv,EQ-CHILL-001|2026-01-31T00:00:00Z|pressure_bar,R-SEN-006,unit,kPa,Unite kPa convertie en bar,valeur_normalisee
sensor_readings.csv,EQ-CHILL-001|2026-01-31T06:00:00Z|pressure_bar,R-SEN-006,unit,kPa,Unite kPa convertie en bar,valeur_normalisee
sensor_readings.csv,EQ-CHILL-001|2026-01-31T12:00:00Z|pressure_bar,R-SEN-006,unit,kPa,Unite kPa convertie en bar,valeur_normalisee
sensor_readings.csv,EQ-CHILL-001|2026-01-31T18:00:00Z|pressure_bar,R-SEN-006,unit,kPa,Unite kPa convertie en bar,valeur_normalisee
sensor_readings.csv,EQ-CHILL-001|2026-02-01T00:00:00Z|pressure_bar,R-SEN-006,unit,kPa,Unite kPa convertie en bar,valeur_normalisee
sensor_readings.csv,EQ-CHILL-001|2026-02-01T06:00:00Z|pressure_bar,R-SEN-006,unit,kPa,Unite kPa convertie en bar,valeur_normalisee
sensor_readings.csv,EQ-CHILL-001|2026-02-01T12:00:00Z|pressure_bar,R-SEN-006,unit,kPa,Unite kPa convertie en bar,valeur_normalisee
sensor_readings.csv,EQ-CHILL-001|2026-02-01T18:00:00Z|pressure_bar,R-SEN-006,unit,kPa,Unite kPa convertie en bar,valeur_normalisee
sensor_readings.csv,EQ-CHILL-001|2026-02-02T00:00:00Z|pressure_bar,R-SEN-006,unit,kPa,Unite kPa convertie en bar,valeur_normalisee
sensor_readings.csv,EQ-CHILL-001|2026-02-02T06:00:00Z|pressure_bar,R-SEN-006,unit,kPa,Unite kPa convertie en bar,valeur_normalisee
sensor_readings.csv,EQ-CHILL-001|2026-02-02T12:00:00Z|pressure_bar,R-SEN-006,unit,kPa,Unite kPa convertie en bar,valeur_normalisee
sensor_readings.csv,EQ-CHILL-001|2026-02-02T18:00:00Z|pressure_bar,R-SEN-006,unit,kPa,Unite kPa convertie en bar,valeur_normalisee
sensor_readings.csv,EQ-CHILL-001|2026-02-03T00:00:00Z|pressure_bar,R-SEN-006,unit,kPa,Unite kPa convertie en bar,valeur_normalisee
sensor_readings.csv,EQ-CHILL-001|2026-02-03T06:00:00Z|pressure_bar,R-SEN-006,unit,kPa,Unite kPa convertie en bar,valeur_normalisee
sensor_readings.csv,EQ-CHILL-001|2026-02-03T12:00:00Z|pressure_bar,R-SEN-006,unit,kPa,Unite kPa convertie en bar,valeur_normalisee
sensor_readings.csv,EQ-CHILL-001|2026-02-03T18:00:00Z|pressure_bar,R-SEN-006,unit,kPa,Unite kPa convertie en bar,valeur_normalisee
sensor_readings.csv,EQ-CHILL-001|2026-02-04T00:00:00Z|pressure_bar,R-SEN-006,unit,kPa,Unite kPa convertie en bar,valeur_normalisee
sensor_readings.csv,EQ-CHILL-001|2026-02-04T06:00:00Z|pressure_bar,R-SEN-006,unit,kPa,Unite kPa convertie en bar,valeur_normalisee
sensor_readings.csv,EQ-CHILL-001|2026-02-04T12:00:00Z|pressure_bar,R-SEN-006,unit,kPa,Unite kPa convertie en bar,valeur_normalisee
sensor_readings.csv,EQ-CHILL-001|2026-02-04T18:00:00Z|pressure_bar,R-SEN-006,unit,kPa,Unite kPa convertie en bar,valeur_normalisee
sensor_readings.csv,EQ-CHILL-001|2026-02-05T00:00:00Z|pressure_bar,R-SEN-006,unit,kPa,Unite kPa convertie en bar,valeur_normalisee
sensor_readings.csv,EQ-CHILL-001|2026-02-05T06:00:00Z|pressure_bar,R-SEN-006,unit,kPa,Unite kPa convertie en bar,valeur_normalisee
sensor_readings.csv,EQ-CHILL-001|2026-02-05T12:00:00Z|pressure_bar,R-SEN-006,unit,kPa,Unite kPa convertie en bar,valeur_normalisee
sensor_readings.csv,EQ-CHILL-001|2026-02-05T18:00:00Z|pressure_bar,R-SEN-006,unit,kPa,Unite kPa convertie en bar,valeur_normalisee
sensor_readings.csv,EQ-CHILL-001|2026-02-06T00:00:00Z|pressure_bar,R-SEN-006,unit,kPa,Unite kPa convertie en bar,valeur_normalisee
sensor_readings.csv,EQ-CHILL-001|2026-02-06T06:00:00Z|pressure_bar,R-SEN-006,unit,kPa,Unite kPa convertie en bar,valeur_normalisee
sensor_readings.csv,EQ-CHILL-001|2026-02-06T12:00:00Z|pressure_bar,R-SEN-006,unit,kPa,Unite kPa convertie en bar,valeur_normalisee
sensor_readings.csv,EQ-CHILL-001|2026-02-06T18:00:00Z|pressure_bar,R-SEN-006,unit,kPa,Unite kPa convertie en bar,valeur_normalisee
sensor_readings.csv,EQ-CHILL-001|2026-02-07T00:00:00Z|pressure_bar,R-SEN-006,unit,kPa,Unite kPa convertie en bar,valeur_normalisee
sensor_readings.csv,EQ-CHILL-001|2026-02-07T06:00:00Z|pressure_bar,R-SEN-006,unit,kPa,Unite kPa convertie en bar,valeur_normalisee
sensor_readings.csv,EQ-CHILL-001|2026-02-07T12:00:00Z|pressure_bar,R-SEN-006,unit,kPa,Unite kPa convertie en bar,valeur_normalisee
sensor_readings.csv,EQ-CHILL-001|2026-02-07T18:00:00Z|pressure_bar,R-SEN-006,unit,kPa,Unite kPa convertie en bar,valeur_normalisee
sensor_readings.csv,EQ-CHILL-001|2026-02-08T00:00:00Z|pressure_bar,R-SEN-006,unit,kPa,Unite kPa convertie en bar,valeur_normalisee
sensor_readings.csv,EQ-CHILL-001|2026-02-08T06:00:00Z|pressure_bar,R-SEN-006,unit,kPa,Unite kPa convertie en bar,valeur_normalisee
sensor_readings.csv,EQ-CHILL-001|2026-02-08T12:00:00Z|pressure_bar,R-SEN-006,unit,kPa,Unite kPa convertie en bar,valeur_normalisee
sensor_readings.csv,EQ-CHILL-001|2026-02-08T18:00:00Z|pressure_bar,R-SEN-006,unit,kPa,Unite kPa convertie en bar,valeur_normalisee
sensor_readings.csv,EQ-CHILL-001|2026-02-09T00:00:00Z|pressure_bar,R-SEN-006,unit,kPa,Unite kPa convertie en bar,valeur_normalisee
sensor_readings.csv,EQ-CHILL-001|2026-02-09T06:00:00Z|pressure_bar,R-SEN-006,unit,kPa,Unite kPa convertie en bar,valeur_normalisee
sensor_readings.csv,EQ-CHILL-001|2026-02-09T12:00:00Z|pressure_bar,R-SEN-006,unit,kPa,Unite kPa convertie en bar,valeur_normalisee
sensor_readings.csv,EQ-CHILL-001|2026-02-09T18:00:00Z|pressure_bar,R-SEN-006,unit,kPa,Unite kPa convertie en bar,valeur_normalisee
sensor_readings.csv,EQ-CHILL-001|2026-02-10T00:00:00Z|pressure_bar,R-SEN-006,unit,kPa,Unite kPa convertie en bar,valeur_normalisee
sensor_readings.csv,EQ-CHILL-001|2026-02-10T06:00:00Z|pressure_bar,R-SEN-006,unit,kPa,Unite kPa convertie en bar,valeur_normalisee
sensor_readings.csv,EQ-CHILL-001|2026-02-10T12:00:00Z|pressure_bar,R-SEN-006,unit,kPa,Unite kPa convertie en bar,valeur_normalisee
sensor_readings.csv,EQ-CHILL-001|2026-02-10T18:00:00Z|pressure_bar,R-SEN-006,unit,kPa,Unite kPa convertie en bar,valeur_normalisee
sensor_readings.csv,EQ-CHILL-001|2026-02-11T00:00:00Z|pressure_bar,R-SEN-006,unit,kPa,Unite kPa convertie en bar,valeur_normalisee
sensor_readings.csv,EQ-CHILL-001|2026-02-11T06:00:00Z|pressure_bar,R-SEN-006,unit,kPa,Unite kPa convertie en bar,valeur_normalisee
sensor_readings.csv,EQ-CHILL-001|2026-02-11T12:00:00Z|pressure_bar,R-SEN-006,unit,kPa,Unite kPa convertie en bar,valeur_normalisee
sensor_readings.csv,EQ-CHILL-001|2026-02-11T18:00:00Z|pressure_bar,R-SEN-006,unit,kPa,Unite kPa convertie en bar,valeur_normalisee
sensor_readings.csv,EQ-CHILL-001|2026-02-12T00:00:00Z|pressure_bar,R-SEN-006,unit,kPa,Unite kPa convertie en bar,valeur_normalisee
sensor_readings.csv,EQ-CHILL-001|2026-02-12T06:00:00Z|pressure_bar,R-SEN-006,unit,kPa,Unite kPa convertie en bar,valeur_normalisee
sensor_readings.csv,EQ-CHILL-001|2026-02-12T12:00:00Z|pressure_bar,R-SEN-006,unit,kPa,Unite kPa convertie en bar,valeur_normalisee
sensor_readings.csv,EQ-CHILL-001|2026-02-12T18:00:00Z|pressure_bar,R-SEN-006,unit,kPa,Unite kPa convertie en bar,valeur_normalisee
sensor_readings.csv,EQ-CHILL-001|2026-02-13T00:00:00Z|pressure_bar,R-SEN-006,unit,kPa,Unite kPa convertie en bar,valeur_normalisee
sensor_readings.csv,EQ-CHILL-001|2026-02-13T06:00:00Z|pressure_bar,R-SEN-006,unit,kPa,Unite kPa convertie en bar,valeur_normalisee
sensor_readings.csv,EQ-CHILL-001|2026-02-13T12:00:00Z|pressure_bar,R-SEN-006,unit,kPa,Unite kPa convertie en bar,valeur_normalisee
sensor_readings.csv,EQ-CHILL-001|2026-02-13T18:00:00Z|pressure_bar,R-SEN-006,unit,kPa,Unite kPa convertie en bar,valeur_normalisee
sensor_readings.csv,EQ-CHILL-001|2026-02-14T00:00:00Z|pressure_bar,R-SEN-006,unit,kPa,Unite kPa convertie en bar,valeur_normalisee
sensor_readings.csv,EQ-CHILL-001|2026-02-14T06:00:00Z|pressure_bar,R-SEN-006,unit,kPa,Unite kPa convertie en bar,valeur_normalisee
sensor_readings.csv,EQ-CHILL-001|2026-02-14T12:00:00Z|pressure_bar,R-SEN-006,unit,kPa,Unite kPa convertie en bar,valeur_normalisee
sensor_readings.csv,EQ-CHILL-001|2026-02-14T18:00:00Z|pressure_bar,R-SEN-006,unit,kPa,Unite kPa convertie en bar,valeur_normalisee
sensor_readings.csv,EQ-CHILL-001|2026-02-15T00:00:00Z|pressure_bar,R-SEN-006,unit,kPa,Unite kPa convertie en bar,valeur_normalisee
sensor_readings.csv,EQ-CHILL-001|2026-02-15T06:00:00Z|pressure_bar,R-SEN-006,unit,kPa,Unite kPa convertie en bar,valeur_normalisee
sensor_readings.csv,EQ-CHILL-001|2026-02-15T12:00:00Z|pressure_bar,R-SEN-006,unit,kPa,Unite kPa convertie en bar,valeur_normalisee
sensor_readings.csv,EQ-CHILL-001|2026-02-15T18:00:00Z|pressure_bar,R-SEN-006,unit,kPa,Unite kPa convertie en bar,valeur_normalisee
sensor_readings.csv,EQ-CHILL-001|2026-02-16T00:00:00Z|pressure_bar,R-SEN-006,unit,kPa,Unite kPa convertie en bar,valeur_normalisee
sensor_readings.csv,EQ-CHILL-001|2026-02-16T06:00:00Z|pressure_bar,R-SEN-006,unit,kPa,Unite kPa convertie en bar,valeur_normalisee
sensor_readings.csv,EQ-CHILL-001|2026-02-16T12:00:00Z|pressure_bar,R-SEN-006,unit,kPa,Unite kPa convertie en bar,valeur_normalisee
sensor_readings.csv,EQ-CHILL-001|2026-02-16T18:00:00Z|pressure_bar,R-SEN-006,unit,kPa,Unite kPa convertie en bar,valeur_normalisee
sensor_readings.csv,EQ-CHILL-001|2026-02-17T00:00:00Z|pressure_bar,R-SEN-006,unit,kPa,Unite kPa convertie en bar,valeur_normalisee
sensor_readings.csv,EQ-CHILL-001|2026-02-17T06:00:00Z|pressure_bar,R-SEN-006,unit,kPa,Unite kPa convertie en bar,valeur_normalisee
sensor_readings.csv,EQ-CHILL-001|2026-02-17T12:00:00Z|pressure_bar,R-SEN-006,unit,kPa,Unite kPa convertie en bar,valeur_normalisee
sensor_readings.csv,EQ-CHILL-001|2026-02-17T18:00:00Z|pressure_bar,R-SEN-006,unit,kPa,Unite kPa convertie en bar,valeur_normalisee
sensor_readings.csv,EQ-CHILL-001|2026-02-18T00:00:00Z|pressure_bar,R-SEN-006,unit,kPa,Unite kPa convertie en bar,valeur_normalisee
sensor_readings.csv,EQ-CHILL-001|2026-02-18T06:00:00Z|pressure_bar,R-SEN-006,unit,kPa,Unite kPa convertie en bar,valeur_normalisee
sensor_readings.csv,EQ-CHILL-001|2026-02-18T12:00:00Z|pressure_bar,R-SEN-006,unit,kPa,Unite kPa convertie en bar,valeur_normalisee
sensor_readings.csv,EQ-CHILL-001|2026-02-18T18:00:00Z|pressure_bar,R-SEN-006,unit,kPa,Unite kPa convertie en bar,valeur_normalisee
sensor_readings.csv,EQ-CHILL-001|2026-02-19T00:00:00Z|pressure_bar,R-SEN-006,unit,kPa,Unite kPa convertie en bar,valeur_normalisee
sensor_readings.csv,EQ-CHILL-001|2026-02-19T06:00:00Z|pressure_bar,R-SEN-006,unit,kPa,Unite kPa convertie en bar,valeur_normalisee
sensor_readings.csv,EQ-CHILL-001|2026-02-19T12:00:00Z|pressure_bar,R-SEN-006,unit,kPa,Unite kPa convertie en bar,valeur_normalisee
sensor_readings.csv,EQ-CHILL-001|2026-02-19T18:00:00Z|pressure_bar,R-SEN-006,unit,kPa,Unite kPa convertie en bar,valeur_normalisee
sensor_readings.csv,EQ-CHILL-001|2026-02-20T00:00:00Z|pressure_bar,R-SEN-006,unit,kPa,Unite kPa convertie en bar,valeur_normalisee
sensor_readings.csv,EQ-CHILL-001|2026-02-20T06:00:00Z|pressure_bar,R-SEN-006,unit,kPa,Unite kPa convertie en bar,valeur_normalisee
sensor_readings.csv,EQ-CHILL-001|2026-02-20T12:00:00Z|pressure_bar,R-SEN-006,unit,kPa,Unite kPa convertie en bar,valeur_normalisee
sensor_readings.csv,EQ-CHILL-001|2026-02-20T18:00:00Z|pressure_bar,R-SEN-006,unit,kPa,Unite kPa convertie en bar,valeur_normalisee
sensor_readings.csv,EQ-CHILL-001|2026-02-21T00:00:00Z|pressure_bar,R-SEN-006,unit,kPa,Unite kPa convertie en bar,valeur_normalisee
sensor_readings.csv,EQ-CHILL-001|2026-02-21T06:00:00Z|pressure_bar,R-SEN-006,unit,kPa,Unite kPa convertie en bar,valeur_normalisee
sensor_readings.csv,EQ-CHILL-001|2026-02-21T12:00:00Z|pressure_bar,R-SEN-006,unit,kPa,Unite kPa convertie en bar,valeur_normalisee
sensor_readings.csv,EQ-CHILL-001|2026-02-21T18:00:00Z|pressure_bar,R-SEN-006,unit,kPa,Unite kPa convertie en bar,valeur_normalisee
sensor_readings.csv,EQ-CHILL-001|2026-02-22T00:00:00Z|pressure_bar,R-SEN-006,unit,kPa,Unite kPa convertie en bar,valeur_normalisee
sensor_readings.csv,EQ-CHILL-001|2026-02-22T06:00:00Z|pressure_bar,R-SEN-006,unit,kPa,Unite kPa convertie en bar,valeur_normalisee
sensor_readings.csv,EQ-CHILL-001|2026-02-22T12:00:00Z|pressure_bar,R-SEN-006,unit,kPa,Unite kPa convertie en bar,valeur_normalisee
sensor_readings.csv,EQ-CHILL-001|2026-02-22T18:00:00Z|pressure_bar,R-SEN-006,unit,kPa,Unite kPa convertie en bar,valeur_normalisee
sensor_readings.csv,EQ-CHILL-001|2026-02-23T00:00:00Z|pressure_bar,R-SEN-006,unit,kPa,Unite kPa convertie en bar,valeur_normalisee
sensor_readings.csv,EQ-CHILL-001|2026-02-23T06:00:00Z|pressure_bar,R-SEN-006,unit,kPa,Unite kPa convertie en bar,valeur_normalisee
sensor_readings.csv,EQ-CHILL-001|2026-02-23T12:00:00Z|pressure_bar,R-SEN-006,unit,kPa,Unite kPa convertie en bar,valeur_normalisee
sensor_readings.csv,EQ-CHILL-001|2026-02-23T18:00:00Z|pressure_bar,R-SEN-006,unit,kPa,Unite kPa convertie en bar,valeur_normalisee
sensor_readings.csv,EQ-CHILL-001|2026-02-24T00:00:00Z|pressure_bar,R-SEN-006,unit,kPa,Unite kPa convertie en bar,valeur_normalisee
sensor_readings.csv,EQ-CHILL-001|2026-02-24T06:00:00Z|pressure_bar,R-SEN-006,unit,kPa,Unite kPa convertie en bar,valeur_normalisee
sensor_readings.csv,EQ-CHILL-001|2026-02-24T12:00:00Z|pressure_bar,R-SEN-006,unit,kPa,Unite kPa convertie en bar,valeur_normalisee
sensor_readings.csv,EQ-CHILL-001|2026-02-24T18:00:00Z|pressure_bar,R-SEN-006,unit,kPa,Unite kPa convertie en bar,valeur_normalisee
sensor_readings.csv,EQ-CHILL-001|2026-02-25T00:00:00Z|pressure_bar,R-SEN-006,unit,kPa,Unite kPa convertie en bar,valeur_normalisee
sensor_readings.csv,EQ-CHILL-001|2026-02-25T06:00:00Z|pressure_bar,R-SEN-006,unit,kPa,Unite kPa convertie en bar,valeur_normalisee
sensor_readings.csv,EQ-CHILL-001|2026-02-25T12:00:00Z|pressure_bar,R-SEN-006,unit,kPa,Unite kPa convertie en bar,valeur_normalisee
sensor_readings.csv,EQ-CHILL-001|2026-02-25T18:00:00Z|pressure_bar,R-SEN-006,unit,kPa,Unite kPa convertie en bar,valeur_normalisee
sensor_readings.csv,EQ-CHILL-001|2026-02-26T00:00:00Z|pressure_bar,R-SEN-006,unit,kPa,Unite kPa convertie en bar,valeur_normalisee
sensor_readings.csv,EQ-CHILL-001|2026-02-26T06:00:00Z|pressure_bar,R-SEN-006,unit,kPa,Unite kPa convertie en bar,valeur_normalisee
sensor_readings.csv,EQ-CHILL-001|2026-02-26T12:00:00Z|pressure_bar,R-SEN-006,unit,kPa,Unite kPa convertie en bar,valeur_normalisee
sensor_readings.csv,EQ-CHILL-001|2026-02-26T18:00:00Z|pressure_bar,R-SEN-006,unit,kPa,Unite kPa convertie en bar,valeur_normalisee
sensor_readings.csv,EQ-CHILL-001|2026-02-27T00:00:00Z|pressure_bar,R-SEN-006,unit,kPa,Unite kPa convertie en bar,valeur_normalisee
sensor_readings.csv,EQ-CHILL-001|2026-02-27T06:00:00Z|pressure_bar,R-SEN-006,unit,kPa,Unite kPa convertie en bar,valeur_normalisee
sensor_readings.csv,EQ-CHILL-001|2026-02-27T12:00:00Z|pressure_bar,R-SEN-006,unit,kPa,Unite kPa convertie en bar,valeur_normalisee
sensor_readings.csv,EQ-CHILL-001|2026-02-27T18:00:00Z|pressure_bar,R-SEN-006,unit,kPa,Unite kPa convertie en bar,valeur_normalisee
sensor_readings.csv,EQ-CHILL-001|2026-02-28T00:00:00Z|pressure_bar,R-SEN-006,unit,kPa,Unite kPa convertie en bar,valeur_normalisee
sensor_readings.csv,EQ-CHILL-001|2026-02-28T06:00:00Z|pressure_bar,R-SEN-006,unit,kPa,Unite kPa convertie en bar,valeur_normalisee
sensor_readings.csv,EQ-CHILL-001|2026-02-28T12:00:00Z|pressure_bar,R-SEN-006,unit,kPa,Unite kPa convertie en bar,valeur_normalisee
sensor_readings.csv,EQ-CHILL-001|2026-02-28T18:00:00Z|pressure_bar,R-SEN-006,unit,kPa,Unite kPa convertie en bar,valeur_normalisee
sensor_readings.csv,EQ-CHILL-001|2026-03-01T00:00:00Z|pressure_bar,R-SEN-006,unit,kPa,Unite kPa convertie en bar,valeur_normalisee
sensor_readings.csv,EQ-CHILL-001|2026-03-01T06:00:00Z|pressure_bar,R-SEN-006,unit,kPa,Unite kPa convertie en bar,valeur_normalisee
sensor_readings.csv,EQ-CHILL-001|2026-03-01T12:00:00Z|pressure_bar,R-SEN-006,unit,kPa,Unite kPa convertie en bar,valeur_normalisee
sensor_readings.csv,EQ-CHILL-001|2026-03-01T18:00:00Z|pressure_bar,R-SEN-006,unit,kPa,Unite kPa convertie en bar,valeur_normalisee
sensor_readings.csv,EQ-CHILL-001|2026-03-02T00:00:00Z|pressure_bar,R-SEN-006,unit,kPa,Unite kPa convertie en bar,valeur_normalisee
sensor_readings.csv,EQ-CHILL-001|2026-03-02T06:00:00Z|pressure_bar,R-SEN-006,unit,kPa,Unite kPa convertie en bar,valeur_normalisee
sensor_readings.csv,EQ-CHILL-001|2026-03-02T12:00:00Z|pressure_bar,R-SEN-006,unit,kPa,Unite kPa convertie en bar,valeur_normalisee
sensor_readings.csv,EQ-CHILL-001|2026-03-02T18:00:00Z|pressure_bar,R-SEN-006,unit,kPa,Unite kPa convertie en bar,valeur_normalisee
sensor_readings.csv,EQ-CHILL-001|2026-03-03T00:00:00Z|pressure_bar,R-SEN-006,unit,kPa,Unite kPa convertie en bar,valeur_normalisee
sensor_readings.csv,EQ-CHILL-001|2026-03-03T06:00:00Z|pressure_bar,R-SEN-006,unit,kPa,Unite kPa convertie en bar,valeur_normalisee
sensor_readings.csv,EQ-CHILL-001|2026-03-03T12:00:00Z|pressure_bar,R-SEN-006,unit,kPa,Unite kPa convertie en bar,valeur_normalisee
sensor_readings.csv,EQ-CHILL-001|2026-03-03T18:00:00Z|pressure_bar,R-SEN-006,unit,kPa,Unite kPa convertie en bar,valeur_normalisee
sensor_readings.csv,EQ-CHILL-001|2026-03-04T00:00:00Z|pressure_bar,R-SEN-006,unit,kPa,Unite kPa convertie en bar,valeur_normalisee
sensor_readings.csv,EQ-CHILL-001|2026-03-04T06:00:00Z|pressure_bar,R-SEN-006,unit,kPa,Unite kPa convertie en bar,valeur_normalisee
sensor_readings.csv,EQ-CHILL-001|2026-03-04T12:00:00Z|pressure_bar,R-SEN-006,unit,kPa,Unite kPa convertie en bar,valeur_normalisee
sensor_readings.csv,EQ-CHILL-001|2026-03-04T18:00:00Z|pressure_bar,R-SEN-006,unit,kPa,Unite kPa convertie en bar,valeur_normalisee
sensor_readings.csv,EQ-CHILL-001|2026-03-05T00:00:00Z|pressure_bar,R-SEN-006,unit,kPa,Unite kPa convertie en bar,valeur_normalisee
sensor_readings.csv,EQ-CHILL-001|2026-03-05T06:00:00Z|pressure_bar,R-SEN-006,unit,kPa,Unite kPa convertie en bar,valeur_normalisee
sensor_readings.csv,EQ-CHILL-001|2026-03-05T12:00:00Z|pressure_bar,R-SEN-006,unit,kPa,Unite kPa convertie en bar,valeur_normalisee
sensor_readings.csv,EQ-CHILL-001|2026-03-05T18:00:00Z|pressure_bar,R-SEN-006,unit,kPa,Unite kPa convertie en bar,valeur_normalisee
sensor_readings.csv,EQ-CHILL-001|2026-03-06T00:00:00Z|pressure_bar,R-SEN-006,unit,kPa,Unite kPa convertie en bar,valeur_normalisee
sensor_readings.csv,EQ-CHILL-001|2026-03-06T06:00:00Z|pressure_bar,R-SEN-006,unit,kPa,Unite kPa convertie en bar,valeur_normalisee
sensor_readings.csv,EQ-CHILL-001|2026-03-06T12:00:00Z|pressure_bar,R-SEN-006,unit,kPa,Unite kPa convertie en bar,valeur_normalisee
sensor_readings.csv,EQ-CHILL-001|2026-03-06T18:00:00Z|pressure_bar,R-SEN-006,unit,kPa,Unite kPa convertie en bar,valeur_normalisee
sensor_readings.csv,EQ-CHILL-001|2026-03-07T00:00:00Z|pressure_bar,R-SEN-006,unit,kPa,Unite kPa convertie en bar,valeur_normalisee
sensor_readings.csv,EQ-CHILL-001|2026-03-07T06:00:00Z|pressure_bar,R-SEN-006,unit,kPa,Unite kPa convertie en bar,valeur_normalisee
sensor_readings.csv,EQ-CHILL-001|2026-03-07T12:00:00Z|pressure_bar,R-SEN-006,unit,kPa,Unite kPa convertie en bar,valeur_normalisee
sensor_readings.csv,EQ-CHILL-001|2026-03-07T18:00:00Z|pressure_bar,R-SEN-006,unit,kPa,Unite kPa convertie en bar,valeur_normalisee
sensor_readings.csv,EQ-CHILL-001|2026-03-08T00:00:00Z|pressure_bar,R-SEN-006,unit,kPa,Unite kPa convertie en bar,valeur_normalisee
sensor_readings.csv,EQ-CHILL-001|2026-03-08T06:00:00Z|pressure_bar,R-SEN-006,unit,kPa,Unite kPa convertie en bar,valeur_normalisee
sensor_readings.csv,EQ-CHILL-001|2026-03-08T12:00:00Z|pressure_bar,R-SEN-006,unit,kPa,Unite kPa convertie en bar,valeur_normalisee
sensor_readings.csv,EQ-CHILL-001|2026-03-08T18:00:00Z|pressure_bar,R-SEN-006,unit,kPa,Unite kPa convertie en bar,valeur_normalisee
sensor_readings.csv,EQ-CHILL-001|2026-03-09T00:00:00Z|pressure_bar,R-SEN-006,unit,kPa,Unite kPa convertie en bar,valeur_normalisee
sensor_readings.csv,EQ-CHILL-001|2026-03-09T06:00:00Z|pressure_bar,R-SEN-006,unit,kPa,Unite kPa convertie en bar,valeur_normalisee
sensor_readings.csv,EQ-CHILL-001|2026-03-09T12:00:00Z|pressure_bar,R-SEN-006,unit,kPa,Unite kPa convertie en bar,valeur_normalisee
sensor_readings.csv,EQ-CHILL-001|2026-03-09T18:00:00Z|pressure_bar,R-SEN-006,unit,kPa,Unite kPa convertie en bar,valeur_normalisee
sensor_readings.csv,EQ-CHILL-001|2026-03-10T00:00:00Z|pressure_bar,R-SEN-006,unit,kPa,Unite kPa convertie en bar,valeur_normalisee
sensor_readings.csv,EQ-CHILL-001|2026-03-10T06:00:00Z|pressure_bar,R-SEN-006,unit,kPa,Unite kPa convertie en bar,valeur_normalisee
sensor_readings.csv,EQ-CHILL-001|2026-03-10T12:00:00Z|pressure_bar,R-SEN-006,unit,kPa,Unite kPa convertie en bar,valeur_normalisee
sensor_readings.csv,EQ-CHILL-001|2026-03-10T18:00:00Z|pressure_bar,R-SEN-006,unit,kPa,Unite kPa convertie en bar,valeur_normalisee
sensor_readings.csv,EQ-CHILL-001|2026-03-11T00:00:00Z|pressure_bar,R-SEN-006,unit,kPa,Unite kPa convertie en bar,valeur_normalisee
sensor_readings.csv,EQ-CHILL-001|2026-03-11T06:00:00Z|pressure_bar,R-SEN-006,unit,kPa,Unite kPa convertie en bar,valeur_normalisee
sensor_readings.csv,EQ-CHILL-001|2026-03-11T12:00:00Z|pressure_bar,R-SEN-006,unit,kPa,Unite kPa convertie en bar,valeur_normalisee
sensor_readings.csv,EQ-CHILL-001|2026-03-11T18:00:00Z|pressure_bar,R-SEN-006,unit,kPa,Unite kPa convertie en bar,valeur_normalisee
sensor_readings.csv,EQ-CHILL-001|2026-03-12T00:00:00Z|pressure_bar,R-SEN-006,unit,kPa,Unite kPa convertie en bar,valeur_normalisee
sensor_readings.csv,EQ-CHILL-001|2026-03-12T06:00:00Z|pressure_bar,R-SEN-006,unit,kPa,Unite kPa convertie en bar,valeur_normalisee
sensor_readings.csv,EQ-CHILL-001|2026-03-12T12:00:00Z|pressure_bar,R-SEN-006,unit,kPa,Unite kPa convertie en bar,valeur_normalisee
sensor_readings.csv,EQ-CHILL-001|2026-03-12T18:00:00Z|pressure_bar,R-SEN-006,unit,kPa,Unite kPa convertie en bar,valeur_normalisee
sensor_readings.csv,EQ-CHILL-001|2026-03-13T00:00:00Z|pressure_bar,R-SEN-006,unit,kPa,Unite kPa convertie en bar,valeur_normalisee
sensor_readings.csv,EQ-CHILL-001|2026-03-13T06:00:00Z|pressure_bar,R-SEN-006,unit,kPa,Unite kPa convertie en bar,valeur_normalisee
sensor_readings.csv,EQ-CHILL-001|2026-03-13T12:00:00Z|pressure_bar,R-SEN-006,unit,kPa,Unite kPa convertie en bar,valeur_normalisee
sensor_readings.csv,EQ-CHILL-001|2026-03-13T18:00:00Z|pressure_bar,R-SEN-006,unit,kPa,Unite kPa convertie en bar,valeur_normalisee
sensor_readings.csv,EQ-CHILL-001|2026-03-14T00:00:00Z|pressure_bar,R-SEN-006,unit,kPa,Unite kPa convertie en bar,valeur_normalisee
sensor_readings.csv,EQ-CHILL-001|2026-03-14T06:00:00Z|pressure_bar,R-SEN-006,unit,kPa,Unite kPa convertie en bar,valeur_normalisee
sensor_readings.csv,EQ-CHILL-001|2026-03-14T12:00:00Z|pressure_bar,R-SEN-006,unit,kPa,Unite kPa convertie en bar,valeur_normalisee
sensor_readings.csv,EQ-CHILL-001|2026-03-14T18:00:00Z|pressure_bar,R-SEN-006,unit,kPa,Unite kPa convertie en bar,valeur_normalisee
sensor_readings.csv,EQ-CHILL-001|2026-03-15T00:00:00Z|pressure_bar,R-SEN-006,unit,kPa,Unite kPa convertie en bar,valeur_normalisee
sensor_readings.csv,EQ-CHILL-001|2026-03-15T06:00:00Z|pressure_bar,R-SEN-006,unit,kPa,Unite kPa convertie en bar,valeur_normalisee
sensor_readings.csv,EQ-CHILL-001|2026-03-15T12:00:00Z|pressure_bar,R-SEN-006,unit,kPa,Unite kPa convertie en bar,valeur_normalisee
sensor_readings.csv,EQ-CHILL-001|2026-03-15T18:00:00Z|pressure_bar,R-SEN-006,unit,kPa,Unite kPa convertie en bar,valeur_normalisee
sensor_readings.csv,EQ-CHILL-001|2026-03-16T00:00:00Z|pressure_bar,R-SEN-006,unit,kPa,Unite kPa convertie en bar,valeur_normalisee
sensor_readings.csv,EQ-CHILL-001|2026-03-16T06:00:00Z|pressure_bar,R-SEN-006,unit,kPa,Unite kPa convertie en bar,valeur_normalisee
sensor_readings.csv,EQ-CHILL-001|2026-03-16T12:00:00Z|pressure_bar,R-SEN-006,unit,kPa,Unite kPa convertie en bar,valeur_normalisee
sensor_readings.csv,EQ-CHILL-001|2026-03-16T18:00:00Z|pressure_bar,R-SEN-006,unit,kPa,Unite kPa convertie en bar,valeur_normalisee
sensor_readings.csv,EQ-CHILL-001|2026-03-17T00:00:00Z|pressure_bar,R-SEN-006,unit,kPa,Unite kPa convertie en bar,valeur_normalisee
sensor_readings.csv,EQ-CHILL-001|2026-03-17T06:00:00Z|pressure_bar,R-SEN-006,unit,kPa,Unite kPa convertie en bar,valeur_normalisee
sensor_readings.csv,EQ-CHILL-001|2026-03-17T12:00:00Z|pressure_bar,R-SEN-006,unit,kPa,Unite kPa convertie en bar,valeur_normalisee
sensor_readings.csv,EQ-CHILL-001|2026-03-17T18:00:00Z|pressure_bar,R-SEN-006,unit,kPa,Unite kPa convertie en bar,valeur_normalisee
sensor_readings.csv,EQ-CHILL-001|2026-03-18T00:00:00Z|pressure_bar,R-SEN-006,unit,kPa,Unite kPa convertie en bar,valeur_normalisee
sensor_readings.csv,EQ-CHILL-001|2026-03-18T06:00:00Z|pressure_bar,R-SEN-006,unit,kPa,Unite kPa convertie en bar,valeur_normalisee
sensor_readings.csv,EQ-CHILL-001|2026-03-18T12:00:00Z|pressure_bar,R-SEN-006,unit,kPa,Unite kPa convertie en bar,valeur_normalisee
sensor_readings.csv,EQ-CHILL-001|2026-03-18T18:00:00Z|pressure_bar,R-SEN-006,unit,kPa,Unite kPa convertie en bar,valeur_normalisee
sensor_readings.csv,EQ-CHILL-001|2026-03-19T00:00:00Z|pressure_bar,R-SEN-006,unit,kPa,Unite kPa convertie en bar,valeur_normalisee
sensor_readings.csv,EQ-CHILL-001|2026-03-19T06:00:00Z|pressure_bar,R-SEN-006,unit,kPa,Unite kPa convertie en bar,valeur_normalisee
sensor_readings.csv,EQ-CHILL-001|2026-03-19T12:00:00Z|pressure_bar,R-SEN-006,unit,kPa,Unite kPa convertie en bar,valeur_normalisee
sensor_readings.csv,EQ-CHILL-001|2026-03-19T18:00:00Z|pressure_bar,R-SEN-006,unit,kPa,Unite kPa convertie en bar,valeur_normalisee
sensor_readings.csv,EQ-CHILL-001|2026-03-20T00:00:00Z|pressure_bar,R-SEN-006,unit,kPa,Unite kPa convertie en bar,valeur_normalisee
sensor_readings.csv,EQ-CHILL-001|2026-03-20T06:00:00Z|pressure_bar,R-SEN-006,unit,kPa,Unite kPa convertie en bar,valeur_normalisee
sensor_readings.csv,EQ-CHILL-001|2026-03-20T12:00:00Z|pressure_bar,R-SEN-006,unit,kPa,Unite kPa convertie en bar,valeur_normalisee
sensor_readings.csv,EQ-CHILL-001|2026-03-20T18:00:00Z|pressure_bar,R-SEN-006,unit,kPa,Unite kPa convertie en bar,valeur_normalisee
sensor_readings.csv,EQ-CHILL-001|2026-03-21T00:00:00Z|pressure_bar,R-SEN-006,unit,kPa,Unite kPa convertie en bar,valeur_normalisee
sensor_readings.csv,EQ-CHILL-001|2026-03-21T06:00:00Z|pressure_bar,R-SEN-006,unit,kPa,Unite kPa convertie en bar,valeur_normalisee
sensor_readings.csv,EQ-CHILL-001|2026-03-21T12:00:00Z|pressure_bar,R-SEN-006,unit,kPa,Unite kPa convertie en bar,valeur_normalisee
sensor_readings.csv,EQ-CHILL-001|2026-03-21T18:00:00Z|pressure_bar,R-SEN-006,unit,kPa,Unite kPa convertie en bar,valeur_normalisee
sensor_readings.csv,EQ-CHILL-001|2026-03-22T00:00:00Z|pressure_bar,R-SEN-006,unit,kPa,Unite kPa convertie en bar,valeur_normalisee
sensor_readings.csv,EQ-CHILL-001|2026-03-22T06:00:00Z|pressure_bar,R-SEN-006,unit,kPa,Unite kPa convertie en bar,valeur_normalisee
sensor_readings.csv,EQ-CHILL-001|2026-03-22T12:00:00Z|pressure_bar,R-SEN-006,unit,kPa,Unite kPa convertie en bar,valeur_normalisee
sensor_readings.csv,EQ-CHILL-001|2026-03-22T18:00:00Z|pressure_bar,R-SEN-006,unit,kPa,Unite kPa convertie en bar,valeur_normalisee
sensor_readings.csv,EQ-CHILL-001|2026-03-23T00:00:00Z|pressure_bar,R-SEN-006,unit,kPa,Unite kPa convertie en bar,valeur_normalisee
sensor_readings.csv,EQ-CHILL-001|2026-03-23T06:00:00Z|pressure_bar,R-SEN-006,unit,kPa,Unite kPa convertie en bar,valeur_normalisee
sensor_readings.csv,EQ-CHILL-001|2026-03-23T12:00:00Z|pressure_bar,R-SEN-006,unit,kPa,Unite kPa convertie en bar,valeur_normalisee
sensor_readings.csv,EQ-CHILL-001|2026-03-23T18:00:00Z|pressure_bar,R-SEN-006,unit,kPa,Unite kPa convertie en bar,valeur_normalisee
sensor_readings.csv,EQ-CHILL-001|2026-03-24T00:00:00Z|pressure_bar,R-SEN-006,unit,kPa,Unite kPa convertie en bar,valeur_normalisee
sensor_readings.csv,EQ-CHILL-001|2026-03-24T06:00:00Z|pressure_bar,R-SEN-006,unit,kPa,Unite kPa convertie en bar,valeur_normalisee
sensor_readings.csv,EQ-CHILL-001|2026-03-24T12:00:00Z|pressure_bar,R-SEN-006,unit,kPa,Unite kPa convertie en bar,valeur_normalisee
sensor_readings.csv,EQ-CHILL-001|2026-03-24T18:00:00Z|pressure_bar,R-SEN-006,unit,kPa,Unite kPa convertie en bar,valeur_normalisee
sensor_readings.csv,EQ-CHILL-001|2026-03-25T00:00:00Z|pressure_bar,R-SEN-006,unit,kPa,Unite kPa convertie en bar,valeur_normalisee
sensor_readings.csv,EQ-CHILL-001|2026-03-25T06:00:00Z|pressure_bar,R-SEN-006,unit,kPa,Unite kPa convertie en bar,valeur_normalisee
sensor_readings.csv,EQ-CHILL-001|2026-03-25T12:00:00Z|pressure_bar,R-SEN-006,unit,kPa,Unite kPa convertie en bar,valeur_normalisee
sensor_readings.csv,EQ-CHILL-001|2026-03-25T18:00:00Z|pressure_bar,R-SEN-006,unit,kPa,Unite kPa convertie en bar,valeur_normalisee
sensor_readings.csv,EQ-CHILL-001|2026-03-26T00:00:00Z|pressure_bar,R-SEN-006,unit,kPa,Unite kPa convertie en bar,valeur_normalisee
sensor_readings.csv,EQ-CHILL-001|2026-03-26T06:00:00Z|pressure_bar,R-SEN-006,unit,kPa,Unite kPa convertie en bar,valeur_normalisee
sensor_readings.csv,EQ-CHILL-001|2026-03-26T12:00:00Z|pressure_bar,R-SEN-006,unit,kPa,Unite kPa convertie en bar,valeur_normalisee
sensor_readings.csv,EQ-CHILL-001|2026-03-26T18:00:00Z|pressure_bar,R-SEN-006,unit,kPa,Unite kPa convertie en bar,valeur_normalisee
sensor_readings.csv,EQ-CHILL-001|2026-03-27T00:00:00Z|pressure_bar,R-SEN-006,unit,kPa,Unite kPa convertie en bar,valeur_normalisee
sensor_readings.csv,EQ-CHILL-001|2026-03-27T06:00:00Z|pressure_bar,R-SEN-006,unit,kPa,Unite kPa convertie en bar,valeur_normalisee
sensor_readings.csv,EQ-CHILL-001|2026-03-27T12:00:00Z|pressure_bar,R-SEN-006,unit,kPa,Unite kPa convertie en bar,valeur_normalisee
sensor_readings.csv,EQ-CHILL-001|2026-03-27T18:00:00Z|pressure_bar,R-SEN-006,unit,kPa,Unite kPa convertie en bar,valeur_normalisee
sensor_readings.csv,EQ-CHILL-001|2026-03-28T00:00:00Z|pressure_bar,R-SEN-006,unit,kPa,Unite kPa convertie en bar,valeur_normalisee
sensor_readings.csv,EQ-CHILL-001|2026-03-28T06:00:00Z|pressure_bar,R-SEN-006,unit,kPa,Unite kPa convertie en bar,valeur_normalisee
sensor_readings.csv,EQ-CHILL-001|2026-03-28T12:00:00Z|pressure_bar,R-SEN-006,unit,kPa,Unite kPa convertie en bar,valeur_normalisee
sensor_readings.csv,EQ-CHILL-001|2026-03-28T18:00:00Z|pressure_bar,R-SEN-006,unit,kPa,Unite kPa convertie en bar,valeur_normalisee
sensor_readings.csv,EQ-CHILL-001|2026-03-29T00:00:00Z|pressure_bar,R-SEN-006,unit,kPa,Unite kPa convertie en bar,valeur_normalisee
sensor_readings.csv,EQ-CHILL-001|2026-03-29T06:00:00Z|pressure_bar,R-SEN-006,unit,kPa,Unite kPa convertie en bar,valeur_normalisee
sensor_readings.csv,EQ-CHILL-001|2026-03-29T12:00:00Z|pressure_bar,R-SEN-006,unit,kPa,Unite kPa convertie en bar,valeur_normalisee
sensor_readings.csv,EQ-CHILL-001|2026-03-29T18:00:00Z|pressure_bar,R-SEN-006,unit,kPa,Unite kPa convertie en bar,valeur_normalisee
sensor_readings.csv,EQ-CHILL-001|2026-03-30T00:00:00Z|pressure_bar,R-SEN-006,unit,kPa,Unite kPa convertie en bar,valeur_normalisee
sensor_readings.csv,EQ-CHILL-001|2026-03-30T06:00:00Z|pressure_bar,R-SEN-006,unit,kPa,Unite kPa convertie en bar,valeur_normalisee
sensor_readings.csv,EQ-CHILL-001|2026-03-30T12:00:00Z|pressure_bar,R-SEN-006,unit,kPa,Unite kPa convertie en bar,valeur_normalisee
sensor_readings.csv,EQ-CHILL-001|2026-03-30T18:00:00Z|pressure_bar,R-SEN-006,unit,kPa,Unite kPa convertie en bar,valeur_normalisee
sensor_readings.csv,EQ-CHILL-001|2026-03-31T00:00:00Z|pressure_bar,R-SEN-006,unit,kPa,Unite kPa convertie en bar,valeur_normalisee
sensor_readings.csv,EQ-CHILL-001|2026-03-31T06:00:00Z|pressure_bar,R-SEN-006,unit,kPa,Unite kPa convertie en bar,valeur_normalisee
sensor_readings.csv,EQ-CHILL-001|2026-03-31T12:00:00Z|pressure_bar,R-SEN-006,unit,kPa,Unite kPa convertie en bar,valeur_normalisee
sensor_readings.csv,EQ-CHILL-001|2026-03-31T18:00:00Z|pressure_bar,R-SEN-006,unit,kPa,Unite kPa convertie en bar,valeur_normalisee
sensor_readings.csv,EQ-CHILL-001|2026-04-01T00:00:00Z|pressure_bar,R-SEN-006,unit,kPa,Unite kPa convertie en bar,valeur_normalisee
sensor_readings.csv,EQ-CHILL-001|2026-04-01T06:00:00Z|pressure_bar,R-SEN-006,unit,kPa,Unite kPa convertie en bar,valeur_normalisee
sensor_readings.csv,EQ-CHILL-001|2026-04-01T12:00:00Z|pressure_bar,R-SEN-006,unit,kPa,Unite kPa convertie en bar,valeur_normalisee
sensor_readings.csv,EQ-CHILL-001|2026-04-01T18:00:00Z|pressure_bar,R-SEN-006,unit,kPa,Unite kPa convertie en bar,valeur_normalisee
sensor_readings.csv,EQ-CHILL-001|2026-04-02T00:00:00Z|pressure_bar,R-SEN-006,unit,kPa,Unite kPa convertie en bar,valeur_normalisee
sensor_readings.csv,EQ-CHILL-001|2026-04-02T06:00:00Z|pressure_bar,R-SEN-006,unit,kPa,Unite kPa convertie en bar,valeur_normalisee
sensor_readings.csv,EQ-CHILL-001|2026-04-02T12:00:00Z|pressure_bar,R-SEN-006,unit,kPa,Unite kPa convertie en bar,valeur_normalisee
sensor_readings.csv,EQ-CHILL-001|2026-04-02T18:00:00Z|pressure_bar,R-SEN-006,unit,kPa,Unite kPa convertie en bar,valeur_normalisee
sensor_readings.csv,EQ-CHILL-001|2026-04-03T00:00:00Z|pressure_bar,R-SEN-006,unit,kPa,Unite kPa convertie en bar,valeur_normalisee
sensor_readings.csv,EQ-CHILL-001|2026-04-03T06:00:00Z|pressure_bar,R-SEN-006,unit,kPa,Unite kPa convertie en bar,valeur_normalisee
sensor_readings.csv,EQ-CHILL-001|2026-04-03T12:00:00Z|pressure_bar,R-SEN-006,unit,kPa,Unite kPa convertie en bar,valeur_normalisee
sensor_readings.csv,EQ-CHILL-001|2026-04-03T18:00:00Z|pressure_bar,R-SEN-006,unit,kPa,Unite kPa convertie en bar,valeur_normalisee
sensor_readings.csv,EQ-CHILL-001|2026-04-04T00:00:00Z|pressure_bar,R-SEN-006,unit,kPa,Unite kPa convertie en bar,valeur_normalisee
sensor_readings.csv,EQ-CHILL-001|2026-04-04T06:00:00Z|pressure_bar,R-SEN-006,unit,kPa,Unite kPa convertie en bar,valeur_normalisee
sensor_readings.csv,EQ-CHILL-001|2026-04-04T12:00:00Z|pressure_bar,R-SEN-006,unit,kPa,Unite kPa convertie en bar,valeur_normalisee
sensor_readings.csv,EQ-CHILL-001|2026-04-04T18:00:00Z|pressure_bar,R-SEN-006,unit,kPa,Unite kPa convertie en bar,valeur_normalisee
sensor_readings.csv,EQ-CHILL-001|2026-04-05T00:00:00Z|pressure_bar,R-SEN-006,unit,kPa,Unite kPa convertie en bar,valeur_normalisee
sensor_readings.csv,EQ-CHILL-001|2026-04-05T06:00:00Z|pressure_bar,R-SEN-006,unit,kPa,Unite kPa convertie en bar,valeur_normalisee
sensor_readings.csv,EQ-CHILL-001|2026-04-05T12:00:00Z|pressure_bar,R-SEN-006,unit,kPa,Unite kPa convertie en bar,valeur_normalisee
sensor_readings.csv,EQ-CHILL-001|2026-04-05T18:00:00Z|pressure_bar,R-SEN-006,unit,kPa,Unite kPa convertie en bar,valeur_normalisee
sensor_readings.csv,EQ-CHILL-001|2026-04-06T00:00:00Z|pressure_bar,R-SEN-006,unit,kPa,Unite kPa convertie en bar,valeur_normalisee
sensor_readings.csv,EQ-CHILL-001|2026-04-06T06:00:00Z|pressure_bar,R-SEN-006,unit,kPa,Unite kPa convertie en bar,valeur_normalisee
sensor_readings.csv,EQ-CHILL-001|2026-04-06T12:00:00Z|pressure_bar,R-SEN-006,unit,kPa,Unite kPa convertie en bar,valeur_normalisee
sensor_readings.csv,EQ-CHILL-001|2026-04-06T18:00:00Z|pressure_bar,R-SEN-006,unit,kPa,Unite kPa convertie en bar,valeur_normalisee
sensor_readings.csv,EQ-CHILL-001|2026-04-07T00:00:00Z|pressure_bar,R-SEN-006,unit,kPa,Unite kPa convertie en bar,valeur_normalisee
sensor_readings.csv,EQ-CHILL-001|2026-04-07T06:00:00Z|pressure_bar,R-SEN-006,unit,kPa,Unite kPa convertie en bar,valeur_normalisee
sensor_readings.csv,EQ-CHILL-001|2026-04-07T12:00:00Z|pressure_bar,R-SEN-006,unit,kPa,Unite kPa convertie en bar,valeur_normalisee
sensor_readings.csv,EQ-CHILL-001|2026-04-07T18:00:00Z|pressure_bar,R-SEN-006,unit,kPa,Unite kPa convertie en bar,valeur_normalisee
sensor_readings.csv,EQ-CHILL-001|2026-04-08T00:00:00Z|pressure_bar,R-SEN-006,unit,kPa,Unite kPa convertie en bar,valeur_normalisee
sensor_readings.csv,EQ-CHILL-001|2026-04-08T06:00:00Z|pressure_bar,R-SEN-006,unit,kPa,Unite kPa convertie en bar,valeur_normalisee
sensor_readings.csv,EQ-CHILL-001|2026-04-08T12:00:00Z|pressure_bar,R-SEN-006,unit,kPa,Unite kPa convertie en bar,valeur_normalisee
sensor_readings.csv,EQ-CHILL-001|2026-04-08T18:00:00Z|pressure_bar,R-SEN-006,unit,kPa,Unite kPa convertie en bar,valeur_normalisee
sensor_readings.csv,EQ-CHILL-001|2026-04-09T00:00:00Z|pressure_bar,R-SEN-006,unit,kPa,Unite kPa convertie en bar,valeur_normalisee
sensor_readings.csv,EQ-CHILL-001|2026-04-09T06:00:00Z|pressure_bar,R-SEN-006,unit,kPa,Unite kPa convertie en bar,valeur_normalisee
sensor_readings.csv,EQ-CHILL-001|2026-04-09T12:00:00Z|pressure_bar,R-SEN-006,unit,kPa,Unite kPa convertie en bar,valeur_normalisee
sensor_readings.csv,EQ-CHILL-001|2026-04-09T18:00:00Z|pressure_bar,R-SEN-006,unit,kPa,Unite kPa convertie en bar,valeur_normalisee
sensor_readings.csv,EQ-CHILL-001|2026-04-10T00:00:00Z|pressure_bar,R-SEN-006,unit,kPa,Unite kPa convertie en bar,valeur_normalisee
sensor_readings.csv,EQ-CHILL-001|2026-04-10T06:00:00Z|pressure_bar,R-SEN-006,unit,kPa,Unite kPa convertie en bar,valeur_normalisee
sensor_readings.csv,EQ-CHILL-001|2026-04-10T12:00:00Z|pressure_bar,R-SEN-006,unit,kPa,Unite kPa convertie en bar,valeur_normalisee
sensor_readings.csv,EQ-CHILL-001|2026-04-10T18:00:00Z|pressure_bar,R-SEN-006,unit,kPa,Unite kPa convertie en bar,valeur_normalisee
sensor_readings.csv,EQ-CHILL-001|2026-04-11T00:00:00Z|pressure_bar,R-SEN-006,unit,kPa,Unite kPa convertie en bar,valeur_normalisee
sensor_readings.csv,EQ-CHILL-001|2026-04-11T06:00:00Z|pressure_bar,R-SEN-006,unit,kPa,Unite kPa convertie en bar,valeur_normalisee
sensor_readings.csv,EQ-CHILL-001|2026-04-11T12:00:00Z|pressure_bar,R-SEN-006,unit,kPa,Unite kPa convertie en bar,valeur_normalisee
sensor_readings.csv,EQ-CHILL-001|2026-04-11T18:00:00Z|pressure_bar,R-SEN-006,unit,kPa,Unite kPa convertie en bar,valeur_normalisee
sensor_readings.csv,EQ-CHILL-001|2026-04-12T00:00:00Z|pressure_bar,R-SEN-006,unit,kPa,Unite kPa convertie en bar,valeur_normalisee
sensor_readings.csv,EQ-CHILL-001|2026-04-12T06:00:00Z|pressure_bar,R-SEN-006,unit,kPa,Unite kPa convertie en bar,valeur_normalisee
sensor_readings.csv,EQ-CHILL-001|2026-04-12T12:00:00Z|pressure_bar,R-SEN-006,unit,kPa,Unite kPa convertie en bar,valeur_normalisee
sensor_readings.csv,EQ-CHILL-001|2026-04-12T18:00:00Z|pressure_bar,R-SEN-006,unit,kPa,Unite kPa convertie en bar,valeur_normalisee
sensor_readings.csv,EQ-CHILL-001|2026-04-13T00:00:00Z|pressure_bar,R-SEN-006,unit,kPa,Unite kPa convertie en bar,valeur_normalisee
sensor_readings.csv,EQ-CHILL-001|2026-04-13T06:00:00Z|pressure_bar,R-SEN-006,unit,kPa,Unite kPa convertie en bar,valeur_normalisee
sensor_readings.csv,EQ-CHILL-001|2026-04-13T12:00:00Z|pressure_bar,R-SEN-006,unit,kPa,Unite kPa convertie en bar,valeur_normalisee
sensor_readings.csv,EQ-CHILL-001|2026-04-13T18:00:00Z|pressure_bar,R-SEN-006,unit,kPa,Unite kPa convertie en bar,valeur_normalisee
sensor_readings.csv,EQ-CHILL-001|2026-04-14T00:00:00Z|pressure_bar,R-SEN-006,unit,kPa,Unite kPa convertie en bar,valeur_normalisee
sensor_readings.csv,EQ-CHILL-001|2026-04-14T06:00:00Z|pressure_bar,R-SEN-006,unit,kPa,Unite kPa convertie en bar,valeur_normalisee
sensor_readings.csv,EQ-CHILL-001|2026-04-14T12:00:00Z|pressure_bar,R-SEN-006,unit,kPa,Unite kPa convertie en bar,valeur_normalisee
sensor_readings.csv,EQ-CHILL-001|2026-04-14T18:00:00Z|pressure_bar,R-SEN-006,unit,kPa,Unite kPa convertie en bar,valeur_normalisee
sensor_readings.csv,EQ-CHILL-001|2026-04-15T00:00:00Z|pressure_bar,R-SEN-006,unit,kPa,Unite kPa convertie en bar,valeur_normalisee
sensor_readings.csv,EQ-CHILL-001|2026-04-15T06:00:00Z|pressure_bar,R-SEN-006,unit,kPa,Unite kPa convertie en bar,valeur_normalisee
sensor_readings.csv,EQ-CHILL-001|2026-04-15T12:00:00Z|pressure_bar,R-SEN-006,unit,kPa,Unite kPa convertie en bar,valeur_normalisee
sensor_readings.csv,EQ-CHILL-001|2026-04-15T18:00:00Z|pressure_bar,R-SEN-006,unit,kPa,Unite kPa convertie en bar,valeur_normalisee
sensor_readings.csv,EQ-CHILL-001|2026-04-16T00:00:00Z|pressure_bar,R-SEN-006,unit,kPa,Unite kPa convertie en bar,valeur_normalisee
sensor_readings.csv,EQ-CHILL-001|2026-04-16T06:00:00Z|pressure_bar,R-SEN-006,unit,kPa,Unite kPa convertie en bar,valeur_normalisee
sensor_readings.csv,EQ-CHILL-001|2026-04-16T12:00:00Z|pressure_bar,R-SEN-006,unit,kPa,Unite kPa convertie en bar,valeur_normalisee
sensor_readings.csv,EQ-CHILL-001|2026-04-16T18:00:00Z|pressure_bar,R-SEN-006,unit,kPa,Unite kPa convertie en bar,valeur_normalisee
sensor_readings.csv,EQ-CHILL-001|2026-04-17T00:00:00Z|pressure_bar,R-SEN-006,unit,kPa,Unite kPa convertie en bar,valeur_normalisee
sensor_readings.csv,EQ-CHILL-001|2026-04-17T06:00:00Z|pressure_bar,R-SEN-006,unit,kPa,Unite kPa convertie en bar,valeur_normalisee
sensor_readings.csv,EQ-CHILL-001|2026-04-17T12:00:00Z|pressure_bar,R-SEN-006,unit,kPa,Unite kPa convertie en bar,valeur_normalisee
sensor_readings.csv,EQ-CHILL-001|2026-04-17T18:00:00Z|pressure_bar,R-SEN-006,unit,kPa,Unite kPa convertie en bar,valeur_normalisee
sensor_readings.csv,EQ-CHILL-001|2026-04-18T00:00:00Z|pressure_bar,R-SEN-006,unit,kPa,Unite kPa convertie en bar,valeur_normalisee
sensor_readings.csv,EQ-CHILL-001|2026-04-18T06:00:00Z|pressure_bar,R-SEN-006,unit,kPa,Unite kPa convertie en bar,valeur_normalisee
sensor_readings.csv,EQ-CHILL-001|2026-04-18T12:00:00Z|pressure_bar,R-SEN-006,unit,kPa,Unite kPa convertie en bar,valeur_normalisee
sensor_readings.csv,EQ-CHILL-001|2026-04-18T18:00:00Z|pressure_bar,R-SEN-006,unit,kPa,Unite kPa convertie en bar,valeur_normalisee
sensor_readings.csv,EQ-CHILL-001|2026-04-19T00:00:00Z|pressure_bar,R-SEN-006,unit,kPa,Unite kPa convertie en bar,valeur_normalisee
sensor_readings.csv,EQ-CHILL-001|2026-04-19T06:00:00Z|pressure_bar,R-SEN-006,unit,kPa,Unite kPa convertie en bar,valeur_normalisee
sensor_readings.csv,EQ-CHILL-001|2026-04-19T12:00:00Z|pressure_bar,R-SEN-006,unit,kPa,Unite kPa convertie en bar,valeur_normalisee
sensor_readings.csv,EQ-CHILL-001|2026-04-19T18:00:00Z|pressure_bar,R-SEN-006,unit,kPa,Unite kPa convertie en bar,valeur_normalisee
sensor_readings.csv,EQ-CHILL-001|2026-04-20T00:00:00Z|pressure_bar,R-SEN-006,unit,kPa,Unite kPa convertie en bar,valeur_normalisee
sensor_readings.csv,EQ-CHILL-001|2026-04-20T06:00:00Z|pressure_bar,R-SEN-006,unit,kPa,Unite kPa convertie en bar,valeur_normalisee
sensor_readings.csv,EQ-CHILL-001|2026-04-20T12:00:00Z|pressure_bar,R-SEN-006,unit,kPa,Unite kPa convertie en bar,valeur_normalisee
sensor_readings.csv,EQ-CHILL-001|2026-04-20T18:00:00Z|pressure_bar,R-SEN-006,unit,kPa,Unite kPa convertie en bar,valeur_normalisee
sensor_readings.csv,EQ-CHILL-001|2026-04-21T00:00:00Z|pressure_bar,R-SEN-006,unit,kPa,Unite kPa convertie en bar,valeur_normalisee
sensor_readings.csv,EQ-CHILL-001|2026-04-21T06:00:00Z|pressure_bar,R-SEN-006,unit,kPa,Unite kPa convertie en bar,valeur_normalisee
sensor_readings.csv,EQ-CHILL-001|2026-04-21T12:00:00Z|pressure_bar,R-SEN-006,unit,kPa,Unite kPa convertie en bar,valeur_normalisee
sensor_readings.csv,EQ-CHILL-001|2026-04-21T18:00:00Z|pressure_bar,R-SEN-006,unit,kPa,Unite kPa convertie en bar,valeur_normalisee
sensor_readings.csv,EQ-CHILL-001|2026-04-22T00:00:00Z|pressure_bar,R-SEN-006,unit,kPa,Unite kPa convertie en bar,valeur_normalisee
sensor_readings.csv,EQ-CHILL-001|2026-04-22T06:00:00Z|pressure_bar,R-SEN-006,unit,kPa,Unite kPa convertie en bar,valeur_normalisee
sensor_readings.csv,EQ-CHILL-001|2026-04-22T12:00:00Z|pressure_bar,R-SEN-006,unit,kPa,Unite kPa convertie en bar,valeur_normalisee
sensor_readings.csv,EQ-CHILL-001|2026-04-22T18:00:00Z|pressure_bar,R-SEN-006,unit,kPa,Unite kPa convertie en bar,valeur_normalisee
sensor_readings.csv,EQ-CHILL-001|2026-04-23T00:00:00Z|pressure_bar,R-SEN-006,unit,kPa,Unite kPa convertie en bar,valeur_normalisee
sensor_readings.csv,EQ-CHILL-001|2026-04-23T06:00:00Z|pressure_bar,R-SEN-006,unit,kPa,Unite kPa convertie en bar,valeur_normalisee
sensor_readings.csv,EQ-CHILL-001|2026-04-23T12:00:00Z|pressure_bar,R-SEN-006,unit,kPa,Unite kPa convertie en bar,valeur_normalisee
sensor_readings.csv,EQ-CHILL-001|2026-04-23T18:00:00Z|pressure_bar,R-SEN-006,unit,kPa,Unite kPa convertie en bar,valeur_normalisee
sensor_readings.csv,EQ-CHILL-001|2026-04-24T00:00:00Z|pressure_bar,R-SEN-006,unit,kPa,Unite kPa convertie en bar,valeur_normalisee
sensor_readings.csv,EQ-CHILL-001|2026-04-24T06:00:00Z|pressure_bar,R-SEN-006,unit,kPa,Unite kPa convertie en bar,valeur_normalisee
sensor_readings.csv,EQ-CHILL-001|2026-04-24T12:00:00Z|pressure_bar,R-SEN-006,unit,kPa,Unite kPa convertie en bar,valeur_normalisee
sensor_readings.csv,EQ-CHILL-001|2026-04-24T18:00:00Z|pressure_bar,R-SEN-006,unit,kPa,Unite kPa convertie en bar,valeur_normalisee
sensor_readings.csv,EQ-CHILL-001|2026-04-25T00:00:00Z|pressure_bar,R-SEN-006,unit,kPa,Unite kPa convertie en bar,valeur_normalisee
sensor_readings.csv,EQ-CHILL-001|2026-04-25T06:00:00Z|pressure_bar,R-SEN-006,unit,kPa,Unite kPa convertie en bar,valeur_normalisee
sensor_readings.csv,EQ-CHILL-001|2026-04-25T12:00:00Z|pressure_bar,R-SEN-006,unit,kPa,Unite kPa convertie en bar,valeur_normalisee
sensor_readings.csv,EQ-CHILL-001|2026-04-25T18:00:00Z|pressure_bar,R-SEN-006,unit,kPa,Unite kPa convertie en bar,valeur_normalisee
sensor_readings.csv,EQ-CHILL-001|2026-04-26T00:00:00Z|pressure_bar,R-SEN-006,unit,kPa,Unite kPa convertie en bar,valeur_normalisee
sensor_readings.csv,EQ-CHILL-001|2026-04-26T06:00:00Z|pressure_bar,R-SEN-006,unit,kPa,Unite kPa convertie en bar,valeur_normalisee
sensor_readings.csv,EQ-CHILL-001|2026-04-26T12:00:00Z|pressure_bar,R-SEN-006,unit,kPa,Unite kPa convertie en bar,valeur_normalisee
sensor_readings.csv,EQ-CHILL-001|2026-04-26T18:00:00Z|pressure_bar,R-SEN-006,unit,kPa,Unite kPa convertie en bar,valeur_normalisee
sensor_readings.csv,EQ-CHILL-001|2026-04-27T00:00:00Z|pressure_bar,R-SEN-006,unit,kPa,Unite kPa convertie en bar,valeur_normalisee
sensor_readings.csv,EQ-CHILL-001|2026-04-27T06:00:00Z|pressure_bar,R-SEN-006,unit,kPa,Unite kPa convertie en bar,valeur_normalisee
sensor_readings.csv,EQ-CHILL-001|2026-04-27T12:00:00Z|pressure_bar,R-SEN-006,unit,kPa,Unite kPa convertie en bar,valeur_normalisee
sensor_readings.csv,EQ-CHILL-001|2026-04-27T18:00:00Z|pressure_bar,R-SEN-006,unit,kPa,Unite kPa convertie en bar,valeur_normalisee
sensor_readings.csv,EQ-CHILL-001|2026-04-28T00:00:00Z|pressure_bar,R-SEN-006,unit,kPa,Unite kPa convertie en bar,valeur_normalisee
sensor_readings.csv,EQ-CHILL-001|2026-04-28T06:00:00Z|pressure_bar,R-SEN-006,unit,kPa,Unite kPa convertie en bar,valeur_normalisee
sensor_readings.csv,EQ-CHILL-001|2026-04-28T12:00:00Z|pressure_bar,R-SEN-006,unit,kPa,Unite kPa convertie en bar,valeur_normalisee
sensor_readings.csv,EQ-CHILL-001|2026-04-28T18:00:00Z|pressure_bar,R-SEN-006,unit,kPa,Unite kPa convertie en bar,valeur_normalisee
sensor_readings.csv,EQ-CHILL-001|2026-04-29T00:00:00Z|pressure_bar,R-SEN-006,unit,kPa,Unite kPa convertie en bar,valeur_normalisee
sensor_readings.csv,EQ-CHILL-001|2026-04-29T06:00:00Z|pressure_bar,R-SEN-006,unit,kPa,Unite kPa convertie en bar,valeur_normalisee
sensor_readings.csv,EQ-CHILL-001|2026-04-29T12:00:00Z|pressure_bar,R-SEN-006,unit,kPa,Unite kPa convertie en bar,valeur_normalisee
sensor_readings.csv,EQ-CHILL-001|2026-04-29T18:00:00Z|pressure_bar,R-SEN-006,unit,kPa,Unite kPa convertie en bar,valeur_normalisee
sensor_readings.csv,EQ-CHILL-001|2026-04-30T00:00:00Z|pressure_bar,R-SEN-006,unit,kPa,Unite kPa convertie en bar,valeur_normalisee
sensor_readings.csv,EQ-CHILL-001|2026-04-30T06:00:00Z|pressure_bar,R-SEN-006,unit,kPa,Unite kPa convertie en bar,valeur_normalisee
sensor_readings.csv,EQ-CHILL-001|2026-04-30T12:00:00Z|pressure_bar,R-SEN-006,unit,kPa,Unite kPa convertie en bar,valeur_normalisee
sensor_readings.csv,EQ-CHILL-001|2026-04-30T18:00:00Z|pressure_bar,R-SEN-006,unit,kPa,Unite kPa convertie en bar,valeur_normalisee
sensor_readings.csv,EQ-CHILL-001|2026-05-01T00:00:00Z|pressure_bar,R-SEN-006,unit,kPa,Unite kPa convertie en bar,valeur_normalisee
sensor_readings.csv,EQ-CHILL-001|2026-05-01T06:00:00Z|pressure_bar,R-SEN-006,unit,kPa,Unite kPa convertie en bar,valeur_normalisee
sensor_readings.csv,EQ-CHILL-001|2026-05-01T12:00:00Z|pressure_bar,R-SEN-006,unit,kPa,Unite kPa convertie en bar,valeur_normalisee
sensor_readings.csv,EQ-CHILL-001|2026-05-01T18:00:00Z|pressure_bar,R-SEN-006,unit,kPa,Unite kPa convertie en bar,valeur_normalisee
sensor_readings.csv,EQ-CHILL-001|2026-05-02T00:00:00Z|pressure_bar,R-SEN-006,unit,kPa,Unite kPa convertie en bar,valeur_normalisee
sensor_readings.csv,EQ-CHILL-001|2026-05-02T06:00:00Z|pressure_bar,R-SEN-006,unit,kPa,Unite kPa convertie en bar,valeur_normalisee
sensor_readings.csv,EQ-CHILL-001|2026-05-02T12:00:00Z|pressure_bar,R-SEN-006,unit,kPa,Unite kPa convertie en bar,valeur_normalisee
sensor_readings.csv,EQ-CHILL-001|2026-05-02T18:00:00Z|pressure_bar,R-SEN-006,unit,kPa,Unite kPa convertie en bar,valeur_normalisee
sensor_readings.csv,EQ-CHILL-001|2026-05-03T00:00:00Z|pressure_bar,R-SEN-006,unit,kPa,Unite kPa convertie en bar,valeur_normalisee
sensor_readings.csv,EQ-CHILL-001|2026-05-03T06:00:00Z|pressure_bar,R-SEN-006,unit,kPa,Unite kPa convertie en bar,valeur_normalisee
sensor_readings.csv,EQ-CHILL-001|2026-05-03T12:00:00Z|pressure_bar,R-SEN-006,unit,kPa,Unite kPa convertie en bar,valeur_normalisee
sensor_readings.csv,EQ-CHILL-001|2026-05-03T18:00:00Z|pressure_bar,R-SEN-006,unit,kPa,Unite kPa convertie en bar,valeur_normalisee
sensor_readings.csv,EQ-CHILL-001|2026-05-04T00:00:00Z|pressure_bar,R-SEN-006,unit,kPa,Unite kPa convertie en bar,valeur_normalisee
sensor_readings.csv,EQ-CHILL-001|2026-05-04T06:00:00Z|pressure_bar,R-SEN-006,unit,kPa,Unite kPa convertie en bar,valeur_normalisee
sensor_readings.csv,EQ-CHILL-001|2026-05-04T12:00:00Z|pressure_bar,R-SEN-006,unit,kPa,Unite kPa convertie en bar,valeur_normalisee
sensor_readings.csv,EQ-CHILL-001|2026-05-04T18:00:00Z|pressure_bar,R-SEN-006,unit,kPa,Unite kPa convertie en bar,valeur_normalisee
sensor_readings.csv,EQ-CHILL-001|2026-05-05T00:00:00Z|pressure_bar,R-SEN-006,unit,kPa,Unite kPa convertie en bar,valeur_normalisee
sensor_readings.csv,EQ-CHILL-001|2026-05-05T06:00:00Z|pressure_bar,R-SEN-006,unit,kPa,Unite kPa convertie en bar,valeur_normalisee
sensor_readings.csv,EQ-CHILL-001|2026-05-05T12:00:00Z|pressure_bar,R-SEN-006,unit,kPa,Unite kPa convertie en bar,valeur_normalisee
sensor_readings.csv,EQ-CHILL-001|2026-05-05T18:00:00Z|pressure_bar,R-SEN-006,unit,kPa,Unite kPa convertie en bar,valeur_normalisee
sensor_readings.csv,EQ-CHILL-001|2026-05-06T00:00:00Z|pressure_bar,R-SEN-006,unit,kPa,Unite kPa convertie en bar,valeur_normalisee
sensor_readings.csv,EQ-CHILL-001|2026-05-06T06:00:00Z|pressure_bar,R-SEN-006,unit,kPa,Unite kPa convertie en bar,valeur_normalisee
sensor_readings.csv,EQ-CHILL-001|2026-05-06T12:00:00Z|pressure_bar,R-SEN-006,unit,kPa,Unite kPa convertie en bar,valeur_normalisee
sensor_readings.csv,EQ-CHILL-001|2026-05-06T18:00:00Z|pressure_bar,R-SEN-006,unit,kPa,Unite kPa convertie en bar,valeur_normalisee
sensor_readings.csv,EQ-CHILL-001|2026-05-07T00:00:00Z|pressure_bar,R-SEN-006,unit,kPa,Unite kPa convertie en bar,valeur_normalisee
sensor_readings.csv,EQ-CHILL-001|2026-05-07T06:00:00Z|pressure_bar,R-SEN-006,unit,kPa,Unite kPa convertie en bar,valeur_normalisee
sensor_readings.csv,EQ-CHILL-001|2026-05-07T12:00:00Z|pressure_bar,R-SEN-006,unit,kPa,Unite kPa convertie en bar,valeur_normalisee
sensor_readings.csv,EQ-CHILL-001|2026-05-07T18:00:00Z|pressure_bar,R-SEN-006,unit,kPa,Unite kPa convertie en bar,valeur_normalisee
sensor_readings.csv,EQ-CHILL-001|2026-05-08T00:00:00Z|pressure_bar,R-SEN-006,unit,kPa,Unite kPa convertie en bar,valeur_normalisee
sensor_readings.csv,EQ-CHILL-001|2026-05-08T06:00:00Z|pressure_bar,R-SEN-006,unit,kPa,Unite kPa convertie en bar,valeur_normalisee
sensor_readings.csv,EQ-CHILL-001|2026-05-08T12:00:00Z|pressure_bar,R-SEN-006,unit,kPa,Unite kPa convertie en bar,valeur_normalisee
sensor_readings.csv,EQ-CHILL-001|2026-05-08T18:00:00Z|pressure_bar,R-SEN-006,unit,kPa,Unite kPa convertie en bar,valeur_normalisee
sensor_readings.csv,EQ-CHILL-001|2026-05-09T00:00:00Z|pressure_bar,R-SEN-006,unit,kPa,Unite kPa convertie en bar,valeur_normalisee
sensor_readings.csv,EQ-CHILL-001|2026-05-09T06:00:00Z|pressure_bar,R-SEN-006,unit,kPa,Unite kPa convertie en bar,valeur_normalisee
sensor_readings.csv,EQ-CHILL-001|2026-05-09T12:00:00Z|pressure_bar,R-SEN-006,unit,kPa,Unite kPa convertie en bar,valeur_normalisee
sensor_readings.csv,EQ-CHILL-001|2026-05-09T18:00:00Z|pressure_bar,R-SEN-006,unit,kPa,Unite kPa convertie en bar,valeur_normalisee
sensor_readings.csv,EQ-CHILL-001|2026-05-10T00:00:00Z|pressure_bar,R-SEN-006,unit,kPa,Unite kPa convertie en bar,valeur_normalisee
sensor_readings.csv,EQ-CHILL-001|2026-05-10T06:00:00Z|pressure_bar,R-SEN-006,unit,kPa,Unite kPa convertie en bar,valeur_normalisee
sensor_readings.csv,EQ-CHILL-001|2026-05-10T12:00:00Z|pressure_bar,R-SEN-006,unit,kPa,Unite kPa convertie en bar,valeur_normalisee
sensor_readings.csv,EQ-CHILL-001|2026-05-10T18:00:00Z|pressure_bar,R-SEN-006,unit,kPa,Unite kPa convertie en bar,valeur_normalisee
sensor_readings.csv,EQ-CHILL-001|2026-05-11T00:00:00Z|pressure_bar,R-SEN-006,unit,kPa,Unite kPa convertie en bar,valeur_normalisee
sensor_readings.csv,EQ-CHILL-001|2026-05-11T06:00:00Z|pressure_bar,R-SEN-006,unit,kPa,Unite kPa convertie en bar,valeur_normalisee
sensor_readings.csv,EQ-CHILL-001|2026-05-11T12:00:00Z|pressure_bar,R-SEN-006,unit,kPa,Unite kPa convertie en bar,valeur_normalisee
sensor_readings.csv,EQ-CHILL-001|2026-05-11T18:00:00Z|pressure_bar,R-SEN-006,unit,kPa,Unite kPa convertie en bar,valeur_normalisee
sensor_readings.csv,EQ-CHILL-001|2026-05-12T00:00:00Z|pressure_bar,R-SEN-006,unit,kPa,Unite kPa convertie en bar,valeur_normalisee
sensor_readings.csv,EQ-CHILL-001|2026-05-12T06:00:00Z|pressure_bar,R-SEN-006,unit,kPa,Unite kPa convertie en bar,valeur_normalisee
sensor_readings.csv,EQ-CHILL-001|2026-05-12T12:00:00Z|pressure_bar,R-SEN-006,unit,kPa,Unite kPa convertie en bar,valeur_normalisee
sensor_readings.csv,EQ-CHILL-001|2026-05-12T18:00:00Z|pressure_bar,R-SEN-006,unit,kPa,Unite kPa convertie en bar,valeur_normalisee
sensor_readings.csv,EQ-CHILL-001|2026-05-13T00:00:00Z|pressure_bar,R-SEN-006,unit,kPa,Unite kPa convertie en bar,valeur_normalisee
sensor_readings.csv,EQ-CHILL-001|2026-05-13T06:00:00Z|pressure_bar,R-SEN-006,unit,kPa,Unite kPa convertie en bar,valeur_normalisee
sensor_readings.csv,EQ-CHILL-001|2026-05-13T12:00:00Z|pressure_bar,R-SEN-006,unit,kPa,Unite kPa convertie en bar,valeur_normalisee
sensor_readings.csv,EQ-CHILL-001|2026-05-13T18:00:00Z|pressure_bar,R-SEN-006,unit,kPa,Unite kPa convertie en bar,valeur_normalisee
sensor_readings.csv,EQ-CHILL-001|2026-05-14T00:00:00Z|pressure_bar,R-SEN-006,unit,kPa,Unite kPa convertie en bar,valeur_normalisee
sensor_readings.csv,EQ-CHILL-001|2026-05-14T06:00:00Z|pressure_bar,R-SEN-006,unit,kPa,Unite kPa convertie en bar,valeur_normalisee
sensor_readings.csv,EQ-CHILL-001|2026-05-14T12:00:00Z|pressure_bar,R-SEN-006,unit,kPa,Unite kPa convertie en bar,valeur_normalisee
sensor_readings.csv,EQ-CHILL-001|2026-05-14T18:00:00Z|pressure_bar,R-SEN-006,unit,kPa,Unite kPa convertie en bar,valeur_normalisee
sensor_readings.csv,EQ-CHILL-001|2026-05-15T00:00:00Z|pressure_bar,R-SEN-006,unit,kPa,Unite kPa convertie en bar,valeur_normalisee
sensor_readings.csv,EQ-CHILL-001|2026-05-15T06:00:00Z|pressure_bar,R-SEN-006,unit,kPa,Unite kPa convertie en bar,valeur_normalisee
sensor_readings.csv,EQ-CHILL-001|2026-05-15T12:00:00Z|pressure_bar,R-SEN-006,unit,kPa,Unite kPa convertie en bar,valeur_normalisee
sensor_readings.csv,EQ-CHILL-001|2026-05-15T18:00:00Z|pressure_bar,R-SEN-006,unit,kPa,Unite kPa convertie en bar,valeur_normalisee
sensor_readings.csv,EQ-CHILL-001|2026-05-16T00:00:00Z|pressure_bar,R-SEN-006,unit,kPa,Unite kPa convertie en bar,valeur_normalisee
sensor_readings.csv,EQ-CHILL-001|2026-05-16T06:00:00Z|pressure_bar,R-SEN-006,unit,kPa,Unite kPa convertie en bar,valeur_normalisee
sensor_readings.csv,EQ-CHILL-001|2026-05-16T12:00:00Z|pressure_bar,R-SEN-006,unit,kPa,Unite kPa convertie en bar,valeur_normalisee
sensor_readings.csv,EQ-CHILL-001|2026-05-16T18:00:00Z|pressure_bar,R-SEN-006,unit,kPa,Unite kPa convertie en bar,valeur_normalisee
sensor_readings.csv,EQ-CHILL-001|2026-05-17T00:00:00Z|pressure_bar,R-SEN-006,unit,kPa,Unite kPa convertie en bar,valeur_normalisee
sensor_readings.csv,EQ-CHILL-001|2026-05-17T06:00:00Z|pressure_bar,R-SEN-006,unit,kPa,Unite kPa convertie en bar,valeur_normalisee
sensor_readings.csv,EQ-CHILL-001|2026-05-17T12:00:00Z|pressure_bar,R-SEN-006,unit,kPa,Unite kPa convertie en bar,valeur_normalisee
sensor_readings.csv,EQ-CHILL-001|2026-05-17T18:00:00Z|pressure_bar,R-SEN-006,unit,kPa,Unite kPa convertie en bar,valeur_normalisee
sensor_readings.csv,EQ-CHILL-001|2026-05-18T00:00:00Z|pressure_bar,R-SEN-006,unit,kPa,Unite kPa convertie en bar,valeur_normalisee
sensor_readings.csv,EQ-CHILL-001|2026-05-18T06:00:00Z|pressure_bar,R-SEN-006,unit,kPa,Unite kPa convertie en bar,valeur_normalisee
sensor_readings.csv,EQ-CHILL-001|2026-05-18T12:00:00Z|pressure_bar,R-SEN-006,unit,kPa,Unite kPa convertie en bar,valeur_normalisee
sensor_readings.csv,EQ-CHILL-001|2026-05-18T18:00:00Z|pressure_bar,R-SEN-006,unit,kPa,Unite kPa convertie en bar,valeur_normalisee
sensor_readings.csv,EQ-CHILL-001|2026-05-19T00:00:00Z|pressure_bar,R-SEN-006,unit,kPa,Unite kPa convertie en bar,valeur_normalisee
sensor_readings.csv,EQ-CHILL-001|2026-05-19T06:00:00Z|pressure_bar,R-SEN-006,unit,kPa,Unite kPa convertie en bar,valeur_normalisee
sensor_readings.csv,EQ-CHILL-001|2026-05-19T12:00:00Z|pressure_bar,R-SEN-006,unit,kPa,Unite kPa convertie en bar,valeur_normalisee
sensor_readings.csv,EQ-CHILL-001|2026-05-19T18:00:00Z|pressure_bar,R-SEN-006,unit,kPa,Unite kPa convertie en bar,valeur_normalisee
sensor_readings.csv,EQ-CHILL-001|2026-05-20T00:00:00Z|pressure_bar,R-SEN-006,unit,kPa,Unite kPa convertie en bar,valeur_normalisee
sensor_readings.csv,EQ-CHILL-001|2026-05-20T06:00:00Z|pressure_bar,R-SEN-006,unit,kPa,Unite kPa convertie en bar,valeur_normalisee
sensor_readings.csv,EQ-CHILL-001|2026-05-20T12:00:00Z|pressure_bar,R-SEN-006,unit,kPa,Unite kPa convertie en bar,valeur_normalisee
sensor_readings.csv,EQ-CHILL-001|2026-05-20T18:00:00Z|pressure_bar,R-SEN-006,unit,kPa,Unite kPa convertie en bar,valeur_normalisee
sensor_readings.csv,EQ-CHILL-001|2026-05-21T00:00:00Z|pressure_bar,R-SEN-006,unit,kPa,Unite kPa convertie en bar,valeur_normalisee
sensor_readings.csv,EQ-CHILL-001|2026-05-21T06:00:00Z|pressure_bar,R-SEN-006,unit,kPa,Unite kPa convertie en bar,valeur_normalisee
sensor_readings.csv,EQ-CHILL-001|2026-05-21T12:00:00Z|pressure_bar,R-SEN-006,unit,kPa,Unite kPa convertie en bar,valeur_normalisee
sensor_readings.csv,EQ-CHILL-001|2026-05-21T18:00:00Z|pressure_bar,R-SEN-006,unit,kPa,Unite kPa convertie en bar,valeur_normalisee
sensor_readings.csv,EQ-CHILL-001|2026-05-22T00:00:00Z|pressure_bar,R-SEN-006,unit,kPa,Unite kPa convertie en bar,valeur_normalisee
sensor_readings.csv,EQ-CHILL-001|2026-05-22T06:00:00Z|pressure_bar,R-SEN-006,unit,kPa,Unite kPa convertie en bar,valeur_normalisee
sensor_readings.csv,EQ-CHILL-001|2026-05-22T12:00:00Z|pressure_bar,R-SEN-006,unit,kPa,Unite kPa convertie en bar,valeur_normalisee
sensor_readings.csv,EQ-CHILL-001|2026-05-22T18:00:00Z|pressure_bar,R-SEN-006,unit,kPa,Unite kPa convertie en bar,valeur_normalisee
sensor_readings.csv,EQ-CHILL-001|2026-05-23T00:00:00Z|pressure_bar,R-SEN-006,unit,kPa,Unite kPa convertie en bar,valeur_normalisee
sensor_readings.csv,EQ-CHILL-001|2026-05-23T06:00:00Z|pressure_bar,R-SEN-006,unit,kPa,Unite kPa convertie en bar,valeur_normalisee
sensor_readings.csv,EQ-CHILL-001|2026-05-23T12:00:00Z|pressure_bar,R-SEN-006,unit,kPa,Unite kPa convertie en bar,valeur_normalisee
sensor_readings.csv,EQ-CHILL-001|2026-05-23T18:00:00Z|pressure_bar,R-SEN-006,unit,kPa,Unite kPa convertie en bar,valeur_normalisee
sensor_readings.csv,EQ-CHILL-001|2026-05-24T00:00:00Z|pressure_bar,R-SEN-006,unit,kPa,Unite kPa convertie en bar,valeur_normalisee
sensor_readings.csv,EQ-CHILL-001|2026-05-24T06:00:00Z|pressure_bar,R-SEN-006,unit,kPa,Unite kPa convertie en bar,valeur_normalisee
sensor_readings.csv,EQ-CHILL-001|2026-05-24T12:00:00Z|pressure_bar,R-SEN-006,unit,kPa,Unite kPa convertie en bar,valeur_normalisee
sensor_readings.csv,EQ-CHILL-001|2026-05-24T18:00:00Z|pressure_bar,R-SEN-006,unit,kPa,Unite kPa convertie en bar,valeur_normalisee
sensor_readings.csv,EQ-CHILL-001|2026-05-25T00:00:00Z|pressure_bar,R-SEN-006,unit,kPa,Unite kPa convertie en bar,valeur_normalisee
sensor_readings.csv,EQ-CHILL-001|2026-05-25T06:00:00Z|pressure_bar,R-SEN-006,unit,kPa,Unite kPa convertie en bar,valeur_normalisee
sensor_readings.csv,EQ-CHILL-001|2026-05-25T12:00:00Z|pressure_bar,R-SEN-006,unit,kPa,Unite kPa convertie en bar,valeur_normalisee
sensor_readings.csv,EQ-CHILL-001|2026-05-25T18:00:00Z|pressure_bar,R-SEN-006,unit,kPa,Unite kPa convertie en bar,valeur_normalisee
sensor_readings.csv,EQ-CHILL-001|2026-05-26T00:00:00Z|pressure_bar,R-SEN-006,unit,kPa,Unite kPa convertie en bar,valeur_normalisee
sensor_readings.csv,EQ-CHILL-001|2026-05-26T06:00:00Z|pressure_bar,R-SEN-006,unit,kPa,Unite kPa convertie en bar,valeur_normalisee
sensor_readings.csv,EQ-CHILL-001|2026-05-26T12:00:00Z|pressure_bar,R-SEN-006,unit,kPa,Unite kPa convertie en bar,valeur_normalisee
sensor_readings.csv,EQ-CHILL-001|2026-05-26T18:00:00Z|pressure_bar,R-SEN-006,unit,kPa,Unite kPa convertie en bar,valeur_normalisee
sensor_readings.csv,EQ-CHILL-001|2026-05-27T00:00:00Z|pressure_bar,R-SEN-006,unit,kPa,Unite kPa convertie en bar,valeur_normalisee
sensor_readings.csv,EQ-CHILL-001|2026-05-27T06:00:00Z|pressure_bar,R-SEN-006,unit,kPa,Unite kPa convertie en bar,valeur_normalisee
sensor_readings.csv,EQ-CHILL-001|2026-05-27T12:00:00Z|pressure_bar,R-SEN-006,unit,kPa,Unite kPa convertie en bar,valeur_normalisee
sensor_readings.csv,EQ-CHILL-001|2026-05-27T18:00:00Z|pressure_bar,R-SEN-006,unit,kPa,Unite kPa convertie en bar,valeur_normalisee
sensor_readings.csv,EQ-CHILL-001|2026-05-28T00:00:00Z|pressure_bar,R-SEN-006,unit,kPa,Unite kPa convertie en bar,valeur_normalisee
sensor_readings.csv,EQ-CHILL-001|2026-05-28T06:00:00Z|pressure_bar,R-SEN-006,unit,kPa,Unite kPa convertie en bar,valeur_normalisee
sensor_readings.csv,EQ-CHILL-001|2026-05-28T12:00:00Z|pressure_bar,R-SEN-006,unit,kPa,Unite kPa convertie en bar,valeur_normalisee
sensor_readings.csv,EQ-CHILL-001|2026-05-28T18:00:00Z|pressure_bar,R-SEN-006,unit,kPa,Unite kPa convertie en bar,valeur_normalisee
sensor_readings.csv,EQ-CHILL-001|2026-05-29T00:00:00Z|pressure_bar,R-SEN-006,unit,kPa,Unite kPa convertie en bar,valeur_normalisee
sensor_readings.csv,EQ-CHILL-001|2026-05-29T06:00:00Z|pressure_bar,R-SEN-006,unit,kPa,Unite kPa convertie en bar,valeur_normalisee
sensor_readings.csv,EQ-CHILL-001|2026-05-29T12:00:00Z|pressure_bar,R-SEN-006,unit,kPa,Unite kPa convertie en bar,valeur_normalisee
sensor_readings.csv,EQ-CHILL-001|2026-05-29T18:00:00Z|pressure_bar,R-SEN-006,unit,kPa,Unite kPa convertie en bar,valeur_normalisee
sensor_readings.csv,EQ-CHILL-001|2026-05-30T00:00:00Z|pressure_bar,R-SEN-006,unit,kPa,Unite kPa convertie en bar,valeur_normalisee
sensor_readings.csv,EQ-CHILL-001|2026-05-30T06:00:00Z|pressure_bar,R-SEN-006,unit,kPa,Unite kPa convertie en bar,valeur_normalisee
sensor_readings.csv,EQ-CHILL-001|2026-05-30T12:00:00Z|pressure_bar,R-SEN-006,unit,kPa,Unite kPa convertie en bar,valeur_normalisee
sensor_readings.csv,EQ-CHILL-001|2026-05-30T18:00:00Z|pressure_bar,R-SEN-006,unit,kPa,Unite kPa convertie en bar,valeur_normalisee
sensor_readings.csv,EQ-CHILL-001|2026-05-31T00:00:00Z|pressure_bar,R-SEN-006,unit,kPa,Unite kPa convertie en bar,valeur_normalisee
sensor_readings.csv,EQ-CHILL-001|2026-05-31T06:00:00Z|pressure_bar,R-SEN-006,unit,kPa,Unite kPa convertie en bar,valeur_normalisee
sensor_readings.csv,EQ-CHILL-001|2026-05-31T12:00:00Z|pressure_bar,R-SEN-006,unit,kPa,Unite kPa convertie en bar,valeur_normalisee
sensor_readings.csv,EQ-CHILL-001|2026-05-31T18:00:00Z|pressure_bar,R-SEN-006,unit,kPa,Unite kPa convertie en bar,valeur_normalisee
sensor_readings.csv,EQ-CHILL-001|2026-06-01T00:00:00Z|pressure_bar,R-SEN-006,unit,kPa,Unite kPa convertie en bar,valeur_normalisee
sensor_readings.csv,EQ-CHILL-001|2026-06-01T06:00:00Z|pressure_bar,R-SEN-006,unit,kPa,Unite kPa convertie en bar,valeur_normalisee
sensor_readings.csv,EQ-CHILL-001|2026-06-01T12:00:00Z|pressure_bar,R-SEN-006,unit,kPa,Unite kPa convertie en bar,valeur_normalisee
sensor_readings.csv,EQ-CHILL-001|2026-06-01T18:00:00Z|pressure_bar,R-SEN-006,unit,kPa,Unite kPa convertie en bar,valeur_normalisee
sensor_readings.csv,EQ-CHILL-001|2026-06-02T00:00:00Z|pressure_bar,R-SEN-006,unit,kPa,Unite kPa convertie en bar,valeur_normalisee
sensor_readings.csv,EQ-CHILL-001|2026-06-02T06:00:00Z|pressure_bar,R-SEN-006,unit,kPa,Unite kPa convertie en bar,valeur_normalisee
sensor_readings.csv,EQ-CHILL-001|2026-06-02T12:00:00Z|pressure_bar,R-SEN-006,unit,kPa,Unite kPa convertie en bar,valeur_normalisee
sensor_readings.csv,EQ-CHILL-001|2026-06-02T18:00:00Z|pressure_bar,R-SEN-006,unit,kPa,Unite kPa convertie en bar,valeur_normalisee
sensor_readings.csv,EQ-CHILL-001|2026-06-03T00:00:00Z|pressure_bar,R-SEN-006,unit,kPa,Unite kPa convertie en bar,valeur_normalisee
sensor_readings.csv,EQ-CHILL-001|2026-06-03T06:00:00Z|pressure_bar,R-SEN-006,unit,kPa,Unite kPa convertie en bar,valeur_normalisee
sensor_readings.csv,EQ-CHILL-001|2026-06-03T12:00:00Z|pressure_bar,R-SEN-006,unit,kPa,Unite kPa convertie en bar,valeur_normalisee
sensor_readings.csv,EQ-CHILL-001|2026-06-03T18:00:00Z|pressure_bar,R-SEN-006,unit,kPa,Unite kPa convertie en bar,valeur_normalisee
sensor_readings.csv,EQ-CHILL-001|2026-06-04T00:00:00Z|pressure_bar,R-SEN-006,unit,kPa,Unite kPa convertie en bar,valeur_normalisee
sensor_readings.csv,EQ-CHILL-001|2026-06-04T06:00:00Z|pressure_bar,R-SEN-006,unit,kPa,Unite kPa convertie en bar,valeur_normalisee
sensor_readings.csv,EQ-CHILL-001|2026-06-04T12:00:00Z|pressure_bar,R-SEN-006,unit,kPa,Unite kPa convertie en bar,valeur_normalisee
sensor_readings.csv,EQ-CHILL-001|2026-06-04T18:00:00Z|pressure_bar,R-SEN-006,unit,kPa,Unite kPa convertie en bar,valeur_normalisee
sensor_readings.csv,EQ-CHILL-001|2026-06-05T00:00:00Z|pressure_bar,R-SEN-006,unit,kPa,Unite kPa convertie en bar,valeur_normalisee
sensor_readings.csv,EQ-CHILL-001|2026-06-05T06:00:00Z|pressure_bar,R-SEN-006,unit,kPa,Unite kPa convertie en bar,valeur_normalisee
sensor_readings.csv,EQ-CHILL-001|2026-06-05T12:00:00Z|pressure_bar,R-SEN-006,unit,kPa,Unite kPa convertie en bar,valeur_normalisee
sensor_readings.csv,EQ-CHILL-001|2026-06-05T18:00:00Z|pressure_bar,R-SEN-006,unit,kPa,Unite kPa convertie en bar,valeur_normalisee
sensor_readings.csv,EQ-CHILL-001|2026-06-06T00:00:00Z|pressure_bar,R-SEN-006,unit,kPa,Unite kPa convertie en bar,valeur_normalisee
sensor_readings.csv,EQ-CHILL-001|2026-06-06T06:00:00Z|pressure_bar,R-SEN-006,unit,kPa,Unite kPa convertie en bar,valeur_normalisee
sensor_readings.csv,EQ-CHILL-001|2026-06-06T12:00:00Z|pressure_bar,R-SEN-006,unit,kPa,Unite kPa convertie en bar,valeur_normalisee
sensor_readings.csv,EQ-CHILL-001|2026-06-06T18:00:00Z|pressure_bar,R-SEN-006,unit,kPa,Unite kPa convertie en bar,valeur_normalisee
sensor_readings.csv,EQ-CHILL-001|2026-06-07T00:00:00Z|pressure_bar,R-SEN-006,unit,kPa,Unite kPa convertie en bar,valeur_normalisee
sensor_readings.csv,EQ-CHILL-001|2026-06-07T06:00:00Z|pressure_bar,R-SEN-006,unit,kPa,Unite kPa convertie en bar,valeur_normalisee
sensor_readings.csv,EQ-CHILL-001|2026-06-07T12:00:00Z|pressure_bar,R-SEN-006,unit,kPa,Unite kPa convertie en bar,valeur_normalisee
sensor_readings.csv,EQ-CHILL-001|2026-06-07T18:00:00Z|pressure_bar,R-SEN-006,unit,kPa,Unite kPa convertie en bar,valeur_normalisee
sensor_readings.csv,EQ-CHILL-001|2026-06-08T00:00:00Z|pressure_bar,R-SEN-006,unit,kPa,Unite kPa convertie en bar,valeur_normalisee
sensor_readings.csv,EQ-CHILL-001|2026-06-08T06:00:00Z|pressure_bar,R-SEN-006,unit,kPa,Unite kPa convertie en bar,valeur_normalisee
sensor_readings.csv,EQ-CHILL-001|2026-06-08T12:00:00Z|pressure_bar,R-SEN-006,unit,kPa,Unite kPa convertie en bar,valeur_normalisee
sensor_readings.csv,EQ-CHILL-001|2026-06-08T18:00:00Z|pressure_bar,R-SEN-006,unit,kPa,Unite kPa convertie en bar,valeur_normalisee
sensor_readings.csv,EQ-CHILL-001|2026-06-09T00:00:00Z|pressure_bar,R-SEN-006,unit,kPa,Unite kPa convertie en bar,valeur_normalisee
sensor_readings.csv,EQ-CHILL-001|2026-06-09T06:00:00Z|pressure_bar,R-SEN-006,unit,kPa,Unite kPa convertie en bar,valeur_normalisee
sensor_readings.csv,EQ-CHILL-001|2026-06-09T12:00:00Z|pressure_bar,R-SEN-006,unit,kPa,Unite kPa convertie en bar,valeur_normalisee
sensor_readings.csv,EQ-CHILL-001|2026-06-09T18:00:00Z|pressure_bar,R-SEN-006,unit,kPa,Unite kPa convertie en bar,valeur_normalisee
sensor_readings.csv,EQ-CHILL-001|2026-06-10T00:00:00Z|pressure_bar,R-SEN-006,unit,kPa,Unite kPa convertie en bar,valeur_normalisee
sensor_readings.csv,EQ-CHILL-001|2026-06-10T06:00:00Z|pressure_bar,R-SEN-006,unit,kPa,Unite kPa convertie en bar,valeur_normalisee
sensor_readings.csv,EQ-CHILL-001|2026-06-10T12:00:00Z|pressure_bar,R-SEN-006,unit,kPa,Unite kPa convertie en bar,valeur_normalisee
sensor_readings.csv,EQ-CHILL-001|2026-06-10T18:00:00Z|pressure_bar,R-SEN-006,unit,kPa,Unite kPa convertie en bar,valeur_normalisee
sensor_readings.csv,EQ-CHILL-001|2026-06-11T00:00:00Z|pressure_bar,R-SEN-006,unit,kPa,Unite kPa convertie en bar,valeur_normalisee
sensor_readings.csv,EQ-CHILL-001|2026-06-11T06:00:00Z|pressure_bar,R-SEN-006,unit,kPa,Unite kPa convertie en bar,valeur_normalisee
sensor_readings.csv,EQ-CHILL-001|2026-06-11T12:00:00Z|pressure_bar,R-SEN-006,unit,kPa,Unite kPa convertie en bar,valeur_normalisee
sensor_readings.csv,EQ-CHILL-001|2026-06-11T18:00:00Z|pressure_bar,R-SEN-006,unit,kPa,Unite kPa convertie en bar,valeur_normalisee
sensor_readings.csv,EQ-CHILL-001|2026-06-12T00:00:00Z|pressure_bar,R-SEN-006,unit,kPa,Unite kPa convertie en bar,valeur_normalisee
sensor_readings.csv,EQ-CHILL-001|2026-06-12T06:00:00Z|pressure_bar,R-SEN-006,unit,kPa,Unite kPa convertie en bar,valeur_normalisee
sensor_readings.csv,EQ-CHILL-001|2026-06-12T12:00:00Z|pressure_bar,R-SEN-006,unit,kPa,Unite kPa convertie en bar,valeur_normalisee
sensor_readings.csv,EQ-CHILL-001|2026-06-12T18:00:00Z|pressure_bar,R-SEN-006,unit,kPa,Unite kPa convertie en bar,valeur_normalisee
sensor_readings.csv,EQ-CHILL-001|2026-06-13T00:00:00Z|pressure_bar,R-SEN-006,unit,kPa,Unite kPa convertie en bar,valeur_normalisee
sensor_readings.csv,EQ-CHILL-001|2026-06-13T06:00:00Z|pressure_bar,R-SEN-006,unit,kPa,Unite kPa convertie en bar,valeur_normalisee
sensor_readings.csv,EQ-CHILL-001|2026-06-13T12:00:00Z|pressure_bar,R-SEN-006,unit,kPa,Unite kPa convertie en bar,valeur_normalisee
sensor_readings.csv,EQ-CHILL-001|2026-06-13T18:00:00Z|pressure_bar,R-SEN-006,unit,kPa,Unite kPa convertie en bar,valeur_normalisee
sensor_readings.csv,EQ-CHILL-001|2026-06-14T00:00:00Z|pressure_bar,R-SEN-006,unit,kPa,Unite kPa convertie en bar,valeur_normalisee
sensor_readings.csv,EQ-CHILL-001|2026-06-14T06:00:00Z|pressure_bar,R-SEN-006,unit,kPa,Unite kPa convertie en bar,valeur_normalisee
sensor_readings.csv,EQ-CHILL-001|2026-06-14T12:00:00Z|pressure_bar,R-SEN-006,unit,kPa,Unite kPa convertie en bar,valeur_normalisee
sensor_readings.csv,EQ-CHILL-001|2026-06-14T18:00:00Z|pressure_bar,R-SEN-006,unit,kPa,Unite kPa convertie en bar,valeur_normalisee
sensor_readings.csv,EQ-CHILL-001|2026-06-15T00:00:00Z|pressure_bar,R-SEN-006,unit,kPa,Unite kPa convertie en bar,valeur_normalisee
sensor_readings.csv,EQ-CHILL-001|2026-06-15T06:00:00Z|pressure_bar,R-SEN-006,unit,kPa,Unite kPa convertie en bar,valeur_normalisee
sensor_readings.csv,EQ-CHILL-001|2026-06-15T12:00:00Z|pressure_bar,R-SEN-006,unit,kPa,Unite kPa convertie en bar,valeur_normalisee
sensor_readings.csv,EQ-CHILL-001|2026-06-15T18:00:00Z|pressure_bar,R-SEN-006,unit,kPa,Unite kPa convertie en bar,valeur_normalisee
sensor_readings.csv,EQ-CHILL-001|2026-06-16T00:00:00Z|pressure_bar,R-SEN-006,unit,kPa,Unite kPa convertie en bar,valeur_normalisee
sensor_readings.csv,EQ-CHILL-001|2026-06-16T06:00:00Z|pressure_bar,R-SEN-006,unit,kPa,Unite kPa convertie en bar,valeur_normalisee
sensor_readings.csv,EQ-CHILL-001|2026-06-16T12:00:00Z|pressure_bar,R-SEN-006,unit,kPa,Unite kPa convertie en bar,valeur_normalisee
sensor_readings.csv,EQ-CHILL-001|2026-06-16T18:00:00Z|pressure_bar,R-SEN-006,unit,kPa,Unite kPa convertie en bar,valeur_normalisee
sensor_readings.csv,EQ-CHILL-001|2026-06-17T00:00:00Z|pressure_bar,R-SEN-006,unit,kPa,Unite kPa convertie en bar,valeur_normalisee
sensor_readings.csv,EQ-CHILL-001|2026-06-17T06:00:00Z|pressure_bar,R-SEN-006,unit,kPa,Unite kPa convertie en bar,valeur_normalisee
sensor_readings.csv,EQ-CHILL-001|2026-06-17T12:00:00Z|pressure_bar,R-SEN-006,unit,kPa,Unite kPa convertie en bar,valeur_normalisee
sensor_readings.csv,EQ-CHILL-001|2026-06-17T18:00:00Z|pressure_bar,R-SEN-006,unit,kPa,Unite kPa convertie en bar,valeur_normalisee
sensor_readings.csv,EQ-CHILL-001|2026-06-18T00:00:00Z|pressure_bar,R-SEN-006,unit,kPa,Unite kPa convertie en bar,valeur_normalisee
sensor_readings.csv,EQ-CHILL-001|2026-06-18T06:00:00Z|pressure_bar,R-SEN-006,unit,kPa,Unite kPa convertie en bar,valeur_normalisee
sensor_readings.csv,EQ-CHILL-001|2026-06-18T12:00:00Z|pressure_bar,R-SEN-006,unit,kPa,Unite kPa convertie en bar,valeur_normalisee
sensor_readings.csv,EQ-CHILL-001|2026-06-18T18:00:00Z|pressure_bar,R-SEN-006,unit,kPa,Unite kPa convertie en bar,valeur_normalisee
sensor_readings.csv,EQ-CHILL-001|2026-06-19T00:00:00Z|pressure_bar,R-SEN-006,unit,kPa,Unite kPa convertie en bar,valeur_normalisee
sensor_readings.csv,EQ-CHILL-001|2026-06-19T06:00:00Z|pressure_bar,R-SEN-006,unit,kPa,Unite kPa convertie en bar,valeur_normalisee
sensor_readings.csv,EQ-CHILL-001|2026-06-19T12:00:00Z|pressure_bar,R-SEN-006,unit,kPa,Unite kPa convertie en bar,valeur_normalisee
sensor_readings.csv,EQ-CHILL-001|2026-06-19T18:00:00Z|pressure_bar,R-SEN-006,unit,kPa,Unite kPa convertie en bar,valeur_normalisee
sensor_readings.csv,EQ-CHILL-001|2026-06-20T00:00:00Z|pressure_bar,R-SEN-006,unit,kPa,Unite kPa convertie en bar,valeur_normalisee
sensor_readings.csv,EQ-CHILL-001|2026-06-20T06:00:00Z|pressure_bar,R-SEN-006,unit,kPa,Unite kPa convertie en bar,valeur_normalisee
sensor_readings.csv,EQ-CHILL-001|2026-06-20T12:00:00Z|pressure_bar,R-SEN-006,unit,kPa,Unite kPa convertie en bar,valeur_normalisee
sensor_readings.csv,EQ-CHILL-001|2026-06-20T18:00:00Z|pressure_bar,R-SEN-006,unit,kPa,Unite kPa convertie en bar,valeur_normalisee
sensor_readings.csv,EQ-CHILL-001|2026-06-21T00:00:00Z|pressure_bar,R-SEN-006,unit,kPa,Unite kPa convertie en bar,valeur_normalisee
sensor_readings.csv,EQ-CHILL-001|2026-06-21T06:00:00Z|pressure_bar,R-SEN-006,unit,kPa,Unite kPa convertie en bar,valeur_normalisee
sensor_readings.csv,EQ-CHILL-001|2026-06-21T12:00:00Z|pressure_bar,R-SEN-006,unit,kPa,Unite kPa convertie en bar,valeur_normalisee
sensor_readings.csv,EQ-CHILL-001|2026-06-21T18:00:00Z|pressure_bar,R-SEN-006,unit,kPa,Unite kPa convertie en bar,valeur_normalisee
sensor_readings.csv,EQ-CHILL-001|2026-06-22T00:00:00Z|pressure_bar,R-SEN-006,unit,kPa,Unite kPa convertie en bar,valeur_normalisee
sensor_readings.csv,EQ-CHILL-001|2026-06-22T06:00:00Z|pressure_bar,R-SEN-006,unit,kPa,Unite kPa convertie en bar,valeur_normalisee
sensor_readings.csv,EQ-CHILL-001|2026-06-22T12:00:00Z|pressure_bar,R-SEN-006,unit,kPa,Unite kPa convertie en bar,valeur_normalisee
sensor_readings.csv,EQ-CHILL-001|2026-06-22T18:00:00Z|pressure_bar,R-SEN-006,unit,kPa,Unite kPa convertie en bar,valeur_normalisee
sensor_readings.csv,EQ-CHILL-001|2026-06-23T00:00:00Z|pressure_bar,R-SEN-006,unit,kPa,Unite kPa convertie en bar,valeur_normalisee
sensor_readings.csv,EQ-CHILL-001|2026-06-23T06:00:00Z|pressure_bar,R-SEN-006,unit,kPa,Unite kPa convertie en bar,valeur_normalisee
sensor_readings.csv,EQ-CHILL-001|2026-06-23T12:00:00Z|pressure_bar,R-SEN-006,unit,kPa,Unite kPa convertie en bar,valeur_normalisee
sensor_readings.csv,EQ-CHILL-001|2026-06-23T18:00:00Z|pressure_bar,R-SEN-006,unit,kPa,Unite kPa convertie en bar,valeur_normalisee
sensor_readings.csv,EQ-CHILL-001|2026-06-24T00:00:00Z|pressure_bar,R-SEN-006,unit,kPa,Unite kPa convertie en bar,valeur_normalisee
sensor_readings.csv,EQ-CHILL-001|2026-06-24T06:00:00Z|pressure_bar,R-SEN-006,unit,kPa,Unite kPa convertie en bar,valeur_normalisee
sensor_readings.csv,EQ-CHILL-001|2026-06-24T12:00:00Z|pressure_bar,R-SEN-006,unit,kPa,Unite kPa convertie en bar,valeur_normalisee
sensor_readings.csv,EQ-CHILL-001|2026-06-24T18:00:00Z|pressure_bar,R-SEN-006,unit,kPa,Unite kPa convertie en bar,valeur_normalisee
sensor_readings.csv,EQ-CHILL-001|2026-06-25T00:00:00Z|pressure_bar,R-SEN-006,unit,kPa,Unite kPa convertie en bar,valeur_normalisee
sensor_readings.csv,EQ-CHILL-001|2026-06-25T06:00:00Z|pressure_bar,R-SEN-006,unit,kPa,Unite kPa convertie en bar,valeur_normalisee
sensor_readings.csv,EQ-CHILL-001|2026-06-25T12:00:00Z|pressure_bar,R-SEN-006,unit,kPa,Unite kPa convertie en bar,valeur_normalisee
sensor_readings.csv,EQ-CHILL-001|2026-06-25T18:00:00Z|pressure_bar,R-SEN-006,unit,kPa,Unite kPa convertie en bar,valeur_normalisee
sensor_readings.csv,EQ-CHILL-001|2026-06-26T00:00:00Z|pressure_bar,R-SEN-006,unit,kPa,Unite kPa convertie en bar,valeur_normalisee
sensor_readings.csv,EQ-CHILL-001|2026-06-26T06:00:00Z|pressure_bar,R-SEN-006,unit,kPa,Unite kPa convertie en bar,valeur_normalisee
sensor_readings.csv,EQ-CHILL-001|2026-06-26T12:00:00Z|pressure_bar,R-SEN-006,unit,kPa,Unite kPa convertie en bar,valeur_normalisee
sensor_readings.csv,EQ-CHILL-001|2026-06-26T18:00:00Z|pressure_bar,R-SEN-006,unit,kPa,Unite kPa convertie en bar,valeur_normalisee
sensor_readings.csv,EQ-CHILL-001|2026-06-27T00:00:00Z|pressure_bar,R-SEN-006,unit,kPa,Unite kPa convertie en bar,valeur_normalisee
sensor_readings.csv,EQ-CHILL-001|2026-06-27T06:00:00Z|pressure_bar,R-SEN-006,unit,kPa,Unite kPa convertie en bar,valeur_normalisee
sensor_readings.csv,EQ-CHILL-001|2026-06-27T12:00:00Z|pressure_bar,R-SEN-006,unit,kPa,Unite kPa convertie en bar,valeur_normalisee
sensor_readings.csv,EQ-CHILL-001|2026-06-27T18:00:00Z|pressure_bar,R-SEN-006,unit,kPa,Unite kPa convertie en bar,valeur_normalisee
sensor_readings.csv,EQ-CHILL-001|2026-06-28T00:00:00Z|pressure_bar,R-SEN-006,unit,kPa,Unite kPa convertie en bar,valeur_normalisee
sensor_readings.csv,EQ-CHILL-001|2026-06-28T06:00:00Z|pressure_bar,R-SEN-006,unit,kPa,Unite kPa convertie en bar,valeur_normalisee
sensor_readings.csv,EQ-CHILL-001|2026-06-28T12:00:00Z|pressure_bar,R-SEN-006,unit,kPa,Unite kPa convertie en bar,valeur_normalisee
sensor_readings.csv,EQ-CHILL-001|2026-06-28T18:00:00Z|pressure_bar,R-SEN-006,unit,kPa,Unite kPa convertie en bar,valeur_normalisee
sensor_readings.csv,EQ-CHILL-001|2026-06-29T00:00:00Z|pressure_bar,R-SEN-006,unit,kPa,Unite kPa convertie en bar,valeur_normalisee
sensor_readings.csv,EQ-CHILL-001|2026-06-29T06:00:00Z|pressure_bar,R-SEN-006,unit,kPa,Unite kPa convertie en bar,valeur_normalisee
sensor_readings.csv,EQ-CHILL-001|2026-06-29T12:00:00Z|pressure_bar,R-SEN-006,unit,kPa,Unite kPa convertie en bar,valeur_normalisee
sensor_readings.csv,EQ-CHILL-001|2026-06-29T18:00:00Z|pressure_bar,R-SEN-006,unit,kPa,Unite kPa convertie en bar,valeur_normalisee
sensor_readings.csv,EQ-CHILL-001|2026-06-30T00:00:00Z|pressure_bar,R-SEN-006,unit,kPa,Unite kPa convertie en bar,valeur_normalisee
sensor_readings.csv,EQ-CHILL-001|2026-06-30T06:00:00Z|pressure_bar,R-SEN-006,unit,kPa,Unite kPa convertie en bar,valeur_normalisee
sensor_readings.csv,EQ-CHILL-001|2026-06-30T12:00:00Z|pressure_bar,R-SEN-006,unit,kPa,Unite kPa convertie en bar,valeur_normalisee
sensor_readings.csv,EQ-CHILL-001|2026-06-30T18:00:00Z|pressure_bar,R-SEN-006,unit,kPa,Unite kPa convertie en bar,valeur_normalisee
sensor_readings.csv,EQ-SENSOR-305|2026-03-03T00:00:00Z|temperature_c,R-SEN-006,unit,K,Unite K convertie en °C,valeur_normalisee
sensor_readings.csv,EQ-SENSOR-305|2026-03-03T06:00:00Z|temperature_c,R-SEN-006,unit,K,Unite K convertie en °C,valeur_normalisee
sensor_readings.csv,EQ-SENSOR-305|2026-03-03T12:00:00Z|temperature_c,R-SEN-006,unit,K,Unite K convertie en °C,valeur_normalisee
sensor_readings.csv,EQ-SENSOR-305|2026-03-03T18:00:00Z|temperature_c,R-SEN-006,unit,K,Unite K convertie en °C,valeur_normalisee
sensor_readings.csv,EQ-SENSOR-305|2026-03-04T00:00:00Z|temperature_c,R-SEN-006,unit,K,Unite K convertie en °C,valeur_normalisee
sensor_readings.csv,EQ-SENSOR-305|2026-03-04T06:00:00Z|temperature_c,R-SEN-006,unit,K,Unite K convertie en °C,valeur_normalisee
sensor_readings.csv,EQ-SENSOR-305|2026-03-04T12:00:00Z|temperature_c,R-SEN-006,unit,K,Unite K convertie en °C,valeur_normalisee
sensor_readings.csv,EQ-SENSOR-305|2026-03-04T18:00:00Z|temperature_c,R-SEN-006,unit,K,Unite K convertie en °C,valeur_normalisee
sensor_readings.csv,EQ-SENSOR-305|2026-03-05T00:00:00Z|temperature_c,R-SEN-006,unit,K,Unite K convertie en °C,valeur_normalisee
sensor_readings.csv,EQ-SENSOR-305|2026-03-05T06:00:00Z|temperature_c,R-SEN-006,unit,K,Unite K convertie en °C,valeur_normalisee
sensor_readings.csv,EQ-SENSOR-305|2026-03-05T12:00:00Z|temperature_c,R-SEN-006,unit,K,Unite K convertie en °C,valeur_normalisee
sensor_readings.csv,EQ-SENSOR-305|2026-03-05T18:00:00Z|temperature_c,R-SEN-006,unit,K,Unite K convertie en °C,valeur_normalisee
sensor_readings.csv,EQ-SENSOR-305|2026-03-06T00:00:00Z|temperature_c,R-SEN-006,unit,K,Unite K convertie en °C,valeur_normalisee
sensor_readings.csv,EQ-SENSOR-305|2026-03-06T06:00:00Z|temperature_c,R-SEN-006,unit,K,Unite K convertie en °C,valeur_normalisee
sensor_readings.csv,EQ-SENSOR-305|2026-03-06T12:00:00Z|temperature_c,R-SEN-006,unit,K,Unite K convertie en °C,valeur_normalisee
sensor_readings.csv,EQ-SENSOR-305|2026-03-06T18:00:00Z|temperature_c,R-SEN-006,unit,K,Unite K convertie en °C,valeur_normalisee
sensor_readings.csv,EQ-SENSOR-305|2026-03-07T00:00:00Z|temperature_c,R-SEN-006,unit,K,Unite K convertie en °C,valeur_normalisee
sensor_readings.csv,EQ-SENSOR-305|2026-03-07T06:00:00Z|temperature_c,R-SEN-006,unit,K,Unite K convertie en °C,valeur_normalisee
sensor_readings.csv,EQ-SENSOR-305|2026-03-07T12:00:00Z|temperature_c,R-SEN-006,unit,K,Unite K convertie en °C,valeur_normalisee
sensor_readings.csv,EQ-SENSOR-305|2026-03-07T18:00:00Z|temperature_c,R-SEN-006,unit,K,Unite K convertie en °C,valeur_normalisee
sensor_readings.csv,EQ-SENSOR-305|2026-03-08T00:00:00Z|temperature_c,R-SEN-006,unit,K,Unite K convertie en °C,valeur_normalisee
sensor_readings.csv,EQ-SENSOR-305|2026-03-08T06:00:00Z|temperature_c,R-SEN-006,unit,K,Unite K convertie en °C,valeur_normalisee
sensor_readings.csv,EQ-SENSOR-305|2026-03-08T12:00:00Z|temperature_c,R-SEN-006,unit,K,Unite K convertie en °C,valeur_normalisee
sensor_readings.csv,EQ-SENSOR-305|2026-03-08T18:00:00Z|temperature_c,R-SEN-006,unit,K,Unite K convertie en °C,valeur_normalisee
sensor_readings.csv,EQ-SENSOR-305|2026-03-09T00:00:00Z|temperature_c,R-SEN-006,unit,K,Unite K convertie en °C,valeur_normalisee
sensor_readings.csv,EQ-SENSOR-305|2026-03-09T06:00:00Z|temperature_c,R-SEN-006,unit,K,Unite K convertie en °C,valeur_normalisee
sensor_readings.csv,EQ-SENSOR-305|2026-03-09T12:00:00Z|temperature_c,R-SEN-006,unit,K,Unite K convertie en °C,valeur_normalisee
sensor_readings.csv,EQ-SENSOR-305|2026-03-09T18:00:00Z|temperature_c,R-SEN-006,unit,K,Unite K convertie en °C,valeur_normalisee
sensor_readings.csv,EQ-SENSOR-305|2026-03-10T00:00:00Z|temperature_c,R-SEN-006,unit,K,Unite K convertie en °C,valeur_normalisee
sensor_readings.csv,EQ-SENSOR-305|2026-03-10T06:00:00Z|temperature_c,R-SEN-006,unit,K,Unite K convertie en °C,valeur_normalisee
sensor_readings.csv,EQ-SENSOR-305|2026-03-10T12:00:00Z|temperature_c,R-SEN-006,unit,K,Unite K convertie en °C,valeur_normalisee
sensor_readings.csv,EQ-SENSOR-305|2026-03-10T18:00:00Z|temperature_c,R-SEN-006,unit,K,Unite K convertie en °C,valeur_normalisee
sensor_readings.csv,EQ-SENSOR-305|2026-03-11T00:00:00Z|temperature_c,R-SEN-006,unit,K,Unite K convertie en °C,valeur_normalisee
sensor_readings.csv,EQ-SENSOR-305|2026-03-11T06:00:00Z|temperature_c,R-SEN-006,unit,K,Unite K convertie en °C,valeur_normalisee
sensor_readings.csv,EQ-SENSOR-305|2026-03-11T12:00:00Z|temperature_c,R-SEN-006,unit,K,Unite K convertie en °C,valeur_normalisee
sensor_readings.csv,EQ-SENSOR-305|2026-03-11T18:00:00Z|temperature_c,R-SEN-006,unit,K,Unite K convertie en °C,valeur_normalisee
sensor_readings.csv,EQ-SENSOR-305|2026-03-12T00:00:00Z|temperature_c,R-SEN-006,unit,K,Unite K convertie en °C,valeur_normalisee
sensor_readings.csv,EQ-SENSOR-305|2026-03-12T06:00:00Z|temperature_c,R-SEN-006,unit,K,Unite K convertie en °C,valeur_normalisee
sensor_readings.csv,EQ-SENSOR-305|2026-03-12T12:00:00Z|temperature_c,R-SEN-006,unit,K,Unite K convertie en °C,valeur_normalisee
sensor_readings.csv,EQ-SENSOR-305|2026-03-12T18:00:00Z|temperature_c,R-SEN-006,unit,K,Unite K convertie en °C,valeur_normalisee
sensor_readings.csv,EQ-SENSOR-305|2026-03-13T00:00:00Z|temperature_c,R-SEN-006,unit,K,Unite K convertie en °C,valeur_normalisee
sensor_readings.csv,EQ-SENSOR-305|2026-03-13T06:00:00Z|temperature_c,R-SEN-006,unit,K,Unite K convertie en °C,valeur_normalisee
sensor_readings.csv,EQ-SENSOR-305|2026-03-13T12:00:00Z|temperature_c,R-SEN-006,unit,K,Unite K convertie en °C,valeur_normalisee
sensor_readings.csv,EQ-SENSOR-305|2026-03-13T18:00:00Z|temperature_c,R-SEN-006,unit,K,Unite K convertie en °C,valeur_normalisee
sensor_readings.csv,EQ-SENSOR-305|2026-03-14T00:00:00Z|temperature_c,R-SEN-006,unit,K,Unite K convertie en °C,valeur_normalisee
sensor_readings.csv,EQ-SENSOR-305|2026-03-14T06:00:00Z|temperature_c,R-SEN-006,unit,K,Unite K convertie en °C,valeur_normalisee
sensor_readings.csv,EQ-SENSOR-305|2026-03-14T12:00:00Z|temperature_c,R-SEN-006,unit,K,Unite K convertie en °C,valeur_normalisee
sensor_readings.csv,EQ-SENSOR-305|2026-03-14T18:00:00Z|temperature_c,R-SEN-006,unit,K,Unite K convertie en °C,valeur_normalisee
sensor_readings.csv,EQ-SENSOR-305|2026-03-15T00:00:00Z|temperature_c,R-SEN-006,unit,K,Unite K convertie en °C,valeur_normalisee
sensor_readings.csv,EQ-SENSOR-305|2026-03-15T06:00:00Z|temperature_c,R-SEN-006,unit,K,Unite K convertie en °C,valeur_normalisee
sensor_readings.csv,EQ-SENSOR-305|2026-03-15T12:00:00Z|temperature_c,R-SEN-006,unit,K,Unite K convertie en °C,valeur_normalisee
sensor_readings.csv,EQ-SENSOR-305|2026-03-15T18:00:00Z|temperature_c,R-SEN-006,unit,K,Unite K convertie en °C,valeur_normalisee
sensor_readings.csv,EQ-SENSOR-305|2026-03-16T00:00:00Z|temperature_c,R-SEN-006,unit,K,Unite K convertie en °C,valeur_normalisee
sensor_readings.csv,EQ-SENSOR-305|2026-03-16T06:00:00Z|temperature_c,R-SEN-006,unit,K,Unite K convertie en °C,valeur_normalisee
sensor_readings.csv,EQ-SENSOR-305|2026-03-16T12:00:00Z|temperature_c,R-SEN-006,unit,K,Unite K convertie en °C,valeur_normalisee
sensor_readings.csv,EQ-SENSOR-305|2026-03-16T18:00:00Z|temperature_c,R-SEN-006,unit,K,Unite K convertie en °C,valeur_normalisee
sensor_readings.csv,EQ-SENSOR-305|2026-03-17T00:00:00Z|temperature_c,R-SEN-006,unit,K,Unite K convertie en °C,valeur_normalisee
sensor_readings.csv,EQ-SENSOR-305|2026-03-17T06:00:00Z|temperature_c,R-SEN-006,unit,K,Unite K convertie en °C,valeur_normalisee
sensor_readings.csv,EQ-SENSOR-305|2026-03-17T12:00:00Z|temperature_c,R-SEN-006,unit,K,Unite K convertie en °C,valeur_normalisee
sensor_readings.csv,EQ-SENSOR-305|2026-03-17T18:00:00Z|temperature_c,R-SEN-006,unit,K,Unite K convertie en °C,valeur_normalisee
sensor_readings.csv,EQ-SENSOR-305|2026-03-18T00:00:00Z|temperature_c,R-SEN-006,unit,K,Unite K convertie en °C,valeur_normalisee
sensor_readings.csv,EQ-SENSOR-305|2026-03-18T06:00:00Z|temperature_c,R-SEN-006,unit,K,Unite K convertie en °C,valeur_normalisee
sensor_readings.csv,EQ-SENSOR-305|2026-03-18T12:00:00Z|temperature_c,R-SEN-006,unit,K,Unite K convertie en °C,valeur_normalisee
sensor_readings.csv,EQ-SENSOR-305|2026-03-18T18:00:00Z|temperature_c,R-SEN-006,unit,K,Unite K convertie en °C,valeur_normalisee
sensor_readings.csv,EQ-SENSOR-305|2026-03-19T00:00:00Z|temperature_c,R-SEN-006,unit,K,Unite K convertie en °C,valeur_normalisee
sensor_readings.csv,EQ-SENSOR-305|2026-03-19T06:00:00Z|temperature_c,R-SEN-006,unit,K,Unite K convertie en °C,valeur_normalisee
sensor_readings.csv,EQ-SENSOR-305|2026-03-19T12:00:00Z|temperature_c,R-SEN-006,unit,K,Unite K convertie en °C,valeur_normalisee
sensor_readings.csv,EQ-SENSOR-305|2026-03-19T18:00:00Z|temperature_c,R-SEN-006,unit,K,Unite K convertie en °C,valeur_normalisee
sensor_readings.csv,EQ-SENSOR-305|2026-03-20T00:00:00Z|temperature_c,R-SEN-006,unit,K,Unite K convertie en °C,valeur_normalisee
sensor_readings.csv,EQ-SENSOR-305|2026-03-20T06:00:00Z|temperature_c,R-SEN-006,unit,K,Unite K convertie en °C,valeur_normalisee
sensor_readings.csv,EQ-SENSOR-305|2026-03-20T12:00:00Z|temperature_c,R-SEN-006,unit,K,Unite K convertie en °C,valeur_normalisee
sensor_readings.csv,EQ-SENSOR-305|2026-03-20T18:00:00Z|temperature_c,R-SEN-006,unit,K,Unite K convertie en °C,valeur_normalisee
sensor_readings.csv,EQ-SENSOR-305|2026-03-21T00:00:00Z|temperature_c,R-SEN-006,unit,K,Unite K convertie en °C,valeur_normalisee
sensor_readings.csv,EQ-SENSOR-305|2026-03-21T06:00:00Z|temperature_c,R-SEN-006,unit,K,Unite K convertie en °C,valeur_normalisee
sensor_readings.csv,EQ-SENSOR-305|2026-03-21T12:00:00Z|temperature_c,R-SEN-006,unit,K,Unite K convertie en °C,valeur_normalisee
sensor_readings.csv,EQ-SENSOR-305|2026-03-21T18:00:00Z|temperature_c,R-SEN-006,unit,K,Unite K convertie en °C,valeur_normalisee
sensor_readings.csv,EQ-SENSOR-305|2026-03-22T00:00:00Z|temperature_c,R-SEN-006,unit,K,Unite K convertie en °C,valeur_normalisee
sensor_readings.csv,EQ-SENSOR-305|2026-03-22T06:00:00Z|temperature_c,R-SEN-006,unit,K,Unite K convertie en °C,valeur_normalisee
sensor_readings.csv,EQ-SENSOR-305|2026-03-22T12:00:00Z|temperature_c,R-SEN-006,unit,K,Unite K convertie en °C,valeur_normalisee
sensor_readings.csv,EQ-SENSOR-305|2026-03-22T18:00:00Z|temperature_c,R-SEN-006,unit,K,Unite K convertie en °C,valeur_normalisee
sensor_readings.csv,EQ-SENSOR-305|2026-03-23T00:00:00Z|temperature_c,R-SEN-006,unit,K,Unite K convertie en °C,valeur_normalisee
sensor_readings.csv,EQ-SENSOR-305|2026-03-23T06:00:00Z|temperature_c,R-SEN-006,unit,K,Unite K convertie en °C,valeur_normalisee
sensor_readings.csv,EQ-SENSOR-305|2026-03-23T12:00:00Z|temperature_c,R-SEN-006,unit,K,Unite K convertie en °C,valeur_normalisee
sensor_readings.csv,EQ-SENSOR-305|2026-03-23T18:00:00Z|temperature_c,R-SEN-006,unit,K,Unite K convertie en °C,valeur_normalisee
sensor_readings.csv,EQ-PUMP-001|2026-01-17T00:00:00Z|temperature_c,R-SEN-008,value,-999.0,"Valeur sentinelle — negative, physiquement impossible",champ_neutralise
sensor_readings.csv,EQ-FAN-304|2026-01-28T18:00:00Z|rpm,R-SEN-008,value,-999.0,"Valeur sentinelle — negative, physiquement impossible",champ_neutralise
sensor_readings.csv,EQ-COMP-396|2026-02-09T12:00:00Z|pressure_bar,R-SEN-008,value,-999.0,"Valeur sentinelle — negative, physiquement impossible",champ_neutralise
sensor_readings.csv,EQ-MIX-379|2026-02-21T06:00:00Z|vibration_mm_s,R-SEN-008,value,-999.0,"Valeur sentinelle — negative, physiquement impossible",champ_neutralise
sensor_readings.csv,EQ-OVEN-386|2026-03-05T00:00:00Z|temperature_c,R-SEN-008,value,-999.0,"Valeur sentinelle — negative, physiquement impossible",champ_neutralise
sensor_readings.csv,EQ-ROBOT-358|2026-03-16T18:00:00Z|vibration_mm_s,R-SEN-008,value,-999.0,"Valeur sentinelle — negative, physiquement impossible",champ_neutralise
sensor_readings.csv,EQ-COMP-249|2026-03-28T12:00:00Z|pressure_bar,R-SEN-008,value,-999.0,"Valeur sentinelle — negative, physiquement impossible",champ_neutralise
sensor_readings.csv,EQ-FAN-002|2026-04-09T06:00:00Z|current_a,R-SEN-008,value,-999.0,"Valeur sentinelle — negative, physiquement impossible",champ_neutralise
sensor_readings.csv,EQ-CONV-003|2026-04-21T00:00:00Z|current_a,R-SEN-008,value,-999.0,"Valeur sentinelle — negative, physiquement impossible",champ_neutralise
sensor_readings.csv,EQ-STEAM-352|2026-05-02T18:00:00Z|temperature_c,R-SEN-008,value,-999.0,"Valeur sentinelle — negative, physiquement impossible",champ_neutralise
sensor_readings.csv,EQ-PUMP-001|2026-05-14T12:00:00Z|temperature_c,R-SEN-008,value,-999.0,"Valeur sentinelle — negative, physiquement impossible",champ_neutralise
sensor_readings.csv,EQ-FAN-304|2026-05-26T06:00:00Z|rpm,R-SEN-008,value,-999.0,"Valeur sentinelle — negative, physiquement impossible",champ_neutralise
sensor_readings.csv,EQ-PUMP-171|2026-01-24T12:00:00Z|vibration_mm_s,R-SEN-007,value,,Valeur absente ou non numerique,champ_neutralise
sensor_readings.csv,EQ-COMP-002|2026-01-27T18:00:00Z|temperature_c,R-SEN-007,value,,Valeur absente ou non numerique,champ_neutralise
sensor_readings.csv,EQ-CHILL-168|2026-01-31T00:00:00Z|temperature_c,R-SEN-007,value,,Valeur absente ou non numerique,champ_neutralise
sensor_readings.csv,EQ-CHILL-248|2026-02-03T06:00:00Z|pressure_bar,R-SEN-007,value,,Valeur absente ou non numerique,champ_neutralise
sensor_readings.csv,EQ-COMP-396|2026-02-06T12:00:00Z|pressure_bar,R-SEN-007,value,,Valeur absente ou non numerique,champ_neutralise
sensor_readings.csv,EQ-FAN-003|2026-02-09T18:00:00Z|vibration_mm_s,R-SEN-007,value,,Valeur absente ou non numerique,champ_neutralise
sensor_readings.csv,EQ-MIX-379|2026-02-13T00:00:00Z|current_a,R-SEN-007,value,,Valeur absente ou non numerique,champ_neutralise
sensor_readings.csv,EQ-OVEN-001|2026-02-16T06:00:00Z|current_a,R-SEN-007,value,,Valeur absente ou non numerique,champ_neutralise
sensor_readings.csv,EQ-OVEN-366|2026-02-19T12:00:00Z|temperature_c,R-SEN-007,value,,Valeur absente ou non numerique,champ_neutralise
sensor_readings.csv,EQ-OVEN-386|2026-02-22T18:00:00Z|current_a,R-SEN-007,value,,Valeur absente ou non numerique,champ_neutralise
sensor_readings.csv,EQ-PUMP-350|2026-02-26T00:00:00Z|vibration_mm_s,R-SEN-007,value,,Valeur absente ou non numerique,champ_neutralise
sensor_readings.csv,EQ-ROBOT-358|2026-03-01T06:00:00Z|vibration_mm_s,R-SEN-007,value,,Valeur absente ou non numerique,champ_neutralise
sensor_readings.csv,EQ-CHILL-115|2026-03-04T12:00:00Z|temperature_c,R-SEN-007,value,,Valeur absente ou non numerique,champ_neutralise
sensor_readings.csv,EQ-CHILL-188|2026-03-07T18:00:00Z|pressure_bar,R-SEN-007,value,,Valeur absente ou non numerique,champ_neutralise
sensor_readings.csv,EQ-CONV-262|2026-03-11T00:00:00Z|rpm,R-SEN-007,value,,Valeur absente ou non numerique,champ_neutralise
sensor_readings.csv,EQ-FAN-002|2026-03-14T06:00:00Z|vibration_mm_s,R-SEN-007,value,,Valeur absente ou non numerique,champ_neutralise
sensor_readings.csv,EQ-MIX-159|2026-03-17T12:00:00Z|current_a,R-SEN-007,value,,Valeur absente ou non numerique,champ_neutralise
sensor_readings.csv,EQ-MIX-259|2026-03-20T18:00:00Z|vibration_mm_s,R-SEN-007,value,,Valeur absente ou non numerique,champ_neutralise
sensor_readings.csv,EQ-CONV-003|2026-03-24T00:00:00Z|current_a,R-SEN-007,value,,Valeur absente ou non numerique,champ_neutralise
sensor_readings.csv,EQ-FAN-284|2026-03-27T06:00:00Z|rpm,R-SEN-007,value,,Valeur absente ou non numerique,champ_neutralise
sensor_readings.csv,EQ-SENSOR-305|2026-03-30T12:00:00Z|temperature_c,R-SEN-007,value,,Valeur absente ou non numerique,champ_neutralise
sensor_readings.csv,EQ-CHILL-001|2026-04-02T18:00:00Z|temperature_c,R-SEN-007,value,,Valeur absente ou non numerique,champ_neutralise
sensor_readings.csv,EQ-CAB-134|2026-04-06T00:00:00Z|current_a,R-SEN-007,value,,Valeur absente ou non numerique,champ_neutralise
sensor_readings.csv,EQ-PUMP-001|2026-04-09T06:00:00Z|pressure_bar,R-SEN-007,value,,Valeur absente ou non numerique,champ_neutralise
sensor_readings.csv,EQ-COMP-002|2026-04-12T12:00:00Z|pressure_bar,R-SEN-007,value,,Valeur absente ou non numerique,champ_neutralise
sensor_readings.csv,EQ-FAN-304|2026-04-15T18:00:00Z|rpm,R-SEN-007,value,,Valeur absente ou non numerique,champ_neutralise
sensor_readings.csv,EQ-CHILL-248|2026-04-19T00:00:00Z|temperature_c,R-SEN-007,value,,Valeur absente ou non numerique,champ_neutralise
sensor_readings.csv,EQ-COMP-113|2026-04-22T06:00:00Z|temperature_c,R-SEN-007,value,,Valeur absente ou non numerique,champ_neutralise
sensor_readings.csv,EQ-CONV-336|2026-04-25T12:00:00Z|rpm,R-SEN-007,value,,Valeur absente ou non numerique,champ_neutralise
sensor_readings.csv,EQ-FAN-204|2026-04-28T18:00:00Z|vibration_mm_s,R-SEN-007,value,,Valeur absente ou non numerique,champ_neutralise
sensor_readings.csv,EQ-OVEN-001|2026-05-02T00:00:00Z|temperature_c,R-SEN-007,value,,Valeur absente ou non numerique,champ_neutralise
sensor_readings.csv,EQ-OVEN-123|2026-05-05T06:00:00Z|current_a,R-SEN-007,value,,Valeur absente ou non numerique,champ_neutralise
sensor_readings.csv,EQ-OVEN-386|2026-05-08T12:00:00Z|temperature_c,R-SEN-007,value,,Valeur absente ou non numerique,champ_neutralise
sensor_readings.csv,EQ-PUMP-006|2026-05-11T18:00:00Z|temperature_c,R-SEN-007,value,,Valeur absente ou non numerique,champ_neutralise
sensor_readings.csv,EQ-ROBOT-358|2026-05-15T00:00:00Z|current_a,R-SEN-007,value,,Valeur absente ou non numerique,champ_neutralise
sensor_readings.csv,EQ-STEAM-341|2026-05-18T06:00:00Z|pressure_bar,R-SEN-007,value,,Valeur absente ou non numerique,champ_neutralise
sensor_readings.csv,EQ-CHILL-188|2026-05-21T12:00:00Z|temperature_c,R-SEN-007,value,,Valeur absente ou non numerique,champ_neutralise
sensor_readings.csv,EQ-CONV-262|2026-05-24T18:00:00Z|current_a,R-SEN-007,value,,Valeur absente ou non numerique,champ_neutralise
sensor_readings.csv,EQ-CONV-376|2026-05-28T00:00:00Z|rpm,R-SEN-007,value,,Valeur absente ou non numerique,champ_neutralise
sensor_readings.csv,EQ-FAN-002|2026-05-31T06:00:00Z|current_a,R-SEN-007,value,,Valeur absente ou non numerique,champ_neutralise
sensor_readings.csv,EQ-OVEN-123|2026-06-01T00:00:00Z|current_a,R-SEN-015,period,2026-S2,Etiquette de periode incoherente avec la date — normalisee en 2026-S1,valeur_normalisee
sensor_readings.csv,EQ-OVEN-123|2026-06-01T06:00:00Z|current_a,R-SEN-015,period,2026-S2,Etiquette de periode incoherente avec la date — normalisee en 2026-S1,valeur_normalisee
sensor_readings.csv,EQ-OVEN-123|2026-06-01T12:00:00Z|current_a,R-SEN-015,period,2026-S2,Etiquette de periode incoherente avec la date — normalisee en 2026-S1,valeur_normalisee
sensor_readings.csv,EQ-OVEN-123|2026-06-01T18:00:00Z|current_a,R-SEN-015,period,2026-S2,Etiquette de periode incoherente avec la date — normalisee en 2026-S1,valeur_normalisee
sensor_readings.csv,EQ-OVEN-123|2026-06-02T00:00:00Z|current_a,R-SEN-015,period,2026-S2,Etiquette de periode incoherente avec la date — normalisee en 2026-S1,valeur_normalisee
sensor_readings.csv,EQ-OVEN-123|2026-06-02T06:00:00Z|current_a,R-SEN-015,period,2026-S2,Etiquette de periode incoherente avec la date — normalisee en 2026-S1,valeur_normalisee
sensor_readings.csv,EQ-OVEN-123|2026-06-02T12:00:00Z|current_a,R-SEN-015,period,2026-S2,Etiquette de periode incoherente avec la date — normalisee en 2026-S1,valeur_normalisee
sensor_readings.csv,EQ-OVEN-123|2026-06-02T18:00:00Z|current_a,R-SEN-015,period,2026-S2,Etiquette de periode incoherente avec la date — normalisee en 2026-S1,valeur_normalisee
sensor_readings.csv,EQ-OVEN-123|2026-06-03T00:00:00Z|current_a,R-SEN-015,period,2026-S2,Etiquette de periode incoherente avec la date — normalisee en 2026-S1,valeur_normalisee
sensor_readings.csv,EQ-OVEN-123|2026-06-03T06:00:00Z|current_a,R-SEN-015,period,2026-S2,Etiquette de periode incoherente avec la date — normalisee en 2026-S1,valeur_normalisee
sensor_readings.csv,EQ-OVEN-123|2026-06-03T12:00:00Z|current_a,R-SEN-015,period,2026-S2,Etiquette de periode incoherente avec la date — normalisee en 2026-S1,valeur_normalisee
sensor_readings.csv,EQ-OVEN-123|2026-06-03T18:00:00Z|current_a,R-SEN-015,period,2026-S2,Etiquette de periode incoherente avec la date — normalisee en 2026-S1,valeur_normalisee
sensor_readings.csv,EQ-OVEN-123|2026-06-04T00:00:00Z|current_a,R-SEN-015,period,2026-S2,Etiquette de periode incoherente avec la date — normalisee en 2026-S1,valeur_normalisee
sensor_readings.csv,EQ-OVEN-123|2026-06-04T06:00:00Z|current_a,R-SEN-015,period,2026-S2,Etiquette de periode incoherente avec la date — normalisee en 2026-S1,valeur_normalisee
sensor_readings.csv,EQ-OVEN-123|2026-06-04T12:00:00Z|current_a,R-SEN-015,period,2026-S2,Etiquette de periode incoherente avec la date — normalisee en 2026-S1,valeur_normalisee
sensor_readings.csv,EQ-OVEN-123|2026-06-04T18:00:00Z|current_a,R-SEN-015,period,2026-S2,Etiquette de periode incoherente avec la date — normalisee en 2026-S1,valeur_normalisee
sensor_readings.csv,EQ-OVEN-123|2026-06-05T00:00:00Z|current_a,R-SEN-015,period,2026-S2,Etiquette de periode incoherente avec la date — normalisee en 2026-S1,valeur_normalisee
sensor_readings.csv,EQ-OVEN-123|2026-06-05T06:00:00Z|current_a,R-SEN-015,period,2026-S2,Etiquette de periode incoherente avec la date — normalisee en 2026-S1,valeur_normalisee
sensor_readings.csv,EQ-OVEN-123|2026-06-05T12:00:00Z|current_a,R-SEN-015,period,2026-S2,Etiquette de periode incoherente avec la date — normalisee en 2026-S1,valeur_normalisee
sensor_readings.csv,EQ-OVEN-123|2026-06-05T18:00:00Z|current_a,R-SEN-015,period,2026-S2,Etiquette de periode incoherente avec la date — normalisee en 2026-S1,valeur_normalisee
sensor_readings.csv,EQ-OVEN-123|2026-06-06T00:00:00Z|current_a,R-SEN-015,period,2026-S2,Etiquette de periode incoherente avec la date — normalisee en 2026-S1,valeur_normalisee
sensor_readings.csv,EQ-OVEN-123|2026-06-06T06:00:00Z|current_a,R-SEN-015,period,2026-S2,Etiquette de periode incoherente avec la date — normalisee en 2026-S1,valeur_normalisee
sensor_readings.csv,EQ-OVEN-123|2026-06-06T12:00:00Z|current_a,R-SEN-015,period,2026-S2,Etiquette de periode incoherente avec la date — normalisee en 2026-S1,valeur_normalisee
sensor_readings.csv,EQ-OVEN-123|2026-06-06T18:00:00Z|current_a,R-SEN-015,period,2026-S2,Etiquette de periode incoherente avec la date — normalisee en 2026-S1,valeur_normalisee
sensor_readings.csv,EQ-OVEN-123|2026-06-07T00:00:00Z|current_a,R-SEN-015,period,2026-S2,Etiquette de periode incoherente avec la date — normalisee en 2026-S1,valeur_normalisee
sensor_readings.csv,EQ-OVEN-123|2026-06-07T06:00:00Z|current_a,R-SEN-015,period,2026-S2,Etiquette de periode incoherente avec la date — normalisee en 2026-S1,valeur_normalisee
sensor_readings.csv,EQ-OVEN-123|2026-06-07T12:00:00Z|current_a,R-SEN-015,period,2026-S2,Etiquette de periode incoherente avec la date — normalisee en 2026-S1,valeur_normalisee
sensor_readings.csv,EQ-OVEN-123|2026-06-07T18:00:00Z|current_a,R-SEN-015,period,2026-S2,Etiquette de periode incoherente avec la date — normalisee en 2026-S1,valeur_normalisee
sensor_readings.csv,EQ-OVEN-123|2026-06-08T00:00:00Z|current_a,R-SEN-015,period,2026-S2,Etiquette de periode incoherente avec la date — normalisee en 2026-S1,valeur_normalisee
sensor_readings.csv,EQ-OVEN-123|2026-06-08T06:00:00Z|current_a,R-SEN-015,period,2026-S2,Etiquette de periode incoherente avec la date — normalisee en 2026-S1,valeur_normalisee
sensor_readings.csv,EQ-CAB-134|2025-12-28T06:00:00Z|current_a,R-SEN-014,timestamp,2025-12-28T06:00:00Z,Mesure hors de la periode annoncee — conservee et signalee,conserve_signale
sensor_readings.csv,EQ-PUMP-001|2025-12-29T12:00:00Z|vibration_mm_s,R-SEN-014,timestamp,2025-12-29T12:00:00Z,Mesure hors de la periode annoncee — conservee et signalee,conserve_signale
sensor_readings.csv,EQ-PUMP-001|2026-07-02T00:00:00Z|pressure_bar,R-SEN-014,timestamp,2026-07-02T00:00:00Z,Mesure hors de la periode annoncee — conservee et signalee,conserve_signale
sensor_readings.csv,EQ-PUMP-171|2026-07-03T06:00:00Z|vibration_mm_s,R-SEN-014,timestamp,2026-07-03T06:00:00Z,Mesure hors de la periode annoncee — conservee et signalee,conserve_signale
sensor_readings.csv,EQ-PUMP-171|2026-07-04T12:00:00Z|temperature_c,R-SEN-014,timestamp,2026-07-04T12:00:00Z,Mesure hors de la periode annoncee — conservee et signalee,conserve_signale
sensor_readings.csv,EQ-PUMP-001|2026-01-02T02:00:00Z|vibration_mm_s,R-SEN-003,timestamp,2026-01-02T02:00:00Z,"Serie decalee de la grille nominale — releves a [2, 8, 14, 20] h, 720 mesures concernees",conserve_signale
sensor_readings.csv,EQ-ORPHAN-777|2026-02-01T00:00:00Z|temperature_c,R-SEN-013,equipment_id,EQ-ORPHAN-777,Equipement absent du parc prepare — rattachement impossible,exclue
sensor_readings.csv,EQ-ORPHAN-777|2026-02-01T06:00:00Z|temperature_c,R-SEN-013,equipment_id,EQ-ORPHAN-777,Equipement absent du parc prepare — rattachement impossible,exclue
sensor_readings.csv,EQ-ORPHAN-777|2026-02-01T12:00:00Z|temperature_c,R-SEN-013,equipment_id,EQ-ORPHAN-777,Equipement absent du parc prepare — rattachement impossible,exclue
sensor_readings.csv,EQ-ORPHAN-777|2026-02-01T18:00:00Z|temperature_c,R-SEN-013,equipment_id,EQ-ORPHAN-777,Equipement absent du parc prepare — rattachement impossible,exclue
sensor_readings.csv,EQ-ORPHAN-777|2026-02-02T00:00:00Z|temperature_c,R-SEN-013,equipment_id,EQ-ORPHAN-777,Equipement absent du parc prepare — rattachement impossible,exclue
sensor_readings.csv,EQ-ORPHAN-777|2026-02-02T06:00:00Z|temperature_c,R-SEN-013,equipment_id,EQ-ORPHAN-777,Equipement absent du parc prepare — rattachement impossible,exclue
sensor_readings.csv,EQ-ORPHAN-777|2026-02-02T12:00:00Z|temperature_c,R-SEN-013,equipment_id,EQ-ORPHAN-777,Equipement absent du parc prepare — rattachement impossible,exclue
sensor_readings.csv,EQ-ORPHAN-777|2026-02-02T18:00:00Z|temperature_c,R-SEN-013,equipment_id,EQ-ORPHAN-777,Equipement absent du parc prepare — rattachement impossible,exclue
sensor_readings.csv,EQ-ORPHAN-777|2026-02-03T00:00:00Z|temperature_c,R-SEN-013,equipment_id,EQ-ORPHAN-777,Equipement absent du parc prepare — rattachement impossible,exclue
sensor_readings.csv,EQ-ORPHAN-777|2026-02-03T06:00:00Z|temperature_c,R-SEN-013,equipment_id,EQ-ORPHAN-777,Equipement absent du parc prepare — rattachement impossible,exclue
sensor_readings.csv,EQ-ORPHAN-777|2026-02-03T12:00:00Z|temperature_c,R-SEN-013,equipment_id,EQ-ORPHAN-777,Equipement absent du parc prepare — rattachement impossible,exclue
sensor_readings.csv,EQ-ORPHAN-777|2026-02-03T18:00:00Z|temperature_c,R-SEN-013,equipment_id,EQ-ORPHAN-777,Equipement absent du parc prepare — rattachement impossible,exclue
sensor_readings.csv,EQ-ORPHAN-777|2026-02-04T00:00:00Z|temperature_c,R-SEN-013,equipment_id,EQ-ORPHAN-777,Equipement absent du parc prepare — rattachement impossible,exclue
sensor_readings.csv,EQ-ORPHAN-777|2026-02-04T06:00:00Z|temperature_c,R-SEN-013,equipment_id,EQ-ORPHAN-777,Equipement absent du parc prepare — rattachement impossible,exclue
sensor_readings.csv,EQ-ORPHAN-777|2026-02-04T12:00:00Z|temperature_c,R-SEN-013,equipment_id,EQ-ORPHAN-777,Equipement absent du parc prepare — rattachement impossible,exclue
sensor_readings.csv,EQ-ORPHAN-777|2026-02-04T18:00:00Z|temperature_c,R-SEN-013,equipment_id,EQ-ORPHAN-777,Equipement absent du parc prepare — rattachement impossible,exclue
sensor_readings.csv,EQ-ORPHAN-777|2026-02-05T00:00:00Z|temperature_c,R-SEN-013,equipment_id,EQ-ORPHAN-777,Equipement absent du parc prepare — rattachement impossible,exclue
sensor_readings.csv,EQ-ORPHAN-777|2026-02-05T06:00:00Z|temperature_c,R-SEN-013,equipment_id,EQ-ORPHAN-777,Equipement absent du parc prepare — rattachement impossible,exclue
sensor_readings.csv,EQ-ORPHAN-777|2026-02-05T12:00:00Z|temperature_c,R-SEN-013,equipment_id,EQ-ORPHAN-777,Equipement absent du parc prepare — rattachement impossible,exclue
sensor_readings.csv,EQ-ORPHAN-777|2026-02-05T18:00:00Z|temperature_c,R-SEN-013,equipment_id,EQ-ORPHAN-777,Equipement absent du parc prepare — rattachement impossible,exclue
sensor_readings.csv,EQ-ORPHAN-777|2026-02-06T00:00:00Z|temperature_c,R-SEN-013,equipment_id,EQ-ORPHAN-777,Equipement absent du parc prepare — rattachement impossible,exclue
sensor_readings.csv,EQ-ORPHAN-777|2026-02-06T06:00:00Z|temperature_c,R-SEN-013,equipment_id,EQ-ORPHAN-777,Equipement absent du parc prepare — rattachement impossible,exclue
sensor_readings.csv,EQ-ORPHAN-777|2026-02-06T12:00:00Z|temperature_c,R-SEN-013,equipment_id,EQ-ORPHAN-777,Equipement absent du parc prepare — rattachement impossible,exclue
sensor_readings.csv,EQ-ORPHAN-777|2026-02-06T18:00:00Z|temperature_c,R-SEN-013,equipment_id,EQ-ORPHAN-777,Equipement absent du parc prepare — rattachement impossible,exclue
sensor_readings.csv,EQ-ORPHAN-777|2026-02-07T00:00:00Z|temperature_c,R-SEN-013,equipment_id,EQ-ORPHAN-777,Equipement absent du parc prepare — rattachement impossible,exclue
sensor_readings.csv,EQ-ORPHAN-777|2026-02-07T06:00:00Z|temperature_c,R-SEN-013,equipment_id,EQ-ORPHAN-777,Equipement absent du parc prepare — rattachement impossible,exclue
sensor_readings.csv,EQ-ORPHAN-777|2026-02-07T12:00:00Z|temperature_c,R-SEN-013,equipment_id,EQ-ORPHAN-777,Equipement absent du parc prepare — rattachement impossible,exclue
sensor_readings.csv,EQ-ORPHAN-777|2026-02-07T18:00:00Z|temperature_c,R-SEN-013,equipment_id,EQ-ORPHAN-777,Equipement absent du parc prepare — rattachement impossible,exclue
sensor_readings.csv,EQ-ORPHAN-777|2026-02-08T00:00:00Z|temperature_c,R-SEN-013,equipment_id,EQ-ORPHAN-777,Equipement absent du parc prepare — rattachement impossible,exclue
sensor_readings.csv,EQ-ORPHAN-777|2026-02-08T06:00:00Z|temperature_c,R-SEN-013,equipment_id,EQ-ORPHAN-777,Equipement absent du parc prepare — rattachement impossible,exclue
sensor_readings.csv,EQ-COMP-233|2026-02-23T18:00:00Z|pressure_bar,R-SEN-001,equipment_id,EQ-COMP-233,Ligne strictement dupliquee,doublon_supprime
sensor_readings.csv,EQ-CONV-262|2026-02-24T06:00:00Z|current_a,R-SEN-001,equipment_id,EQ-CONV-262,Ligne strictement dupliquee,doublon_supprime
sensor_readings.csv,EQ-CHILL-168|2026-03-04T18:00:00Z|pressure_bar,R-SEN-001,equipment_id,EQ-CHILL-168,Ligne strictement dupliquee,doublon_supprime
sensor_readings.csv,EQ-PUMP-350|2026-04-12T06:00:00Z|vibration_mm_s,R-SEN-001,equipment_id,EQ-PUMP-350,Ligne strictement dupliquee,doublon_supprime
sensor_readings.csv,EQ-MIX-379|2026-04-22T18:00:00Z|current_a,R-SEN-001,equipment_id,EQ-MIX-379,Ligne strictement dupliquee,doublon_supprime
sensor_readings.csv,EQ-CAB-134|2026-05-02T06:00:00Z|current_a,R-SEN-001,equipment_id,EQ-CAB-134,Ligne strictement dupliquee,doublon_supprime
sensor_readings.csv,EQ-PUMP-171|2026-02-17T18:00:00Z|temperature_c,R-SEN-001,value,59.4,Cle dupliquee portant des valeurs divergentes — aucune des deux retenue,exclue
sensor_readings.csv,EQ-PUMP-171|2026-02-17T18:00:00Z|temperature_c,R-SEN-001,value,70.79,Cle dupliquee portant des valeurs divergentes — aucune des deux retenue,exclue
sensor_readings.csv,EQ-OVEN-366|2026-02-26T06:00:00Z|temperature_c,R-SEN-001,value,47.6,Cle dupliquee portant des valeurs divergentes — aucune des deux retenue,exclue
sensor_readings.csv,EQ-OVEN-366|2026-02-26T06:00:00Z|temperature_c,R-SEN-001,value,56.87,Cle dupliquee portant des valeurs divergentes — aucune des deux retenue,exclue
sensor_readings.csv,EQ-CHILL-115|2026-03-13T18:00:00Z|temperature_c,R-SEN-001,value,55.72,Cle dupliquee portant des valeurs divergentes — aucune des deux retenue,exclue
sensor_readings.csv,EQ-CHILL-115|2026-03-13T18:00:00Z|temperature_c,R-SEN-001,value,66.45,Cle dupliquee portant des valeurs divergentes — aucune des deux retenue,exclue
sensor_readings.csv,EQ-COMP-396|2026-06-18T06:00:00Z|pressure_bar,R-SEN-001,value,6.29,Cle dupliquee portant des valeurs divergentes — aucune des deux retenue,exclue
sensor_readings.csv,EQ-COMP-396|2026-06-18T06:00:00Z|pressure_bar,R-SEN-001,value,8.12,Cle dupliquee portant des valeurs divergentes — aucune des deux retenue,exclue
sensor_readings.csv,EQ-FAN-204|2026-02-16T12:00:00Z|vibration_mm_s,R-SEN-009,value,5.05,Valeur a plus de 8 ecarts absolus medians de la mediane du capteur,conserve_signale
sensor_readings.csv,EQ-FAN-204|2026-02-17T12:00:00Z|vibration_mm_s,R-SEN-009,value,4.96,Valeur a plus de 8 ecarts absolus medians de la mediane du capteur,conserve_signale
sensor_readings.csv,EQ-FAN-304|2026-05-10T00:00:00Z|vibration_mm_s,R-SEN-009,value,5.76,Valeur a plus de 8 ecarts absolus medians de la mediane du capteur,conserve_signale
sensor_readings.csv,EQ-FAN-304|2026-05-10T06:00:00Z|vibration_mm_s,R-SEN-009,value,8.03,Valeur a plus de 8 ecarts absolus medians de la mediane du capteur,conserve_signale
sensor_readings.csv,EQ-FAN-304|2026-05-10T12:00:00Z|vibration_mm_s,R-SEN-009,value,9.28,Valeur a plus de 8 ecarts absolus medians de la mediane du capteur,conserve_signale
sensor_readings.csv,EQ-FAN-304|2026-05-10T18:00:00Z|vibration_mm_s,R-SEN-009,value,9.76,Valeur a plus de 8 ecarts absolus medians de la mediane du capteur,conserve_signale
sensor_readings.csv,EQ-FAN-304|2026-05-11T00:00:00Z|vibration_mm_s,R-SEN-009,value,7.23,Valeur a plus de 8 ecarts absolus medians de la mediane du capteur,conserve_signale
sensor_readings.csv,EQ-FAN-304|2026-05-11T06:00:00Z|vibration_mm_s,R-SEN-009,value,7.39,Valeur a plus de 8 ecarts absolus medians de la mediane du capteur,conserve_signale
sensor_readings.csv,EQ-PUMP-006|2026-04-29T18:00:00Z|vibration_mm_s,R-SEN-009,value,5.11,Valeur a plus de 8 ecarts absolus medians de la mediane du capteur,conserve_signale
sensor_readings.csv,EQ-PUMP-006|2026-04-30T00:00:00Z|vibration_mm_s,R-SEN-009,value,4.93,Valeur a plus de 8 ecarts absolus medians de la mediane du capteur,conserve_signale
sensor_readings.csv,EQ-FAN-304|2026-05-11T12:00:00Z|vibration_mm_s,R-SEN-012,value,3.03,Saut brutal entre deux mesures,conserve_signale
sensor_readings.csv,EQ-CAB-134|2026-01-02T00:00:00Z|current_a,R-SEN-004,timestamp,2026-01-02T00:00:00Z,Reprise apres interruption de l'echantillonnage,conserve_signale
sensor_readings.csv,EQ-CHILL-115|2026-03-14T00:00:00Z|temperature_c,R-SEN-004,timestamp,2026-03-14T00:00:00Z,Reprise apres interruption de l'echantillonnage,conserve_signale
sensor_readings.csv,EQ-COMP-396|2026-06-18T12:00:00Z|pressure_bar,R-SEN-004,timestamp,2026-06-18T12:00:00Z,Reprise apres interruption de l'echantillonnage,conserve_signale
sensor_readings.csv,EQ-MIX-159|2026-03-29T00:00:00Z|current_a,R-SEN-004,timestamp,2026-03-29T00:00:00Z,Reprise apres interruption de l'echantillonnage,conserve_signale
sensor_readings.csv,EQ-OVEN-366|2026-02-26T12:00:00Z|temperature_c,R-SEN-004,timestamp,2026-02-26T12:00:00Z,Reprise apres interruption de l'echantillonnage,conserve_signale
sensor_readings.csv,EQ-PUMP-001|2026-07-02T00:00:00Z|pressure_bar,R-SEN-004,timestamp,2026-07-02T00:00:00Z,Reprise apres interruption de l'echantillonnage,conserve_signale
sensor_readings.csv,EQ-PUMP-001|2026-01-02T02:00:00Z|vibration_mm_s,R-SEN-004,timestamp,2026-01-02T02:00:00Z,Reprise apres interruption de l'echantillonnage,conserve_signale
sensor_readings.csv,EQ-PUMP-171|2026-02-18T00:00:00Z|temperature_c,R-SEN-004,timestamp,2026-02-18T00:00:00Z,Reprise apres interruption de l'echantillonnage,conserve_signale
sensor_readings.csv,EQ-PUMP-171|2026-07-04T12:00:00Z|temperature_c,R-SEN-004,timestamp,2026-07-04T12:00:00Z,Reprise apres interruption de l'echantillonnage,conserve_signale
sensor_readings.csv,EQ-PUMP-171|2026-07-03T06:00:00Z|vibration_mm_s,R-SEN-004,timestamp,2026-07-03T06:00:00Z,Reprise apres interruption de l'echantillonnage,conserve_signale
sensor_readings.csv,EQ-CHILL-248|2026-01-02T00:00:00Z|temperature_c,R-SEN-011,value,52.61,Serie en derive monotone : correlation 0.505 sur 719 mesures,conserve_signale
sensor_readings.csv,EQ-PUMP-171|2026-04-12T00:00:00Z|vibration_mm_s,R-SEN-010,value,2.59,Capteur fige — valeur strictement constante sur une duree prolongee,exclue
sensor_readings.csv,EQ-PUMP-171|2026-04-12T06:00:00Z|vibration_mm_s,R-SEN-010,value,2.59,Capteur fige — valeur strictement constante sur une duree prolongee,exclue
sensor_readings.csv,EQ-PUMP-171|2026-04-12T12:00:00Z|vibration_mm_s,R-SEN-010,value,2.59,Capteur fige — valeur strictement constante sur une duree prolongee,exclue
sensor_readings.csv,EQ-PUMP-171|2026-04-12T18:00:00Z|vibration_mm_s,R-SEN-010,value,2.59,Capteur fige — valeur strictement constante sur une duree prolongee,exclue
sensor_readings.csv,EQ-PUMP-171|2026-04-13T00:00:00Z|vibration_mm_s,R-SEN-010,value,2.59,Capteur fige — valeur strictement constante sur une duree prolongee,exclue
sensor_readings.csv,EQ-PUMP-171|2026-04-13T06:00:00Z|vibration_mm_s,R-SEN-010,value,2.59,Capteur fige — valeur strictement constante sur une duree prolongee,exclue
sensor_readings.csv,EQ-PUMP-171|2026-04-13T12:00:00Z|vibration_mm_s,R-SEN-010,value,2.59,Capteur fige — valeur strictement constante sur une duree prolongee,exclue
sensor_readings.csv,EQ-PUMP-171|2026-04-13T18:00:00Z|vibration_mm_s,R-SEN-010,value,2.59,Capteur fige — valeur strictement constante sur une duree prolongee,exclue
sensor_readings.csv,EQ-PUMP-171|2026-04-14T00:00:00Z|vibration_mm_s,R-SEN-010,value,2.59,Capteur fige — valeur strictement constante sur une duree prolongee,exclue
sensor_readings.csv,EQ-PUMP-171|2026-04-14T06:00:00Z|vibration_mm_s,R-SEN-010,value,2.59,Capteur fige — valeur strictement constante sur une duree prolongee,exclue
sensor_readings.csv,EQ-PUMP-171|2026-04-14T12:00:00Z|vibration_mm_s,R-SEN-010,value,2.59,Capteur fige — valeur strictement constante sur une duree prolongee,exclue
sensor_readings.csv,EQ-PUMP-171|2026-04-14T18:00:00Z|vibration_mm_s,R-SEN-010,value,2.59,Capteur fige — valeur strictement constante sur une duree prolongee,exclue
sensor_readings.csv,EQ-PUMP-171|2026-04-15T00:00:00Z|vibration_mm_s,R-SEN-010,value,2.59,Capteur fige — valeur strictement constante sur une duree prolongee,exclue
sensor_readings.csv,EQ-PUMP-171|2026-04-15T06:00:00Z|vibration_mm_s,R-SEN-010,value,2.59,Capteur fige — valeur strictement constante sur une duree prolongee,exclue
sensor_readings.csv,EQ-PUMP-171|2026-04-15T12:00:00Z|vibration_mm_s,R-SEN-010,value,2.59,Capteur fige — valeur strictement constante sur une duree prolongee,exclue
sensor_readings.csv,EQ-PUMP-171|2026-04-15T18:00:00Z|vibration_mm_s,R-SEN-010,value,2.59,Capteur fige — valeur strictement constante sur une duree prolongee,exclue
sensor_readings.csv,EQ-PUMP-171|2026-04-16T00:00:00Z|vibration_mm_s,R-SEN-010,value,2.59,Capteur fige — valeur strictement constante sur une duree prolongee,exclue
sensor_readings.csv,EQ-PUMP-171|2026-04-16T06:00:00Z|vibration_mm_s,R-SEN-010,value,2.59,Capteur fige — valeur strictement constante sur une duree prolongee,exclue
sensor_readings.csv,EQ-PUMP-171|2026-04-16T12:00:00Z|vibration_mm_s,R-SEN-010,value,2.59,Capteur fige — valeur strictement constante sur une duree prolongee,exclue
sensor_readings.csv,EQ-PUMP-171|2026-04-16T18:00:00Z|vibration_mm_s,R-SEN-010,value,2.59,Capteur fige — valeur strictement constante sur une duree prolongee,exclue
sensor_readings.csv,EQ-PUMP-171|2026-04-17T00:00:00Z|vibration_mm_s,R-SEN-010,value,2.59,Capteur fige — valeur strictement constante sur une duree prolongee,exclue
sensor_readings.csv,EQ-PUMP-171|2026-04-17T06:00:00Z|vibration_mm_s,R-SEN-010,value,2.59,Capteur fige — valeur strictement constante sur une duree prolongee,exclue
sensor_readings.csv,EQ-PUMP-171|2026-04-17T12:00:00Z|vibration_mm_s,R-SEN-010,value,2.59,Capteur fige — valeur strictement constante sur une duree prolongee,exclue
sensor_readings.csv,EQ-PUMP-171|2026-04-17T18:00:00Z|vibration_mm_s,R-SEN-010,value,2.59,Capteur fige — valeur strictement constante sur une duree prolongee,exclue
sensor_readings.csv,EQ-PUMP-171|2026-04-18T00:00:00Z|vibration_mm_s,R-SEN-010,value,2.59,Capteur fige — valeur strictement constante sur une duree prolongee,exclue
sensor_readings.csv,EQ-PUMP-171|2026-04-18T06:00:00Z|vibration_mm_s,R-SEN-010,value,2.59,Capteur fige — valeur strictement constante sur une duree prolongee,exclue
sensor_readings.csv,EQ-PUMP-171|2026-04-18T12:00:00Z|vibration_mm_s,R-SEN-010,value,2.59,Capteur fige — valeur strictement constante sur une duree prolongee,exclue
sensor_readings.csv,EQ-PUMP-171|2026-04-18T18:00:00Z|vibration_mm_s,R-SEN-010,value,2.59,Capteur fige — valeur strictement constante sur une duree prolongee,exclue
sensor_readings.csv,EQ-PUMP-171|2026-04-19T00:00:00Z|vibration_mm_s,R-SEN-010,value,2.59,Capteur fige — valeur strictement constante sur une duree prolongee,exclue
sensor_readings.csv,EQ-PUMP-171|2026-04-19T06:00:00Z|vibration_mm_s,R-SEN-010,value,2.59,Capteur fige — valeur strictement constante sur une duree prolongee,exclue
sensor_readings.csv,EQ-PUMP-171|2026-04-19T12:00:00Z|vibration_mm_s,R-SEN-010,value,2.59,Capteur fige — valeur strictement constante sur une duree prolongee,exclue
sensor_readings.csv,EQ-PUMP-171|2026-04-19T18:00:00Z|vibration_mm_s,R-SEN-010,value,2.59,Capteur fige — valeur strictement constante sur une duree prolongee,exclue
sensor_readings.csv,EQ-PUMP-171|2026-04-20T00:00:00Z|vibration_mm_s,R-SEN-010,value,2.59,Capteur fige — valeur strictement constante sur une duree prolongee,exclue
sensor_readings.csv,EQ-PUMP-171|2026-04-20T06:00:00Z|vibration_mm_s,R-SEN-010,value,2.59,Capteur fige — valeur strictement constante sur une duree prolongee,exclue
sensor_readings.csv,EQ-PUMP-171|2026-04-20T12:00:00Z|vibration_mm_s,R-SEN-010,value,2.59,Capteur fige — valeur strictement constante sur une duree prolongee,exclue
sensor_readings.csv,EQ-PUMP-171|2026-04-20T18:00:00Z|vibration_mm_s,R-SEN-010,value,2.59,Capteur fige — valeur strictement constante sur une duree prolongee,exclue
sensor_readings.csv,EQ-PUMP-171|2026-04-21T00:00:00Z|vibration_mm_s,R-SEN-010,value,2.59,Capteur fige — valeur strictement constante sur une duree prolongee,exclue
sensor_readings.csv,EQ-PUMP-171|2026-04-21T06:00:00Z|vibration_mm_s,R-SEN-010,value,2.59,Capteur fige — valeur strictement constante sur une duree prolongee,exclue
sensor_readings.csv,EQ-PUMP-171|2026-04-21T12:00:00Z|vibration_mm_s,R-SEN-010,value,2.59,Capteur fige — valeur strictement constante sur une duree prolongee,exclue
sensor_readings.csv,EQ-PUMP-171|2026-04-21T18:00:00Z|vibration_mm_s,R-SEN-010,value,2.59,Capteur fige — valeur strictement constante sur une duree prolongee,exclue
sensor_readings.csv,EQ-PUMP-171|2026-04-22T00:00:00Z|vibration_mm_s,R-SEN-010,value,2.59,Capteur fige — valeur strictement constante sur une duree prolongee,exclue
sensor_readings.csv,EQ-PUMP-171|2026-04-22T06:00:00Z|vibration_mm_s,R-SEN-010,value,2.59,Capteur fige — valeur strictement constante sur une duree prolongee,exclue
sensor_readings.csv,EQ-PUMP-171|2026-04-22T12:00:00Z|vibration_mm_s,R-SEN-010,value,2.59,Capteur fige — valeur strictement constante sur une duree prolongee,exclue
sensor_readings.csv,EQ-PUMP-171|2026-04-22T18:00:00Z|vibration_mm_s,R-SEN-010,value,2.59,Capteur fige — valeur strictement constante sur une duree prolongee,exclue
sensor_readings.csv,EQ-PUMP-171|2026-04-23T00:00:00Z|vibration_mm_s,R-SEN-010,value,2.59,Capteur fige — valeur strictement constante sur une duree prolongee,exclue
sensor_readings.csv,EQ-PUMP-171|2026-04-23T06:00:00Z|vibration_mm_s,R-SEN-010,value,2.59,Capteur fige — valeur strictement constante sur une duree prolongee,exclue
sensor_readings.csv,EQ-PUMP-171|2026-04-23T12:00:00Z|vibration_mm_s,R-SEN-010,value,2.59,Capteur fige — valeur strictement constante sur une duree prolongee,exclue
sensor_readings.csv,EQ-PUMP-171|2026-04-23T18:00:00Z|vibration_mm_s,R-SEN-010,value,2.59,Capteur fige — valeur strictement constante sur une duree prolongee,exclue
sensor_readings.csv,EQ-PUMP-171|2026-04-24T00:00:00Z|vibration_mm_s,R-SEN-010,value,2.59,Capteur fige — valeur strictement constante sur une duree prolongee,exclue
sensor_readings.csv,EQ-PUMP-171|2026-04-24T06:00:00Z|vibration_mm_s,R-SEN-010,value,2.59,Capteur fige — valeur strictement constante sur une duree prolongee,exclue
sensor_readings.csv,EQ-PUMP-171|2026-04-24T12:00:00Z|vibration_mm_s,R-SEN-010,value,2.59,Capteur fige — valeur strictement constante sur une duree prolongee,exclue
sensor_readings.csv,EQ-PUMP-171|2026-04-24T18:00:00Z|vibration_mm_s,R-SEN-010,value,2.59,Capteur fige — valeur strictement constante sur une duree prolongee,exclue
sensor_readings.csv,EQ-PUMP-171|2026-04-25T00:00:00Z|vibration_mm_s,R-SEN-010,value,2.59,Capteur fige — valeur strictement constante sur une duree prolongee,exclue
sensor_readings.csv,EQ-PUMP-171|2026-04-25T06:00:00Z|vibration_mm_s,R-SEN-010,value,2.59,Capteur fige — valeur strictement constante sur une duree prolongee,exclue
sensor_readings.csv,EQ-PUMP-171|2026-04-25T12:00:00Z|vibration_mm_s,R-SEN-010,value,2.59,Capteur fige — valeur strictement constante sur une duree prolongee,exclue
sensor_readings.csv,EQ-PUMP-171|2026-04-25T18:00:00Z|vibration_mm_s,R-SEN-010,value,2.59,Capteur fige — valeur strictement constante sur une duree prolongee,exclue
sensor_readings.csv,EQ-PUMP-171|2026-04-26T00:00:00Z|vibration_mm_s,R-SEN-010,value,2.59,Capteur fige — valeur strictement constante sur une duree prolongee,exclue
sensor_readings.csv,EQ-PUMP-171|2026-04-26T06:00:00Z|vibration_mm_s,R-SEN-010,value,2.59,Capteur fige — valeur strictement constante sur une duree prolongee,exclue
sensor_readings.csv,EQ-PUMP-171|2026-04-26T12:00:00Z|vibration_mm_s,R-SEN-010,value,2.59,Capteur fige — valeur strictement constante sur une duree prolongee,exclue
sensor_readings.csv,EQ-PUMP-171|2026-04-26T18:00:00Z|vibration_mm_s,R-SEN-010,value,2.59,Capteur fige — valeur strictement constante sur une duree prolongee,exclue
sensor_readings.csv,EQ-PUMP-171|2026-04-27T00:00:00Z|vibration_mm_s,R-SEN-010,value,2.59,Capteur fige — valeur strictement constante sur une duree prolongee,exclue
sensor_readings.csv,EQ-PUMP-171|2026-04-27T06:00:00Z|vibration_mm_s,R-SEN-010,value,2.59,Capteur fige — valeur strictement constante sur une duree prolongee,exclue
sensor_readings.csv,EQ-PUMP-171|2026-04-27T12:00:00Z|vibration_mm_s,R-SEN-010,value,2.59,Capteur fige — valeur strictement constante sur une duree prolongee,exclue
sensor_readings.csv,EQ-PUMP-171|2026-04-27T18:00:00Z|vibration_mm_s,R-SEN-010,value,2.59,Capteur fige — valeur strictement constante sur une duree prolongee,exclue
sensor_readings.csv,EQ-PUMP-171|2026-04-28T00:00:00Z|vibration_mm_s,R-SEN-010,value,2.59,Capteur fige — valeur strictement constante sur une duree prolongee,exclue
sensor_readings.csv,EQ-PUMP-171|2026-04-28T06:00:00Z|vibration_mm_s,R-SEN-010,value,2.59,Capteur fige — valeur strictement constante sur une duree prolongee,exclue
sensor_readings.csv,EQ-PUMP-171|2026-04-28T12:00:00Z|vibration_mm_s,R-SEN-010,value,2.59,Capteur fige — valeur strictement constante sur une duree prolongee,exclue
sensor_readings.csv,EQ-PUMP-171|2026-04-28T18:00:00Z|vibration_mm_s,R-SEN-010,value,2.59,Capteur fige — valeur strictement constante sur une duree prolongee,exclue
sensor_readings.csv,EQ-PUMP-171|2026-04-29T00:00:00Z|vibration_mm_s,R-SEN-010,value,2.59,Capteur fige — valeur strictement constante sur une duree prolongee,exclue
sensor_readings.csv,EQ-PUMP-171|2026-04-29T06:00:00Z|vibration_mm_s,R-SEN-010,value,2.59,Capteur fige — valeur strictement constante sur une duree prolongee,exclue
sensor_readings.csv,EQ-PUMP-171|2026-04-29T12:00:00Z|vibration_mm_s,R-SEN-010,value,2.59,Capteur fige — valeur strictement constante sur une duree prolongee,exclue
sensor_readings.csv,EQ-PUMP-171|2026-04-29T18:00:00Z|vibration_mm_s,R-SEN-010,value,2.59,Capteur fige — valeur strictement constante sur une duree prolongee,exclue
sensor_readings.csv,EQ-PUMP-171|2026-04-30T00:00:00Z|vibration_mm_s,R-SEN-010,value,2.59,Capteur fige — valeur strictement constante sur une duree prolongee,exclue
sensor_readings.csv,EQ-PUMP-171|2026-04-30T06:00:00Z|vibration_mm_s,R-SEN-010,value,2.59,Capteur fige — valeur strictement constante sur une duree prolongee,exclue
sensor_readings.csv,EQ-PUMP-171|2026-04-30T12:00:00Z|vibration_mm_s,R-SEN-010,value,2.59,Capteur fige — valeur strictement constante sur une duree prolongee,exclue
sensor_readings.csv,EQ-PUMP-171|2026-04-30T18:00:00Z|vibration_mm_s,R-SEN-010,value,2.59,Capteur fige — valeur strictement constante sur une duree prolongee,exclue
sensor_readings.csv,EQ-PUMP-171|2026-05-01T00:00:00Z|vibration_mm_s,R-SEN-010,value,2.59,Capteur fige — valeur strictement constante sur une duree prolongee,exclue
sensor_readings.csv,EQ-PUMP-171|2026-05-01T06:00:00Z|vibration_mm_s,R-SEN-010,value,2.59,Capteur fige — valeur strictement constante sur une duree prolongee,exclue
sensor_readings.csv,EQ-PUMP-171|2026-05-01T12:00:00Z|vibration_mm_s,R-SEN-010,value,2.59,Capteur fige — valeur strictement constante sur une duree prolongee,exclue
sensor_readings.csv,EQ-PUMP-171|2026-05-01T18:00:00Z|vibration_mm_s,R-SEN-010,value,2.59,Capteur fige — valeur strictement constante sur une duree prolongee,exclue
