equipment_id,timestamp,sensor_name,value,unit,period,provenance,procedure_id
EQ-COMP-189,2026-01-02 00:00:00+00:00,vibration_mm_s,2.45,mm/s,2026-S1,synthétique,PROC-GEN-SMOTE-V2
EQ-COMP-189,2026-01-02 06:00:00+00:00,vibration_mm_s,3.43,mm/s,2026-S1,synthétique,PROC-GEN-SMOTE-V2
EQ-COMP-189,2026-01-02 12:00:00+00:00,vibration_mm_s,3.13,mm/s,2026-S1,synthétique,PROC-GEN-SMOTE-V2
EQ-COMP-189,2026-01-02 18:00:00+00:00,vibration_mm_s,2.81,mm/s,2026-S1,synthétique,PROC-GEN-SMOTE-V2
EQ-COMP-189,2026-01-03 00:00:00+00:00,vibration_mm_s,2.63,mm/s,2026-S1,synthétique,PROC-GEN-SMOTE-V2
EQ-COMP-189,2026-01-03 06:00:00+00:00,vibration_mm_s,2.95,mm/s,2026-S1,synthétique,PROC-GEN-SMOTE-V2
EQ-COMP-189,2026-01-03 12:00:00+00:00,vibration_mm_s,3.29,mm/s,2026-S1,synthétique,PROC-GEN-SMOTE-V2
EQ-COMP-189,2026-01-03 18:00:00+00:00,vibration_mm_s,2.8,mm/s,2026-S1,synthétique,PROC-GEN-SMOTE-V2
EQ-COMP-189,2026-01-04 00:00:00+00:00,vibration_mm_s,2.44,mm/s,2026-S1,synthétique,PROC-GEN-SMOTE-V2
EQ-COMP-189,2026-01-04 06:00:00+00:00,vibration_mm_s,2.98,mm/s,2026-S1,synthétique,PROC-GEN-SMOTE-V2
EQ-COMP-189,2026-01-04 12:00:00+00:00,vibration_mm_s,3.25,mm/s,2026-S1,synthétique,PROC-GEN-SMOTE-V2
EQ-COMP-189,2026-01-04 18:00:00+00:00,vibration_mm_s,2.72,mm/s,2026-S1,synthétique,PROC-GEN-SMOTE-V2
EQ-COMP-189,2026-01-05 00:00:00+00:00,vibration_mm_s,2.49,mm/s,2026-S1,synthétique,PROC-GEN-SMOTE-V2
EQ-COMP-189,2026-01-05 06:00:00+00:00,vibration_mm_s,3.0,mm/s,2026-S1,synthétique,PROC-GEN-SMOTE-V2
EQ-COMP-189,2026-01-05 12:00:00+00:00,vibration_mm_s,3.5,mm/s,2026-S1,synthétique,PROC-GEN-SMOTE-V2
EQ-COMP-189,2026-01-05 18:00:00+00:00,vibration_mm_s,2.71,mm/s,2026-S1,synthétique,PROC-GEN-SMOTE-V2
EQ-COMP-189,2026-01-06 00:00:00+00:00,vibration_mm_s,2.66,mm/s,2026-S1,synthétique,PROC-GEN-SMOTE-V2
EQ-COMP-189,2026-01-06 06:00:00+00:00,vibration_mm_s,2.8,mm/s,2026-S1,synthétique,PROC-GEN-SMOTE-V2
EQ-COMP-189,2026-01-06 12:00:00+00:00,vibration_mm_s,3.24,mm/s,2026-S1,synthétique,PROC-GEN-SMOTE-V2
EQ-COMP-189,2026-01-06 18:00:00+00:00,vibration_mm_s,2.88,mm/s,2026-S1,synthétique,PROC-GEN-SMOTE-V2
EQ-COMP-189,2026-01-07 00:00:00+00:00,vibration_mm_s,2.51,mm/s,2026-S1,synthétique,PROC-GEN-SMOTE-V2
EQ-COMP-189,2026-01-07 06:00:00+00:00,vibration_mm_s,2.75,mm/s,2026-S1,synthétique,PROC-GEN-SMOTE-V2
EQ-COMP-189,2026-01-07 12:00:00+00:00,vibration_mm_s,3.38,mm/s,2026-S1,synthétique,PROC-GEN-SMOTE-V2
EQ-COMP-189,2026-01-07 18:00:00+00:00,vibration_mm_s,3.08,mm/s,2026-S1,synthétique,PROC-GEN-SMOTE-V2
EQ-COMP-189,2026-01-08 00:00:00+00:00,vibration_mm_s,2.39,mm/s,2026-S1,synthétique,PROC-GEN-SMOTE-V2
EQ-COMP-189,2026-01-08 06:00:00+00:00,vibration_mm_s,2.77,mm/s,2026-S1,synthétique,PROC-GEN-SMOTE-V2
EQ-COMP-189,2026-01-08 12:00:00+00:00,vibration_mm_s,3.13,mm/s,2026-S1,synthétique,PROC-GEN-SMOTE-V2
EQ-COMP-189,2026-01-08 18:00:00+00:00,vibration_mm_s,2.88,mm/s,2026-S1,synthétique,PROC-GEN-SMOTE-V2
EQ-COMP-189,2026-01-09 00:00:00+00:00,vibration_mm_s,2.41,mm/s,2026-S1,synthétique,PROC-GEN-SMOTE-V2
EQ-COMP-189,2026-01-09 06:00:00+00:00,vibration_mm_s,2.88,mm/s,2026-S1,synthétique,PROC-GEN-SMOTE-V2
EQ-COMP-189,2026-01-09 12:00:00+00:00,vibration_mm_s,3.28,mm/s,2026-S1,synthétique,PROC-GEN-SMOTE-V2
EQ-COMP-189,2026-01-09 18:00:00+00:00,vibration_mm_s,2.58,mm/s,2026-S1,synthétique,PROC-GEN-SMOTE-V2
EQ-COMP-189,2026-01-10 00:00:00+00:00,vibration_mm_s,2.62,mm/s,2026-S1,synthétique,PROC-GEN-SMOTE-V2
EQ-COMP-189,2026-01-10 06:00:00+00:00,vibration_mm_s,2.95,mm/s,2026-S1,synthétique,PROC-GEN-SMOTE-V2
EQ-COMP-189,2026-01-10 12:00:00+00:00,vibration_mm_s,3.41,mm/s,2026-S1,synthétique,PROC-GEN-SMOTE-V2
EQ-COMP-189,2026-01-10 18:00:00+00:00,vibration_mm_s,2.7,mm/s,2026-S1,synthétique,PROC-GEN-SMOTE-V2
EQ-COMP-189,2026-01-11 00:00:00+00:00,vibration_mm_s,2.44,mm/s,2026-S1,synthétique,PROC-GEN-SMOTE-V2
EQ-COMP-189,2026-01-11 06:00:00+00:00,vibration_mm_s,2.7,mm/s,2026-S1,synthétique,PROC-GEN-SMOTE-V2
EQ-COMP-189,2026-01-11 12:00:00+00:00,vibration_mm_s,3.4,mm/s,2026-S1,synthétique,PROC-GEN-SMOTE-V2
EQ-COMP-189,2026-01-11 18:00:00+00:00,vibration_mm_s,2.98,mm/s,2026-S1,synthétique,PROC-GEN-SMOTE-V2
EQ-COMP-189,2026-01-12 00:00:00+00:00,vibration_mm_s,2.69,mm/s,2026-S1,synthétique,PROC-GEN-SMOTE-V2
EQ-COMP-189,2026-01-12 06:00:00+00:00,vibration_mm_s,3.06,mm/s,2026-S1,synthétique,PROC-GEN-SMOTE-V2
EQ-COMP-189,2026-01-12 12:00:00+00:00,vibration_mm_s,3.14,mm/s,2026-S1,synthétique,PROC-GEN-SMOTE-V2
EQ-COMP-189,2026-01-12 18:00:00+00:00,vibration_mm_s,2.91,mm/s,2026-S1,synthétique,PROC-GEN-SMOTE-V2
EQ-COMP-189,2026-01-13 00:00:00+00:00,vibration_mm_s,2.78,mm/s,2026-S1,synthétique,PROC-GEN-SMOTE-V2
EQ-COMP-189,2026-01-13 06:00:00+00:00,vibration_mm_s,3.31,mm/s,2026-S1,synthétique,PROC-GEN-SMOTE-V2
EQ-COMP-189,2026-01-13 12:00:00+00:00,vibration_mm_s,3.86,mm/s,2026-S1,synthétique,PROC-GEN-SMOTE-V2
EQ-COMP-189,2026-01-13 18:00:00+00:00,vibration_mm_s,2.96,mm/s,2026-S1,synthétique,PROC-GEN-SMOTE-V2
EQ-COMP-189,2026-01-14 00:00:00+00:00,vibration_mm_s,2.46,mm/s,2026-S1,synthétique,PROC-GEN-SMOTE-V2
EQ-COMP-189,2026-01-14 06:00:00+00:00,vibration_mm_s,2.86,mm/s,2026-S1,synthétique,PROC-GEN-SMOTE-V2
EQ-COMP-189,2026-01-14 12:00:00+00:00,vibration_mm_s,3.3,mm/s,2026-S1,synthétique,PROC-GEN-SMOTE-V2
EQ-COMP-189,2026-01-14 18:00:00+00:00,vibration_mm_s,3.11,mm/s,2026-S1,synthétique,PROC-GEN-SMOTE-V2
EQ-COMP-189,2026-01-15 00:00:00+00:00,vibration_mm_s,2.3,mm/s,2026-S1,synthétique,PROC-GEN-SMOTE-V2
EQ-COMP-189,2026-01-15 06:00:00+00:00,vibration_mm_s,3.0,mm/s,2026-S1,synthétique,PROC-GEN-SMOTE-V2
EQ-COMP-189,2026-01-15 12:00:00+00:00,vibration_mm_s,3.22,mm/s,2026-S1,synthétique,PROC-GEN-SMOTE-V2
EQ-COMP-189,2026-01-15 18:00:00+00:00,vibration_mm_s,2.95,mm/s,2026-S1,synthétique,PROC-GEN-SMOTE-V2
EQ-COMP-189,2026-01-16 00:00:00+00:00,vibration_mm_s,2.89,mm/s,2026-S1,synthétique,PROC-GEN-SMOTE-V2
EQ-COMP-189,2026-01-16 06:00:00+00:00,vibration_mm_s,3.53,mm/s,2026-S1,synthétique,PROC-GEN-SMOTE-V2
EQ-COMP-189,2026-01-16 12:00:00+00:00,vibration_mm_s,3.48,mm/s,2026-S1,synthétique,PROC-GEN-SMOTE-V2
EQ-COMP-189,2026-01-16 18:00:00+00:00,vibration_mm_s,2.63,mm/s,2026-S1,synthétique,PROC-GEN-SMOTE-V2
EQ-COMP-189,2026-01-17 00:00:00+00:00,vibration_mm_s,2.4,mm/s,2026-S1,synthétique,PROC-GEN-SMOTE-V2
EQ-COMP-189,2026-01-17 06:00:00+00:00,vibration_mm_s,2.78,mm/s,2026-S1,synthétique,PROC-GEN-SMOTE-V2
EQ-COMP-189,2026-01-17 12:00:00+00:00,vibration_mm_s,3.57,mm/s,2026-S1,synthétique,PROC-GEN-SMOTE-V2
EQ-COMP-189,2026-01-17 18:00:00+00:00,vibration_mm_s,2.68,mm/s,2026-S1,synthétique,PROC-GEN-SMOTE-V2
EQ-COMP-189,2026-01-18 00:00:00+00:00,vibration_mm_s,2.31,mm/s,2026-S1,synthétique,PROC-GEN-SMOTE-V2
EQ-COMP-189,2026-01-18 06:00:00+00:00,vibration_mm_s,2.77,mm/s,2026-S1,synthétique,PROC-GEN-SMOTE-V2
EQ-COMP-189,2026-01-18 12:00:00+00:00,vibration_mm_s,2.87,mm/s,2026-S1,synthétique,PROC-GEN-SMOTE-V2
EQ-COMP-189,2026-01-18 18:00:00+00:00,vibration_mm_s,2.78,mm/s,2026-S1,synthétique,PROC-GEN-SMOTE-V2
EQ-COMP-189,2026-01-19 00:00:00+00:00,vibration_mm_s,2.54,mm/s,2026-S1,synthétique,PROC-GEN-SMOTE-V2
EQ-COMP-189,2026-01-19 06:00:00+00:00,vibration_mm_s,2.95,mm/s,2026-S1,synthétique,PROC-GEN-SMOTE-V2
EQ-COMP-189,2026-01-19 12:00:00+00:00,vibration_mm_s,3.51,mm/s,2026-S1,synthétique,PROC-GEN-SMOTE-V2
EQ-COMP-189,2026-01-19 18:00:00+00:00,vibration_mm_s,3.22,mm/s,2026-S1,synthétique,PROC-GEN-SMOTE-V2
EQ-COMP-189,2026-01-20 00:00:00+00:00,vibration_mm_s,2.77,mm/s,2026-S1,synthétique,PROC-GEN-SMOTE-V2
EQ-COMP-189,2026-01-20 06:00:00+00:00,vibration_mm_s,3.22,mm/s,2026-S1,synthétique,PROC-GEN-SMOTE-V2
EQ-COMP-189,2026-01-20 12:00:00+00:00,vibration_mm_s,2.98,mm/s,2026-S1,synthétique,PROC-GEN-SMOTE-V2
EQ-COMP-189,2026-01-20 18:00:00+00:00,vibration_mm_s,2.95,mm/s,2026-S1,synthétique,PROC-GEN-SMOTE-V2
EQ-COMP-189,2026-01-21 00:00:00+00:00,vibration_mm_s,2.64,mm/s,2026-S1,synthétique,PROC-GEN-SMOTE-V2
EQ-COMP-189,2026-01-21 06:00:00+00:00,vibration_mm_s,2.87,mm/s,2026-S1,synthétique,PROC-GEN-SMOTE-V2
EQ-COMP-189,2026-01-21 12:00:00+00:00,vibration_mm_s,3.33,mm/s,2026-S1,synthétique,PROC-GEN-SMOTE-V2
EQ-COMP-189,2026-01-21 18:00:00+00:00,vibration_mm_s,2.96,mm/s,2026-S1,synthétique,PROC-GEN-SMOTE-V2
EQ-COMP-189,2026-01-22 00:00:00+00:00,vibration_mm_s,2.77,mm/s,2026-S1,synthétique,PROC-GEN-SMOTE-V2
EQ-COMP-189,2026-01-22 06:00:00+00:00,vibration_mm_s,3.22,mm/s,2026-S1,synthétique,PROC-GEN-SMOTE-V2
EQ-COMP-189,2026-01-22 12:00:00+00:00,vibration_mm_s,3.47,mm/s,2026-S1,synthétique,PROC-GEN-SMOTE-V2
EQ-COMP-189,2026-01-22 18:00:00+00:00,vibration_mm_s,3.06,mm/s,2026-S1,synthétique,PROC-GEN-SMOTE-V2
EQ-COMP-189,2026-01-23 00:00:00+00:00,vibration_mm_s,2.81,mm/s,2026-S1,synthétique,PROC-GEN-SMOTE-V2
EQ-COMP-189,2026-01-23 06:00:00+00:00,vibration_mm_s,2.74,mm/s,2026-S1,synthétique,PROC-GEN-SMOTE-V2
EQ-COMP-189,2026-01-23 12:00:00+00:00,vibration_mm_s,3.49,mm/s,2026-S1,synthétique,PROC-GEN-SMOTE-V2
EQ-COMP-189,2026-01-23 18:00:00+00:00,vibration_mm_s,2.95,mm/s,2026-S1,synthétique,PROC-GEN-SMOTE-V2
EQ-COMP-189,2026-01-24 00:00:00+00:00,vibration_mm_s,2.05,mm/s,2026-S1,synthétique,PROC-GEN-SMOTE-V2
EQ-COMP-189,2026-01-24 06:00:00+00:00,vibration_mm_s,2.78,mm/s,2026-S1,synthétique,PROC-GEN-SMOTE-V2
EQ-COMP-189,2026-01-24 12:00:00+00:00,vibration_mm_s,3.22,mm/s,2026-S1,synthétique,PROC-GEN-SMOTE-V2
EQ-COMP-189,2026-01-24 18:00:00+00:00,vibration_mm_s,2.96,mm/s,2026-S1,synthétique,PROC-GEN-SMOTE-V2
EQ-COMP-189,2026-01-25 00:00:00+00:00,vibration_mm_s,2.6,mm/s,2026-S1,synthétique,PROC-GEN-SMOTE-V2
EQ-COMP-189,2026-01-25 06:00:00+00:00,vibration_mm_s,2.85,mm/s,2026-S1,synthétique,PROC-GEN-SMOTE-V2
EQ-COMP-189,2026-01-25 12:00:00+00:00,vibration_mm_s,3.22,mm/s,2026-S1,synthétique,PROC-GEN-SMOTE-V2
EQ-COMP-189,2026-01-25 18:00:00+00:00,vibration_mm_s,2.55,mm/s,2026-S1,synthétique,PROC-GEN-SMOTE-V2
EQ-COMP-189,2026-01-26 00:00:00+00:00,vibration_mm_s,2.46,mm/s,2026-S1,synthétique,PROC-GEN-SMOTE-V2
EQ-COMP-189,2026-01-26 06:00:00+00:00,vibration_mm_s,3.31,mm/s,2026-S1,synthétique,PROC-GEN-SMOTE-V2
EQ-COMP-189,2026-01-26 12:00:00+00:00,vibration_mm_s,3.25,mm/s,2026-S1,synthétique,PROC-GEN-SMOTE-V2
EQ-COMP-189,2026-01-26 18:00:00+00:00,vibration_mm_s,2.91,mm/s,2026-S1,synthétique,PROC-GEN-SMOTE-V2
EQ-COMP-189,2026-01-27 00:00:00+00:00,vibration_mm_s,2.29,mm/s,2026-S1,synthétique,PROC-GEN-SMOTE-V2
EQ-COMP-189,2026-01-27 06:00:00+00:00,vibration_mm_s,3.23,mm/s,2026-S1,synthétique,PROC-GEN-SMOTE-V2
EQ-COMP-189,2026-01-27 12:00:00+00:00,vibration_mm_s,3.19,mm/s,2026-S1,synthétique,PROC-GEN-SMOTE-V2
EQ-COMP-189,2026-01-27 18:00:00+00:00,vibration_mm_s,3.02,mm/s,2026-S1,synthétique,PROC-GEN-SMOTE-V2
EQ-COMP-189,2026-01-28 00:00:00+00:00,vibration_mm_s,2.41,mm/s,2026-S1,synthétique,PROC-GEN-SMOTE-V2
EQ-COMP-189,2026-01-28 06:00:00+00:00,vibration_mm_s,3.14,mm/s,2026-S1,synthétique,PROC-GEN-SMOTE-V2
EQ-COMP-189,2026-01-28 12:00:00+00:00,vibration_mm_s,3.03,mm/s,2026-S1,synthétique,PROC-GEN-SMOTE-V2
EQ-COMP-189,2026-01-28 18:00:00+00:00,vibration_mm_s,2.71,mm/s,2026-S1,synthétique,PROC-GEN-SMOTE-V2
EQ-COMP-189,2026-01-29 00:00:00+00:00,vibration_mm_s,2.41,mm/s,2026-S1,synthétique,PROC-GEN-SMOTE-V2
EQ-COMP-189,2026-01-29 06:00:00+00:00,vibration_mm_s,2.69,mm/s,2026-S1,synthétique,PROC-GEN-SMOTE-V2
EQ-COMP-189,2026-01-29 12:00:00+00:00,vibration_mm_s,3.46,mm/s,2026-S1,synthétique,PROC-GEN-SMOTE-V2
EQ-COMP-189,2026-01-29 18:00:00+00:00,vibration_mm_s,3.1,mm/s,2026-S1,synthétique,PROC-GEN-SMOTE-V2
EQ-COMP-189,2026-01-30 00:00:00+00:00,vibration_mm_s,2.22,mm/s,2026-S1,synthétique,PROC-GEN-SMOTE-V2
EQ-COMP-189,2026-01-30 06:00:00+00:00,vibration_mm_s,3.02,mm/s,2026-S1,synthétique,PROC-GEN-SMOTE-V2
EQ-COMP-189,2026-01-30 12:00:00+00:00,vibration_mm_s,3.2,mm/s,2026-S1,synthétique,PROC-GEN-SMOTE-V2
EQ-COMP-189,2026-01-30 18:00:00+00:00,vibration_mm_s,3.2,mm/s,2026-S1,synthétique,PROC-GEN-SMOTE-V2
EQ-COMP-189,2026-01-31 00:00:00+00:00,vibration_mm_s,2.54,mm/s,2026-S1,synthétique,PROC-GEN-SMOTE-V2
EQ-COMP-189,2026-01-31 06:00:00+00:00,vibration_mm_s,2.94,mm/s,2026-S1,synthétique,PROC-GEN-SMOTE-V2
EQ-COMP-189,2026-01-31 12:00:00+00:00,vibration_mm_s,2.66,mm/s,2026-S1,synthétique,PROC-GEN-SMOTE-V2
EQ-COMP-189,2026-01-31 18:00:00+00:00,vibration_mm_s,2.99,mm/s,2026-S1,synthétique,PROC-GEN-SMOTE-V2
EQ-DRYER-264,2026-01-02 00:00:00+00:00,vibration_mm_s,2.3,mm/s,2026-S1,synthétique,PROC-GEN-SMOTE-V2
EQ-DRYER-264,2026-01-02 06:00:00+00:00,vibration_mm_s,2.46,mm/s,2026-S1,synthétique,PROC-GEN-SMOTE-V2
EQ-DRYER-264,2026-01-02 12:00:00+00:00,vibration_mm_s,3.33,mm/s,2026-S1,synthétique,PROC-GEN-SMOTE-V2
EQ-DRYER-264,2026-01-02 18:00:00+00:00,vibration_mm_s,2.44,mm/s,2026-S1,synthétique,PROC-GEN-SMOTE-V2
EQ-DRYER-264,2026-01-03 00:00:00+00:00,vibration_mm_s,2.98,mm/s,2026-S1,synthétique,PROC-GEN-SMOTE-V2
EQ-DRYER-264,2026-01-03 06:00:00+00:00,vibration_mm_s,2.25,mm/s,2026-S1,synthétique,PROC-GEN-SMOTE-V2
EQ-DRYER-264,2026-01-03 12:00:00+00:00,vibration_mm_s,2.72,mm/s,2026-S1,synthétique,PROC-GEN-SMOTE-V2
EQ-DRYER-264,2026-01-03 18:00:00+00:00,vibration_mm_s,2.42,mm/s,2026-S1,synthétique,PROC-GEN-SMOTE-V2
EQ-DRYER-264,2026-01-04 00:00:00+00:00,vibration_mm_s,2.7,mm/s,2026-S1,synthétique,PROC-GEN-SMOTE-V2
EQ-DRYER-264,2026-01-04 06:00:00+00:00,vibration_mm_s,2.59,mm/s,2026-S1,synthétique,PROC-GEN-SMOTE-V2
EQ-DRYER-264,2026-01-04 12:00:00+00:00,vibration_mm_s,2.84,mm/s,2026-S1,synthétique,PROC-GEN-SMOTE-V2
EQ-DRYER-264,2026-01-04 18:00:00+00:00,vibration_mm_s,2.36,mm/s,2026-S1,synthétique,PROC-GEN-SMOTE-V2
EQ-DRYER-264,2026-01-05 00:00:00+00:00,vibration_mm_s,2.49,mm/s,2026-S1,synthétique,PROC-GEN-SMOTE-V2
EQ-DRYER-264,2026-01-05 06:00:00+00:00,vibration_mm_s,2.58,mm/s,2026-S1,synthétique,PROC-GEN-SMOTE-V2
EQ-DRYER-264,2026-01-05 12:00:00+00:00,vibration_mm_s,2.82,mm/s,2026-S1,synthétique,PROC-GEN-SMOTE-V2
EQ-DRYER-264,2026-01-05 18:00:00+00:00,vibration_mm_s,2.56,mm/s,2026-S1,synthétique,PROC-GEN-SMOTE-V2
EQ-DRYER-264,2026-01-06 00:00:00+00:00,vibration_mm_s,2.44,mm/s,2026-S1,synthétique,PROC-GEN-SMOTE-V2
EQ-DRYER-264,2026-01-06 06:00:00+00:00,vibration_mm_s,3.18,mm/s,2026-S1,synthétique,PROC-GEN-SMOTE-V2
EQ-DRYER-264,2026-01-06 12:00:00+00:00,vibration_mm_s,2.85,mm/s,2026-S1,synthétique,PROC-GEN-SMOTE-V2
EQ-DRYER-264,2026-01-06 18:00:00+00:00,vibration_mm_s,2.55,mm/s,2026-S1,synthétique,PROC-GEN-SMOTE-V2
EQ-DRYER-264,2026-01-07 00:00:00+00:00,vibration_mm_s,2.29,mm/s,2026-S1,synthétique,PROC-GEN-SMOTE-V2
EQ-DRYER-264,2026-01-07 06:00:00+00:00,vibration_mm_s,2.34,mm/s,2026-S1,synthétique,PROC-GEN-SMOTE-V2
EQ-DRYER-264,2026-01-07 12:00:00+00:00,vibration_mm_s,3.09,mm/s,2026-S1,synthétique,PROC-GEN-SMOTE-V2
EQ-DRYER-264,2026-01-07 18:00:00+00:00,vibration_mm_s,2.83,mm/s,2026-S1,synthétique,PROC-GEN-SMOTE-V2
EQ-DRYER-264,2026-01-08 00:00:00+00:00,vibration_mm_s,3.1,mm/s,2026-S1,synthétique,PROC-GEN-SMOTE-V2
EQ-DRYER-264,2026-01-08 06:00:00+00:00,vibration_mm_s,2.69,mm/s,2026-S1,synthétique,PROC-GEN-SMOTE-V2
EQ-DRYER-264,2026-01-08 12:00:00+00:00,vibration_mm_s,2.79,mm/s,2026-S1,synthétique,PROC-GEN-SMOTE-V2
EQ-DRYER-264,2026-01-08 18:00:00+00:00,vibration_mm_s,2.42,mm/s,2026-S1,synthétique,PROC-GEN-SMOTE-V2
EQ-DRYER-264,2026-01-09 00:00:00+00:00,vibration_mm_s,2.91,mm/s,2026-S1,synthétique,PROC-GEN-SMOTE-V2
EQ-DRYER-264,2026-01-09 06:00:00+00:00,vibration_mm_s,2.52,mm/s,2026-S1,synthétique,PROC-GEN-SMOTE-V2
EQ-DRYER-264,2026-01-09 12:00:00+00:00,vibration_mm_s,3.05,mm/s,2026-S1,synthétique,PROC-GEN-SMOTE-V2
EQ-DRYER-264,2026-01-09 18:00:00+00:00,vibration_mm_s,2.56,mm/s,2026-S1,synthétique,PROC-GEN-SMOTE-V2
EQ-DRYER-264,2026-01-10 00:00:00+00:00,vibration_mm_s,2.64,mm/s,2026-S1,synthétique,PROC-GEN-SMOTE-V2
EQ-DRYER-264,2026-01-10 06:00:00+00:00,vibration_mm_s,2.67,mm/s,2026-S1,synthétique,PROC-GEN-SMOTE-V2
EQ-DRYER-264,2026-01-10 12:00:00+00:00,vibration_mm_s,2.69,mm/s,2026-S1,synthétique,PROC-GEN-SMOTE-V2
EQ-DRYER-264,2026-01-10 18:00:00+00:00,vibration_mm_s,2.35,mm/s,2026-S1,synthétique,PROC-GEN-SMOTE-V2
EQ-DRYER-264,2026-01-11 00:00:00+00:00,vibration_mm_s,2.96,mm/s,2026-S1,synthétique,PROC-GEN-SMOTE-V2
EQ-DRYER-264,2026-01-11 06:00:00+00:00,vibration_mm_s,3.15,mm/s,2026-S1,synthétique,PROC-GEN-SMOTE-V2
EQ-DRYER-264,2026-01-11 12:00:00+00:00,vibration_mm_s,2.94,mm/s,2026-S1,synthétique,PROC-GEN-SMOTE-V2
EQ-DRYER-264,2026-01-11 18:00:00+00:00,vibration_mm_s,2.52,mm/s,2026-S1,synthétique,PROC-GEN-SMOTE-V2
EQ-DRYER-264,2026-01-12 00:00:00+00:00,vibration_mm_s,2.37,mm/s,2026-S1,synthétique,PROC-GEN-SMOTE-V2
EQ-DRYER-264,2026-01-12 06:00:00+00:00,vibration_mm_s,3.19,mm/s,2026-S1,synthétique,PROC-GEN-SMOTE-V2
EQ-DRYER-264,2026-01-12 12:00:00+00:00,vibration_mm_s,2.79,mm/s,2026-S1,synthétique,PROC-GEN-SMOTE-V2
EQ-DRYER-264,2026-01-12 18:00:00+00:00,vibration_mm_s,2.72,mm/s,2026-S1,synthétique,PROC-GEN-SMOTE-V2
EQ-DRYER-264,2026-01-13 00:00:00+00:00,vibration_mm_s,2.82,mm/s,2026-S1,synthétique,PROC-GEN-SMOTE-V2
EQ-DRYER-264,2026-01-13 06:00:00+00:00,vibration_mm_s,3.04,mm/s,2026-S1,synthétique,PROC-GEN-SMOTE-V2
EQ-DRYER-264,2026-01-13 12:00:00+00:00,vibration_mm_s,2.9,mm/s,2026-S1,synthétique,PROC-GEN-SMOTE-V2
EQ-DRYER-264,2026-01-13 18:00:00+00:00,vibration_mm_s,2.8,mm/s,2026-S1,synthétique,PROC-GEN-SMOTE-V2
EQ-DRYER-264,2026-01-14 00:00:00+00:00,vibration_mm_s,2.71,mm/s,2026-S1,synthétique,PROC-GEN-SMOTE-V2
EQ-DRYER-264,2026-01-14 06:00:00+00:00,vibration_mm_s,2.38,mm/s,2026-S1,synthétique,PROC-GEN-SMOTE-V2
EQ-DRYER-264,2026-01-14 12:00:00+00:00,vibration_mm_s,2.94,mm/s,2026-S1,synthétique,PROC-GEN-SMOTE-V2
EQ-DRYER-264,2026-01-14 18:00:00+00:00,vibration_mm_s,3.03,mm/s,2026-S1,synthétique,PROC-GEN-SMOTE-V2
EQ-DRYER-264,2026-01-15 00:00:00+00:00,vibration_mm_s,2.34,mm/s,2026-S1,synthétique,PROC-GEN-SMOTE-V2
EQ-DRYER-264,2026-01-15 06:00:00+00:00,vibration_mm_s,2.8,mm/s,2026-S1,synthétique,PROC-GEN-SMOTE-V2
EQ-DRYER-264,2026-01-15 12:00:00+00:00,vibration_mm_s,2.65,mm/s,2026-S1,synthétique,PROC-GEN-SMOTE-V2
EQ-DRYER-264,2026-01-15 18:00:00+00:00,vibration_mm_s,2.16,mm/s,2026-S1,synthétique,PROC-GEN-SMOTE-V2
EQ-DRYER-264,2026-01-16 00:00:00+00:00,vibration_mm_s,2.71,mm/s,2026-S1,synthétique,PROC-GEN-SMOTE-V2
EQ-DRYER-264,2026-01-16 06:00:00+00:00,vibration_mm_s,2.89,mm/s,2026-S1,synthétique,PROC-GEN-SMOTE-V2
EQ-DRYER-264,2026-01-16 12:00:00+00:00,vibration_mm_s,2.91,mm/s,2026-S1,synthétique,PROC-GEN-SMOTE-V2
EQ-DRYER-264,2026-01-16 18:00:00+00:00,vibration_mm_s,2.67,mm/s,2026-S1,synthétique,PROC-GEN-SMOTE-V2
EQ-DRYER-264,2026-01-17 00:00:00+00:00,vibration_mm_s,2.33,mm/s,2026-S1,synthétique,PROC-GEN-SMOTE-V2
EQ-DRYER-264,2026-01-17 06:00:00+00:00,vibration_mm_s,3.12,mm/s,2026-S1,synthétique,PROC-GEN-SMOTE-V2
EQ-DRYER-264,2026-01-17 12:00:00+00:00,vibration_mm_s,2.77,mm/s,2026-S1,synthétique,PROC-GEN-SMOTE-V2
EQ-DRYER-264,2026-01-17 18:00:00+00:00,vibration_mm_s,2.45,mm/s,2026-S1,synthétique,PROC-GEN-SMOTE-V2
EQ-DRYER-264,2026-01-18 00:00:00+00:00,vibration_mm_s,2.7,mm/s,2026-S1,synthétique,PROC-GEN-SMOTE-V2
EQ-DRYER-264,2026-01-18 06:00:00+00:00,vibration_mm_s,2.88,mm/s,2026-S1,synthétique,PROC-GEN-SMOTE-V2
EQ-DRYER-264,2026-01-18 12:00:00+00:00,vibration_mm_s,3.01,mm/s,2026-S1,synthétique,PROC-GEN-SMOTE-V2
EQ-DRYER-264,2026-01-18 18:00:00+00:00,vibration_mm_s,2.76,mm/s,2026-S1,synthétique,PROC-GEN-SMOTE-V2
EQ-DRYER-264,2026-01-19 00:00:00+00:00,vibration_mm_s,2.73,mm/s,2026-S1,synthétique,PROC-GEN-SMOTE-V2
EQ-DRYER-264,2026-01-19 06:00:00+00:00,vibration_mm_s,3.34,mm/s,2026-S1,synthétique,PROC-GEN-SMOTE-V2
EQ-DRYER-264,2026-01-19 12:00:00+00:00,vibration_mm_s,2.93,mm/s,2026-S1,synthétique,PROC-GEN-SMOTE-V2
EQ-DRYER-264,2026-01-19 18:00:00+00:00,vibration_mm_s,2.63,mm/s,2026-S1,synthétique,PROC-GEN-SMOTE-V2
EQ-DRYER-264,2026-01-20 00:00:00+00:00,vibration_mm_s,2.9,mm/s,2026-S1,synthétique,PROC-GEN-SMOTE-V2
EQ-DRYER-264,2026-01-20 06:00:00+00:00,vibration_mm_s,2.69,mm/s,2026-S1,synthétique,PROC-GEN-SMOTE-V2
EQ-DRYER-264,2026-01-20 12:00:00+00:00,vibration_mm_s,3.03,mm/s,2026-S1,synthétique,PROC-GEN-SMOTE-V2
EQ-DRYER-264,2026-01-20 18:00:00+00:00,vibration_mm_s,2.62,mm/s,2026-S1,synthétique,PROC-GEN-SMOTE-V2
EQ-DRYER-264,2026-01-21 00:00:00+00:00,vibration_mm_s,2.97,mm/s,2026-S1,synthétique,PROC-GEN-SMOTE-V2
EQ-DRYER-264,2026-01-21 06:00:00+00:00,vibration_mm_s,2.5,mm/s,2026-S1,synthétique,PROC-GEN-SMOTE-V2
EQ-DRYER-264,2026-01-21 12:00:00+00:00,vibration_mm_s,2.67,mm/s,2026-S1,synthétique,PROC-GEN-SMOTE-V2
EQ-DRYER-264,2026-01-21 18:00:00+00:00,vibration_mm_s,2.64,mm/s,2026-S1,synthétique,PROC-GEN-SMOTE-V2
EQ-DRYER-264,2026-01-22 00:00:00+00:00,vibration_mm_s,3.18,mm/s,2026-S1,synthétique,PROC-GEN-SMOTE-V2
EQ-DRYER-264,2026-01-22 06:00:00+00:00,vibration_mm_s,3.16,mm/s,2026-S1,synthétique,PROC-GEN-SMOTE-V2
EQ-DRYER-264,2026-01-22 12:00:00+00:00,vibration_mm_s,2.76,mm/s,2026-S1,synthétique,PROC-GEN-SMOTE-V2
EQ-DRYER-264,2026-01-22 18:00:00+00:00,vibration_mm_s,2.63,mm/s,2026-S1,synthétique,PROC-GEN-SMOTE-V2
EQ-DRYER-264,2026-01-23 00:00:00+00:00,vibration_mm_s,2.44,mm/s,2026-S1,synthétique,PROC-GEN-SMOTE-V2
EQ-DRYER-264,2026-01-23 06:00:00+00:00,vibration_mm_s,3.46,mm/s,2026-S1,synthétique,PROC-GEN-SMOTE-V2
EQ-DRYER-264,2026-01-23 12:00:00+00:00,vibration_mm_s,2.92,mm/s,2026-S1,synthétique,PROC-GEN-SMOTE-V2
EQ-DRYER-264,2026-01-23 18:00:00+00:00,vibration_mm_s,2.83,mm/s,2026-S1,synthétique,PROC-GEN-SMOTE-V2
EQ-DRYER-264,2026-01-24 00:00:00+00:00,vibration_mm_s,2.13,mm/s,2026-S1,synthétique,PROC-GEN-SMOTE-V2
EQ-DRYER-264,2026-01-24 06:00:00+00:00,vibration_mm_s,3.0,mm/s,2026-S1,synthétique,PROC-GEN-SMOTE-V2
EQ-DRYER-264,2026-01-24 12:00:00+00:00,vibration_mm_s,3.02,mm/s,2026-S1,synthétique,PROC-GEN-SMOTE-V2
EQ-DRYER-264,2026-01-24 18:00:00+00:00,vibration_mm_s,2.5,mm/s,2026-S1,synthétique,PROC-GEN-SMOTE-V2
EQ-DRYER-264,2026-01-25 00:00:00+00:00,vibration_mm_s,3.16,mm/s,2026-S1,synthétique,PROC-GEN-SMOTE-V2
EQ-DRYER-264,2026-01-25 06:00:00+00:00,vibration_mm_s,3.1,mm/s,2026-S1,synthétique,PROC-GEN-SMOTE-V2
EQ-DRYER-264,2026-01-25 12:00:00+00:00,vibration_mm_s,2.73,mm/s,2026-S1,synthétique,PROC-GEN-SMOTE-V2
EQ-DRYER-264,2026-01-25 18:00:00+00:00,vibration_mm_s,2.43,mm/s,2026-S1,synthétique,PROC-GEN-SMOTE-V2
EQ-DRYER-264,2026-01-26 00:00:00+00:00,vibration_mm_s,2.75,mm/s,2026-S1,synthétique,PROC-GEN-SMOTE-V2
EQ-DRYER-264,2026-01-26 06:00:00+00:00,vibration_mm_s,2.85,mm/s,2026-S1,synthétique,PROC-GEN-SMOTE-V2
EQ-DRYER-264,2026-01-26 12:00:00+00:00,vibration_mm_s,3.07,mm/s,2026-S1,synthétique,PROC-GEN-SMOTE-V2
EQ-DRYER-264,2026-01-26 18:00:00+00:00,vibration_mm_s,2.46,mm/s,2026-S1,synthétique,PROC-GEN-SMOTE-V2
EQ-DRYER-264,2026-01-27 00:00:00+00:00,vibration_mm_s,2.4,mm/s,2026-S1,synthétique,PROC-GEN-SMOTE-V2
EQ-DRYER-264,2026-01-27 06:00:00+00:00,vibration_mm_s,3.08,mm/s,2026-S1,synthétique,PROC-GEN-SMOTE-V2
EQ-DRYER-264,2026-01-27 12:00:00+00:00,vibration_mm_s,3.09,mm/s,2026-S1,synthétique,PROC-GEN-SMOTE-V2
EQ-DRYER-264,2026-01-27 18:00:00+00:00,vibration_mm_s,2.59,mm/s,2026-S1,synthétique,PROC-GEN-SMOTE-V2
EQ-DRYER-264,2026-01-28 00:00:00+00:00,vibration_mm_s,2.42,mm/s,2026-S1,synthétique,PROC-GEN-SMOTE-V2
EQ-DRYER-264,2026-01-28 06:00:00+00:00,vibration_mm_s,1.99,mm/s,2026-S1,synthétique,PROC-GEN-SMOTE-V2
EQ-DRYER-264,2026-01-28 12:00:00+00:00,vibration_mm_s,2.88,mm/s,2026-S1,synthétique,PROC-GEN-SMOTE-V2
EQ-DRYER-264,2026-01-28 18:00:00+00:00,vibration_mm_s,2.36,mm/s,2026-S1,synthétique,PROC-GEN-SMOTE-V2
EQ-DRYER-264,2026-01-29 00:00:00+00:00,vibration_mm_s,2.51,mm/s,2026-S1,synthétique,PROC-GEN-SMOTE-V2
EQ-DRYER-264,2026-01-29 06:00:00+00:00,vibration_mm_s,3.39,mm/s,2026-S1,synthétique,PROC-GEN-SMOTE-V2
EQ-DRYER-264,2026-01-29 12:00:00+00:00,vibration_mm_s,3.09,mm/s,2026-S1,synthétique,PROC-GEN-SMOTE-V2
EQ-DRYER-264,2026-01-29 18:00:00+00:00,vibration_mm_s,2.46,mm/s,2026-S1,synthétique,PROC-GEN-SMOTE-V2
EQ-DRYER-264,2026-01-30 00:00:00+00:00,vibration_mm_s,2.46,mm/s,2026-S1,synthétique,PROC-GEN-SMOTE-V2
EQ-DRYER-264,2026-01-30 06:00:00+00:00,vibration_mm_s,3.13,mm/s,2026-S1,synthétique,PROC-GEN-SMOTE-V2
EQ-DRYER-264,2026-01-30 12:00:00+00:00,vibration_mm_s,2.98,mm/s,2026-S1,synthétique,PROC-GEN-SMOTE-V2
EQ-DRYER-264,2026-01-30 18:00:00+00:00,vibration_mm_s,2.57,mm/s,2026-S1,synthétique,PROC-GEN-SMOTE-V2
EQ-DRYER-264,2026-01-31 00:00:00+00:00,vibration_mm_s,2.2,mm/s,2026-S1,synthétique,PROC-GEN-SMOTE-V2
EQ-DRYER-264,2026-01-31 06:00:00+00:00,vibration_mm_s,3.04,mm/s,2026-S1,synthétique,PROC-GEN-SMOTE-V2
EQ-DRYER-264,2026-01-31 12:00:00+00:00,vibration_mm_s,2.66,mm/s,2026-S1,synthétique,PROC-GEN-SMOTE-V2
EQ-DRYER-264,2026-01-31 18:00:00+00:00,vibration_mm_s,2.22,mm/s,2026-S1,synthétique,PROC-GEN-SMOTE-V2
EQ-FAN-104,2026-01-02 00:00:00+00:00,vibration_mm_s,2.29,mm/s,2026-S1,synthétique,PROC-GEN-SMOTE-V2
EQ-FAN-104,2026-01-02 06:00:00+00:00,vibration_mm_s,3.34,mm/s,2026-S1,synthétique,PROC-GEN-SMOTE-V2
EQ-FAN-104,2026-01-02 12:00:00+00:00,vibration_mm_s,3.34,mm/s,2026-S1,synthétique,PROC-GEN-SMOTE-V2
EQ-FAN-104,2026-01-02 18:00:00+00:00,vibration_mm_s,2.45,mm/s,2026-S1,synthétique,PROC-GEN-SMOTE-V2
EQ-FAN-104,2026-01-03 00:00:00+00:00,vibration_mm_s,3.0,mm/s,2026-S1,synthétique,PROC-GEN-SMOTE-V2
EQ-FAN-104,2026-01-03 06:00:00+00:00,vibration_mm_s,2.36,mm/s,2026-S1,synthétique,PROC-GEN-SMOTE-V2
EQ-FAN-104,2026-01-03 12:00:00+00:00,vibration_mm_s,2.82,mm/s,2026-S1,synthétique,PROC-GEN-SMOTE-V2
EQ-FAN-104,2026-01-03 18:00:00+00:00,vibration_mm_s,2.55,mm/s,2026-S1,synthétique,PROC-GEN-SMOTE-V2
EQ-FAN-104,2026-01-04 00:00:00+00:00,vibration_mm_s,2.41,mm/s,2026-S1,synthétique,PROC-GEN-SMOTE-V2
EQ-FAN-104,2026-01-04 06:00:00+00:00,vibration_mm_s,2.49,mm/s,2026-S1,synthétique,PROC-GEN-SMOTE-V2
EQ-FAN-104,2026-01-04 12:00:00+00:00,vibration_mm_s,2.86,mm/s,2026-S1,synthétique,PROC-GEN-SMOTE-V2
EQ-FAN-104,2026-01-04 18:00:00+00:00,vibration_mm_s,2.42,mm/s,2026-S1,synthétique,PROC-GEN-SMOTE-V2
EQ-FAN-104,2026-01-05 00:00:00+00:00,vibration_mm_s,2.57,mm/s,2026-S1,synthétique,PROC-GEN-SMOTE-V2
EQ-FAN-104,2026-01-05 06:00:00+00:00,vibration_mm_s,2.76,mm/s,2026-S1,synthétique,PROC-GEN-SMOTE-V2
EQ-FAN-104,2026-01-05 12:00:00+00:00,vibration_mm_s,2.95,mm/s,2026-S1,synthétique,PROC-GEN-SMOTE-V2
EQ-FAN-104,2026-01-05 18:00:00+00:00,vibration_mm_s,2.69,mm/s,2026-S1,synthétique,PROC-GEN-SMOTE-V2
EQ-FAN-104,2026-01-06 00:00:00+00:00,vibration_mm_s,1.99,mm/s,2026-S1,synthétique,PROC-GEN-SMOTE-V2
EQ-FAN-104,2026-01-06 06:00:00+00:00,vibration_mm_s,2.58,mm/s,2026-S1,synthétique,PROC-GEN-SMOTE-V2
EQ-FAN-104,2026-01-06 12:00:00+00:00,vibration_mm_s,2.72,mm/s,2026-S1,synthétique,PROC-GEN-SMOTE-V2
EQ-FAN-104,2026-01-06 18:00:00+00:00,vibration_mm_s,2.57,mm/s,2026-S1,synthétique,PROC-GEN-SMOTE-V2
EQ-FAN-104,2026-01-07 00:00:00+00:00,vibration_mm_s,2.46,mm/s,2026-S1,synthétique,PROC-GEN-SMOTE-V2
EQ-FAN-104,2026-01-07 06:00:00+00:00,vibration_mm_s,2.82,mm/s,2026-S1,synthétique,PROC-GEN-SMOTE-V2
EQ-FAN-104,2026-01-07 12:00:00+00:00,vibration_mm_s,3.24,mm/s,2026-S1,synthétique,PROC-GEN-SMOTE-V2
EQ-FAN-104,2026-01-07 18:00:00+00:00,vibration_mm_s,2.81,mm/s,2026-S1,synthétique,PROC-GEN-SMOTE-V2
EQ-FAN-104,2026-01-08 00:00:00+00:00,vibration_mm_s,2.32,mm/s,2026-S1,synthétique,PROC-GEN-SMOTE-V2
EQ-FAN-104,2026-01-08 06:00:00+00:00,vibration_mm_s,3.1,mm/s,2026-S1,synthétique,PROC-GEN-SMOTE-V2
EQ-FAN-104,2026-01-08 12:00:00+00:00,vibration_mm_s,2.99,mm/s,2026-S1,synthétique,PROC-GEN-SMOTE-V2
EQ-FAN-104,2026-01-08 18:00:00+00:00,vibration_mm_s,2.71,mm/s,2026-S1,synthétique,PROC-GEN-SMOTE-V2
EQ-FAN-104,2026-01-09 00:00:00+00:00,vibration_mm_s,3.16,mm/s,2026-S1,synthétique,PROC-GEN-SMOTE-V2
EQ-FAN-104,2026-01-09 06:00:00+00:00,vibration_mm_s,3.37,mm/s,2026-S1,synthétique,PROC-GEN-SMOTE-V2
EQ-FAN-104,2026-01-09 12:00:00+00:00,vibration_mm_s,3.65,mm/s,2026-S1,synthétique,PROC-GEN-SMOTE-V2
EQ-FAN-104,2026-01-09 18:00:00+00:00,vibration_mm_s,2.37,mm/s,2026-S1,synthétique,PROC-GEN-SMOTE-V2
EQ-FAN-104,2026-01-10 00:00:00+00:00,vibration_mm_s,2.42,mm/s,2026-S1,synthétique,PROC-GEN-SMOTE-V2
EQ-FAN-104,2026-01-10 06:00:00+00:00,vibration_mm_s,4.16,mm/s,2026-S1,synthétique,PROC-GEN-SMOTE-V2
EQ-FAN-104,2026-01-10 12:00:00+00:00,vibration_mm_s,2.72,mm/s,2026-S1,synthétique,PROC-GEN-SMOTE-V2
EQ-FAN-104,2026-01-10 18:00:00+00:00,vibration_mm_s,2.86,mm/s,2026-S1,synthétique,PROC-GEN-SMOTE-V2
EQ-FAN-104,2026-01-11 00:00:00+00:00,vibration_mm_s,2.77,mm/s,2026-S1,synthétique,PROC-GEN-SMOTE-V2
EQ-FAN-104,2026-01-11 06:00:00+00:00,vibration_mm_s,2.43,mm/s,2026-S1,synthétique,PROC-GEN-SMOTE-V2
EQ-FAN-104,2026-01-11 12:00:00+00:00,vibration_mm_s,3.63,mm/s,2026-S1,synthétique,PROC-GEN-SMOTE-V2
EQ-FAN-104,2026-01-11 18:00:00+00:00,vibration_mm_s,2.78,mm/s,2026-S1,synthétique,PROC-GEN-SMOTE-V2
EQ-FAN-104,2026-01-12 00:00:00+00:00,vibration_mm_s,2.97,mm/s,2026-S1,synthétique,PROC-GEN-SMOTE-V2
EQ-FAN-104,2026-01-12 06:00:00+00:00,vibration_mm_s,2.93,mm/s,2026-S1,synthétique,PROC-GEN-SMOTE-V2
EQ-FAN-104,2026-01-12 12:00:00+00:00,vibration_mm_s,2.95,mm/s,2026-S1,synthétique,PROC-GEN-SMOTE-V2
EQ-FAN-104,2026-01-12 18:00:00+00:00,vibration_mm_s,2.07,mm/s,2026-S1,synthétique,PROC-GEN-SMOTE-V2
EQ-FAN-104,2026-01-13 00:00:00+00:00,vibration_mm_s,3.11,mm/s,2026-S1,synthétique,PROC-GEN-SMOTE-V2
EQ-FAN-104,2026-01-13 06:00:00+00:00,vibration_mm_s,2.32,mm/s,2026-S1,synthétique,PROC-GEN-SMOTE-V2
EQ-FAN-104,2026-01-13 12:00:00+00:00,vibration_mm_s,2.83,mm/s,2026-S1,synthétique,PROC-GEN-SMOTE-V2
EQ-FAN-104,2026-01-13 18:00:00+00:00,vibration_mm_s,2.57,mm/s,2026-S1,synthétique,PROC-GEN-SMOTE-V2
EQ-FAN-104,2026-01-14 00:00:00+00:00,vibration_mm_s,2.44,mm/s,2026-S1,synthétique,PROC-GEN-SMOTE-V2
EQ-FAN-104,2026-01-14 06:00:00+00:00,vibration_mm_s,2.35,mm/s,2026-S1,synthétique,PROC-GEN-SMOTE-V2
EQ-FAN-104,2026-01-14 12:00:00+00:00,vibration_mm_s,3.13,mm/s,2026-S1,synthétique,PROC-GEN-SMOTE-V2
EQ-FAN-104,2026-01-14 18:00:00+00:00,vibration_mm_s,3.12,mm/s,2026-S1,synthétique,PROC-GEN-SMOTE-V2
EQ-FAN-104,2026-01-15 00:00:00+00:00,vibration_mm_s,3.09,mm/s,2026-S1,synthétique,PROC-GEN-SMOTE-V2
EQ-FAN-104,2026-01-15 06:00:00+00:00,vibration_mm_s,3.23,mm/s,2026-S1,synthétique,PROC-GEN-SMOTE-V2
EQ-FAN-104,2026-01-15 12:00:00+00:00,vibration_mm_s,2.65,mm/s,2026-S1,synthétique,PROC-GEN-SMOTE-V2
EQ-FAN-104,2026-01-15 18:00:00+00:00,vibration_mm_s,2.54,mm/s,2026-S1,synthétique,PROC-GEN-SMOTE-V2
EQ-FAN-104,2026-01-16 00:00:00+00:00,vibration_mm_s,2.97,mm/s,2026-S1,synthétique,PROC-GEN-SMOTE-V2
EQ-FAN-104,2026-01-16 06:00:00+00:00,vibration_mm_s,3.52,mm/s,2026-S1,synthétique,PROC-GEN-SMOTE-V2
EQ-FAN-104,2026-01-16 12:00:00+00:00,vibration_mm_s,2.96,mm/s,2026-S1,synthétique,PROC-GEN-SMOTE-V2
EQ-FAN-104,2026-01-16 18:00:00+00:00,vibration_mm_s,2.74,mm/s,2026-S1,synthétique,PROC-GEN-SMOTE-V2
EQ-FAN-104,2026-01-17 00:00:00+00:00,vibration_mm_s,2.56,mm/s,2026-S1,synthétique,PROC-GEN-SMOTE-V2
EQ-FAN-104,2026-01-17 06:00:00+00:00,vibration_mm_s,2.38,mm/s,2026-S1,synthétique,PROC-GEN-SMOTE-V2
EQ-FAN-104,2026-01-17 12:00:00+00:00,vibration_mm_s,2.62,mm/s,2026-S1,synthétique,PROC-GEN-SMOTE-V2
EQ-FAN-104,2026-01-17 18:00:00+00:00,vibration_mm_s,2.48,mm/s,2026-S1,synthétique,PROC-GEN-SMOTE-V2
EQ-FAN-104,2026-01-18 00:00:00+00:00,vibration_mm_s,2.42,mm/s,2026-S1,synthétique,PROC-GEN-SMOTE-V2
EQ-FAN-104,2026-01-18 06:00:00+00:00,vibration_mm_s,2.85,mm/s,2026-S1,synthétique,PROC-GEN-SMOTE-V2
EQ-FAN-104,2026-01-18 12:00:00+00:00,vibration_mm_s,2.86,mm/s,2026-S1,synthétique,PROC-GEN-SMOTE-V2
EQ-FAN-104,2026-01-18 18:00:00+00:00,vibration_mm_s,2.76,mm/s,2026-S1,synthétique,PROC-GEN-SMOTE-V2
EQ-FAN-104,2026-01-19 00:00:00+00:00,vibration_mm_s,2.7,mm/s,2026-S1,synthétique,PROC-GEN-SMOTE-V2
EQ-FAN-104,2026-01-19 06:00:00+00:00,vibration_mm_s,3.25,mm/s,2026-S1,synthétique,PROC-GEN-SMOTE-V2
EQ-FAN-104,2026-01-19 12:00:00+00:00,vibration_mm_s,3.1,mm/s,2026-S1,synthétique,PROC-GEN-SMOTE-V2
EQ-FAN-104,2026-01-19 18:00:00+00:00,vibration_mm_s,2.5,mm/s,2026-S1,synthétique,PROC-GEN-SMOTE-V2
EQ-FAN-104,2026-01-20 00:00:00+00:00,vibration_mm_s,2.32,mm/s,2026-S1,synthétique,PROC-GEN-SMOTE-V2
EQ-FAN-104,2026-01-20 06:00:00+00:00,vibration_mm_s,3.29,mm/s,2026-S1,synthétique,PROC-GEN-SMOTE-V2
EQ-FAN-104,2026-01-20 12:00:00+00:00,vibration_mm_s,3.47,mm/s,2026-S1,synthétique,PROC-GEN-SMOTE-V2
EQ-FAN-104,2026-01-20 18:00:00+00:00,vibration_mm_s,2.64,mm/s,2026-S1,synthétique,PROC-GEN-SMOTE-V2
EQ-FAN-104,2026-01-21 00:00:00+00:00,vibration_mm_s,3.15,mm/s,2026-S1,synthétique,PROC-GEN-SMOTE-V2
EQ-FAN-104,2026-01-21 06:00:00+00:00,vibration_mm_s,2.68,mm/s,2026-S1,synthétique,PROC-GEN-SMOTE-V2
EQ-FAN-104,2026-01-21 12:00:00+00:00,vibration_mm_s,3.15,mm/s,2026-S1,synthétique,PROC-GEN-SMOTE-V2
EQ-FAN-104,2026-01-21 18:00:00+00:00,vibration_mm_s,2.65,mm/s,2026-S1,synthétique,PROC-GEN-SMOTE-V2
EQ-FAN-104,2026-01-22 00:00:00+00:00,vibration_mm_s,2.13,mm/s,2026-S1,synthétique,PROC-GEN-SMOTE-V2
EQ-FAN-104,2026-01-22 06:00:00+00:00,vibration_mm_s,2.96,mm/s,2026-S1,synthétique,PROC-GEN-SMOTE-V2
EQ-FAN-104,2026-01-22 12:00:00+00:00,vibration_mm_s,2.85,mm/s,2026-S1,synthétique,PROC-GEN-SMOTE-V2
EQ-FAN-104,2026-01-22 18:00:00+00:00,vibration_mm_s,2.66,mm/s,2026-S1,synthétique,PROC-GEN-SMOTE-V2
EQ-FAN-104,2026-01-23 00:00:00+00:00,vibration_mm_s,2.25,mm/s,2026-S1,synthétique,PROC-GEN-SMOTE-V2
EQ-FAN-104,2026-01-23 06:00:00+00:00,vibration_mm_s,3.13,mm/s,2026-S1,synthétique,PROC-GEN-SMOTE-V2
EQ-FAN-104,2026-01-23 12:00:00+00:00,vibration_mm_s,3.06,mm/s,2026-S1,synthétique,PROC-GEN-SMOTE-V2
EQ-FAN-104,2026-01-23 18:00:00+00:00,vibration_mm_s,2.82,mm/s,2026-S1,synthétique,PROC-GEN-SMOTE-V2
EQ-FAN-104,2026-01-24 00:00:00+00:00,vibration_mm_s,2.4,mm/s,2026-S1,synthétique,PROC-GEN-SMOTE-V2
EQ-FAN-104,2026-01-24 06:00:00+00:00,vibration_mm_s,2.46,mm/s,2026-S1,synthétique,PROC-GEN-SMOTE-V2
EQ-FAN-104,2026-01-24 12:00:00+00:00,vibration_mm_s,2.74,mm/s,2026-S1,synthétique,PROC-GEN-SMOTE-V2
EQ-FAN-104,2026-01-24 18:00:00+00:00,vibration_mm_s,2.62,mm/s,2026-S1,synthétique,PROC-GEN-SMOTE-V2
EQ-FAN-104,2026-01-25 00:00:00+00:00,vibration_mm_s,2.48,mm/s,2026-S1,synthétique,PROC-GEN-SMOTE-V2
EQ-FAN-104,2026-01-25 06:00:00+00:00,vibration_mm_s,2.96,mm/s,2026-S1,synthétique,PROC-GEN-SMOTE-V2
EQ-FAN-104,2026-01-25 12:00:00+00:00,vibration_mm_s,3.06,mm/s,2026-S1,synthétique,PROC-GEN-SMOTE-V2
EQ-FAN-104,2026-01-25 18:00:00+00:00,vibration_mm_s,2.25,mm/s,2026-S1,synthétique,PROC-GEN-SMOTE-V2
EQ-FAN-104,2026-01-26 00:00:00+00:00,vibration_mm_s,2.33,mm/s,2026-S1,synthétique,PROC-GEN-SMOTE-V2
EQ-FAN-104,2026-01-26 06:00:00+00:00,vibration_mm_s,3.32,mm/s,2026-S1,synthétique,PROC-GEN-SMOTE-V2
EQ-FAN-104,2026-01-26 12:00:00+00:00,vibration_mm_s,3.08,mm/s,2026-S1,synthétique,PROC-GEN-SMOTE-V2
EQ-FAN-104,2026-01-26 18:00:00+00:00,vibration_mm_s,2.58,mm/s,2026-S1,synthétique,PROC-GEN-SMOTE-V2
EQ-FAN-104,2026-01-27 00:00:00+00:00,vibration_mm_s,2.91,mm/s,2026-S1,synthétique,PROC-GEN-SMOTE-V2
EQ-FAN-104,2026-01-27 06:00:00+00:00,vibration_mm_s,2.91,mm/s,2026-S1,synthétique,PROC-GEN-SMOTE-V2
EQ-FAN-104,2026-01-27 12:00:00+00:00,vibration_mm_s,3.07,mm/s,2026-S1,synthétique,PROC-GEN-SMOTE-V2
EQ-FAN-104,2026-01-27 18:00:00+00:00,vibration_mm_s,2.57,mm/s,2026-S1,synthétique,PROC-GEN-SMOTE-V2
EQ-FAN-104,2026-01-28 00:00:00+00:00,vibration_mm_s,2.44,mm/s,2026-S1,synthétique,PROC-GEN-SMOTE-V2
EQ-FAN-104,2026-01-28 06:00:00+00:00,vibration_mm_s,2.97,mm/s,2026-S1,synthétique,PROC-GEN-SMOTE-V2
EQ-FAN-104,2026-01-28 12:00:00+00:00,vibration_mm_s,2.97,mm/s,2026-S1,synthétique,PROC-GEN-SMOTE-V2
EQ-FAN-104,2026-01-28 18:00:00+00:00,vibration_mm_s,2.87,mm/s,2026-S1,synthétique,PROC-GEN-SMOTE-V2
EQ-FAN-104,2026-01-29 00:00:00+00:00,vibration_mm_s,2.34,mm/s,2026-S1,synthétique,PROC-GEN-SMOTE-V2
EQ-FAN-104,2026-01-29 06:00:00+00:00,vibration_mm_s,2.67,mm/s,2026-S1,synthétique,PROC-GEN-SMOTE-V2
EQ-FAN-104,2026-01-29 12:00:00+00:00,vibration_mm_s,2.92,mm/s,2026-S1,synthétique,PROC-GEN-SMOTE-V2
EQ-FAN-104,2026-01-29 18:00:00+00:00,vibration_mm_s,2.56,mm/s,2026-S1,synthétique,PROC-GEN-SMOTE-V2
EQ-FAN-104,2026-01-30 00:00:00+00:00,vibration_mm_s,2.4,mm/s,2026-S1,synthétique,PROC-GEN-SMOTE-V2
EQ-FAN-104,2026-01-30 06:00:00+00:00,vibration_mm_s,3.45,mm/s,2026-S1,synthétique,PROC-GEN-SMOTE-V2
EQ-FAN-104,2026-01-30 12:00:00+00:00,vibration_mm_s,3.0,mm/s,2026-S1,synthétique,PROC-GEN-SMOTE-V2
EQ-FAN-104,2026-01-30 18:00:00+00:00,vibration_mm_s,2.87,mm/s,2026-S1,synthétique,PROC-GEN-SMOTE-V2
EQ-FAN-104,2026-01-31 00:00:00+00:00,vibration_mm_s,2.73,mm/s,2026-S1,synthétique,PROC-GEN-SMOTE-V2
EQ-FAN-104,2026-01-31 06:00:00+00:00,vibration_mm_s,2.56,mm/s,2026-S1,synthétique,PROC-GEN-SMOTE-V2
EQ-FAN-104,2026-01-31 12:00:00+00:00,vibration_mm_s,2.62,mm/s,2026-S1,synthétique,PROC-GEN-SMOTE-V2
EQ-FAN-104,2026-01-31 18:00:00+00:00,vibration_mm_s,2.33,mm/s,2026-S1,synthétique,PROC-GEN-SMOTE-V2
EQ-FAN-120,2026-01-02 00:00:00+00:00,vibration_mm_s,2.43,mm/s,2026-S1,synthétique,PROC-GEN-SMOTE-V2
EQ-FAN-120,2026-01-02 06:00:00+00:00,vibration_mm_s,2.15,mm/s,2026-S1,synthétique,PROC-GEN-SMOTE-V2
EQ-FAN-120,2026-01-02 12:00:00+00:00,vibration_mm_s,3.04,mm/s,2026-S1,synthétique,PROC-GEN-SMOTE-V2
EQ-FAN-120,2026-01-02 18:00:00+00:00,vibration_mm_s,2.41,mm/s,2026-S1,synthétique,PROC-GEN-SMOTE-V2
EQ-FAN-120,2026-01-03 00:00:00+00:00,vibration_mm_s,3.07,mm/s,2026-S1,synthétique,PROC-GEN-SMOTE-V2
EQ-FAN-120,2026-01-03 06:00:00+00:00,vibration_mm_s,2.98,mm/s,2026-S1,synthétique,PROC-GEN-SMOTE-V2
EQ-FAN-120,2026-01-03 12:00:00+00:00,vibration_mm_s,2.68,mm/s,2026-S1,synthétique,PROC-GEN-SMOTE-V2
EQ-FAN-120,2026-01-03 18:00:00+00:00,vibration_mm_s,2.78,mm/s,2026-S1,synthétique,PROC-GEN-SMOTE-V2
EQ-FAN-120,2026-01-04 00:00:00+00:00,vibration_mm_s,2.3,mm/s,2026-S1,synthétique,PROC-GEN-SMOTE-V2
EQ-FAN-120,2026-01-04 06:00:00+00:00,vibration_mm_s,2.57,mm/s,2026-S1,synthétique,PROC-GEN-SMOTE-V2
EQ-FAN-120,2026-01-04 12:00:00+00:00,vibration_mm_s,2.85,mm/s,2026-S1,synthétique,PROC-GEN-SMOTE-V2
EQ-FAN-120,2026-01-04 18:00:00+00:00,vibration_mm_s,2.35,mm/s,2026-S1,synthétique,PROC-GEN-SMOTE-V2
EQ-FAN-120,2026-01-05 00:00:00+00:00,vibration_mm_s,2.81,mm/s,2026-S1,synthétique,PROC-GEN-SMOTE-V2
EQ-FAN-120,2026-01-05 06:00:00+00:00,vibration_mm_s,2.66,mm/s,2026-S1,synthétique,PROC-GEN-SMOTE-V2
EQ-FAN-120,2026-01-05 12:00:00+00:00,vibration_mm_s,3.12,mm/s,2026-S1,synthétique,PROC-GEN-SMOTE-V2
EQ-FAN-120,2026-01-05 18:00:00+00:00,vibration_mm_s,2.6,mm/s,2026-S1,synthétique,PROC-GEN-SMOTE-V2
EQ-FAN-120,2026-01-06 00:00:00+00:00,vibration_mm_s,2.56,mm/s,2026-S1,synthétique,PROC-GEN-SMOTE-V2
EQ-FAN-120,2026-01-06 06:00:00+00:00,vibration_mm_s,3.17,mm/s,2026-S1,synthétique,PROC-GEN-SMOTE-V2
EQ-FAN-120,2026-01-06 12:00:00+00:00,vibration_mm_s,2.87,mm/s,2026-S1,synthétique,PROC-GEN-SMOTE-V2
EQ-FAN-120,2026-01-06 18:00:00+00:00,vibration_mm_s,2.58,mm/s,2026-S1,synthétique,PROC-GEN-SMOTE-V2
EQ-FAN-120,2026-01-07 00:00:00+00:00,vibration_mm_s,2.6,mm/s,2026-S1,synthétique,PROC-GEN-SMOTE-V2
EQ-FAN-120,2026-01-07 06:00:00+00:00,vibration_mm_s,3.11,mm/s,2026-S1,synthétique,PROC-GEN-SMOTE-V2
EQ-FAN-120,2026-01-07 12:00:00+00:00,vibration_mm_s,2.64,mm/s,2026-S1,synthétique,PROC-GEN-SMOTE-V2
EQ-FAN-120,2026-01-07 18:00:00+00:00,vibration_mm_s,2.55,mm/s,2026-S1,synthétique,PROC-GEN-SMOTE-V2
EQ-FAN-120,2026-01-08 00:00:00+00:00,vibration_mm_s,2.84,mm/s,2026-S1,synthétique,PROC-GEN-SMOTE-V2
EQ-FAN-120,2026-01-08 06:00:00+00:00,vibration_mm_s,2.72,mm/s,2026-S1,synthétique,PROC-GEN-SMOTE-V2
EQ-FAN-120,2026-01-08 12:00:00+00:00,vibration_mm_s,2.9,mm/s,2026-S1,synthétique,PROC-GEN-SMOTE-V2
EQ-FAN-120,2026-01-08 18:00:00+00:00,vibration_mm_s,2.84,mm/s,2026-S1,synthétique,PROC-GEN-SMOTE-V2
EQ-FAN-120,2026-01-09 00:00:00+00:00,vibration_mm_s,3.04,mm/s,2026-S1,synthétique,PROC-GEN-SMOTE-V2
EQ-FAN-120,2026-01-09 06:00:00+00:00,vibration_mm_s,2.53,mm/s,2026-S1,synthétique,PROC-GEN-SMOTE-V2
EQ-FAN-120,2026-01-09 12:00:00+00:00,vibration_mm_s,3.1,mm/s,2026-S1,synthétique,PROC-GEN-SMOTE-V2
EQ-FAN-120,2026-01-09 18:00:00+00:00,vibration_mm_s,2.56,mm/s,2026-S1,synthétique,PROC-GEN-SMOTE-V2
EQ-FAN-120,2026-01-10 00:00:00+00:00,vibration_mm_s,2.51,mm/s,2026-S1,synthétique,PROC-GEN-SMOTE-V2
EQ-FAN-120,2026-01-10 06:00:00+00:00,vibration_mm_s,2.71,mm/s,2026-S1,synthétique,PROC-GEN-SMOTE-V2
EQ-FAN-120,2026-01-10 12:00:00+00:00,vibration_mm_s,3.48,mm/s,2026-S1,synthétique,PROC-GEN-SMOTE-V2
EQ-FAN-120,2026-01-10 18:00:00+00:00,vibration_mm_s,2.57,mm/s,2026-S1,synthétique,PROC-GEN-SMOTE-V2
EQ-FAN-120,2026-01-11 00:00:00+00:00,vibration_mm_s,2.29,mm/s,2026-S1,synthétique,PROC-GEN-SMOTE-V2
EQ-FAN-120,2026-01-11 06:00:00+00:00,vibration_mm_s,2.9,mm/s,2026-S1,synthétique,PROC-GEN-SMOTE-V2
EQ-FAN-120,2026-01-11 12:00:00+00:00,vibration_mm_s,2.94,mm/s,2026-S1,synthétique,PROC-GEN-SMOTE-V2
EQ-FAN-120,2026-01-11 18:00:00+00:00,vibration_mm_s,2.15,mm/s,2026-S1,synthétique,PROC-GEN-SMOTE-V2
EQ-FAN-120,2026-01-12 00:00:00+00:00,vibration_mm_s,2.63,mm/s,2026-S1,synthétique,PROC-GEN-SMOTE-V2
EQ-FAN-120,2026-01-12 06:00:00+00:00,vibration_mm_s,2.68,mm/s,2026-S1,synthétique,PROC-GEN-SMOTE-V2
EQ-FAN-120,2026-01-12 12:00:00+00:00,vibration_mm_s,3.45,mm/s,2026-S1,synthétique,PROC-GEN-SMOTE-V2
EQ-FAN-120,2026-01-12 18:00:00+00:00,vibration_mm_s,2.46,mm/s,2026-S1,synthétique,PROC-GEN-SMOTE-V2
EQ-FAN-120,2026-01-13 00:00:00+00:00,vibration_mm_s,2.6,mm/s,2026-S1,synthétique,PROC-GEN-SMOTE-V2
EQ-FAN-120,2026-01-13 06:00:00+00:00,vibration_mm_s,3.05,mm/s,2026-S1,synthétique,PROC-GEN-SMOTE-V2
EQ-FAN-120,2026-01-13 12:00:00+00:00,vibration_mm_s,2.68,mm/s,2026-S1,synthétique,PROC-GEN-SMOTE-V2
EQ-FAN-120,2026-01-13 18:00:00+00:00,vibration_mm_s,3.27,mm/s,2026-S1,synthétique,PROC-GEN-SMOTE-V2
EQ-FAN-120,2026-01-14 00:00:00+00:00,vibration_mm_s,2.77,mm/s,2026-S1,synthétique,PROC-GEN-SMOTE-V2
EQ-FAN-120,2026-01-14 06:00:00+00:00,vibration_mm_s,3.06,mm/s,2026-S1,synthétique,PROC-GEN-SMOTE-V2
EQ-FAN-120,2026-01-14 12:00:00+00:00,vibration_mm_s,2.93,mm/s,2026-S1,synthétique,PROC-GEN-SMOTE-V2
EQ-FAN-120,2026-01-14 18:00:00+00:00,vibration_mm_s,2.77,mm/s,2026-S1,synthétique,PROC-GEN-SMOTE-V2
EQ-FAN-120,2026-01-15 00:00:00+00:00,vibration_mm_s,2.76,mm/s,2026-S1,synthétique,PROC-GEN-SMOTE-V2
EQ-FAN-120,2026-01-15 06:00:00+00:00,vibration_mm_s,2.92,mm/s,2026-S1,synthétique,PROC-GEN-SMOTE-V2
EQ-FAN-120,2026-01-15 12:00:00+00:00,vibration_mm_s,2.74,mm/s,2026-S1,synthétique,PROC-GEN-SMOTE-V2
EQ-FAN-120,2026-01-15 18:00:00+00:00,vibration_mm_s,2.51,mm/s,2026-S1,synthétique,PROC-GEN-SMOTE-V2
EQ-FAN-120,2026-01-16 00:00:00+00:00,vibration_mm_s,2.54,mm/s,2026-S1,synthétique,PROC-GEN-SMOTE-V2
EQ-FAN-120,2026-01-16 06:00:00+00:00,vibration_mm_s,3.36,mm/s,2026-S1,synthétique,PROC-GEN-SMOTE-V2
EQ-FAN-120,2026-01-16 12:00:00+00:00,vibration_mm_s,2.78,mm/s,2026-S1,synthétique,PROC-GEN-SMOTE-V2
EQ-FAN-120,2026-01-16 18:00:00+00:00,vibration_mm_s,2.41,mm/s,2026-S1,synthétique,PROC-GEN-SMOTE-V2
EQ-FAN-120,2026-01-17 00:00:00+00:00,vibration_mm_s,2.72,mm/s,2026-S1,synthétique,PROC-GEN-SMOTE-V2
EQ-FAN-120,2026-01-17 06:00:00+00:00,vibration_mm_s,2.39,mm/s,2026-S1,synthétique,PROC-GEN-SMOTE-V2
EQ-FAN-120,2026-01-17 12:00:00+00:00,vibration_mm_s,2.78,mm/s,2026-S1,synthétique,PROC-GEN-SMOTE-V2
EQ-FAN-120,2026-01-17 18:00:00+00:00,vibration_mm_s,3.29,mm/s,2026-S1,synthétique,PROC-GEN-SMOTE-V2
EQ-FAN-120,2026-01-18 00:00:00+00:00,vibration_mm_s,2.19,mm/s,2026-S1,synthétique,PROC-GEN-SMOTE-V2
EQ-FAN-120,2026-01-18 06:00:00+00:00,vibration_mm_s,2.88,mm/s,2026-S1,synthétique,PROC-GEN-SMOTE-V2
EQ-FAN-120,2026-01-18 12:00:00+00:00,vibration_mm_s,2.86,mm/s,2026-S1,synthétique,PROC-GEN-SMOTE-V2
EQ-FAN-120,2026-01-18 18:00:00+00:00,vibration_mm_s,2.7,mm/s,2026-S1,synthétique,PROC-GEN-SMOTE-V2
EQ-FAN-120,2026-01-19 00:00:00+00:00,vibration_mm_s,2.42,mm/s,2026-S1,synthétique,PROC-GEN-SMOTE-V2
EQ-FAN-120,2026-01-19 06:00:00+00:00,vibration_mm_s,2.7,mm/s,2026-S1,synthétique,PROC-GEN-SMOTE-V2
EQ-FAN-120,2026-01-19 12:00:00+00:00,vibration_mm_s,3.09,mm/s,2026-S1,synthétique,PROC-GEN-SMOTE-V2
EQ-FAN-120,2026-01-19 18:00:00+00:00,vibration_mm_s,2.63,mm/s,2026-S1,synthétique,PROC-GEN-SMOTE-V2
EQ-FAN-120,2026-01-20 00:00:00+00:00,vibration_mm_s,2.89,mm/s,2026-S1,synthétique,PROC-GEN-SMOTE-V2
EQ-FAN-120,2026-01-20 06:00:00+00:00,vibration_mm_s,2.53,mm/s,2026-S1,synthétique,PROC-GEN-SMOTE-V2
EQ-FAN-120,2026-01-20 12:00:00+00:00,vibration_mm_s,2.91,mm/s,2026-S1,synthétique,PROC-GEN-SMOTE-V2
EQ-FAN-120,2026-01-20 18:00:00+00:00,vibration_mm_s,3.14,mm/s,2026-S1,synthétique,PROC-GEN-SMOTE-V2
EQ-FAN-120,2026-01-21 00:00:00+00:00,vibration_mm_s,2.86,mm/s,2026-S1,synthétique,PROC-GEN-SMOTE-V2
EQ-FAN-120,2026-01-21 06:00:00+00:00,vibration_mm_s,2.68,mm/s,2026-S1,synthétique,PROC-GEN-SMOTE-V2
EQ-FAN-120,2026-01-21 12:00:00+00:00,vibration_mm_s,3.2,mm/s,2026-S1,synthétique,PROC-GEN-SMOTE-V2
EQ-FAN-120,2026-01-21 18:00:00+00:00,vibration_mm_s,2.36,mm/s,2026-S1,synthétique,PROC-GEN-SMOTE-V2
EQ-FAN-120,2026-01-22 00:00:00+00:00,vibration_mm_s,2.53,mm/s,2026-S1,synthétique,PROC-GEN-SMOTE-V2
EQ-FAN-120,2026-01-22 06:00:00+00:00,vibration_mm_s,2.87,mm/s,2026-S1,synthétique,PROC-GEN-SMOTE-V2
EQ-FAN-120,2026-01-22 12:00:00+00:00,vibration_mm_s,2.75,mm/s,2026-S1,synthétique,PROC-GEN-SMOTE-V2
EQ-FAN-120,2026-01-22 18:00:00+00:00,vibration_mm_s,2.61,mm/s,2026-S1,synthétique,PROC-GEN-SMOTE-V2
EQ-FAN-120,2026-01-23 00:00:00+00:00,vibration_mm_s,2.79,mm/s,2026-S1,synthétique,PROC-GEN-SMOTE-V2
EQ-FAN-120,2026-01-23 06:00:00+00:00,vibration_mm_s,2.65,mm/s,2026-S1,synthétique,PROC-GEN-SMOTE-V2
EQ-FAN-120,2026-01-23 12:00:00+00:00,vibration_mm_s,2.84,mm/s,2026-S1,synthétique,PROC-GEN-SMOTE-V2
EQ-FAN-120,2026-01-23 18:00:00+00:00,vibration_mm_s,2.89,mm/s,2026-S1,synthétique,PROC-GEN-SMOTE-V2
EQ-FAN-120,2026-01-24 00:00:00+00:00,vibration_mm_s,2.62,mm/s,2026-S1,synthétique,PROC-GEN-SMOTE-V2
EQ-FAN-120,2026-01-24 06:00:00+00:00,vibration_mm_s,2.97,mm/s,2026-S1,synthétique,PROC-GEN-SMOTE-V2
EQ-FAN-120,2026-01-24 12:00:00+00:00,vibration_mm_s,2.84,mm/s,2026-S1,synthétique,PROC-GEN-SMOTE-V2
EQ-FAN-120,2026-01-24 18:00:00+00:00,vibration_mm_s,2.57,mm/s,2026-S1,synthétique,PROC-GEN-SMOTE-V2
EQ-FAN-120,2026-01-25 00:00:00+00:00,vibration_mm_s,2.49,mm/s,2026-S1,synthétique,PROC-GEN-SMOTE-V2
EQ-FAN-120,2026-01-25 06:00:00+00:00,vibration_mm_s,2.72,mm/s,2026-S1,synthétique,PROC-GEN-SMOTE-V2
EQ-FAN-120,2026-01-25 12:00:00+00:00,vibration_mm_s,3.03,mm/s,2026-S1,synthétique,PROC-GEN-SMOTE-V2
EQ-FAN-120,2026-01-25 18:00:00+00:00,vibration_mm_s,2.59,mm/s,2026-S1,synthétique,PROC-GEN-SMOTE-V2
EQ-FAN-120,2026-01-26 00:00:00+00:00,vibration_mm_s,1.91,mm/s,2026-S1,synthétique,PROC-GEN-SMOTE-V2
EQ-FAN-120,2026-01-26 06:00:00+00:00,vibration_mm_s,2.64,mm/s,2026-S1,synthétique,PROC-GEN-SMOTE-V2
EQ-FAN-120,2026-01-26 12:00:00+00:00,vibration_mm_s,2.87,mm/s,2026-S1,synthétique,PROC-GEN-SMOTE-V2
EQ-FAN-120,2026-01-26 18:00:00+00:00,vibration_mm_s,2.49,mm/s,2026-S1,synthétique,PROC-GEN-SMOTE-V2
EQ-FAN-120,2026-01-27 00:00:00+00:00,vibration_mm_s,2.4,mm/s,2026-S1,synthétique,PROC-GEN-SMOTE-V2
EQ-FAN-120,2026-01-27 06:00:00+00:00,vibration_mm_s,2.89,mm/s,2026-S1,synthétique,PROC-GEN-SMOTE-V2
EQ-FAN-120,2026-01-27 12:00:00+00:00,vibration_mm_s,3.07,mm/s,2026-S1,synthétique,PROC-GEN-SMOTE-V2
EQ-FAN-120,2026-01-27 18:00:00+00:00,vibration_mm_s,2.8,mm/s,2026-S1,synthétique,PROC-GEN-SMOTE-V2
EQ-FAN-120,2026-01-28 00:00:00+00:00,vibration_mm_s,2.56,mm/s,2026-S1,synthétique,PROC-GEN-SMOTE-V2
EQ-FAN-120,2026-01-28 06:00:00+00:00,vibration_mm_s,3.95,mm/s,2026-S1,synthétique,PROC-GEN-SMOTE-V2
EQ-FAN-120,2026-01-28 12:00:00+00:00,vibration_mm_s,3.1,mm/s,2026-S1,synthétique,PROC-GEN-SMOTE-V2
EQ-FAN-120,2026-01-28 18:00:00+00:00,vibration_mm_s,2.47,mm/s,2026-S1,synthétique,PROC-GEN-SMOTE-V2
EQ-FAN-120,2026-01-29 00:00:00+00:00,vibration_mm_s,2.62,mm/s,2026-S1,synthétique,PROC-GEN-SMOTE-V2
EQ-FAN-120,2026-01-29 06:00:00+00:00,vibration_mm_s,2.96,mm/s,2026-S1,synthétique,PROC-GEN-SMOTE-V2
EQ-FAN-120,2026-01-29 12:00:00+00:00,vibration_mm_s,3.08,mm/s,2026-S1,synthétique,PROC-GEN-SMOTE-V2
EQ-FAN-120,2026-01-29 18:00:00+00:00,vibration_mm_s,2.51,mm/s,2026-S1,synthétique,PROC-GEN-SMOTE-V2
EQ-FAN-120,2026-01-30 00:00:00+00:00,vibration_mm_s,2.67,mm/s,2026-S1,synthétique,PROC-GEN-SMOTE-V2
EQ-FAN-120,2026-01-30 06:00:00+00:00,vibration_mm_s,2.73,mm/s,2026-S1,synthétique,PROC-GEN-SMOTE-V2
EQ-FAN-120,2026-01-30 12:00:00+00:00,vibration_mm_s,3.1,mm/s,2026-S1,synthétique,PROC-GEN-SMOTE-V2
EQ-FAN-120,2026-01-30 18:00:00+00:00,vibration_mm_s,2.84,mm/s,2026-S1,synthétique,PROC-GEN-SMOTE-V2
EQ-FAN-120,2026-01-31 00:00:00+00:00,vibration_mm_s,2.1,mm/s,2026-S1,synthétique,PROC-GEN-SMOTE-V2
EQ-FAN-120,2026-01-31 06:00:00+00:00,vibration_mm_s,3.11,mm/s,2026-S1,synthétique,PROC-GEN-SMOTE-V2
EQ-FAN-120,2026-01-31 12:00:00+00:00,vibration_mm_s,2.67,mm/s,2026-S1,synthétique,PROC-GEN-SMOTE-V2
EQ-FAN-120,2026-01-31 18:00:00+00:00,vibration_mm_s,2.27,mm/s,2026-S1,synthétique,PROC-GEN-SMOTE-V2
EQ-PUMP-002,2026-01-02 00:00:00+00:00,vibration_mm_s,3.56,mm/s,2026-S1,synthétique,PROC-GEN-SMOTE-V2
EQ-PUMP-002,2026-01-02 06:00:00+00:00,vibration_mm_s,2.85,mm/s,2026-S1,synthétique,PROC-GEN-SMOTE-V2
EQ-PUMP-002,2026-01-02 12:00:00+00:00,vibration_mm_s,3.34,mm/s,2026-S1,synthétique,PROC-GEN-SMOTE-V2
EQ-PUMP-002,2026-01-02 18:00:00+00:00,vibration_mm_s,3.1,mm/s,2026-S1,synthétique,PROC-GEN-SMOTE-V2
EQ-PUMP-002,2026-01-03 00:00:00+00:00,vibration_mm_s,2.57,mm/s,2026-S1,synthétique,PROC-GEN-SMOTE-V2
EQ-PUMP-002,2026-01-03 06:00:00+00:00,vibration_mm_s,2.77,mm/s,2026-S1,synthétique,PROC-GEN-SMOTE-V2
EQ-PUMP-002,2026-01-03 12:00:00+00:00,vibration_mm_s,2.77,mm/s,2026-S1,synthétique,PROC-GEN-SMOTE-V2
EQ-PUMP-002,2026-01-03 18:00:00+00:00,vibration_mm_s,3.02,mm/s,2026-S1,synthétique,PROC-GEN-SMOTE-V2
EQ-PUMP-002,2026-01-04 00:00:00+00:00,vibration_mm_s,3.02,mm/s,2026-S1,synthétique,PROC-GEN-SMOTE-V2
EQ-PUMP-002,2026-01-04 06:00:00+00:00,vibration_mm_s,2.7,mm/s,2026-S1,synthétique,PROC-GEN-SMOTE-V2
EQ-PUMP-002,2026-01-04 12:00:00+00:00,vibration_mm_s,2.93,mm/s,2026-S1,synthétique,PROC-GEN-SMOTE-V2
EQ-PUMP-002,2026-01-04 18:00:00+00:00,vibration_mm_s,3.59,mm/s,2026-S1,synthétique,PROC-GEN-SMOTE-V2
EQ-PUMP-002,2026-01-05 00:00:00+00:00,vibration_mm_s,2.58,mm/s,2026-S1,synthétique,PROC-GEN-SMOTE-V2
EQ-PUMP-002,2026-01-05 06:00:00+00:00,vibration_mm_s,2.99,mm/s,2026-S1,synthétique,PROC-GEN-SMOTE-V2
EQ-PUMP-002,2026-01-05 12:00:00+00:00,vibration_mm_s,2.99,mm/s,2026-S1,synthétique,PROC-GEN-SMOTE-V2
EQ-PUMP-002,2026-01-05 18:00:00+00:00,vibration_mm_s,3.42,mm/s,2026-S1,synthétique,PROC-GEN-SMOTE-V2
EQ-PUMP-002,2026-01-06 00:00:00+00:00,vibration_mm_s,2.93,mm/s,2026-S1,synthétique,PROC-GEN-SMOTE-V2
EQ-PUMP-002,2026-01-06 06:00:00+00:00,vibration_mm_s,3.17,mm/s,2026-S1,synthétique,PROC-GEN-SMOTE-V2
EQ-PUMP-002,2026-01-06 12:00:00+00:00,vibration_mm_s,2.71,mm/s,2026-S1,synthétique,PROC-GEN-SMOTE-V2
EQ-PUMP-002,2026-01-06 18:00:00+00:00,vibration_mm_s,3.21,mm/s,2026-S1,synthétique,PROC-GEN-SMOTE-V2
EQ-PUMP-002,2026-01-07 00:00:00+00:00,vibration_mm_s,2.96,mm/s,2026-S1,synthétique,PROC-GEN-SMOTE-V2
EQ-PUMP-002,2026-01-07 06:00:00+00:00,vibration_mm_s,2.83,mm/s,2026-S1,synthétique,PROC-GEN-SMOTE-V2
EQ-PUMP-002,2026-01-07 12:00:00+00:00,vibration_mm_s,2.68,mm/s,2026-S1,synthétique,PROC-GEN-SMOTE-V2
EQ-PUMP-002,2026-01-07 18:00:00+00:00,vibration_mm_s,3.28,mm/s,2026-S1,synthétique,PROC-GEN-SMOTE-V2
EQ-PUMP-002,2026-01-08 00:00:00+00:00,vibration_mm_s,3.2,mm/s,2026-S1,synthétique,PROC-GEN-SMOTE-V2
EQ-PUMP-002,2026-01-08 06:00:00+00:00,vibration_mm_s,2.64,mm/s,2026-S1,synthétique,PROC-GEN-SMOTE-V2
EQ-PUMP-002,2026-01-08 12:00:00+00:00,vibration_mm_s,3.54,mm/s,2026-S1,synthétique,PROC-GEN-SMOTE-V2
EQ-PUMP-002,2026-01-08 18:00:00+00:00,vibration_mm_s,3.05,mm/s,2026-S1,synthétique,PROC-GEN-SMOTE-V2
EQ-PUMP-002,2026-01-09 00:00:00+00:00,vibration_mm_s,2.99,mm/s,2026-S1,synthétique,PROC-GEN-SMOTE-V2
EQ-PUMP-002,2026-01-09 06:00:00+00:00,vibration_mm_s,2.64,mm/s,2026-S1,synthétique,PROC-GEN-SMOTE-V2
EQ-PUMP-002,2026-01-09 12:00:00+00:00,vibration_mm_s,2.48,mm/s,2026-S1,synthétique,PROC-GEN-SMOTE-V2
EQ-PUMP-002,2026-01-09 18:00:00+00:00,vibration_mm_s,3.81,mm/s,2026-S1,synthétique,PROC-GEN-SMOTE-V2
EQ-PUMP-002,2026-01-10 00:00:00+00:00,vibration_mm_s,3.53,mm/s,2026-S1,synthétique,PROC-GEN-SMOTE-V2
EQ-PUMP-002,2026-01-10 06:00:00+00:00,vibration_mm_s,2.38,mm/s,2026-S1,synthétique,PROC-GEN-SMOTE-V2
EQ-PUMP-002,2026-01-10 12:00:00+00:00,vibration_mm_s,2.87,mm/s,2026-S1,synthétique,PROC-GEN-SMOTE-V2
EQ-PUMP-002,2026-01-10 18:00:00+00:00,vibration_mm_s,3.68,mm/s,2026-S1,synthétique,PROC-GEN-SMOTE-V2
EQ-PUMP-002,2026-01-11 00:00:00+00:00,vibration_mm_s,2.59,mm/s,2026-S1,synthétique,PROC-GEN-SMOTE-V2
EQ-PUMP-002,2026-01-11 06:00:00+00:00,vibration_mm_s,2.47,mm/s,2026-S1,synthétique,PROC-GEN-SMOTE-V2
EQ-PUMP-002,2026-01-11 12:00:00+00:00,vibration_mm_s,3.08,mm/s,2026-S1,synthétique,PROC-GEN-SMOTE-V2
EQ-PUMP-002,2026-01-11 18:00:00+00:00,vibration_mm_s,3.15,mm/s,2026-S1,synthétique,PROC-GEN-SMOTE-V2
EQ-PUMP-002,2026-01-12 00:00:00+00:00,vibration_mm_s,2.83,mm/s,2026-S1,synthétique,PROC-GEN-SMOTE-V2
EQ-PUMP-002,2026-01-12 06:00:00+00:00,vibration_mm_s,3.08,mm/s,2026-S1,synthétique,PROC-GEN-SMOTE-V2
EQ-PUMP-002,2026-01-12 12:00:00+00:00,vibration_mm_s,3.69,mm/s,2026-S1,synthétique,PROC-GEN-SMOTE-V2
EQ-PUMP-002,2026-01-12 18:00:00+00:00,vibration_mm_s,3.29,mm/s,2026-S1,synthétique,PROC-GEN-SMOTE-V2
EQ-PUMP-002,2026-01-13 00:00:00+00:00,vibration_mm_s,2.89,mm/s,2026-S1,synthétique,PROC-GEN-SMOTE-V2
EQ-PUMP-002,2026-01-13 06:00:00+00:00,vibration_mm_s,2.32,mm/s,2026-S1,synthétique,PROC-GEN-SMOTE-V2
EQ-PUMP-002,2026-01-13 12:00:00+00:00,vibration_mm_s,2.77,mm/s,2026-S1,synthétique,PROC-GEN-SMOTE-V2
EQ-PUMP-002,2026-01-13 18:00:00+00:00,vibration_mm_s,3.22,mm/s,2026-S1,synthétique,PROC-GEN-SMOTE-V2
EQ-PUMP-002,2026-01-14 00:00:00+00:00,vibration_mm_s,2.8,mm/s,2026-S1,synthétique,PROC-GEN-SMOTE-V2
EQ-PUMP-002,2026-01-14 06:00:00+00:00,vibration_mm_s,2.93,mm/s,2026-S1,synthétique,PROC-GEN-SMOTE-V2
EQ-PUMP-002,2026-01-14 12:00:00+00:00,vibration_mm_s,2.77,mm/s,2026-S1,synthétique,PROC-GEN-SMOTE-V2
EQ-PUMP-002,2026-01-14 18:00:00+00:00,vibration_mm_s,3.1,mm/s,2026-S1,synthétique,PROC-GEN-SMOTE-V2
EQ-PUMP-002,2026-01-15 00:00:00+00:00,vibration_mm_s,3.32,mm/s,2026-S1,synthétique,PROC-GEN-SMOTE-V2
EQ-PUMP-002,2026-01-15 06:00:00+00:00,vibration_mm_s,3.09,mm/s,2026-S1,synthétique,PROC-GEN-SMOTE-V2
EQ-PUMP-002,2026-01-15 12:00:00+00:00,vibration_mm_s,2.7,mm/s,2026-S1,synthétique,PROC-GEN-SMOTE-V2
EQ-PUMP-002,2026-01-15 18:00:00+00:00,vibration_mm_s,3.75,mm/s,2026-S1,synthétique,PROC-GEN-SMOTE-V2
EQ-PUMP-002,2026-01-16 00:00:00+00:00,vibration_mm_s,3.91,mm/s,2026-S1,synthétique,PROC-GEN-SMOTE-V2
EQ-PUMP-002,2026-01-16 06:00:00+00:00,vibration_mm_s,2.59,mm/s,2026-S1,synthétique,PROC-GEN-SMOTE-V2
EQ-PUMP-002,2026-01-16 12:00:00+00:00,vibration_mm_s,2.89,mm/s,2026-S1,synthétique,PROC-GEN-SMOTE-V2
EQ-PUMP-002,2026-01-16 18:00:00+00:00,vibration_mm_s,3.05,mm/s,2026-S1,synthétique,PROC-GEN-SMOTE-V2
EQ-PUMP-002,2026-01-17 00:00:00+00:00,vibration_mm_s,3.0,mm/s,2026-S1,synthétique,PROC-GEN-SMOTE-V2
EQ-PUMP-002,2026-01-17 06:00:00+00:00,vibration_mm_s,2.51,mm/s,2026-S1,synthétique,PROC-GEN-SMOTE-V2
EQ-PUMP-002,2026-01-17 12:00:00+00:00,vibration_mm_s,3.14,mm/s,2026-S1,synthétique,PROC-GEN-SMOTE-V2
EQ-PUMP-002,2026-01-17 18:00:00+00:00,vibration_mm_s,2.98,mm/s,2026-S1,synthétique,PROC-GEN-SMOTE-V2
EQ-PUMP-002,2026-01-18 00:00:00+00:00,vibration_mm_s,2.25,mm/s,2026-S1,synthétique,PROC-GEN-SMOTE-V2
EQ-PUMP-002,2026-01-18 06:00:00+00:00,vibration_mm_s,2.28,mm/s,2026-S1,synthétique,PROC-GEN-SMOTE-V2
EQ-PUMP-002,2026-01-18 12:00:00+00:00,vibration_mm_s,3.03,mm/s,2026-S1,synthétique,PROC-GEN-SMOTE-V2
EQ-PUMP-002,2026-01-18 18:00:00+00:00,vibration_mm_s,3.38,mm/s,2026-S1,synthétique,PROC-GEN-SMOTE-V2
EQ-PUMP-002,2026-01-19 00:00:00+00:00,vibration_mm_s,3.02,mm/s,2026-S1,synthétique,PROC-GEN-SMOTE-V2
EQ-PUMP-002,2026-01-19 06:00:00+00:00,vibration_mm_s,2.82,mm/s,2026-S1,synthétique,PROC-GEN-SMOTE-V2
EQ-PUMP-002,2026-01-19 12:00:00+00:00,vibration_mm_s,2.95,mm/s,2026-S1,synthétique,PROC-GEN-SMOTE-V2
EQ-PUMP-002,2026-01-19 18:00:00+00:00,vibration_mm_s,3.52,mm/s,2026-S1,synthétique,PROC-GEN-SMOTE-V2
EQ-PUMP-002,2026-01-20 00:00:00+00:00,vibration_mm_s,2.95,mm/s,2026-S1,synthétique,PROC-GEN-SMOTE-V2
EQ-PUMP-002,2026-01-20 06:00:00+00:00,vibration_mm_s,2.83,mm/s,2026-S1,synthétique,PROC-GEN-SMOTE-V2
EQ-PUMP-002,2026-01-20 12:00:00+00:00,vibration_mm_s,3.25,mm/s,2026-S1,synthétique,PROC-GEN-SMOTE-V2
EQ-PUMP-002,2026-01-20 18:00:00+00:00,vibration_mm_s,3.22,mm/s,2026-S1,synthétique,PROC-GEN-SMOTE-V2
EQ-PUMP-002,2026-01-21 00:00:00+00:00,vibration_mm_s,3.16,mm/s,2026-S1,synthétique,PROC-GEN-SMOTE-V2
EQ-PUMP-002,2026-01-21 06:00:00+00:00,vibration_mm_s,3.02,mm/s,2026-S1,synthétique,PROC-GEN-SMOTE-V2
EQ-PUMP-002,2026-01-21 12:00:00+00:00,vibration_mm_s,3.36,mm/s,2026-S1,synthétique,PROC-GEN-SMOTE-V2
EQ-PUMP-002,2026-01-21 18:00:00+00:00,vibration_mm_s,3.35,mm/s,2026-S1,synthétique,PROC-GEN-SMOTE-V2
EQ-PUMP-002,2026-01-22 00:00:00+00:00,vibration_mm_s,2.72,mm/s,2026-S1,synthétique,PROC-GEN-SMOTE-V2
EQ-PUMP-002,2026-01-22 06:00:00+00:00,vibration_mm_s,2.58,mm/s,2026-S1,synthétique,PROC-GEN-SMOTE-V2
EQ-PUMP-002,2026-01-22 12:00:00+00:00,vibration_mm_s,3.07,mm/s,2026-S1,synthétique,PROC-GEN-SMOTE-V2
EQ-PUMP-002,2026-01-22 18:00:00+00:00,vibration_mm_s,3.22,mm/s,2026-S1,synthétique,PROC-GEN-SMOTE-V2
EQ-PUMP-002,2026-01-23 00:00:00+00:00,vibration_mm_s,3.02,mm/s,2026-S1,synthétique,PROC-GEN-SMOTE-V2
EQ-PUMP-002,2026-01-23 06:00:00+00:00,vibration_mm_s,2.48,mm/s,2026-S1,synthétique,PROC-GEN-SMOTE-V2
EQ-PUMP-002,2026-01-23 12:00:00+00:00,vibration_mm_s,3.34,mm/s,2026-S1,synthétique,PROC-GEN-SMOTE-V2
EQ-PUMP-002,2026-01-23 18:00:00+00:00,vibration_mm_s,3.42,mm/s,2026-S1,synthétique,PROC-GEN-SMOTE-V2
EQ-PUMP-002,2026-01-24 00:00:00+00:00,vibration_mm_s,2.69,mm/s,2026-S1,synthétique,PROC-GEN-SMOTE-V2
EQ-PUMP-002,2026-01-24 06:00:00+00:00,vibration_mm_s,2.67,mm/s,2026-S1,synthétique,PROC-GEN-SMOTE-V2
EQ-PUMP-002,2026-01-24 12:00:00+00:00,vibration_mm_s,2.52,mm/s,2026-S1,synthétique,PROC-GEN-SMOTE-V2
EQ-PUMP-002,2026-01-24 18:00:00+00:00,vibration_mm_s,2.87,mm/s,2026-S1,synthétique,PROC-GEN-SMOTE-V2
EQ-PUMP-002,2026-01-25 00:00:00+00:00,vibration_mm_s,3.38,mm/s,2026-S1,synthétique,PROC-GEN-SMOTE-V2
EQ-PUMP-002,2026-01-25 06:00:00+00:00,vibration_mm_s,2.67,mm/s,2026-S1,synthétique,PROC-GEN-SMOTE-V2
EQ-PUMP-002,2026-01-25 12:00:00+00:00,vibration_mm_s,2.83,mm/s,2026-S1,synthétique,PROC-GEN-SMOTE-V2
EQ-PUMP-002,2026-01-25 18:00:00+00:00,vibration_mm_s,3.09,mm/s,2026-S1,synthétique,PROC-GEN-SMOTE-V2
EQ-PUMP-002,2026-01-26 00:00:00+00:00,vibration_mm_s,2.37,mm/s,2026-S1,synthétique,PROC-GEN-SMOTE-V2
EQ-PUMP-002,2026-01-26 06:00:00+00:00,vibration_mm_s,2.66,mm/s,2026-S1,synthétique,PROC-GEN-SMOTE-V2
EQ-PUMP-002,2026-01-26 12:00:00+00:00,vibration_mm_s,3.56,mm/s,2026-S1,synthétique,PROC-GEN-SMOTE-V2
EQ-PUMP-002,2026-01-26 18:00:00+00:00,vibration_mm_s,3.25,mm/s,2026-S1,synthétique,PROC-GEN-SMOTE-V2
EQ-PUMP-002,2026-01-27 00:00:00+00:00,vibration_mm_s,3.56,mm/s,2026-S1,synthétique,PROC-GEN-SMOTE-V2
EQ-PUMP-002,2026-01-27 06:00:00+00:00,vibration_mm_s,2.31,mm/s,2026-S1,synthétique,PROC-GEN-SMOTE-V2
EQ-PUMP-002,2026-01-27 12:00:00+00:00,vibration_mm_s,3.53,mm/s,2026-S1,synthétique,PROC-GEN-SMOTE-V2
EQ-PUMP-002,2026-01-27 18:00:00+00:00,vibration_mm_s,3.37,mm/s,2026-S1,synthétique,PROC-GEN-SMOTE-V2
EQ-PUMP-002,2026-01-28 00:00:00+00:00,vibration_mm_s,3.28,mm/s,2026-S1,synthétique,PROC-GEN-SMOTE-V2
EQ-PUMP-002,2026-01-28 06:00:00+00:00,vibration_mm_s,2.74,mm/s,2026-S1,synthétique,PROC-GEN-SMOTE-V2
EQ-PUMP-002,2026-01-28 12:00:00+00:00,vibration_mm_s,3.22,mm/s,2026-S1,synthétique,PROC-GEN-SMOTE-V2
EQ-PUMP-002,2026-01-28 18:00:00+00:00,vibration_mm_s,2.88,mm/s,2026-S1,synthétique,PROC-GEN-SMOTE-V2
EQ-PUMP-002,2026-01-29 00:00:00+00:00,vibration_mm_s,3.25,mm/s,2026-S1,synthétique,PROC-GEN-SMOTE-V2
EQ-PUMP-002,2026-01-29 06:00:00+00:00,vibration_mm_s,2.78,mm/s,2026-S1,synthétique,PROC-GEN-SMOTE-V2
EQ-PUMP-002,2026-01-29 12:00:00+00:00,vibration_mm_s,3.34,mm/s,2026-S1,synthétique,PROC-GEN-SMOTE-V2
EQ-PUMP-002,2026-01-29 18:00:00+00:00,vibration_mm_s,3.09,mm/s,2026-S1,synthétique,PROC-GEN-SMOTE-V2
EQ-PUMP-002,2026-01-30 00:00:00+00:00,vibration_mm_s,2.86,mm/s,2026-S1,synthétique,PROC-GEN-SMOTE-V2
EQ-PUMP-002,2026-01-30 06:00:00+00:00,vibration_mm_s,2.33,mm/s,2026-S1,synthétique,PROC-GEN-SMOTE-V2
EQ-PUMP-002,2026-01-30 12:00:00+00:00,vibration_mm_s,3.02,mm/s,2026-S1,synthétique,PROC-GEN-SMOTE-V2
EQ-PUMP-002,2026-01-30 18:00:00+00:00,vibration_mm_s,3.02,mm/s,2026-S1,synthétique,PROC-GEN-SMOTE-V2
EQ-PUMP-002,2026-01-31 00:00:00+00:00,vibration_mm_s,2.43,mm/s,2026-S1,synthétique,PROC-GEN-SMOTE-V2
EQ-PUMP-002,2026-01-31 06:00:00+00:00,vibration_mm_s,3.02,mm/s,2026-S1,synthétique,PROC-GEN-SMOTE-V2
EQ-PUMP-002,2026-01-31 12:00:00+00:00,vibration_mm_s,3.12,mm/s,2026-S1,synthétique,PROC-GEN-SMOTE-V2
EQ-PUMP-002,2026-01-31 18:00:00+00:00,vibration_mm_s,3.14,mm/s,2026-S1,synthétique,PROC-GEN-SMOTE-V2
EQ-PUMP-230,2026-01-02 00:00:00+00:00,vibration_mm_s,2.98,mm/s,2026-S1,synthétique,PROC-GEN-SMOTE-V2
EQ-PUMP-230,2026-01-02 06:00:00+00:00,vibration_mm_s,2.87,mm/s,2026-S1,synthétique,PROC-GEN-SMOTE-V2
EQ-PUMP-230,2026-01-02 12:00:00+00:00,vibration_mm_s,2.35,mm/s,2026-S1,synthétique,PROC-GEN-SMOTE-V2
EQ-PUMP-230,2026-01-02 18:00:00+00:00,vibration_mm_s,3.35,mm/s,2026-S1,synthétique,PROC-GEN-SMOTE-V2
EQ-PUMP-230,2026-01-03 00:00:00+00:00,vibration_mm_s,2.96,mm/s,2026-S1,synthétique,PROC-GEN-SMOTE-V2
EQ-PUMP-230,2026-01-03 06:00:00+00:00,vibration_mm_s,1.98,mm/s,2026-S1,synthétique,PROC-GEN-SMOTE-V2
EQ-PUMP-230,2026-01-03 12:00:00+00:00,vibration_mm_s,2.61,mm/s,2026-S1,synthétique,PROC-GEN-SMOTE-V2
EQ-PUMP-230,2026-01-03 18:00:00+00:00,vibration_mm_s,2.85,mm/s,2026-S1,synthétique,PROC-GEN-SMOTE-V2
EQ-PUMP-230,2026-01-04 00:00:00+00:00,vibration_mm_s,2.19,mm/s,2026-S1,synthétique,PROC-GEN-SMOTE-V2
EQ-PUMP-230,2026-01-04 06:00:00+00:00,vibration_mm_s,2.24,mm/s,2026-S1,synthétique,PROC-GEN-SMOTE-V2
EQ-PUMP-230,2026-01-04 12:00:00+00:00,vibration_mm_s,2.43,mm/s,2026-S1,synthétique,PROC-GEN-SMOTE-V2
EQ-PUMP-230,2026-01-04 18:00:00+00:00,vibration_mm_s,2.93,mm/s,2026-S1,synthétique,PROC-GEN-SMOTE-V2
EQ-PUMP-230,2026-01-05 00:00:00+00:00,vibration_mm_s,2.89,mm/s,2026-S1,synthétique,PROC-GEN-SMOTE-V2
EQ-PUMP-230,2026-01-05 06:00:00+00:00,vibration_mm_s,2.59,mm/s,2026-S1,synthétique,PROC-GEN-SMOTE-V2
EQ-PUMP-230,2026-01-05 12:00:00+00:00,vibration_mm_s,2.69,mm/s,2026-S1,synthétique,PROC-GEN-SMOTE-V2
EQ-PUMP-230,2026-01-05 18:00:00+00:00,vibration_mm_s,3.06,mm/s,2026-S1,synthétique,PROC-GEN-SMOTE-V2
EQ-PUMP-230,2026-01-06 00:00:00+00:00,vibration_mm_s,3.51,mm/s,2026-S1,synthétique,PROC-GEN-SMOTE-V2
EQ-PUMP-230,2026-01-06 06:00:00+00:00,vibration_mm_s,3.17,mm/s,2026-S1,synthétique,PROC-GEN-SMOTE-V2
EQ-PUMP-230,2026-01-06 12:00:00+00:00,vibration_mm_s,2.77,mm/s,2026-S1,synthétique,PROC-GEN-SMOTE-V2
EQ-PUMP-230,2026-01-06 18:00:00+00:00,vibration_mm_s,3.23,mm/s,2026-S1,synthétique,PROC-GEN-SMOTE-V2
EQ-PUMP-230,2026-01-07 00:00:00+00:00,vibration_mm_s,3.52,mm/s,2026-S1,synthétique,PROC-GEN-SMOTE-V2
EQ-PUMP-230,2026-01-07 06:00:00+00:00,vibration_mm_s,3.02,mm/s,2026-S1,synthétique,PROC-GEN-SMOTE-V2
EQ-PUMP-230,2026-01-07 12:00:00+00:00,vibration_mm_s,2.79,mm/s,2026-S1,synthétique,PROC-GEN-SMOTE-V2
EQ-PUMP-230,2026-01-07 18:00:00+00:00,vibration_mm_s,2.83,mm/s,2026-S1,synthétique,PROC-GEN-SMOTE-V2
EQ-PUMP-230,2026-01-08 00:00:00+00:00,vibration_mm_s,2.86,mm/s,2026-S1,synthétique,PROC-GEN-SMOTE-V2
EQ-PUMP-230,2026-01-08 06:00:00+00:00,vibration_mm_s,2.95,mm/s,2026-S1,synthétique,PROC-GEN-SMOTE-V2
EQ-PUMP-230,2026-01-08 12:00:00+00:00,vibration_mm_s,2.48,mm/s,2026-S1,synthétique,PROC-GEN-SMOTE-V2
EQ-PUMP-230,2026-01-08 18:00:00+00:00,vibration_mm_s,3.0,mm/s,2026-S1,synthétique,PROC-GEN-SMOTE-V2
EQ-PUMP-230,2026-01-09 00:00:00+00:00,vibration_mm_s,2.45,mm/s,2026-S1,synthétique,PROC-GEN-SMOTE-V2
EQ-PUMP-230,2026-01-09 06:00:00+00:00,vibration_mm_s,3.08,mm/s,2026-S1,synthétique,PROC-GEN-SMOTE-V2
EQ-PUMP-230,2026-01-09 12:00:00+00:00,vibration_mm_s,2.53,mm/s,2026-S1,synthétique,PROC-GEN-SMOTE-V2
EQ-PUMP-230,2026-01-09 18:00:00+00:00,vibration_mm_s,3.38,mm/s,2026-S1,synthétique,PROC-GEN-SMOTE-V2
EQ-PUMP-230,2026-01-10 00:00:00+00:00,vibration_mm_s,3.17,mm/s,2026-S1,synthétique,PROC-GEN-SMOTE-V2
EQ-PUMP-230,2026-01-10 06:00:00+00:00,vibration_mm_s,2.85,mm/s,2026-S1,synthétique,PROC-GEN-SMOTE-V2
EQ-PUMP-230,2026-01-10 12:00:00+00:00,vibration_mm_s,3.85,mm/s,2026-S1,synthétique,PROC-GEN-SMOTE-V2
EQ-PUMP-230,2026-01-10 18:00:00+00:00,vibration_mm_s,4.11,mm/s,2026-S1,synthétique,PROC-GEN-SMOTE-V2
EQ-PUMP-230,2026-01-11 00:00:00+00:00,vibration_mm_s,3.88,mm/s,2026-S1,synthétique,PROC-GEN-SMOTE-V2
EQ-PUMP-230,2026-01-11 06:00:00+00:00,vibration_mm_s,4.6,mm/s,2026-S1,synthétique,PROC-GEN-SMOTE-V2
EQ-PUMP-230,2026-01-11 12:00:00+00:00,vibration_mm_s,2.94,mm/s,2026-S1,synthétique,PROC-GEN-SMOTE-V2
EQ-PUMP-230,2026-01-11 18:00:00+00:00,vibration_mm_s,3.08,mm/s,2026-S1,synthétique,PROC-GEN-SMOTE-V2
EQ-PUMP-230,2026-01-12 00:00:00+00:00,vibration_mm_s,2.7,mm/s,2026-S1,synthétique,PROC-GEN-SMOTE-V2
EQ-PUMP-230,2026-01-12 06:00:00+00:00,vibration_mm_s,3.14,mm/s,2026-S1,synthétique,PROC-GEN-SMOTE-V2
EQ-PUMP-230,2026-01-12 12:00:00+00:00,vibration_mm_s,3.32,mm/s,2026-S1,synthétique,PROC-GEN-SMOTE-V2
EQ-PUMP-230,2026-01-12 18:00:00+00:00,vibration_mm_s,2.91,mm/s,2026-S1,synthétique,PROC-GEN-SMOTE-V2
EQ-PUMP-230,2026-01-13 00:00:00+00:00,vibration_mm_s,3.37,mm/s,2026-S1,synthétique,PROC-GEN-SMOTE-V2
EQ-PUMP-230,2026-01-13 06:00:00+00:00,vibration_mm_s,2.51,mm/s,2026-S1,synthétique,PROC-GEN-SMOTE-V2
EQ-PUMP-230,2026-01-13 12:00:00+00:00,vibration_mm_s,2.95,mm/s,2026-S1,synthétique,PROC-GEN-SMOTE-V2
EQ-PUMP-230,2026-01-13 18:00:00+00:00,vibration_mm_s,2.8,mm/s,2026-S1,synthétique,PROC-GEN-SMOTE-V2
EQ-PUMP-230,2026-01-14 00:00:00+00:00,vibration_mm_s,2.62,mm/s,2026-S1,synthétique,PROC-GEN-SMOTE-V2
EQ-PUMP-230,2026-01-14 06:00:00+00:00,vibration_mm_s,2.79,mm/s,2026-S1,synthétique,PROC-GEN-SMOTE-V2
EQ-PUMP-230,2026-01-14 12:00:00+00:00,vibration_mm_s,2.72,mm/s,2026-S1,synthétique,PROC-GEN-SMOTE-V2
EQ-PUMP-230,2026-01-14 18:00:00+00:00,vibration_mm_s,2.49,mm/s,2026-S1,synthétique,PROC-GEN-SMOTE-V2
EQ-PUMP-230,2026-01-15 00:00:00+00:00,vibration_mm_s,3.26,mm/s,2026-S1,synthétique,PROC-GEN-SMOTE-V2
EQ-PUMP-230,2026-01-15 06:00:00+00:00,vibration_mm_s,2.63,mm/s,2026-S1,synthétique,PROC-GEN-SMOTE-V2
EQ-PUMP-230,2026-01-15 12:00:00+00:00,vibration_mm_s,2.76,mm/s,2026-S1,synthétique,PROC-GEN-SMOTE-V2
EQ-PUMP-230,2026-01-15 18:00:00+00:00,vibration_mm_s,2.85,mm/s,2026-S1,synthétique,PROC-GEN-SMOTE-V2
EQ-PUMP-230,2026-01-16 00:00:00+00:00,vibration_mm_s,2.53,mm/s,2026-S1,synthétique,PROC-GEN-SMOTE-V2
EQ-PUMP-230,2026-01-16 06:00:00+00:00,vibration_mm_s,2.72,mm/s,2026-S1,synthétique,PROC-GEN-SMOTE-V2
EQ-PUMP-230,2026-01-16 12:00:00+00:00,vibration_mm_s,2.66,mm/s,2026-S1,synthétique,PROC-GEN-SMOTE-V2
EQ-PUMP-230,2026-01-16 18:00:00+00:00,vibration_mm_s,2.71,mm/s,2026-S1,synthétique,PROC-GEN-SMOTE-V2
EQ-PUMP-230,2026-01-17 00:00:00+00:00,vibration_mm_s,3.53,mm/s,2026-S1,synthétique,PROC-GEN-SMOTE-V2
EQ-PUMP-230,2026-01-17 06:00:00+00:00,vibration_mm_s,2.51,mm/s,2026-S1,synthétique,PROC-GEN-SMOTE-V2
EQ-PUMP-230,2026-01-17 12:00:00+00:00,vibration_mm_s,2.77,mm/s,2026-S1,synthétique,PROC-GEN-SMOTE-V2
EQ-PUMP-230,2026-01-17 18:00:00+00:00,vibration_mm_s,2.18,mm/s,2026-S1,synthétique,PROC-GEN-SMOTE-V2
EQ-PUMP-230,2026-01-18 00:00:00+00:00,vibration_mm_s,2.68,mm/s,2026-S1,synthétique,PROC-GEN-SMOTE-V2
EQ-PUMP-230,2026-01-18 06:00:00+00:00,vibration_mm_s,2.14,mm/s,2026-S1,synthétique,PROC-GEN-SMOTE-V2
EQ-PUMP-230,2026-01-18 12:00:00+00:00,vibration_mm_s,2.93,mm/s,2026-S1,synthétique,PROC-GEN-SMOTE-V2
EQ-PUMP-230,2026-01-18 18:00:00+00:00,vibration_mm_s,2.07,mm/s,2026-S1,synthétique,PROC-GEN-SMOTE-V2
EQ-PUMP-230,2026-01-19 00:00:00+00:00,vibration_mm_s,2.43,mm/s,2026-S1,synthétique,PROC-GEN-SMOTE-V2
EQ-PUMP-230,2026-01-19 06:00:00+00:00,vibration_mm_s,2.98,mm/s,2026-S1,synthétique,PROC-GEN-SMOTE-V2
EQ-PUMP-230,2026-01-19 12:00:00+00:00,vibration_mm_s,2.77,mm/s,2026-S1,synthétique,PROC-GEN-SMOTE-V2
EQ-PUMP-230,2026-01-19 18:00:00+00:00,vibration_mm_s,2.52,mm/s,2026-S1,synthétique,PROC-GEN-SMOTE-V2
EQ-PUMP-230,2026-01-20 00:00:00+00:00,vibration_mm_s,3.36,mm/s,2026-S1,synthétique,PROC-GEN-SMOTE-V2
EQ-PUMP-230,2026-01-20 06:00:00+00:00,vibration_mm_s,3.46,mm/s,2026-S1,synthétique,PROC-GEN-SMOTE-V2
EQ-PUMP-230,2026-01-20 12:00:00+00:00,vibration_mm_s,2.87,mm/s,2026-S1,synthétique,PROC-GEN-SMOTE-V2
EQ-PUMP-230,2026-01-20 18:00:00+00:00,vibration_mm_s,2.94,mm/s,2026-S1,synthétique,PROC-GEN-SMOTE-V2
EQ-PUMP-230,2026-01-21 00:00:00+00:00,vibration_mm_s,3.42,mm/s,2026-S1,synthétique,PROC-GEN-SMOTE-V2
EQ-PUMP-230,2026-01-21 06:00:00+00:00,vibration_mm_s,2.86,mm/s,2026-S1,synthétique,PROC-GEN-SMOTE-V2
EQ-PUMP-230,2026-01-21 12:00:00+00:00,vibration_mm_s,3.27,mm/s,2026-S1,synthétique,PROC-GEN-SMOTE-V2
EQ-PUMP-230,2026-01-21 18:00:00+00:00,vibration_mm_s,2.85,mm/s,2026-S1,synthétique,PROC-GEN-SMOTE-V2
EQ-PUMP-230,2026-01-22 00:00:00+00:00,vibration_mm_s,2.27,mm/s,2026-S1,synthétique,PROC-GEN-SMOTE-V2
EQ-PUMP-230,2026-01-22 06:00:00+00:00,vibration_mm_s,3.1,mm/s,2026-S1,synthétique,PROC-GEN-SMOTE-V2
EQ-PUMP-230,2026-01-22 12:00:00+00:00,vibration_mm_s,2.46,mm/s,2026-S1,synthétique,PROC-GEN-SMOTE-V2
EQ-PUMP-230,2026-01-22 18:00:00+00:00,vibration_mm_s,2.4,mm/s,2026-S1,synthétique,PROC-GEN-SMOTE-V2
EQ-PUMP-230,2026-01-23 00:00:00+00:00,vibration_mm_s,2.63,mm/s,2026-S1,synthétique,PROC-GEN-SMOTE-V2
EQ-PUMP-230,2026-01-23 06:00:00+00:00,vibration_mm_s,2.47,mm/s,2026-S1,synthétique,PROC-GEN-SMOTE-V2
EQ-PUMP-230,2026-01-23 12:00:00+00:00,vibration_mm_s,2.85,mm/s,2026-S1,synthétique,PROC-GEN-SMOTE-V2
EQ-PUMP-230,2026-01-23 18:00:00+00:00,vibration_mm_s,2.93,mm/s,2026-S1,synthétique,PROC-GEN-SMOTE-V2
EQ-PUMP-230,2026-01-24 00:00:00+00:00,vibration_mm_s,3.08,mm/s,2026-S1,synthétique,PROC-GEN-SMOTE-V2
EQ-PUMP-230,2026-01-24 06:00:00+00:00,vibration_mm_s,2.77,mm/s,2026-S1,synthétique,PROC-GEN-SMOTE-V2
EQ-PUMP-230,2026-01-24 12:00:00+00:00,vibration_mm_s,2.19,mm/s,2026-S1,synthétique,PROC-GEN-SMOTE-V2
EQ-PUMP-230,2026-01-24 18:00:00+00:00,vibration_mm_s,2.95,mm/s,2026-S1,synthétique,PROC-GEN-SMOTE-V2
EQ-PUMP-230,2026-01-25 00:00:00+00:00,vibration_mm_s,3.14,mm/s,2026-S1,synthétique,PROC-GEN-SMOTE-V2
EQ-PUMP-230,2026-01-25 06:00:00+00:00,vibration_mm_s,3.05,mm/s,2026-S1,synthétique,PROC-GEN-SMOTE-V2
EQ-PUMP-230,2026-01-25 12:00:00+00:00,vibration_mm_s,2.95,mm/s,2026-S1,synthétique,PROC-GEN-SMOTE-V2
EQ-PUMP-230,2026-01-25 18:00:00+00:00,vibration_mm_s,3.2,mm/s,2026-S1,synthétique,PROC-GEN-SMOTE-V2
EQ-PUMP-230,2026-01-26 00:00:00+00:00,vibration_mm_s,2.39,mm/s,2026-S1,synthétique,PROC-GEN-SMOTE-V2
EQ-PUMP-230,2026-01-26 06:00:00+00:00,vibration_mm_s,3.02,mm/s,2026-S1,synthétique,PROC-GEN-SMOTE-V2
EQ-PUMP-230,2026-01-26 12:00:00+00:00,vibration_mm_s,3.17,mm/s,2026-S1,synthétique,PROC-GEN-SMOTE-V2
EQ-PUMP-230,2026-01-26 18:00:00+00:00,vibration_mm_s,2.9,mm/s,2026-S1,synthétique,PROC-GEN-SMOTE-V2
EQ-PUMP-230,2026-01-27 00:00:00+00:00,vibration_mm_s,2.05,mm/s,2026-S1,synthétique,PROC-GEN-SMOTE-V2
EQ-PUMP-230,2026-01-27 06:00:00+00:00,vibration_mm_s,2.68,mm/s,2026-S1,synthétique,PROC-GEN-SMOTE-V2
EQ-PUMP-230,2026-01-27 12:00:00+00:00,vibration_mm_s,3.1,mm/s,2026-S1,synthétique,PROC-GEN-SMOTE-V2
EQ-PUMP-230,2026-01-27 18:00:00+00:00,vibration_mm_s,2.68,mm/s,2026-S1,synthétique,PROC-GEN-SMOTE-V2
EQ-PUMP-230,2026-01-28 00:00:00+00:00,vibration_mm_s,3.62,mm/s,2026-S1,synthétique,PROC-GEN-SMOTE-V2
EQ-PUMP-230,2026-01-28 06:00:00+00:00,vibration_mm_s,2.9,mm/s,2026-S1,synthétique,PROC-GEN-SMOTE-V2
EQ-PUMP-230,2026-01-28 12:00:00+00:00,vibration_mm_s,2.89,mm/s,2026-S1,synthétique,PROC-GEN-SMOTE-V2
EQ-PUMP-230,2026-01-28 18:00:00+00:00,vibration_mm_s,2.54,mm/s,2026-S1,synthétique,PROC-GEN-SMOTE-V2
EQ-PUMP-230,2026-01-29 00:00:00+00:00,vibration_mm_s,2.28,mm/s,2026-S1,synthétique,PROC-GEN-SMOTE-V2
EQ-PUMP-230,2026-01-29 06:00:00+00:00,vibration_mm_s,2.67,mm/s,2026-S1,synthétique,PROC-GEN-SMOTE-V2
EQ-PUMP-230,2026-01-29 12:00:00+00:00,vibration_mm_s,2.85,mm/s,2026-S1,synthétique,PROC-GEN-SMOTE-V2
EQ-PUMP-230,2026-01-29 18:00:00+00:00,vibration_mm_s,2.49,mm/s,2026-S1,synthétique,PROC-GEN-SMOTE-V2
EQ-PUMP-230,2026-01-30 00:00:00+00:00,vibration_mm_s,2.51,mm/s,2026-S1,synthétique,PROC-GEN-SMOTE-V2
EQ-PUMP-230,2026-01-30 06:00:00+00:00,vibration_mm_s,2.56,mm/s,2026-S1,synthétique,PROC-GEN-SMOTE-V2
EQ-PUMP-230,2026-01-30 12:00:00+00:00,vibration_mm_s,3.1,mm/s,2026-S1,synthétique,PROC-GEN-SMOTE-V2
EQ-PUMP-230,2026-01-30 18:00:00+00:00,vibration_mm_s,2.7,mm/s,2026-S1,synthétique,PROC-GEN-SMOTE-V2
EQ-PUMP-230,2026-01-31 00:00:00+00:00,vibration_mm_s,2.3,mm/s,2026-S1,synthétique,PROC-GEN-SMOTE-V2
EQ-PUMP-230,2026-01-31 06:00:00+00:00,vibration_mm_s,2.01,mm/s,2026-S1,synthétique,PROC-GEN-SMOTE-V2
EQ-PUMP-230,2026-01-31 12:00:00+00:00,vibration_mm_s,2.64,mm/s,2026-S1,synthétique,PROC-GEN-SMOTE-V2
EQ-PUMP-230,2026-01-31 18:00:00+00:00,vibration_mm_s,2.76,mm/s,2026-S1,synthétique,PROC-GEN-SMOTE-V2
EQ-ROBOT-173,2026-01-02 00:00:00+00:00,vibration_mm_s,2.55,mm/s,2026-S1,synthétique,PROC-GEN-SMOTE-V2
EQ-ROBOT-173,2026-01-02 06:00:00+00:00,vibration_mm_s,2.98,mm/s,2026-S1,synthétique,PROC-GEN-SMOTE-V2
EQ-ROBOT-173,2026-01-02 12:00:00+00:00,vibration_mm_s,2.8,mm/s,2026-S1,synthétique,PROC-GEN-SMOTE-V2
EQ-ROBOT-173,2026-01-02 18:00:00+00:00,vibration_mm_s,2.7,mm/s,2026-S1,synthétique,PROC-GEN-SMOTE-V2
EQ-ROBOT-173,2026-01-03 00:00:00+00:00,vibration_mm_s,1.99,mm/s,2026-S1,synthétique,PROC-GEN-SMOTE-V2
EQ-ROBOT-173,2026-01-03 06:00:00+00:00,vibration_mm_s,2.58,mm/s,2026-S1,synthétique,PROC-GEN-SMOTE-V2
EQ-ROBOT-173,2026-01-03 12:00:00+00:00,vibration_mm_s,2.81,mm/s,2026-S1,synthétique,PROC-GEN-SMOTE-V2
EQ-ROBOT-173,2026-01-03 18:00:00+00:00,vibration_mm_s,2.3,mm/s,2026-S1,synthétique,PROC-GEN-SMOTE-V2
EQ-ROBOT-173,2026-01-04 00:00:00+00:00,vibration_mm_s,2.4,mm/s,2026-S1,synthétique,PROC-GEN-SMOTE-V2
EQ-ROBOT-173,2026-01-04 06:00:00+00:00,vibration_mm_s,2.33,mm/s,2026-S1,synthétique,PROC-GEN-SMOTE-V2
EQ-ROBOT-173,2026-01-04 12:00:00+00:00,vibration_mm_s,2.6,mm/s,2026-S1,synthétique,PROC-GEN-SMOTE-V2
EQ-ROBOT-173,2026-01-04 18:00:00+00:00,vibration_mm_s,2.31,mm/s,2026-S1,synthétique,PROC-GEN-SMOTE-V2
EQ-ROBOT-173,2026-01-05 00:00:00+00:00,vibration_mm_s,2.56,mm/s,2026-S1,synthétique,PROC-GEN-SMOTE-V2
EQ-ROBOT-173,2026-01-05 06:00:00+00:00,vibration_mm_s,2.78,mm/s,2026-S1,synthétique,PROC-GEN-SMOTE-V2
EQ-ROBOT-173,2026-01-05 12:00:00+00:00,vibration_mm_s,3.0,mm/s,2026-S1,synthétique,PROC-GEN-SMOTE-V2
EQ-ROBOT-173,2026-01-05 18:00:00+00:00,vibration_mm_s,2.52,mm/s,2026-S1,synthétique,PROC-GEN-SMOTE-V2
EQ-ROBOT-173,2026-01-06 00:00:00+00:00,vibration_mm_s,2.49,mm/s,2026-S1,synthétique,PROC-GEN-SMOTE-V2
EQ-ROBOT-173,2026-01-06 06:00:00+00:00,vibration_mm_s,2.84,mm/s,2026-S1,synthétique,PROC-GEN-SMOTE-V2
EQ-ROBOT-173,2026-01-06 12:00:00+00:00,vibration_mm_s,2.6,mm/s,2026-S1,synthétique,PROC-GEN-SMOTE-V2
EQ-ROBOT-173,2026-01-06 18:00:00+00:00,vibration_mm_s,2.68,mm/s,2026-S1,synthétique,PROC-GEN-SMOTE-V2
EQ-ROBOT-173,2026-01-07 00:00:00+00:00,vibration_mm_s,2.61,mm/s,2026-S1,synthétique,PROC-GEN-SMOTE-V2
EQ-ROBOT-173,2026-01-07 06:00:00+00:00,vibration_mm_s,3.1,mm/s,2026-S1,synthétique,PROC-GEN-SMOTE-V2
EQ-ROBOT-173,2026-01-07 12:00:00+00:00,vibration_mm_s,2.82,mm/s,2026-S1,synthétique,PROC-GEN-SMOTE-V2
EQ-ROBOT-173,2026-01-07 18:00:00+00:00,vibration_mm_s,2.75,mm/s,2026-S1,synthétique,PROC-GEN-SMOTE-V2
EQ-ROBOT-173,2026-01-08 00:00:00+00:00,vibration_mm_s,2.66,mm/s,2026-S1,synthétique,PROC-GEN-SMOTE-V2
EQ-ROBOT-173,2026-01-08 06:00:00+00:00,vibration_mm_s,2.7,mm/s,2026-S1,synthétique,PROC-GEN-SMOTE-V2
EQ-ROBOT-173,2026-01-08 12:00:00+00:00,vibration_mm_s,3.31,mm/s,2026-S1,synthétique,PROC-GEN-SMOTE-V2
EQ-ROBOT-173,2026-01-08 18:00:00+00:00,vibration_mm_s,2.71,mm/s,2026-S1,synthétique,PROC-GEN-SMOTE-V2
EQ-ROBOT-173,2026-01-09 00:00:00+00:00,vibration_mm_s,2.44,mm/s,2026-S1,synthétique,PROC-GEN-SMOTE-V2
EQ-ROBOT-173,2026-01-09 06:00:00+00:00,vibration_mm_s,2.85,mm/s,2026-S1,synthétique,PROC-GEN-SMOTE-V2
EQ-ROBOT-173,2026-01-09 12:00:00+00:00,vibration_mm_s,2.72,mm/s,2026-S1,synthétique,PROC-GEN-SMOTE-V2
EQ-ROBOT-173,2026-01-09 18:00:00+00:00,vibration_mm_s,3.64,mm/s,2026-S1,synthétique,PROC-GEN-SMOTE-V2
EQ-ROBOT-173,2026-01-10 00:00:00+00:00,vibration_mm_s,3.12,mm/s,2026-S1,synthétique,PROC-GEN-SMOTE-V2
EQ-ROBOT-173,2026-01-10 06:00:00+00:00,vibration_mm_s,3.21,mm/s,2026-S1,synthétique,PROC-GEN-SMOTE-V2
EQ-ROBOT-173,2026-01-10 12:00:00+00:00,vibration_mm_s,2.56,mm/s,2026-S1,synthétique,PROC-GEN-SMOTE-V2
EQ-ROBOT-173,2026-01-10 18:00:00+00:00,vibration_mm_s,3.27,mm/s,2026-S1,synthétique,PROC-GEN-SMOTE-V2
EQ-ROBOT-173,2026-01-11 00:00:00+00:00,vibration_mm_s,2.27,mm/s,2026-S1,synthétique,PROC-GEN-SMOTE-V2
EQ-ROBOT-173,2026-01-11 06:00:00+00:00,vibration_mm_s,3.69,mm/s,2026-S1,synthétique,PROC-GEN-SMOTE-V2
EQ-ROBOT-173,2026-01-11 12:00:00+00:00,vibration_mm_s,4.02,mm/s,2026-S1,synthétique,PROC-GEN-SMOTE-V2
EQ-ROBOT-173,2026-01-11 18:00:00+00:00,vibration_mm_s,2.8,mm/s,2026-S1,synthétique,PROC-GEN-SMOTE-V2
EQ-ROBOT-173,2026-01-12 00:00:00+00:00,vibration_mm_s,3.06,mm/s,2026-S1,synthétique,PROC-GEN-SMOTE-V2
EQ-ROBOT-173,2026-01-12 06:00:00+00:00,vibration_mm_s,2.78,mm/s,2026-S1,synthétique,PROC-GEN-SMOTE-V2
EQ-ROBOT-173,2026-01-12 12:00:00+00:00,vibration_mm_s,2.55,mm/s,2026-S1,synthétique,PROC-GEN-SMOTE-V2
EQ-ROBOT-173,2026-01-12 18:00:00+00:00,vibration_mm_s,2.25,mm/s,2026-S1,synthétique,PROC-GEN-SMOTE-V2
EQ-ROBOT-173,2026-01-13 00:00:00+00:00,vibration_mm_s,2.57,mm/s,2026-S1,synthétique,PROC-GEN-SMOTE-V2
EQ-ROBOT-173,2026-01-13 06:00:00+00:00,vibration_mm_s,2.48,mm/s,2026-S1,synthétique,PROC-GEN-SMOTE-V2
EQ-ROBOT-173,2026-01-13 12:00:00+00:00,vibration_mm_s,2.97,mm/s,2026-S1,synthétique,PROC-GEN-SMOTE-V2
EQ-ROBOT-173,2026-01-13 18:00:00+00:00,vibration_mm_s,2.29,mm/s,2026-S1,synthétique,PROC-GEN-SMOTE-V2
EQ-ROBOT-173,2026-01-14 00:00:00+00:00,vibration_mm_s,2.58,mm/s,2026-S1,synthétique,PROC-GEN-SMOTE-V2
EQ-ROBOT-173,2026-01-14 06:00:00+00:00,vibration_mm_s,2.69,mm/s,2026-S1,synthétique,PROC-GEN-SMOTE-V2
EQ-ROBOT-173,2026-01-14 12:00:00+00:00,vibration_mm_s,2.19,mm/s,2026-S1,synthétique,PROC-GEN-SMOTE-V2
EQ-ROBOT-173,2026-01-14 18:00:00+00:00,vibration_mm_s,2.77,mm/s,2026-S1,synthétique,PROC-GEN-SMOTE-V2
EQ-ROBOT-173,2026-01-15 00:00:00+00:00,vibration_mm_s,2.94,mm/s,2026-S1,synthétique,PROC-GEN-SMOTE-V2
EQ-ROBOT-173,2026-01-15 06:00:00+00:00,vibration_mm_s,2.52,mm/s,2026-S1,synthétique,PROC-GEN-SMOTE-V2
EQ-ROBOT-173,2026-01-15 12:00:00+00:00,vibration_mm_s,2.87,mm/s,2026-S1,synthétique,PROC-GEN-SMOTE-V2
EQ-ROBOT-173,2026-01-15 18:00:00+00:00,vibration_mm_s,2.56,mm/s,2026-S1,synthétique,PROC-GEN-SMOTE-V2
EQ-ROBOT-173,2026-01-16 00:00:00+00:00,vibration_mm_s,3.24,mm/s,2026-S1,synthétique,PROC-GEN-SMOTE-V2
EQ-ROBOT-173,2026-01-16 06:00:00+00:00,vibration_mm_s,3.17,mm/s,2026-S1,synthétique,PROC-GEN-SMOTE-V2
EQ-ROBOT-173,2026-01-16 12:00:00+00:00,vibration_mm_s,2.71,mm/s,2026-S1,synthétique,PROC-GEN-SMOTE-V2
EQ-ROBOT-173,2026-01-16 18:00:00+00:00,vibration_mm_s,2.88,mm/s,2026-S1,synthétique,PROC-GEN-SMOTE-V2
EQ-ROBOT-173,2026-01-17 00:00:00+00:00,vibration_mm_s,2.54,mm/s,2026-S1,synthétique,PROC-GEN-SMOTE-V2
EQ-ROBOT-173,2026-01-17 06:00:00+00:00,vibration_mm_s,1.99,mm/s,2026-S1,synthétique,PROC-GEN-SMOTE-V2
EQ-ROBOT-173,2026-01-17 12:00:00+00:00,vibration_mm_s,2.44,mm/s,2026-S1,synthétique,PROC-GEN-SMOTE-V2
EQ-ROBOT-173,2026-01-17 18:00:00+00:00,vibration_mm_s,2.55,mm/s,2026-S1,synthétique,PROC-GEN-SMOTE-V2
EQ-ROBOT-173,2026-01-18 00:00:00+00:00,vibration_mm_s,2.68,mm/s,2026-S1,synthétique,PROC-GEN-SMOTE-V2
EQ-ROBOT-173,2026-01-18 06:00:00+00:00,vibration_mm_s,2.35,mm/s,2026-S1,synthétique,PROC-GEN-SMOTE-V2
EQ-ROBOT-173,2026-01-18 12:00:00+00:00,vibration_mm_s,2.72,mm/s,2026-S1,synthétique,PROC-GEN-SMOTE-V2
EQ-ROBOT-173,2026-01-18 18:00:00+00:00,vibration_mm_s,2.63,mm/s,2026-S1,synthétique,PROC-GEN-SMOTE-V2
EQ-ROBOT-173,2026-01-19 00:00:00+00:00,vibration_mm_s,2.85,mm/s,2026-S1,synthétique,PROC-GEN-SMOTE-V2
EQ-ROBOT-173,2026-01-19 06:00:00+00:00,vibration_mm_s,3.04,mm/s,2026-S1,synthétique,PROC-GEN-SMOTE-V2
EQ-ROBOT-173,2026-01-19 12:00:00+00:00,vibration_mm_s,2.58,mm/s,2026-S1,synthétique,PROC-GEN-SMOTE-V2
EQ-ROBOT-173,2026-01-19 18:00:00+00:00,vibration_mm_s,2.42,mm/s,2026-S1,synthétique,PROC-GEN-SMOTE-V2
EQ-ROBOT-173,2026-01-20 00:00:00+00:00,vibration_mm_s,3.22,mm/s,2026-S1,synthétique,PROC-GEN-SMOTE-V2
EQ-ROBOT-173,2026-01-20 06:00:00+00:00,vibration_mm_s,3.01,mm/s,2026-S1,synthétique,PROC-GEN-SMOTE-V2
EQ-ROBOT-173,2026-01-20 12:00:00+00:00,vibration_mm_s,3.01,mm/s,2026-S1,synthétique,PROC-GEN-SMOTE-V2
EQ-ROBOT-173,2026-01-20 18:00:00+00:00,vibration_mm_s,2.03,mm/s,2026-S1,synthétique,PROC-GEN-SMOTE-V2
EQ-ROBOT-173,2026-01-21 00:00:00+00:00,vibration_mm_s,3.36,mm/s,2026-S1,synthétique,PROC-GEN-SMOTE-V2
EQ-ROBOT-173,2026-01-21 06:00:00+00:00,vibration_mm_s,2.56,mm/s,2026-S1,synthétique,PROC-GEN-SMOTE-V2
EQ-ROBOT-173,2026-01-21 12:00:00+00:00,vibration_mm_s,2.5,mm/s,2026-S1,synthétique,PROC-GEN-SMOTE-V2
EQ-ROBOT-173,2026-01-21 18:00:00+00:00,vibration_mm_s,3.0,mm/s,2026-S1,synthétique,PROC-GEN-SMOTE-V2
EQ-ROBOT-173,2026-01-22 00:00:00+00:00,vibration_mm_s,2.29,mm/s,2026-S1,synthétique,PROC-GEN-SMOTE-V2
EQ-ROBOT-173,2026-01-22 06:00:00+00:00,vibration_mm_s,3.32,mm/s,2026-S1,synthétique,PROC-GEN-SMOTE-V2
EQ-ROBOT-173,2026-01-22 12:00:00+00:00,vibration_mm_s,2.77,mm/s,2026-S1,synthétique,PROC-GEN-SMOTE-V2
EQ-ROBOT-173,2026-01-22 18:00:00+00:00,vibration_mm_s,2.56,mm/s,2026-S1,synthétique,PROC-GEN-SMOTE-V2
EQ-ROBOT-173,2026-01-23 00:00:00+00:00,vibration_mm_s,2.65,mm/s,2026-S1,synthétique,PROC-GEN-SMOTE-V2
EQ-ROBOT-173,2026-01-23 06:00:00+00:00,vibration_mm_s,2.5,mm/s,2026-S1,synthétique,PROC-GEN-SMOTE-V2
EQ-ROBOT-173,2026-01-23 12:00:00+00:00,vibration_mm_s,3.12,mm/s,2026-S1,synthétique,PROC-GEN-SMOTE-V2
EQ-ROBOT-173,2026-01-23 18:00:00+00:00,vibration_mm_s,2.46,mm/s,2026-S1,synthétique,PROC-GEN-SMOTE-V2
EQ-ROBOT-173,2026-01-24 00:00:00+00:00,vibration_mm_s,2.53,mm/s,2026-S1,synthétique,PROC-GEN-SMOTE-V2
EQ-ROBOT-173,2026-01-24 06:00:00+00:00,vibration_mm_s,3.29,mm/s,2026-S1,synthétique,PROC-GEN-SMOTE-V2
EQ-ROBOT-173,2026-01-24 12:00:00+00:00,vibration_mm_s,2.64,mm/s,2026-S1,synthétique,PROC-GEN-SMOTE-V2
EQ-ROBOT-173,2026-01-24 18:00:00+00:00,vibration_mm_s,3.01,mm/s,2026-S1,synthétique,PROC-GEN-SMOTE-V2
EQ-ROBOT-173,2026-01-25 00:00:00+00:00,vibration_mm_s,2.7,mm/s,2026-S1,synthétique,PROC-GEN-SMOTE-V2
EQ-ROBOT-173,2026-01-25 06:00:00+00:00,vibration_mm_s,3.08,mm/s,2026-S1,synthétique,PROC-GEN-SMOTE-V2
EQ-ROBOT-173,2026-01-25 12:00:00+00:00,vibration_mm_s,2.77,mm/s,2026-S1,synthétique,PROC-GEN-SMOTE-V2
EQ-ROBOT-173,2026-01-25 18:00:00+00:00,vibration_mm_s,2.78,mm/s,2026-S1,synthétique,PROC-GEN-SMOTE-V2
EQ-ROBOT-173,2026-01-26 00:00:00+00:00,vibration_mm_s,2.13,mm/s,2026-S1,synthétique,PROC-GEN-SMOTE-V2
EQ-ROBOT-173,2026-01-26 06:00:00+00:00,vibration_mm_s,3.25,mm/s,2026-S1,synthétique,PROC-GEN-SMOTE-V2
EQ-ROBOT-173,2026-01-26 12:00:00+00:00,vibration_mm_s,3.0,mm/s,2026-S1,synthétique,PROC-GEN-SMOTE-V2
EQ-ROBOT-173,2026-01-26 18:00:00+00:00,vibration_mm_s,2.48,mm/s,2026-S1,synthétique,PROC-GEN-SMOTE-V2
EQ-ROBOT-173,2026-01-27 00:00:00+00:00,vibration_mm_s,2.27,mm/s,2026-S1,synthétique,PROC-GEN-SMOTE-V2
EQ-ROBOT-173,2026-01-27 06:00:00+00:00,vibration_mm_s,2.66,mm/s,2026-S1,synthétique,PROC-GEN-SMOTE-V2
EQ-ROBOT-173,2026-01-27 12:00:00+00:00,vibration_mm_s,3.07,mm/s,2026-S1,synthétique,PROC-GEN-SMOTE-V2
EQ-ROBOT-173,2026-01-27 18:00:00+00:00,vibration_mm_s,2.69,mm/s,2026-S1,synthétique,PROC-GEN-SMOTE-V2
EQ-ROBOT-173,2026-01-28 00:00:00+00:00,vibration_mm_s,2.73,mm/s,2026-S1,synthétique,PROC-GEN-SMOTE-V2
EQ-ROBOT-173,2026-01-28 06:00:00+00:00,vibration_mm_s,2.63,mm/s,2026-S1,synthétique,PROC-GEN-SMOTE-V2
EQ-ROBOT-173,2026-01-28 12:00:00+00:00,vibration_mm_s,2.9,mm/s,2026-S1,synthétique,PROC-GEN-SMOTE-V2
EQ-ROBOT-173,2026-01-28 18:00:00+00:00,vibration_mm_s,2.79,mm/s,2026-S1,synthétique,PROC-GEN-SMOTE-V2
EQ-ROBOT-173,2026-01-29 00:00:00+00:00,vibration_mm_s,3.31,mm/s,2026-S1,synthétique,PROC-GEN-SMOTE-V2
EQ-ROBOT-173,2026-01-29 06:00:00+00:00,vibration_mm_s,2.67,mm/s,2026-S1,synthétique,PROC-GEN-SMOTE-V2
EQ-ROBOT-173,2026-01-29 12:00:00+00:00,vibration_mm_s,2.64,mm/s,2026-S1,synthétique,PROC-GEN-SMOTE-V2
EQ-ROBOT-173,2026-01-29 18:00:00+00:00,vibration_mm_s,2.46,mm/s,2026-S1,synthétique,PROC-GEN-SMOTE-V2
EQ-ROBOT-173,2026-01-30 00:00:00+00:00,vibration_mm_s,2.38,mm/s,2026-S1,synthétique,PROC-GEN-SMOTE-V2
EQ-ROBOT-173,2026-01-30 06:00:00+00:00,vibration_mm_s,3.3,mm/s,2026-S1,synthétique,PROC-GEN-SMOTE-V2
EQ-ROBOT-173,2026-01-30 12:00:00+00:00,vibration_mm_s,3.19,mm/s,2026-S1,synthétique,PROC-GEN-SMOTE-V2
EQ-ROBOT-173,2026-01-30 18:00:00+00:00,vibration_mm_s,2.64,mm/s,2026-S1,synthétique,PROC-GEN-SMOTE-V2
EQ-ROBOT-173,2026-01-31 00:00:00+00:00,vibration_mm_s,2.52,mm/s,2026-S1,synthétique,PROC-GEN-SMOTE-V2
EQ-ROBOT-173,2026-01-31 06:00:00+00:00,vibration_mm_s,2.14,mm/s,2026-S1,synthétique,PROC-GEN-SMOTE-V2
EQ-ROBOT-173,2026-01-31 12:00:00+00:00,vibration_mm_s,2.68,mm/s,2026-S1,synthétique,PROC-GEN-SMOTE-V2
EQ-ROBOT-173,2026-01-31 18:00:00+00:00,vibration_mm_s,2.39,mm/s,2026-S1,synthétique,PROC-GEN-SMOTE-V2
EQ-COMP-189,2026-01-02 00:00:00+00:00,temperature_c,57.89,°C,2026-S1,synthétique,PROC-GEN-SMOTE-V2
EQ-COMP-189,2026-01-02 06:00:00+00:00,temperature_c,56.62,°C,2026-S1,synthétique,PROC-GEN-SMOTE-V2
EQ-COMP-189,2026-01-02 12:00:00+00:00,temperature_c,56.63,°C,2026-S1,synthétique,PROC-GEN-SMOTE-V2
EQ-COMP-189,2026-01-02 18:00:00+00:00,temperature_c,62.66,°C,2026-S1,synthétique,PROC-GEN-SMOTE-V2
EQ-COMP-189,2026-01-03 00:00:00+00:00,temperature_c,56.5,°C,2026-S1,synthétique,PROC-GEN-SMOTE-V2
EQ-COMP-189,2026-01-03 06:00:00+00:00,temperature_c,60.69,°C,2026-S1,synthétique,PROC-GEN-SMOTE-V2
EQ-COMP-189,2026-01-03 12:00:00+00:00,temperature_c,48.36,°C,2026-S1,synthétique,PROC-GEN-SMOTE-V2
EQ-COMP-189,2026-01-03 18:00:00+00:00,temperature_c,60.72,°C,2026-S1,synthétique,PROC-GEN-SMOTE-V2
EQ-COMP-189,2026-01-04 00:00:00+00:00,temperature_c,57.53,°C,2026-S1,synthétique,PROC-GEN-SMOTE-V2
EQ-COMP-189,2026-01-04 06:00:00+00:00,temperature_c,57.49,°C,2026-S1,synthétique,PROC-GEN-SMOTE-V2
EQ-COMP-189,2026-01-04 12:00:00+00:00,temperature_c,60.69,°C,2026-S1,synthétique,PROC-GEN-SMOTE-V2
EQ-COMP-189,2026-01-04 18:00:00+00:00,temperature_c,56.99,°C,2026-S1,synthétique,PROC-GEN-SMOTE-V2
EQ-COMP-189,2026-01-05 00:00:00+00:00,temperature_c,64.06,°C,2026-S1,synthétique,PROC-GEN-SMOTE-V2
EQ-COMP-189,2026-01-05 06:00:00+00:00,temperature_c,60.04,°C,2026-S1,synthétique,PROC-GEN-SMOTE-V2
EQ-COMP-189,2026-01-05 12:00:00+00:00,temperature_c,58.77,°C,2026-S1,synthétique,PROC-GEN-SMOTE-V2
EQ-COMP-189,2026-01-05 18:00:00+00:00,temperature_c,62.7,°C,2026-S1,synthétique,PROC-GEN-SMOTE-V2
EQ-COMP-189,2026-01-06 00:00:00+00:00,temperature_c,63.09,°C,2026-S1,synthétique,PROC-GEN-SMOTE-V2
EQ-COMP-189,2026-01-06 06:00:00+00:00,temperature_c,67.67,°C,2026-S1,synthétique,PROC-GEN-SMOTE-V2
EQ-COMP-189,2026-01-06 12:00:00+00:00,temperature_c,61.32,°C,2026-S1,synthétique,PROC-GEN-SMOTE-V2
EQ-COMP-189,2026-01-06 18:00:00+00:00,temperature_c,61.94,°C,2026-S1,synthétique,PROC-GEN-SMOTE-V2
EQ-COMP-189,2026-01-07 00:00:00+00:00,temperature_c,59.58,°C,2026-S1,synthétique,PROC-GEN-SMOTE-V2
EQ-COMP-189,2026-01-07 06:00:00+00:00,temperature_c,60.71,°C,2026-S1,synthétique,PROC-GEN-SMOTE-V2
EQ-COMP-189,2026-01-07 12:00:00+00:00,temperature_c,62.64,°C,2026-S1,synthétique,PROC-GEN-SMOTE-V2
EQ-COMP-189,2026-01-07 18:00:00+00:00,temperature_c,59.7,°C,2026-S1,synthétique,PROC-GEN-SMOTE-V2
EQ-COMP-189,2026-01-08 00:00:00+00:00,temperature_c,60.02,°C,2026-S1,synthétique,PROC-GEN-SMOTE-V2
EQ-COMP-189,2026-01-08 06:00:00+00:00,temperature_c,52.87,°C,2026-S1,synthétique,PROC-GEN-SMOTE-V2
EQ-COMP-189,2026-01-08 12:00:00+00:00,temperature_c,57.75,°C,2026-S1,synthétique,PROC-GEN-SMOTE-V2
EQ-COMP-189,2026-01-08 18:00:00+00:00,temperature_c,61.2,°C,2026-S1,synthétique,PROC-GEN-SMOTE-V2
EQ-COMP-189,2026-01-09 00:00:00+00:00,temperature_c,62.01,°C,2026-S1,synthétique,PROC-GEN-SMOTE-V2
EQ-COMP-189,2026-01-09 06:00:00+00:00,temperature_c,62.91,°C,2026-S1,synthétique,PROC-GEN-SMOTE-V2
EQ-COMP-189,2026-01-09 12:00:00+00:00,temperature_c,59.35,°C,2026-S1,synthétique,PROC-GEN-SMOTE-V2
EQ-COMP-189,2026-01-09 18:00:00+00:00,temperature_c,61.99,°C,2026-S1,synthétique,PROC-GEN-SMOTE-V2
EQ-COMP-189,2026-01-10 00:00:00+00:00,temperature_c,60.15,°C,2026-S1,synthétique,PROC-GEN-SMOTE-V2
EQ-COMP-189,2026-01-10 06:00:00+00:00,temperature_c,53.8,°C,2026-S1,synthétique,PROC-GEN-SMOTE-V2
EQ-COMP-189,2026-01-10 12:00:00+00:00,temperature_c,53.09,°C,2026-S1,synthétique,PROC-GEN-SMOTE-V2
EQ-COMP-189,2026-01-10 18:00:00+00:00,temperature_c,61.19,°C,2026-S1,synthétique,PROC-GEN-SMOTE-V2
EQ-COMP-189,2026-01-11 00:00:00+00:00,temperature_c,52.05,°C,2026-S1,synthétique,PROC-GEN-SMOTE-V2
EQ-COMP-189,2026-01-11 06:00:00+00:00,temperature_c,58.71,°C,2026-S1,synthétique,PROC-GEN-SMOTE-V2
EQ-COMP-189,2026-01-11 12:00:00+00:00,temperature_c,59.1,°C,2026-S1,synthétique,PROC-GEN-SMOTE-V2
EQ-COMP-189,2026-01-11 18:00:00+00:00,temperature_c,60.38,°C,2026-S1,synthétique,PROC-GEN-SMOTE-V2
EQ-COMP-189,2026-01-12 00:00:00+00:00,temperature_c,62.37,°C,2026-S1,synthétique,PROC-GEN-SMOTE-V2
EQ-COMP-189,2026-01-12 06:00:00+00:00,temperature_c,62.84,°C,2026-S1,synthétique,PROC-GEN-SMOTE-V2
EQ-COMP-189,2026-01-12 12:00:00+00:00,temperature_c,52.72,°C,2026-S1,synthétique,PROC-GEN-SMOTE-V2
EQ-COMP-189,2026-01-12 18:00:00+00:00,temperature_c,60.77,°C,2026-S1,synthétique,PROC-GEN-SMOTE-V2
EQ-COMP-189,2026-01-13 00:00:00+00:00,temperature_c,62.75,°C,2026-S1,synthétique,PROC-GEN-SMOTE-V2
EQ-COMP-189,2026-01-13 06:00:00+00:00,temperature_c,61.93,°C,2026-S1,synthétique,PROC-GEN-SMOTE-V2
EQ-COMP-189,2026-01-13 12:00:00+00:00,temperature_c,57.08,°C,2026-S1,synthétique,PROC-GEN-SMOTE-V2
EQ-COMP-189,2026-01-13 18:00:00+00:00,temperature_c,65.07,°C,2026-S1,synthétique,PROC-GEN-SMOTE-V2
EQ-COMP-189,2026-01-14 00:00:00+00:00,temperature_c,55.22,°C,2026-S1,synthétique,PROC-GEN-SMOTE-V2
EQ-COMP-189,2026-01-14 06:00:00+00:00,temperature_c,56.72,°C,2026-S1,synthétique,PROC-GEN-SMOTE-V2
EQ-COMP-189,2026-01-14 12:00:00+00:00,temperature_c,57.67,°C,2026-S1,synthétique,PROC-GEN-SMOTE-V2
EQ-COMP-189,2026-01-14 18:00:00+00:00,temperature_c,62.31,°C,2026-S1,synthétique,PROC-GEN-SMOTE-V2
EQ-COMP-189,2026-01-15 00:00:00+00:00,temperature_c,57.79,°C,2026-S1,synthétique,PROC-GEN-SMOTE-V2
EQ-COMP-189,2026-01-15 06:00:00+00:00,temperature_c,67.31,°C,2026-S1,synthétique,PROC-GEN-SMOTE-V2
EQ-COMP-189,2026-01-15 12:00:00+00:00,temperature_c,67.25,°C,2026-S1,synthétique,PROC-GEN-SMOTE-V2
EQ-COMP-189,2026-01-15 18:00:00+00:00,temperature_c,63.74,°C,2026-S1,synthétique,PROC-GEN-SMOTE-V2
EQ-COMP-189,2026-01-16 00:00:00+00:00,temperature_c,62.67,°C,2026-S1,synthétique,PROC-GEN-SMOTE-V2
EQ-COMP-189,2026-01-16 06:00:00+00:00,temperature_c,64.29,°C,2026-S1,synthétique,PROC-GEN-SMOTE-V2
EQ-COMP-189,2026-01-16 12:00:00+00:00,temperature_c,58.52,°C,2026-S1,synthétique,PROC-GEN-SMOTE-V2
EQ-COMP-189,2026-01-16 18:00:00+00:00,temperature_c,62.53,°C,2026-S1,synthétique,PROC-GEN-SMOTE-V2
EQ-COMP-189,2026-01-17 00:00:00+00:00,temperature_c,58.69,°C,2026-S1,synthétique,PROC-GEN-SMOTE-V2
EQ-COMP-189,2026-01-17 06:00:00+00:00,temperature_c,52.44,°C,2026-S1,synthétique,PROC-GEN-SMOTE-V2
EQ-COMP-189,2026-01-17 12:00:00+00:00,temperature_c,61.58,°C,2026-S1,synthétique,PROC-GEN-SMOTE-V2
EQ-COMP-189,2026-01-17 18:00:00+00:00,temperature_c,61.32,°C,2026-S1,synthétique,PROC-GEN-SMOTE-V2
EQ-COMP-189,2026-01-18 00:00:00+00:00,temperature_c,58.07,°C,2026-S1,synthétique,PROC-GEN-SMOTE-V2
EQ-COMP-189,2026-01-18 06:00:00+00:00,temperature_c,59.38,°C,2026-S1,synthétique,PROC-GEN-SMOTE-V2
EQ-COMP-189,2026-01-18 12:00:00+00:00,temperature_c,62.75,°C,2026-S1,synthétique,PROC-GEN-SMOTE-V2
EQ-COMP-189,2026-01-18 18:00:00+00:00,temperature_c,61.11,°C,2026-S1,synthétique,PROC-GEN-SMOTE-V2
EQ-COMP-189,2026-01-19 00:00:00+00:00,temperature_c,57.45,°C,2026-S1,synthétique,PROC-GEN-SMOTE-V2
EQ-COMP-189,2026-01-19 06:00:00+00:00,temperature_c,60.01,°C,2026-S1,synthétique,PROC-GEN-SMOTE-V2
EQ-COMP-189,2026-01-19 12:00:00+00:00,temperature_c,56.61,°C,2026-S1,synthétique,PROC-GEN-SMOTE-V2
EQ-COMP-189,2026-01-19 18:00:00+00:00,temperature_c,62.37,°C,2026-S1,synthétique,PROC-GEN-SMOTE-V2
EQ-COMP-189,2026-01-20 00:00:00+00:00,temperature_c,58.5,°C,2026-S1,synthétique,PROC-GEN-SMOTE-V2
EQ-COMP-189,2026-01-20 06:00:00+00:00,temperature_c,63.66,°C,2026-S1,synthétique,PROC-GEN-SMOTE-V2
EQ-COMP-189,2026-01-20 12:00:00+00:00,temperature_c,64.23,°C,2026-S1,synthétique,PROC-GEN-SMOTE-V2
EQ-COMP-189,2026-01-20 18:00:00+00:00,temperature_c,63.13,°C,2026-S1,synthétique,PROC-GEN-SMOTE-V2
EQ-COMP-189,2026-01-21 00:00:00+00:00,temperature_c,61.46,°C,2026-S1,synthétique,PROC-GEN-SMOTE-V2
EQ-COMP-189,2026-01-21 06:00:00+00:00,temperature_c,57.42,°C,2026-S1,synthétique,PROC-GEN-SMOTE-V2
EQ-COMP-189,2026-01-21 12:00:00+00:00,temperature_c,61.03,°C,2026-S1,synthétique,PROC-GEN-SMOTE-V2
EQ-COMP-189,2026-01-21 18:00:00+00:00,temperature_c,61.61,°C,2026-S1,synthétique,PROC-GEN-SMOTE-V2
EQ-COMP-189,2026-01-22 00:00:00+00:00,temperature_c,67.35,°C,2026-S1,synthétique,PROC-GEN-SMOTE-V2
EQ-COMP-189,2026-01-22 06:00:00+00:00,temperature_c,58.18,°C,2026-S1,synthétique,PROC-GEN-SMOTE-V2
EQ-COMP-189,2026-01-22 12:00:00+00:00,temperature_c,60.04,°C,2026-S1,synthétique,PROC-GEN-SMOTE-V2
EQ-COMP-189,2026-01-22 18:00:00+00:00,temperature_c,57.63,°C,2026-S1,synthétique,PROC-GEN-SMOTE-V2
EQ-COMP-189,2026-01-23 00:00:00+00:00,temperature_c,61.46,°C,2026-S1,synthétique,PROC-GEN-SMOTE-V2
EQ-COMP-189,2026-01-23 06:00:00+00:00,temperature_c,62.44,°C,2026-S1,synthétique,PROC-GEN-SMOTE-V2
EQ-COMP-189,2026-01-23 12:00:00+00:00,temperature_c,55.55,°C,2026-S1,synthétique,PROC-GEN-SMOTE-V2
EQ-COMP-189,2026-01-23 18:00:00+00:00,temperature_c,60.81,°C,2026-S1,synthétique,PROC-GEN-SMOTE-V2
EQ-COMP-189,2026-01-24 00:00:00+00:00,temperature_c,61.47,°C,2026-S1,synthétique,PROC-GEN-SMOTE-V2
EQ-COMP-189,2026-01-24 06:00:00+00:00,temperature_c,54.83,°C,2026-S1,synthétique,PROC-GEN-SMOTE-V2
EQ-COMP-189,2026-01-24 12:00:00+00:00,temperature_c,60.87,°C,2026-S1,synthétique,PROC-GEN-SMOTE-V2
EQ-COMP-189,2026-01-24 18:00:00+00:00,temperature_c,60.96,°C,2026-S1,synthétique,PROC-GEN-SMOTE-V2
EQ-COMP-189,2026-01-25 00:00:00+00:00,temperature_c,56.05,°C,2026-S1,synthétique,PROC-GEN-SMOTE-V2
EQ-COMP-189,2026-01-25 06:00:00+00:00,temperature_c,54.9,°C,2026-S1,synthétique,PROC-GEN-SMOTE-V2
EQ-COMP-189,2026-01-25 12:00:00+00:00,temperature_c,53.03,°C,2026-S1,synthétique,PROC-GEN-SMOTE-V2
EQ-COMP-189,2026-01-25 18:00:00+00:00,temperature_c,56.95,°C,2026-S1,synthétique,PROC-GEN-SMOTE-V2
EQ-COMP-189,2026-01-26 00:00:00+00:00,temperature_c,57.93,°C,2026-S1,synthétique,PROC-GEN-SMOTE-V2
EQ-COMP-189,2026-01-26 06:00:00+00:00,temperature_c,61.13,°C,2026-S1,synthétique,PROC-GEN-SMOTE-V2
EQ-COMP-189,2026-01-26 12:00:00+00:00,temperature_c,58.59,°C,2026-S1,synthétique,PROC-GEN-SMOTE-V2
EQ-COMP-189,2026-01-26 18:00:00+00:00,temperature_c,63.31,°C,2026-S1,synthétique,PROC-GEN-SMOTE-V2
EQ-COMP-189,2026-01-27 00:00:00+00:00,temperature_c,64.26,°C,2026-S1,synthétique,PROC-GEN-SMOTE-V2
EQ-COMP-189,2026-01-27 06:00:00+00:00,temperature_c,64.42,°C,2026-S1,synthétique,PROC-GEN-SMOTE-V2
EQ-COMP-189,2026-01-27 12:00:00+00:00,temperature_c,67.31,°C,2026-S1,synthétique,PROC-GEN-SMOTE-V2
EQ-COMP-189,2026-01-27 18:00:00+00:00,temperature_c,67.53,°C,2026-S1,synthétique,PROC-GEN-SMOTE-V2
EQ-COMP-189,2026-01-28 00:00:00+00:00,temperature_c,58.98,°C,2026-S1,synthétique,PROC-GEN-SMOTE-V2
EQ-COMP-189,2026-01-28 06:00:00+00:00,temperature_c,54.46,°C,2026-S1,synthétique,PROC-GEN-SMOTE-V2
EQ-COMP-189,2026-01-28 12:00:00+00:00,temperature_c,53.17,°C,2026-S1,synthétique,PROC-GEN-SMOTE-V2
EQ-COMP-189,2026-01-28 18:00:00+00:00,temperature_c,60.23,°C,2026-S1,synthétique,PROC-GEN-SMOTE-V2
EQ-COMP-189,2026-01-29 00:00:00+00:00,temperature_c,58.77,°C,2026-S1,synthétique,PROC-GEN-SMOTE-V2
EQ-COMP-189,2026-01-29 06:00:00+00:00,temperature_c,61.79,°C,2026-S1,synthétique,PROC-GEN-SMOTE-V2
EQ-COMP-189,2026-01-29 12:00:00+00:00,temperature_c,60.31,°C,2026-S1,synthétique,PROC-GEN-SMOTE-V2
EQ-COMP-189,2026-01-29 18:00:00+00:00,temperature_c,61.74,°C,2026-S1,synthétique,PROC-GEN-SMOTE-V2
EQ-COMP-189,2026-01-30 00:00:00+00:00,temperature_c,65.02,°C,2026-S1,synthétique,PROC-GEN-SMOTE-V2
EQ-COMP-189,2026-01-30 06:00:00+00:00,temperature_c,54.0,°C,2026-S1,synthétique,PROC-GEN-SMOTE-V2
EQ-COMP-189,2026-01-30 12:00:00+00:00,temperature_c,56.56,°C,2026-S1,synthétique,PROC-GEN-SMOTE-V2
EQ-COMP-189,2026-01-30 18:00:00+00:00,temperature_c,61.39,°C,2026-S1,synthétique,PROC-GEN-SMOTE-V2
EQ-COMP-189,2026-01-31 00:00:00+00:00,temperature_c,63.38,°C,2026-S1,synthétique,PROC-GEN-SMOTE-V2
EQ-COMP-189,2026-01-31 06:00:00+00:00,temperature_c,53.09,°C,2026-S1,synthétique,PROC-GEN-SMOTE-V2
EQ-COMP-189,2026-01-31 12:00:00+00:00,temperature_c,68.56,°C,2026-S1,synthétique,PROC-GEN-SMOTE-V2
EQ-COMP-189,2026-01-31 18:00:00+00:00,temperature_c,60.83,°C,2026-S1,synthétique,PROC-GEN-SMOTE-V2
EQ-DRYER-264,2026-01-02 00:00:00+00:00,temperature_c,62.71,°C,2026-S1,synthétique,PROC-GEN-SMOTE-V2
EQ-DRYER-264,2026-01-02 06:00:00+00:00,temperature_c,62.74,°C,2026-S1,synthétique,PROC-GEN-SMOTE-V2
EQ-DRYER-264,2026-01-02 12:00:00+00:00,temperature_c,57.64,°C,2026-S1,synthétique,PROC-GEN-SMOTE-V2
EQ-DRYER-264,2026-01-02 18:00:00+00:00,temperature_c,53.28,°C,2026-S1,synthétique,PROC-GEN-SMOTE-V2
EQ-DRYER-264,2026-01-03 00:00:00+00:00,temperature_c,61.11,°C,2026-S1,synthétique,PROC-GEN-SMOTE-V2
EQ-DRYER-264,2026-01-03 06:00:00+00:00,temperature_c,58.54,°C,2026-S1,synthétique,PROC-GEN-SMOTE-V2
EQ-DRYER-264,2026-01-03 12:00:00+00:00,temperature_c,54.2,°C,2026-S1,synthétique,PROC-GEN-SMOTE-V2
EQ-DRYER-264,2026-01-03 18:00:00+00:00,temperature_c,54.11,°C,2026-S1,synthétique,PROC-GEN-SMOTE-V2
EQ-DRYER-264,2026-01-04 00:00:00+00:00,temperature_c,54.94,°C,2026-S1,synthétique,PROC-GEN-SMOTE-V2
EQ-DRYER-264,2026-01-04 06:00:00+00:00,temperature_c,58.9,°C,2026-S1,synthétique,PROC-GEN-SMOTE-V2
EQ-DRYER-264,2026-01-04 12:00:00+00:00,temperature_c,52.54,°C,2026-S1,synthétique,PROC-GEN-SMOTE-V2
EQ-DRYER-264,2026-01-04 18:00:00+00:00,temperature_c,56.01,°C,2026-S1,synthétique,PROC-GEN-SMOTE-V2
EQ-DRYER-264,2026-01-05 00:00:00+00:00,temperature_c,61.1,°C,2026-S1,synthétique,PROC-GEN-SMOTE-V2
EQ-DRYER-264,2026-01-05 06:00:00+00:00,temperature_c,59.72,°C,2026-S1,synthétique,PROC-GEN-SMOTE-V2
EQ-DRYER-264,2026-01-05 12:00:00+00:00,temperature_c,54.32,°C,2026-S1,synthétique,PROC-GEN-SMOTE-V2
EQ-DRYER-264,2026-01-05 18:00:00+00:00,temperature_c,61.85,°C,2026-S1,synthétique,PROC-GEN-SMOTE-V2
EQ-DRYER-264,2026-01-06 00:00:00+00:00,temperature_c,63.09,°C,2026-S1,synthétique,PROC-GEN-SMOTE-V2
EQ-DRYER-264,2026-01-06 06:00:00+00:00,temperature_c,61.3,°C,2026-S1,synthétique,PROC-GEN-SMOTE-V2
EQ-DRYER-264,2026-01-06 12:00:00+00:00,temperature_c,58.55,°C,2026-S1,synthétique,PROC-GEN-SMOTE-V2
EQ-DRYER-264,2026-01-06 18:00:00+00:00,temperature_c,56.76,°C,2026-S1,synthétique,PROC-GEN-SMOTE-V2
EQ-DRYER-264,2026-01-07 00:00:00+00:00,temperature_c,60.89,°C,2026-S1,synthétique,PROC-GEN-SMOTE-V2
EQ-DRYER-264,2026-01-07 06:00:00+00:00,temperature_c,61.96,°C,2026-S1,synthétique,PROC-GEN-SMOTE-V2
EQ-DRYER-264,2026-01-07 12:00:00+00:00,temperature_c,56.01,°C,2026-S1,synthétique,PROC-GEN-SMOTE-V2
EQ-DRYER-264,2026-01-07 18:00:00+00:00,temperature_c,52.92,°C,2026-S1,synthétique,PROC-GEN-SMOTE-V2
EQ-DRYER-264,2026-01-08 00:00:00+00:00,temperature_c,59.74,°C,2026-S1,synthétique,PROC-GEN-SMOTE-V2
EQ-DRYER-264,2026-01-08 06:00:00+00:00,temperature_c,58.74,°C,2026-S1,synthétique,PROC-GEN-SMOTE-V2
EQ-DRYER-264,2026-01-08 12:00:00+00:00,temperature_c,56.37,°C,2026-S1,synthétique,PROC-GEN-SMOTE-V2
EQ-DRYER-264,2026-01-08 18:00:00+00:00,temperature_c,46.83,°C,2026-S1,synthétique,PROC-GEN-SMOTE-V2
EQ-DRYER-264,2026-01-09 00:00:00+00:00,temperature_c,59.58,°C,2026-S1,synthétique,PROC-GEN-SMOTE-V2
EQ-DRYER-264,2026-01-09 06:00:00+00:00,temperature_c,60.96,°C,2026-S1,synthétique,PROC-GEN-SMOTE-V2
EQ-DRYER-264,2026-01-09 12:00:00+00:00,temperature_c,55.02,°C,2026-S1,synthétique,PROC-GEN-SMOTE-V2
EQ-DRYER-264,2026-01-09 18:00:00+00:00,temperature_c,58.2,°C,2026-S1,synthétique,PROC-GEN-SMOTE-V2
EQ-DRYER-264,2026-01-10 00:00:00+00:00,temperature_c,52.43,°C,2026-S1,synthétique,PROC-GEN-SMOTE-V2
EQ-DRYER-264,2026-01-10 06:00:00+00:00,temperature_c,57.19,°C,2026-S1,synthétique,PROC-GEN-SMOTE-V2
EQ-DRYER-264,2026-01-10 12:00:00+00:00,temperature_c,54.85,°C,2026-S1,synthétique,PROC-GEN-SMOTE-V2
EQ-DRYER-264,2026-01-10 18:00:00+00:00,temperature_c,46.46,°C,2026-S1,synthétique,PROC-GEN-SMOTE-V2
EQ-DRYER-264,2026-01-11 00:00:00+00:00,temperature_c,56.41,°C,2026-S1,synthétique,PROC-GEN-SMOTE-V2
EQ-DRYER-264,2026-01-11 06:00:00+00:00,temperature_c,59.04,°C,2026-S1,synthétique,PROC-GEN-SMOTE-V2
EQ-DRYER-264,2026-01-11 12:00:00+00:00,temperature_c,54.31,°C,2026-S1,synthétique,PROC-GEN-SMOTE-V2
EQ-DRYER-264,2026-01-11 18:00:00+00:00,temperature_c,57.36,°C,2026-S1,synthétique,PROC-GEN-SMOTE-V2
EQ-DRYER-264,2026-01-12 00:00:00+00:00,temperature_c,59.73,°C,2026-S1,synthétique,PROC-GEN-SMOTE-V2
EQ-DRYER-264,2026-01-12 06:00:00+00:00,temperature_c,58.28,°C,2026-S1,synthétique,PROC-GEN-SMOTE-V2
EQ-DRYER-264,2026-01-12 12:00:00+00:00,temperature_c,58.03,°C,2026-S1,synthétique,PROC-GEN-SMOTE-V2
EQ-DRYER-264,2026-01-12 18:00:00+00:00,temperature_c,54.71,°C,2026-S1,synthétique,PROC-GEN-SMOTE-V2
EQ-DRYER-264,2026-01-13 00:00:00+00:00,temperature_c,55.53,°C,2026-S1,synthétique,PROC-GEN-SMOTE-V2
EQ-DRYER-264,2026-01-13 06:00:00+00:00,temperature_c,61.76,°C,2026-S1,synthétique,PROC-GEN-SMOTE-V2
EQ-DRYER-264,2026-01-13 12:00:00+00:00,temperature_c,55.13,°C,2026-S1,synthétique,PROC-GEN-SMOTE-V2
EQ-DRYER-264,2026-01-13 18:00:00+00:00,temperature_c,56.99,°C,2026-S1,synthétique,PROC-GEN-SMOTE-V2
EQ-DRYER-264,2026-01-14 00:00:00+00:00,temperature_c,60.62,°C,2026-S1,synthétique,PROC-GEN-SMOTE-V2
EQ-DRYER-264,2026-01-14 06:00:00+00:00,temperature_c,58.95,°C,2026-S1,synthétique,PROC-GEN-SMOTE-V2
EQ-DRYER-264,2026-01-14 12:00:00+00:00,temperature_c,55.68,°C,2026-S1,synthétique,PROC-GEN-SMOTE-V2
EQ-DRYER-264,2026-01-14 18:00:00+00:00,temperature_c,52.02,°C,2026-S1,synthétique,PROC-GEN-SMOTE-V2
EQ-DRYER-264,2026-01-15 00:00:00+00:00,temperature_c,52.16,°C,2026-S1,synthétique,PROC-GEN-SMOTE-V2
EQ-DRYER-264,2026-01-15 06:00:00+00:00,temperature_c,61.63,°C,2026-S1,synthétique,PROC-GEN-SMOTE-V2
EQ-DRYER-264,2026-01-15 12:00:00+00:00,temperature_c,56.75,°C,2026-S1,synthétique,PROC-GEN-SMOTE-V2
EQ-DRYER-264,2026-01-15 18:00:00+00:00,temperature_c,56.87,°C,2026-S1,synthétique,PROC-GEN-SMOTE-V2
EQ-DRYER-264,2026-01-16 00:00:00+00:00,temperature_c,66.53,°C,2026-S1,synthétique,PROC-GEN-SMOTE-V2
EQ-DRYER-264,2026-01-16 06:00:00+00:00,temperature_c,60.16,°C,2026-S1,synthétique,PROC-GEN-SMOTE-V2
EQ-DRYER-264,2026-01-16 12:00:00+00:00,temperature_c,56.28,°C,2026-S1,synthétique,PROC-GEN-SMOTE-V2
EQ-DRYER-264,2026-01-16 18:00:00+00:00,temperature_c,52.8,°C,2026-S1,synthétique,PROC-GEN-SMOTE-V2
EQ-DRYER-264,2026-01-17 00:00:00+00:00,temperature_c,54.18,°C,2026-S1,synthétique,PROC-GEN-SMOTE-V2
EQ-DRYER-264,2026-01-17 06:00:00+00:00,temperature_c,59.75,°C,2026-S1,synthétique,PROC-GEN-SMOTE-V2
EQ-DRYER-264,2026-01-17 12:00:00+00:00,temperature_c,51.08,°C,2026-S1,synthétique,PROC-GEN-SMOTE-V2
EQ-DRYER-264,2026-01-17 18:00:00+00:00,temperature_c,56.49,°C,2026-S1,synthétique,PROC-GEN-SMOTE-V2
EQ-DRYER-264,2026-01-18 00:00:00+00:00,temperature_c,63.17,°C,2026-S1,synthétique,PROC-GEN-SMOTE-V2
EQ-DRYER-264,2026-01-18 06:00:00+00:00,temperature_c,58.45,°C,2026-S1,synthétique,PROC-GEN-SMOTE-V2
EQ-DRYER-264,2026-01-18 12:00:00+00:00,temperature_c,54.63,°C,2026-S1,synthétique,PROC-GEN-SMOTE-V2
EQ-DRYER-264,2026-01-18 18:00:00+00:00,temperature_c,56.21,°C,2026-S1,synthétique,PROC-GEN-SMOTE-V2
EQ-DRYER-264,2026-01-19 00:00:00+00:00,temperature_c,62.81,°C,2026-S1,synthétique,PROC-GEN-SMOTE-V2
EQ-DRYER-264,2026-01-19 06:00:00+00:00,temperature_c,61.88,°C,2026-S1,synthétique,PROC-GEN-SMOTE-V2
EQ-DRYER-264,2026-01-19 12:00:00+00:00,temperature_c,56.34,°C,2026-S1,synthétique,PROC-GEN-SMOTE-V2
EQ-DRYER-264,2026-01-19 18:00:00+00:00,temperature_c,52.16,°C,2026-S1,synthétique,PROC-GEN-SMOTE-V2
EQ-DRYER-264,2026-01-20 00:00:00+00:00,temperature_c,61.81,°C,2026-S1,synthétique,PROC-GEN-SMOTE-V2
EQ-DRYER-264,2026-01-20 06:00:00+00:00,temperature_c,59.65,°C,2026-S1,synthétique,PROC-GEN-SMOTE-V2
EQ-DRYER-264,2026-01-20 12:00:00+00:00,temperature_c,55.38,°C,2026-S1,synthétique,PROC-GEN-SMOTE-V2
EQ-DRYER-264,2026-01-20 18:00:00+00:00,temperature_c,55.29,°C,2026-S1,synthétique,PROC-GEN-SMOTE-V2
EQ-DRYER-264,2026-01-21 00:00:00+00:00,temperature_c,64.04,°C,2026-S1,synthétique,PROC-GEN-SMOTE-V2
EQ-DRYER-264,2026-01-21 06:00:00+00:00,temperature_c,63.17,°C,2026-S1,synthétique,PROC-GEN-SMOTE-V2
EQ-DRYER-264,2026-01-21 12:00:00+00:00,temperature_c,56.17,°C,2026-S1,synthétique,PROC-GEN-SMOTE-V2
EQ-DRYER-264,2026-01-21 18:00:00+00:00,temperature_c,57.94,°C,2026-S1,synthétique,PROC-GEN-SMOTE-V2
EQ-DRYER-264,2026-01-22 00:00:00+00:00,temperature_c,63.99,°C,2026-S1,synthétique,PROC-GEN-SMOTE-V2
EQ-DRYER-264,2026-01-22 06:00:00+00:00,temperature_c,59.62,°C,2026-S1,synthétique,PROC-GEN-SMOTE-V2
EQ-DRYER-264,2026-01-22 12:00:00+00:00,temperature_c,56.08,°C,2026-S1,synthétique,PROC-GEN-SMOTE-V2
EQ-DRYER-264,2026-01-22 18:00:00+00:00,temperature_c,51.75,°C,2026-S1,synthétique,PROC-GEN-SMOTE-V2
EQ-DRYER-264,2026-01-23 00:00:00+00:00,temperature_c,63.14,°C,2026-S1,synthétique,PROC-GEN-SMOTE-V2
EQ-DRYER-264,2026-01-23 06:00:00+00:00,temperature_c,61.65,°C,2026-S1,synthétique,PROC-GEN-SMOTE-V2
EQ-DRYER-264,2026-01-23 12:00:00+00:00,temperature_c,55.95,°C,2026-S1,synthétique,PROC-GEN-SMOTE-V2
EQ-DRYER-264,2026-01-23 18:00:00+00:00,temperature_c,52.48,°C,2026-S1,synthétique,PROC-GEN-SMOTE-V2
EQ-DRYER-264,2026-01-24 00:00:00+00:00,temperature_c,64.29,°C,2026-S1,synthétique,PROC-GEN-SMOTE-V2
EQ-DRYER-264,2026-01-24 06:00:00+00:00,temperature_c,58.01,°C,2026-S1,synthétique,PROC-GEN-SMOTE-V2
EQ-DRYER-264,2026-01-24 12:00:00+00:00,temperature_c,54.66,°C,2026-S1,synthétique,PROC-GEN-SMOTE-V2
EQ-DRYER-264,2026-01-24 18:00:00+00:00,temperature_c,47.92,°C,2026-S1,synthétique,PROC-GEN-SMOTE-V2
EQ-DRYER-264,2026-01-25 00:00:00+00:00,temperature_c,64.07,°C,2026-S1,synthétique,PROC-GEN-SMOTE-V2
EQ-DRYER-264,2026-01-25 06:00:00+00:00,temperature_c,60.06,°C,2026-S1,synthétique,PROC-GEN-SMOTE-V2
EQ-DRYER-264,2026-01-25 12:00:00+00:00,temperature_c,53.79,°C,2026-S1,synthétique,PROC-GEN-SMOTE-V2
EQ-DRYER-264,2026-01-25 18:00:00+00:00,temperature_c,49.39,°C,2026-S1,synthétique,PROC-GEN-SMOTE-V2
EQ-DRYER-264,2026-01-26 00:00:00+00:00,temperature_c,59.49,°C,2026-S1,synthétique,PROC-GEN-SMOTE-V2
EQ-DRYER-264,2026-01-26 06:00:00+00:00,temperature_c,62.58,°C,2026-S1,synthétique,PROC-GEN-SMOTE-V2
EQ-DRYER-264,2026-01-26 12:00:00+00:00,temperature_c,55.11,°C,2026-S1,synthétique,PROC-GEN-SMOTE-V2
EQ-DRYER-264,2026-01-26 18:00:00+00:00,temperature_c,52.24,°C,2026-S1,synthétique,PROC-GEN-SMOTE-V2
EQ-DRYER-264,2026-01-27 00:00:00+00:00,temperature_c,60.16,°C,2026-S1,synthétique,PROC-GEN-SMOTE-V2
EQ-DRYER-264,2026-01-27 06:00:00+00:00,temperature_c,61.37,°C,2026-S1,synthétique,PROC-GEN-SMOTE-V2
EQ-DRYER-264,2026-01-27 12:00:00+00:00,temperature_c,52.33,°C,2026-S1,synthétique,PROC-GEN-SMOTE-V2
EQ-DRYER-264,2026-01-27 18:00:00+00:00,temperature_c,56.96,°C,2026-S1,synthétique,PROC-GEN-SMOTE-V2
EQ-DRYER-264,2026-01-28 00:00:00+00:00,temperature_c,57.34,°C,2026-S1,synthétique,PROC-GEN-SMOTE-V2
EQ-DRYER-264,2026-01-28 06:00:00+00:00,temperature_c,63.05,°C,2026-S1,synthétique,PROC-GEN-SMOTE-V2
EQ-DRYER-264,2026-01-28 12:00:00+00:00,temperature_c,59.93,°C,2026-S1,synthétique,PROC-GEN-SMOTE-V2
EQ-DRYER-264,2026-01-28 18:00:00+00:00,temperature_c,59.93,°C,2026-S1,synthétique,PROC-GEN-SMOTE-V2
EQ-DRYER-264,2026-01-29 00:00:00+00:00,temperature_c,60.2,°C,2026-S1,synthétique,PROC-GEN-SMOTE-V2
EQ-DRYER-264,2026-01-29 06:00:00+00:00,temperature_c,60.35,°C,2026-S1,synthétique,PROC-GEN-SMOTE-V2
EQ-DRYER-264,2026-01-29 12:00:00+00:00,temperature_c,53.26,°C,2026-S1,synthétique,PROC-GEN-SMOTE-V2
EQ-DRYER-264,2026-01-29 18:00:00+00:00,temperature_c,50.68,°C,2026-S1,synthétique,PROC-GEN-SMOTE-V2
EQ-DRYER-264,2026-01-30 00:00:00+00:00,temperature_c,61.82,°C,2026-S1,synthétique,PROC-GEN-SMOTE-V2
EQ-DRYER-264,2026-01-30 06:00:00+00:00,temperature_c,60.88,°C,2026-S1,synthétique,PROC-GEN-SMOTE-V2
EQ-DRYER-264,2026-01-30 12:00:00+00:00,temperature_c,57.6,°C,2026-S1,synthétique,PROC-GEN-SMOTE-V2
EQ-DRYER-264,2026-01-30 18:00:00+00:00,temperature_c,54.88,°C,2026-S1,synthétique,PROC-GEN-SMOTE-V2
EQ-DRYER-264,2026-01-31 00:00:00+00:00,temperature_c,58.46,°C,2026-S1,synthétique,PROC-GEN-SMOTE-V2
EQ-DRYER-264,2026-01-31 06:00:00+00:00,temperature_c,60.97,°C,2026-S1,synthétique,PROC-GEN-SMOTE-V2
EQ-DRYER-264,2026-01-31 12:00:00+00:00,temperature_c,52.48,°C,2026-S1,synthétique,PROC-GEN-SMOTE-V2
EQ-DRYER-264,2026-01-31 18:00:00+00:00,temperature_c,50.18,°C,2026-S1,synthétique,PROC-GEN-SMOTE-V2
EQ-FAN-104,2026-01-02 00:00:00+00:00,temperature_c,56.39,°C,2026-S1,synthétique,PROC-GEN-SMOTE-V2
EQ-FAN-104,2026-01-02 06:00:00+00:00,temperature_c,62.92,°C,2026-S1,synthétique,PROC-GEN-SMOTE-V2
EQ-FAN-104,2026-01-02 12:00:00+00:00,temperature_c,61.86,°C,2026-S1,synthétique,PROC-GEN-SMOTE-V2
EQ-FAN-104,2026-01-02 18:00:00+00:00,temperature_c,52.18,°C,2026-S1,synthétique,PROC-GEN-SMOTE-V2
EQ-FAN-104,2026-01-03 00:00:00+00:00,temperature_c,54.02,°C,2026-S1,synthétique,PROC-GEN-SMOTE-V2
EQ-FAN-104,2026-01-03 06:00:00+00:00,temperature_c,60.65,°C,2026-S1,synthétique,PROC-GEN-SMOTE-V2
EQ-FAN-104,2026-01-03 12:00:00+00:00,temperature_c,61.01,°C,2026-S1,synthétique,PROC-GEN-SMOTE-V2
EQ-FAN-104,2026-01-03 18:00:00+00:00,temperature_c,51.13,°C,2026-S1,synthétique,PROC-GEN-SMOTE-V2
EQ-FAN-104,2026-01-04 00:00:00+00:00,temperature_c,51.98,°C,2026-S1,synthétique,PROC-GEN-SMOTE-V2
EQ-FAN-104,2026-01-04 06:00:00+00:00,temperature_c,58.66,°C,2026-S1,synthétique,PROC-GEN-SMOTE-V2
EQ-FAN-104,2026-01-04 12:00:00+00:00,temperature_c,57.79,°C,2026-S1,synthétique,PROC-GEN-SMOTE-V2
EQ-FAN-104,2026-01-04 18:00:00+00:00,temperature_c,49.23,°C,2026-S1,synthétique,PROC-GEN-SMOTE-V2
EQ-FAN-104,2026-01-05 00:00:00+00:00,temperature_c,59.91,°C,2026-S1,synthétique,PROC-GEN-SMOTE-V2
EQ-FAN-104,2026-01-05 06:00:00+00:00,temperature_c,62.48,°C,2026-S1,synthétique,PROC-GEN-SMOTE-V2
EQ-FAN-104,2026-01-05 12:00:00+00:00,temperature_c,54.85,°C,2026-S1,synthétique,PROC-GEN-SMOTE-V2
EQ-FAN-104,2026-01-05 18:00:00+00:00,temperature_c,54.21,°C,2026-S1,synthétique,PROC-GEN-SMOTE-V2
EQ-FAN-104,2026-01-06 00:00:00+00:00,temperature_c,51.61,°C,2026-S1,synthétique,PROC-GEN-SMOTE-V2
EQ-FAN-104,2026-01-06 06:00:00+00:00,temperature_c,59.9,°C,2026-S1,synthétique,PROC-GEN-SMOTE-V2
EQ-FAN-104,2026-01-06 12:00:00+00:00,temperature_c,58.02,°C,2026-S1,synthétique,PROC-GEN-SMOTE-V2
EQ-FAN-104,2026-01-06 18:00:00+00:00,temperature_c,52.72,°C,2026-S1,synthétique,PROC-GEN-SMOTE-V2
EQ-FAN-104,2026-01-07 00:00:00+00:00,temperature_c,58.4,°C,2026-S1,synthétique,PROC-GEN-SMOTE-V2
EQ-FAN-104,2026-01-07 06:00:00+00:00,temperature_c,60.08,°C,2026-S1,synthétique,PROC-GEN-SMOTE-V2
EQ-FAN-104,2026-01-07 12:00:00+00:00,temperature_c,56.25,°C,2026-S1,synthétique,PROC-GEN-SMOTE-V2
EQ-FAN-104,2026-01-07 18:00:00+00:00,temperature_c,53.3,°C,2026-S1,synthétique,PROC-GEN-SMOTE-V2
EQ-FAN-104,2026-01-08 00:00:00+00:00,temperature_c,58.84,°C,2026-S1,synthétique,PROC-GEN-SMOTE-V2
EQ-FAN-104,2026-01-08 06:00:00+00:00,temperature_c,60.25,°C,2026-S1,synthétique,PROC-GEN-SMOTE-V2
EQ-FAN-104,2026-01-08 12:00:00+00:00,temperature_c,56.29,°C,2026-S1,synthétique,PROC-GEN-SMOTE-V2
EQ-FAN-104,2026-01-08 18:00:00+00:00,temperature_c,55.06,°C,2026-S1,synthétique,PROC-GEN-SMOTE-V2
EQ-FAN-104,2026-01-09 00:00:00+00:00,temperature_c,56.27,°C,2026-S1,synthétique,PROC-GEN-SMOTE-V2
EQ-FAN-104,2026-01-09 06:00:00+00:00,temperature_c,61.36,°C,2026-S1,synthétique,PROC-GEN-SMOTE-V2
EQ-FAN-104,2026-01-09 12:00:00+00:00,temperature_c,54.03,°C,2026-S1,synthétique,PROC-GEN-SMOTE-V2
EQ-FAN-104,2026-01-09 18:00:00+00:00,temperature_c,53.03,°C,2026-S1,synthétique,PROC-GEN-SMOTE-V2
EQ-FAN-104,2026-01-10 00:00:00+00:00,temperature_c,50.03,°C,2026-S1,synthétique,PROC-GEN-SMOTE-V2
EQ-FAN-104,2026-01-10 06:00:00+00:00,temperature_c,58.65,°C,2026-S1,synthétique,PROC-GEN-SMOTE-V2
EQ-FAN-104,2026-01-10 12:00:00+00:00,temperature_c,54.03,°C,2026-S1,synthétique,PROC-GEN-SMOTE-V2
EQ-FAN-104,2026-01-10 18:00:00+00:00,temperature_c,49.87,°C,2026-S1,synthétique,PROC-GEN-SMOTE-V2
EQ-FAN-104,2026-01-11 00:00:00+00:00,temperature_c,55.51,°C,2026-S1,synthétique,PROC-GEN-SMOTE-V2
EQ-FAN-104,2026-01-11 06:00:00+00:00,temperature_c,60.23,°C,2026-S1,synthétique,PROC-GEN-SMOTE-V2
EQ-FAN-104,2026-01-11 12:00:00+00:00,temperature_c,58.34,°C,2026-S1,synthétique,PROC-GEN-SMOTE-V2
EQ-FAN-104,2026-01-11 18:00:00+00:00,temperature_c,48.68,°C,2026-S1,synthétique,PROC-GEN-SMOTE-V2
EQ-FAN-104,2026-01-12 00:00:00+00:00,temperature_c,51.53,°C,2026-S1,synthétique,PROC-GEN-SMOTE-V2
EQ-FAN-104,2026-01-12 06:00:00+00:00,temperature_c,58.91,°C,2026-S1,synthétique,PROC-GEN-SMOTE-V2
EQ-FAN-104,2026-01-12 12:00:00+00:00,temperature_c,59.81,°C,2026-S1,synthétique,PROC-GEN-SMOTE-V2
EQ-FAN-104,2026-01-12 18:00:00+00:00,temperature_c,54.22,°C,2026-S1,synthétique,PROC-GEN-SMOTE-V2
EQ-FAN-104,2026-01-13 00:00:00+00:00,temperature_c,54.64,°C,2026-S1,synthétique,PROC-GEN-SMOTE-V2
EQ-FAN-104,2026-01-13 06:00:00+00:00,temperature_c,61.57,°C,2026-S1,synthétique,PROC-GEN-SMOTE-V2
EQ-FAN-104,2026-01-13 12:00:00+00:00,temperature_c,55.97,°C,2026-S1,synthétique,PROC-GEN-SMOTE-V2
EQ-FAN-104,2026-01-13 18:00:00+00:00,temperature_c,52.12,°C,2026-S1,synthétique,PROC-GEN-SMOTE-V2
EQ-FAN-104,2026-01-14 00:00:00+00:00,temperature_c,52.05,°C,2026-S1,synthétique,PROC-GEN-SMOTE-V2
EQ-FAN-104,2026-01-14 06:00:00+00:00,temperature_c,57.57,°C,2026-S1,synthétique,PROC-GEN-SMOTE-V2
EQ-FAN-104,2026-01-14 12:00:00+00:00,temperature_c,58.13,°C,2026-S1,synthétique,PROC-GEN-SMOTE-V2
EQ-FAN-104,2026-01-14 18:00:00+00:00,temperature_c,51.08,°C,2026-S1,synthétique,PROC-GEN-SMOTE-V2
EQ-FAN-104,2026-01-15 00:00:00+00:00,temperature_c,53.82,°C,2026-S1,synthétique,PROC-GEN-SMOTE-V2
EQ-FAN-104,2026-01-15 06:00:00+00:00,temperature_c,61.28,°C,2026-S1,synthétique,PROC-GEN-SMOTE-V2
EQ-FAN-104,2026-01-15 12:00:00+00:00,temperature_c,56.94,°C,2026-S1,synthétique,PROC-GEN-SMOTE-V2
EQ-FAN-104,2026-01-15 18:00:00+00:00,temperature_c,51.13,°C,2026-S1,synthétique,PROC-GEN-SMOTE-V2
EQ-FAN-104,2026-01-16 00:00:00+00:00,temperature_c,52.3,°C,2026-S1,synthétique,PROC-GEN-SMOTE-V2
EQ-FAN-104,2026-01-16 06:00:00+00:00,temperature_c,58.22,°C,2026-S1,synthétique,PROC-GEN-SMOTE-V2
EQ-FAN-104,2026-01-16 12:00:00+00:00,temperature_c,59.58,°C,2026-S1,synthétique,PROC-GEN-SMOTE-V2
EQ-FAN-104,2026-01-16 18:00:00+00:00,temperature_c,51.73,°C,2026-S1,synthétique,PROC-GEN-SMOTE-V2
EQ-FAN-104,2026-01-17 00:00:00+00:00,temperature_c,55.54,°C,2026-S1,synthétique,PROC-GEN-SMOTE-V2
EQ-FAN-104,2026-01-17 06:00:00+00:00,temperature_c,57.9,°C,2026-S1,synthétique,PROC-GEN-SMOTE-V2
EQ-FAN-104,2026-01-17 12:00:00+00:00,temperature_c,54.81,°C,2026-S1,synthétique,PROC-GEN-SMOTE-V2
EQ-FAN-104,2026-01-17 18:00:00+00:00,temperature_c,52.42,°C,2026-S1,synthétique,PROC-GEN-SMOTE-V2
EQ-FAN-104,2026-01-18 00:00:00+00:00,temperature_c,55.22,°C,2026-S1,synthétique,PROC-GEN-SMOTE-V2
EQ-FAN-104,2026-01-18 06:00:00+00:00,temperature_c,59.09,°C,2026-S1,synthétique,PROC-GEN-SMOTE-V2
EQ-FAN-104,2026-01-18 12:00:00+00:00,temperature_c,54.43,°C,2026-S1,synthétique,PROC-GEN-SMOTE-V2
EQ-FAN-104,2026-01-18 18:00:00+00:00,temperature_c,51.38,°C,2026-S1,synthétique,PROC-GEN-SMOTE-V2
EQ-FAN-104,2026-01-19 00:00:00+00:00,temperature_c,57.9,°C,2026-S1,synthétique,PROC-GEN-SMOTE-V2
EQ-FAN-104,2026-01-19 06:00:00+00:00,temperature_c,60.52,°C,2026-S1,synthétique,PROC-GEN-SMOTE-V2
EQ-FAN-104,2026-01-19 12:00:00+00:00,temperature_c,57.23,°C,2026-S1,synthétique,PROC-GEN-SMOTE-V2
EQ-FAN-104,2026-01-19 18:00:00+00:00,temperature_c,53.13,°C,2026-S1,synthétique,PROC-GEN-SMOTE-V2
EQ-FAN-104,2026-01-20 00:00:00+00:00,temperature_c,54.95,°C,2026-S1,synthétique,PROC-GEN-SMOTE-V2
EQ-FAN-104,2026-01-20 06:00:00+00:00,temperature_c,59.92,°C,2026-S1,synthétique,PROC-GEN-SMOTE-V2
EQ-FAN-104,2026-01-20 12:00:00+00:00,temperature_c,57.43,°C,2026-S1,synthétique,PROC-GEN-SMOTE-V2
EQ-FAN-104,2026-01-20 18:00:00+00:00,temperature_c,51.76,°C,2026-S1,synthétique,PROC-GEN-SMOTE-V2
EQ-FAN-104,2026-01-21 00:00:00+00:00,temperature_c,55.27,°C,2026-S1,synthétique,PROC-GEN-SMOTE-V2
EQ-FAN-104,2026-01-21 06:00:00+00:00,temperature_c,61.41,°C,2026-S1,synthétique,PROC-GEN-SMOTE-V2
EQ-FAN-104,2026-01-21 12:00:00+00:00,temperature_c,60.34,°C,2026-S1,synthétique,PROC-GEN-SMOTE-V2
EQ-FAN-104,2026-01-21 18:00:00+00:00,temperature_c,53.06,°C,2026-S1,synthétique,PROC-GEN-SMOTE-V2
EQ-FAN-104,2026-01-22 00:00:00+00:00,temperature_c,56.95,°C,2026-S1,synthétique,PROC-GEN-SMOTE-V2
EQ-FAN-104,2026-01-22 06:00:00+00:00,temperature_c,58.31,°C,2026-S1,synthétique,PROC-GEN-SMOTE-V2
EQ-FAN-104,2026-01-22 12:00:00+00:00,temperature_c,58.0,°C,2026-S1,synthétique,PROC-GEN-SMOTE-V2
EQ-FAN-104,2026-01-22 18:00:00+00:00,temperature_c,52.29,°C,2026-S1,synthétique,PROC-GEN-SMOTE-V2
EQ-FAN-104,2026-01-23 00:00:00+00:00,temperature_c,52.36,°C,2026-S1,synthétique,PROC-GEN-SMOTE-V2
EQ-FAN-104,2026-01-23 06:00:00+00:00,temperature_c,56.84,°C,2026-S1,synthétique,PROC-GEN-SMOTE-V2
EQ-FAN-104,2026-01-23 12:00:00+00:00,temperature_c,56.95,°C,2026-S1,synthétique,PROC-GEN-SMOTE-V2
EQ-FAN-104,2026-01-23 18:00:00+00:00,temperature_c,51.7,°C,2026-S1,synthétique,PROC-GEN-SMOTE-V2
EQ-FAN-104,2026-01-24 00:00:00+00:00,temperature_c,51.8,°C,2026-S1,synthétique,PROC-GEN-SMOTE-V2
EQ-FAN-104,2026-01-24 06:00:00+00:00,temperature_c,57.5,°C,2026-S1,synthétique,PROC-GEN-SMOTE-V2
EQ-FAN-104,2026-01-24 12:00:00+00:00,temperature_c,53.59,°C,2026-S1,synthétique,PROC-GEN-SMOTE-V2
EQ-FAN-104,2026-01-24 18:00:00+00:00,temperature_c,49.24,°C,2026-S1,synthétique,PROC-GEN-SMOTE-V2
EQ-FAN-104,2026-01-25 00:00:00+00:00,temperature_c,53.51,°C,2026-S1,synthétique,PROC-GEN-SMOTE-V2
EQ-FAN-104,2026-01-25 06:00:00+00:00,temperature_c,60.75,°C,2026-S1,synthétique,PROC-GEN-SMOTE-V2
EQ-FAN-104,2026-01-25 12:00:00+00:00,temperature_c,55.85,°C,2026-S1,synthétique,PROC-GEN-SMOTE-V2
EQ-FAN-104,2026-01-25 18:00:00+00:00,temperature_c,50.29,°C,2026-S1,synthétique,PROC-GEN-SMOTE-V2
EQ-FAN-104,2026-01-26 00:00:00+00:00,temperature_c,54.54,°C,2026-S1,synthétique,PROC-GEN-SMOTE-V2
EQ-FAN-104,2026-01-26 06:00:00+00:00,temperature_c,62.73,°C,2026-S1,synthétique,PROC-GEN-SMOTE-V2
EQ-FAN-104,2026-01-26 12:00:00+00:00,temperature_c,58.98,°C,2026-S1,synthétique,PROC-GEN-SMOTE-V2
EQ-FAN-104,2026-01-26 18:00:00+00:00,temperature_c,49.98,°C,2026-S1,synthétique,PROC-GEN-SMOTE-V2
EQ-FAN-104,2026-01-27 00:00:00+00:00,temperature_c,52.42,°C,2026-S1,synthétique,PROC-GEN-SMOTE-V2
EQ-FAN-104,2026-01-27 06:00:00+00:00,temperature_c,59.83,°C,2026-S1,synthétique,PROC-GEN-SMOTE-V2
EQ-FAN-104,2026-01-27 12:00:00+00:00,temperature_c,59.71,°C,2026-S1,synthétique,PROC-GEN-SMOTE-V2
EQ-FAN-104,2026-01-27 18:00:00+00:00,temperature_c,53.39,°C,2026-S1,synthétique,PROC-GEN-SMOTE-V2
EQ-FAN-104,2026-01-28 00:00:00+00:00,temperature_c,52.46,°C,2026-S1,synthétique,PROC-GEN-SMOTE-V2
EQ-FAN-104,2026-01-28 06:00:00+00:00,temperature_c,60.35,°C,2026-S1,synthétique,PROC-GEN-SMOTE-V2
EQ-FAN-104,2026-01-28 12:00:00+00:00,temperature_c,59.05,°C,2026-S1,synthétique,PROC-GEN-SMOTE-V2
EQ-FAN-104,2026-01-28 18:00:00+00:00,temperature_c,52.82,°C,2026-S1,synthétique,PROC-GEN-SMOTE-V2
EQ-FAN-104,2026-01-29 00:00:00+00:00,temperature_c,54.79,°C,2026-S1,synthétique,PROC-GEN-SMOTE-V2
EQ-FAN-104,2026-01-29 06:00:00+00:00,temperature_c,58.26,°C,2026-S1,synthétique,PROC-GEN-SMOTE-V2
EQ-FAN-104,2026-01-29 12:00:00+00:00,temperature_c,54.8,°C,2026-S1,synthétique,PROC-GEN-SMOTE-V2
EQ-FAN-104,2026-01-29 18:00:00+00:00,temperature_c,52.48,°C,2026-S1,synthétique,PROC-GEN-SMOTE-V2
EQ-FAN-104,2026-01-30 00:00:00+00:00,temperature_c,57.6,°C,2026-S1,synthétique,PROC-GEN-SMOTE-V2
EQ-FAN-104,2026-01-30 06:00:00+00:00,temperature_c,59.36,°C,2026-S1,synthétique,PROC-GEN-SMOTE-V2
EQ-FAN-104,2026-01-30 12:00:00+00:00,temperature_c,58.42,°C,2026-S1,synthétique,PROC-GEN-SMOTE-V2
EQ-FAN-104,2026-01-30 18:00:00+00:00,temperature_c,51.42,°C,2026-S1,synthétique,PROC-GEN-SMOTE-V2
EQ-FAN-104,2026-01-31 00:00:00+00:00,temperature_c,54.55,°C,2026-S1,synthétique,PROC-GEN-SMOTE-V2
EQ-FAN-104,2026-01-31 06:00:00+00:00,temperature_c,59.06,°C,2026-S1,synthétique,PROC-GEN-SMOTE-V2
EQ-FAN-104,2026-01-31 12:00:00+00:00,temperature_c,51.74,°C,2026-S1,synthétique,PROC-GEN-SMOTE-V2
EQ-FAN-104,2026-01-31 18:00:00+00:00,temperature_c,50.98,°C,2026-S1,synthétique,PROC-GEN-SMOTE-V2
EQ-FAN-120,2026-01-02 00:00:00+00:00,temperature_c,63.05,°C,2026-S1,synthétique,PROC-GEN-SMOTE-V2
EQ-FAN-120,2026-01-02 06:00:00+00:00,temperature_c,62.0,°C,2026-S1,synthétique,PROC-GEN-SMOTE-V2
EQ-FAN-120,2026-01-02 12:00:00+00:00,temperature_c,56.42,°C,2026-S1,synthétique,PROC-GEN-SMOTE-V2
EQ-FAN-120,2026-01-02 18:00:00+00:00,temperature_c,56.32,°C,2026-S1,synthétique,PROC-GEN-SMOTE-V2
EQ-FAN-120,2026-01-03 00:00:00+00:00,temperature_c,62.09,°C,2026-S1,synthétique,PROC-GEN-SMOTE-V2
EQ-FAN-120,2026-01-03 06:00:00+00:00,temperature_c,59.41,°C,2026-S1,synthétique,PROC-GEN-SMOTE-V2
EQ-FAN-120,2026-01-03 12:00:00+00:00,temperature_c,54.28,°C,2026-S1,synthétique,PROC-GEN-SMOTE-V2
EQ-FAN-120,2026-01-03 18:00:00+00:00,temperature_c,54.99,°C,2026-S1,synthétique,PROC-GEN-SMOTE-V2
EQ-FAN-120,2026-01-04 00:00:00+00:00,temperature_c,58.79,°C,2026-S1,synthétique,PROC-GEN-SMOTE-V2
EQ-FAN-120,2026-01-04 06:00:00+00:00,temperature_c,63.31,°C,2026-S1,synthétique,PROC-GEN-SMOTE-V2
EQ-FAN-120,2026-01-04 12:00:00+00:00,temperature_c,53.46,°C,2026-S1,synthétique,PROC-GEN-SMOTE-V2
EQ-FAN-120,2026-01-04 18:00:00+00:00,temperature_c,53.74,°C,2026-S1,synthétique,PROC-GEN-SMOTE-V2
EQ-FAN-120,2026-01-05 00:00:00+00:00,temperature_c,64.54,°C,2026-S1,synthétique,PROC-GEN-SMOTE-V2
EQ-FAN-120,2026-01-05 06:00:00+00:00,temperature_c,61.98,°C,2026-S1,synthétique,PROC-GEN-SMOTE-V2
EQ-FAN-120,2026-01-05 12:00:00+00:00,temperature_c,55.45,°C,2026-S1,synthétique,PROC-GEN-SMOTE-V2
EQ-FAN-120,2026-01-05 18:00:00+00:00,temperature_c,56.71,°C,2026-S1,synthétique,PROC-GEN-SMOTE-V2
EQ-FAN-120,2026-01-06 00:00:00+00:00,temperature_c,63.58,°C,2026-S1,synthétique,PROC-GEN-SMOTE-V2
EQ-FAN-120,2026-01-06 06:00:00+00:00,temperature_c,61.57,°C,2026-S1,synthétique,PROC-GEN-SMOTE-V2
EQ-FAN-120,2026-01-06 12:00:00+00:00,temperature_c,56.95,°C,2026-S1,synthétique,PROC-GEN-SMOTE-V2
EQ-FAN-120,2026-01-06 18:00:00+00:00,temperature_c,56.69,°C,2026-S1,synthétique,PROC-GEN-SMOTE-V2
EQ-FAN-120,2026-01-07 00:00:00+00:00,temperature_c,63.22,°C,2026-S1,synthétique,PROC-GEN-SMOTE-V2
EQ-FAN-120,2026-01-07 06:00:00+00:00,temperature_c,64.8,°C,2026-S1,synthétique,PROC-GEN-SMOTE-V2
EQ-FAN-120,2026-01-07 12:00:00+00:00,temperature_c,57.38,°C,2026-S1,synthétique,PROC-GEN-SMOTE-V2
EQ-FAN-120,2026-01-07 18:00:00+00:00,temperature_c,57.15,°C,2026-S1,synthétique,PROC-GEN-SMOTE-V2
EQ-FAN-120,2026-01-08 00:00:00+00:00,temperature_c,64.15,°C,2026-S1,synthétique,PROC-GEN-SMOTE-V2
EQ-FAN-120,2026-01-08 06:00:00+00:00,temperature_c,61.46,°C,2026-S1,synthétique,PROC-GEN-SMOTE-V2
EQ-FAN-120,2026-01-08 12:00:00+00:00,temperature_c,55.25,°C,2026-S1,synthétique,PROC-GEN-SMOTE-V2
EQ-FAN-120,2026-01-08 18:00:00+00:00,temperature_c,56.73,°C,2026-S1,synthétique,PROC-GEN-SMOTE-V2
EQ-FAN-120,2026-01-09 00:00:00+00:00,temperature_c,61.61,°C,2026-S1,synthétique,PROC-GEN-SMOTE-V2
EQ-FAN-120,2026-01-09 06:00:00+00:00,temperature_c,60.74,°C,2026-S1,synthétique,PROC-GEN-SMOTE-V2
EQ-FAN-120,2026-01-09 12:00:00+00:00,temperature_c,56.1,°C,2026-S1,synthétique,PROC-GEN-SMOTE-V2
EQ-FAN-120,2026-01-09 18:00:00+00:00,temperature_c,58.46,°C,2026-S1,synthétique,PROC-GEN-SMOTE-V2
EQ-FAN-120,2026-01-10 00:00:00+00:00,temperature_c,60.52,°C,2026-S1,synthétique,PROC-GEN-SMOTE-V2
EQ-FAN-120,2026-01-10 06:00:00+00:00,temperature_c,61.18,°C,2026-S1,synthétique,PROC-GEN-SMOTE-V2
EQ-FAN-120,2026-01-10 12:00:00+00:00,temperature_c,53.96,°C,2026-S1,synthétique,PROC-GEN-SMOTE-V2
EQ-FAN-120,2026-01-10 18:00:00+00:00,temperature_c,53.64,°C,2026-S1,synthétique,PROC-GEN-SMOTE-V2
EQ-FAN-120,2026-01-11 00:00:00+00:00,temperature_c,61.66,°C,2026-S1,synthétique,PROC-GEN-SMOTE-V2
EQ-FAN-120,2026-01-11 06:00:00+00:00,temperature_c,59.44,°C,2026-S1,synthétique,PROC-GEN-SMOTE-V2
EQ-FAN-120,2026-01-11 12:00:00+00:00,temperature_c,52.04,°C,2026-S1,synthétique,PROC-GEN-SMOTE-V2
EQ-FAN-120,2026-01-11 18:00:00+00:00,temperature_c,53.1,°C,2026-S1,synthétique,PROC-GEN-SMOTE-V2
EQ-FAN-120,2026-01-12 00:00:00+00:00,temperature_c,63.56,°C,2026-S1,synthétique,PROC-GEN-SMOTE-V2
EQ-FAN-120,2026-01-12 06:00:00+00:00,temperature_c,60.27,°C,2026-S1,synthétique,PROC-GEN-SMOTE-V2
EQ-FAN-120,2026-01-12 12:00:00+00:00,temperature_c,54.53,°C,2026-S1,synthétique,PROC-GEN-SMOTE-V2
EQ-FAN-120,2026-01-12 18:00:00+00:00,temperature_c,58.52,°C,2026-S1,synthétique,PROC-GEN-SMOTE-V2
EQ-FAN-120,2026-01-13 00:00:00+00:00,temperature_c,63.16,°C,2026-S1,synthétique,PROC-GEN-SMOTE-V2
EQ-FAN-120,2026-01-13 06:00:00+00:00,temperature_c,62.49,°C,2026-S1,synthétique,PROC-GEN-SMOTE-V2
EQ-FAN-120,2026-01-13 12:00:00+00:00,temperature_c,56.93,°C,2026-S1,synthétique,PROC-GEN-SMOTE-V2
EQ-FAN-120,2026-01-13 18:00:00+00:00,temperature_c,58.97,°C,2026-S1,synthétique,PROC-GEN-SMOTE-V2
EQ-FAN-120,2026-01-14 00:00:00+00:00,temperature_c,64.15,°C,2026-S1,synthétique,PROC-GEN-SMOTE-V2
EQ-FAN-120,2026-01-14 06:00:00+00:00,temperature_c,61.94,°C,2026-S1,synthétique,PROC-GEN-SMOTE-V2
EQ-FAN-120,2026-01-14 12:00:00+00:00,temperature_c,58.71,°C,2026-S1,synthétique,PROC-GEN-SMOTE-V2
EQ-FAN-120,2026-01-14 18:00:00+00:00,temperature_c,57.07,°C,2026-S1,synthétique,PROC-GEN-SMOTE-V2
EQ-FAN-120,2026-01-15 00:00:00+00:00,temperature_c,65.38,°C,2026-S1,synthétique,PROC-GEN-SMOTE-V2
EQ-FAN-120,2026-01-15 06:00:00+00:00,temperature_c,63.51,°C,2026-S1,synthétique,PROC-GEN-SMOTE-V2
EQ-FAN-120,2026-01-15 12:00:00+00:00,temperature_c,56.74,°C,2026-S1,synthétique,PROC-GEN-SMOTE-V2
EQ-FAN-120,2026-01-15 18:00:00+00:00,temperature_c,58.4,°C,2026-S1,synthétique,PROC-GEN-SMOTE-V2
EQ-FAN-120,2026-01-16 00:00:00+00:00,temperature_c,63.32,°C,2026-S1,synthétique,PROC-GEN-SMOTE-V2
EQ-FAN-120,2026-01-16 06:00:00+00:00,temperature_c,61.9,°C,2026-S1,synthétique,PROC-GEN-SMOTE-V2
EQ-FAN-120,2026-01-16 12:00:00+00:00,temperature_c,55.31,°C,2026-S1,synthétique,PROC-GEN-SMOTE-V2
EQ-FAN-120,2026-01-16 18:00:00+00:00,temperature_c,56.93,°C,2026-S1,synthétique,PROC-GEN-SMOTE-V2
EQ-FAN-120,2026-01-17 00:00:00+00:00,temperature_c,62.18,°C,2026-S1,synthétique,PROC-GEN-SMOTE-V2
EQ-FAN-120,2026-01-17 06:00:00+00:00,temperature_c,61.58,°C,2026-S1,synthétique,PROC-GEN-SMOTE-V2
EQ-FAN-120,2026-01-17 12:00:00+00:00,temperature_c,56.33,°C,2026-S1,synthétique,PROC-GEN-SMOTE-V2
EQ-FAN-120,2026-01-17 18:00:00+00:00,temperature_c,55.81,°C,2026-S1,synthétique,PROC-GEN-SMOTE-V2
EQ-FAN-120,2026-01-18 00:00:00+00:00,temperature_c,61.59,°C,2026-S1,synthétique,PROC-GEN-SMOTE-V2
EQ-FAN-120,2026-01-18 06:00:00+00:00,temperature_c,59.85,°C,2026-S1,synthétique,PROC-GEN-SMOTE-V2
EQ-FAN-120,2026-01-18 12:00:00+00:00,temperature_c,53.42,°C,2026-S1,synthétique,PROC-GEN-SMOTE-V2
EQ-FAN-120,2026-01-18 18:00:00+00:00,temperature_c,55.28,°C,2026-S1,synthétique,PROC-GEN-SMOTE-V2
EQ-FAN-120,2026-01-19 00:00:00+00:00,temperature_c,63.69,°C,2026-S1,synthétique,PROC-GEN-SMOTE-V2
EQ-FAN-120,2026-01-19 06:00:00+00:00,temperature_c,63.58,°C,2026-S1,synthétique,PROC-GEN-SMOTE-V2
EQ-FAN-120,2026-01-19 12:00:00+00:00,temperature_c,55.17,°C,2026-S1,synthétique,PROC-GEN-SMOTE-V2
EQ-FAN-120,2026-01-19 18:00:00+00:00,temperature_c,56.74,°C,2026-S1,synthétique,PROC-GEN-SMOTE-V2
EQ-FAN-120,2026-01-20 00:00:00+00:00,temperature_c,62.43,°C,2026-S1,synthétique,PROC-GEN-SMOTE-V2
EQ-FAN-120,2026-01-20 06:00:00+00:00,temperature_c,61.81,°C,2026-S1,synthétique,PROC-GEN-SMOTE-V2
EQ-FAN-120,2026-01-20 12:00:00+00:00,temperature_c,55.32,°C,2026-S1,synthétique,PROC-GEN-SMOTE-V2
EQ-FAN-120,2026-01-20 18:00:00+00:00,temperature_c,54.99,°C,2026-S1,synthétique,PROC-GEN-SMOTE-V2
EQ-FAN-120,2026-01-21 00:00:00+00:00,temperature_c,64.08,°C,2026-S1,synthétique,PROC-GEN-SMOTE-V2
EQ-FAN-120,2026-01-21 06:00:00+00:00,temperature_c,62.7,°C,2026-S1,synthétique,PROC-GEN-SMOTE-V2
EQ-FAN-120,2026-01-21 12:00:00+00:00,temperature_c,60.44,°C,2026-S1,synthétique,PROC-GEN-SMOTE-V2
EQ-FAN-120,2026-01-21 18:00:00+00:00,temperature_c,57.42,°C,2026-S1,synthétique,PROC-GEN-SMOTE-V2
EQ-FAN-120,2026-01-22 00:00:00+00:00,temperature_c,65.61,°C,2026-S1,synthétique,PROC-GEN-SMOTE-V2
EQ-FAN-120,2026-01-22 06:00:00+00:00,temperature_c,63.5,°C,2026-S1,synthétique,PROC-GEN-SMOTE-V2
EQ-FAN-120,2026-01-22 12:00:00+00:00,temperature_c,55.1,°C,2026-S1,synthétique,PROC-GEN-SMOTE-V2
EQ-FAN-120,2026-01-22 18:00:00+00:00,temperature_c,57.21,°C,2026-S1,synthétique,PROC-GEN-SMOTE-V2
EQ-FAN-120,2026-01-23 00:00:00+00:00,temperature_c,64.13,°C,2026-S1,synthétique,PROC-GEN-SMOTE-V2
EQ-FAN-120,2026-01-23 06:00:00+00:00,temperature_c,63.64,°C,2026-S1,synthétique,PROC-GEN-SMOTE-V2
EQ-FAN-120,2026-01-23 12:00:00+00:00,temperature_c,56.1,°C,2026-S1,synthétique,PROC-GEN-SMOTE-V2
EQ-FAN-120,2026-01-23 18:00:00+00:00,temperature_c,55.57,°C,2026-S1,synthétique,PROC-GEN-SMOTE-V2
EQ-FAN-120,2026-01-24 00:00:00+00:00,temperature_c,61.25,°C,2026-S1,synthétique,PROC-GEN-SMOTE-V2
EQ-FAN-120,2026-01-24 06:00:00+00:00,temperature_c,59.91,°C,2026-S1,synthétique,PROC-GEN-SMOTE-V2
EQ-FAN-120,2026-01-24 12:00:00+00:00,temperature_c,54.53,°C,2026-S1,synthétique,PROC-GEN-SMOTE-V2
EQ-FAN-120,2026-01-24 18:00:00+00:00,temperature_c,54.53,°C,2026-S1,synthétique,PROC-GEN-SMOTE-V2
EQ-FAN-120,2026-01-25 00:00:00+00:00,temperature_c,60.83,°C,2026-S1,synthétique,PROC-GEN-SMOTE-V2
EQ-FAN-120,2026-01-25 06:00:00+00:00,temperature_c,60.03,°C,2026-S1,synthétique,PROC-GEN-SMOTE-V2
EQ-FAN-120,2026-01-25 12:00:00+00:00,temperature_c,54.55,°C,2026-S1,synthétique,PROC-GEN-SMOTE-V2
EQ-FAN-120,2026-01-25 18:00:00+00:00,temperature_c,56.17,°C,2026-S1,synthétique,PROC-GEN-SMOTE-V2
EQ-FAN-120,2026-01-26 00:00:00+00:00,temperature_c,62.49,°C,2026-S1,synthétique,PROC-GEN-SMOTE-V2
EQ-FAN-120,2026-01-26 06:00:00+00:00,temperature_c,61.58,°C,2026-S1,synthétique,PROC-GEN-SMOTE-V2
EQ-FAN-120,2026-01-26 12:00:00+00:00,temperature_c,54.1,°C,2026-S1,synthétique,PROC-GEN-SMOTE-V2
EQ-FAN-120,2026-01-26 18:00:00+00:00,temperature_c,57.73,°C,2026-S1,synthétique,PROC-GEN-SMOTE-V2
EQ-FAN-120,2026-01-27 00:00:00+00:00,temperature_c,64.19,°C,2026-S1,synthétique,PROC-GEN-SMOTE-V2
EQ-FAN-120,2026-01-27 06:00:00+00:00,temperature_c,62.22,°C,2026-S1,synthétique,PROC-GEN-SMOTE-V2
EQ-FAN-120,2026-01-27 12:00:00+00:00,temperature_c,55.4,°C,2026-S1,synthétique,PROC-GEN-SMOTE-V2
EQ-FAN-120,2026-01-28 00:00:00+00:00,temperature_c,63.81,°C,2026-S1,synthétique,PROC-GEN-SMOTE-V2
EQ-FAN-120,2026-01-28 06:00:00+00:00,temperature_c,61.05,°C,2026-S1,synthétique,PROC-GEN-SMOTE-V2
EQ-FAN-120,2026-01-28 12:00:00+00:00,temperature_c,54.3,°C,2026-S1,synthétique,PROC-GEN-SMOTE-V2
EQ-FAN-120,2026-01-28 18:00:00+00:00,temperature_c,60.59,°C,2026-S1,synthétique,PROC-GEN-SMOTE-V2
EQ-FAN-120,2026-01-29 00:00:00+00:00,temperature_c,62.38,°C,2026-S1,synthétique,PROC-GEN-SMOTE-V2
EQ-FAN-120,2026-01-29 06:00:00+00:00,temperature_c,63.45,°C,2026-S1,synthétique,PROC-GEN-SMOTE-V2
EQ-FAN-120,2026-01-29 12:00:00+00:00,temperature_c,55.87,°C,2026-S1,synthétique,PROC-GEN-SMOTE-V2
EQ-FAN-120,2026-01-29 18:00:00+00:00,temperature_c,57.81,°C,2026-S1,synthétique,PROC-GEN-SMOTE-V2
EQ-FAN-120,2026-01-30 00:00:00+00:00,temperature_c,63.74,°C,2026-S1,synthétique,PROC-GEN-SMOTE-V2
EQ-FAN-120,2026-01-30 06:00:00+00:00,temperature_c,60.38,°C,2026-S1,synthétique,PROC-GEN-SMOTE-V2
EQ-FAN-120,2026-01-30 12:00:00+00:00,temperature_c,55.73,°C,2026-S1,synthétique,PROC-GEN-SMOTE-V2
EQ-FAN-120,2026-01-30 18:00:00+00:00,temperature_c,59.01,°C,2026-S1,synthétique,PROC-GEN-SMOTE-V2
EQ-FAN-120,2026-01-31 00:00:00+00:00,temperature_c,59.16,°C,2026-S1,synthétique,PROC-GEN-SMOTE-V2
EQ-FAN-120,2026-01-31 06:00:00+00:00,temperature_c,59.63,°C,2026-S1,synthétique,PROC-GEN-SMOTE-V2
EQ-FAN-120,2026-01-31 12:00:00+00:00,temperature_c,55.56,°C,2026-S1,synthétique,PROC-GEN-SMOTE-V2
EQ-FAN-120,2026-01-31 18:00:00+00:00,temperature_c,56.25,°C,2026-S1,synthétique,PROC-GEN-SMOTE-V2
EQ-OVEN-203,2026-01-02 00:00:00+00:00,temperature_c,60.88,°C,2026-S1,synthétique,PROC-GEN-SMOTE-V2
EQ-OVEN-203,2026-01-02 06:00:00+00:00,temperature_c,63.08,°C,2026-S1,synthétique,PROC-GEN-SMOTE-V2
EQ-OVEN-203,2026-01-02 12:00:00+00:00,temperature_c,46.32,°C,2026-S1,synthétique,PROC-GEN-SMOTE-V2
EQ-OVEN-203,2026-01-02 18:00:00+00:00,temperature_c,59.0,°C,2026-S1,synthétique,PROC-GEN-SMOTE-V2
EQ-OVEN-203,2026-01-03 00:00:00+00:00,temperature_c,57.03,°C,2026-S1,synthétique,PROC-GEN-SMOTE-V2
EQ-OVEN-203,2026-01-03 06:00:00+00:00,temperature_c,55.55,°C,2026-S1,synthétique,PROC-GEN-SMOTE-V2
EQ-OVEN-203,2026-01-03 12:00:00+00:00,temperature_c,53.92,°C,2026-S1,synthétique,PROC-GEN-SMOTE-V2
EQ-OVEN-203,2026-01-03 18:00:00+00:00,temperature_c,50.36,°C,2026-S1,synthétique,PROC-GEN-SMOTE-V2
EQ-OVEN-203,2026-01-04 00:00:00+00:00,temperature_c,53.64,°C,2026-S1,synthétique,PROC-GEN-SMOTE-V2
EQ-OVEN-203,2026-01-04 06:00:00+00:00,temperature_c,47.98,°C,2026-S1,synthétique,PROC-GEN-SMOTE-V2
EQ-OVEN-203,2026-01-04 12:00:00+00:00,temperature_c,62.1,°C,2026-S1,synthétique,PROC-GEN-SMOTE-V2
EQ-OVEN-203,2026-01-04 18:00:00+00:00,temperature_c,52.32,°C,2026-S1,synthétique,PROC-GEN-SMOTE-V2
EQ-OVEN-203,2026-01-05 00:00:00+00:00,temperature_c,58.65,°C,2026-S1,synthétique,PROC-GEN-SMOTE-V2
EQ-OVEN-203,2026-01-05 06:00:00+00:00,temperature_c,63.05,°C,2026-S1,synthétique,PROC-GEN-SMOTE-V2
EQ-OVEN-203,2026-01-05 12:00:00+00:00,temperature_c,55.68,°C,2026-S1,synthétique,PROC-GEN-SMOTE-V2
EQ-OVEN-203,2026-01-05 18:00:00+00:00,temperature_c,58.38,°C,2026-S1,synthétique,PROC-GEN-SMOTE-V2
EQ-OVEN-203,2026-01-06 00:00:00+00:00,temperature_c,57.81,°C,2026-S1,synthétique,PROC-GEN-SMOTE-V2
EQ-OVEN-203,2026-01-06 06:00:00+00:00,temperature_c,60.33,°C,2026-S1,synthétique,PROC-GEN-SMOTE-V2
EQ-OVEN-203,2026-01-06 12:00:00+00:00,temperature_c,46.41,°C,2026-S1,synthétique,PROC-GEN-SMOTE-V2
EQ-OVEN-203,2026-01-06 18:00:00+00:00,temperature_c,56.84,°C,2026-S1,synthétique,PROC-GEN-SMOTE-V2
EQ-OVEN-203,2026-01-07 00:00:00+00:00,temperature_c,58.29,°C,2026-S1,synthétique,PROC-GEN-SMOTE-V2
EQ-OVEN-203,2026-01-07 06:00:00+00:00,temperature_c,65.18,°C,2026-S1,synthétique,PROC-GEN-SMOTE-V2
EQ-OVEN-203,2026-01-07 12:00:00+00:00,temperature_c,66.95,°C,2026-S1,synthétique,PROC-GEN-SMOTE-V2
EQ-OVEN-203,2026-01-07 18:00:00+00:00,temperature_c,60.11,°C,2026-S1,synthétique,PROC-GEN-SMOTE-V2
EQ-OVEN-203,2026-01-08 00:00:00+00:00,temperature_c,59.82,°C,2026-S1,synthétique,PROC-GEN-SMOTE-V2
EQ-OVEN-203,2026-01-08 06:00:00+00:00,temperature_c,62.21,°C,2026-S1,synthétique,PROC-GEN-SMOTE-V2
EQ-OVEN-203,2026-01-08 12:00:00+00:00,temperature_c,52.39,°C,2026-S1,synthétique,PROC-GEN-SMOTE-V2
EQ-OVEN-203,2026-01-08 18:00:00+00:00,temperature_c,62.75,°C,2026-S1,synthétique,PROC-GEN-SMOTE-V2
EQ-OVEN-203,2026-01-09 00:00:00+00:00,temperature_c,57.18,°C,2026-S1,synthétique,PROC-GEN-SMOTE-V2
EQ-OVEN-203,2026-01-09 06:00:00+00:00,temperature_c,61.1,°C,2026-S1,synthétique,PROC-GEN-SMOTE-V2
EQ-OVEN-203,2026-01-09 12:00:00+00:00,temperature_c,66.02,°C,2026-S1,synthétique,PROC-GEN-SMOTE-V2
EQ-OVEN-203,2026-01-09 18:00:00+00:00,temperature_c,54.91,°C,2026-S1,synthétique,PROC-GEN-SMOTE-V2
EQ-OVEN-203,2026-01-10 00:00:00+00:00,temperature_c,60.77,°C,2026-S1,synthétique,PROC-GEN-SMOTE-V2
EQ-OVEN-203,2026-01-10 06:00:00+00:00,temperature_c,49.62,°C,2026-S1,synthétique,PROC-GEN-SMOTE-V2
EQ-OVEN-203,2026-01-10 12:00:00+00:00,temperature_c,49.38,°C,2026-S1,synthétique,PROC-GEN-SMOTE-V2
EQ-OVEN-203,2026-01-10 18:00:00+00:00,temperature_c,50.88,°C,2026-S1,synthétique,PROC-GEN-SMOTE-V2
EQ-OVEN-203,2026-01-11 00:00:00+00:00,temperature_c,56.18,°C,2026-S1,synthétique,PROC-GEN-SMOTE-V2
EQ-OVEN-203,2026-01-11 06:00:00+00:00,temperature_c,66.35,°C,2026-S1,synthétique,PROC-GEN-SMOTE-V2
EQ-OVEN-203,2026-01-11 12:00:00+00:00,temperature_c,50.02,°C,2026-S1,synthétique,PROC-GEN-SMOTE-V2
EQ-OVEN-203,2026-01-11 18:00:00+00:00,temperature_c,53.1,°C,2026-S1,synthétique,PROC-GEN-SMOTE-V2
EQ-OVEN-203,2026-01-12 00:00:00+00:00,temperature_c,56.64,°C,2026-S1,synthétique,PROC-GEN-SMOTE-V2
EQ-OVEN-203,2026-01-12 06:00:00+00:00,temperature_c,60.42,°C,2026-S1,synthétique,PROC-GEN-SMOTE-V2
EQ-OVEN-203,2026-01-12 12:00:00+00:00,temperature_c,54.68,°C,2026-S1,synthétique,PROC-GEN-SMOTE-V2
EQ-OVEN-203,2026-01-12 18:00:00+00:00,temperature_c,55.39,°C,2026-S1,synthétique,PROC-GEN-SMOTE-V2
EQ-OVEN-203,2026-01-13 00:00:00+00:00,temperature_c,60.9,°C,2026-S1,synthétique,PROC-GEN-SMOTE-V2
EQ-OVEN-203,2026-01-13 06:00:00+00:00,temperature_c,62.8,°C,2026-S1,synthétique,PROC-GEN-SMOTE-V2
EQ-OVEN-203,2026-01-13 12:00:00+00:00,temperature_c,64.64,°C,2026-S1,synthétique,PROC-GEN-SMOTE-V2
EQ-OVEN-203,2026-01-13 18:00:00+00:00,temperature_c,57.95,°C,2026-S1,synthétique,PROC-GEN-SMOTE-V2
EQ-OVEN-203,2026-01-14 00:00:00+00:00,temperature_c,64.78,°C,2026-S1,synthétique,PROC-GEN-SMOTE-V2
EQ-OVEN-203,2026-01-14 06:00:00+00:00,temperature_c,63.52,°C,2026-S1,synthétique,PROC-GEN-SMOTE-V2
EQ-OVEN-203,2026-01-14 12:00:00+00:00,temperature_c,56.56,°C,2026-S1,synthétique,PROC-GEN-SMOTE-V2
EQ-OVEN-203,2026-01-14 18:00:00+00:00,temperature_c,50.86,°C,2026-S1,synthétique,PROC-GEN-SMOTE-V2
EQ-OVEN-203,2026-01-15 00:00:00+00:00,temperature_c,59.68,°C,2026-S1,synthétique,PROC-GEN-SMOTE-V2
EQ-OVEN-203,2026-01-15 06:00:00+00:00,temperature_c,62.49,°C,2026-S1,synthétique,PROC-GEN-SMOTE-V2
EQ-OVEN-203,2026-01-15 12:00:00+00:00,temperature_c,55.37,°C,2026-S1,synthétique,PROC-GEN-SMOTE-V2
EQ-OVEN-203,2026-01-15 18:00:00+00:00,temperature_c,58.3,°C,2026-S1,synthétique,PROC-GEN-SMOTE-V2
EQ-OVEN-203,2026-01-16 00:00:00+00:00,temperature_c,59.74,°C,2026-S1,synthétique,PROC-GEN-SMOTE-V2
EQ-OVEN-203,2026-01-16 06:00:00+00:00,temperature_c,60.49,°C,2026-S1,synthétique,PROC-GEN-SMOTE-V2
EQ-OVEN-203,2026-01-16 12:00:00+00:00,temperature_c,59.45,°C,2026-S1,synthétique,PROC-GEN-SMOTE-V2
EQ-OVEN-203,2026-01-16 18:00:00+00:00,temperature_c,58.05,°C,2026-S1,synthétique,PROC-GEN-SMOTE-V2
EQ-OVEN-203,2026-01-17 00:00:00+00:00,temperature_c,56.14,°C,2026-S1,synthétique,PROC-GEN-SMOTE-V2
EQ-OVEN-203,2026-01-17 06:00:00+00:00,temperature_c,56.78,°C,2026-S1,synthétique,PROC-GEN-SMOTE-V2
EQ-OVEN-203,2026-01-17 12:00:00+00:00,temperature_c,55.11,°C,2026-S1,synthétique,PROC-GEN-SMOTE-V2
EQ-OVEN-203,2026-01-17 18:00:00+00:00,temperature_c,61.22,°C,2026-S1,synthétique,PROC-GEN-SMOTE-V2
EQ-OVEN-203,2026-01-18 00:00:00+00:00,temperature_c,52.61,°C,2026-S1,synthétique,PROC-GEN-SMOTE-V2
EQ-OVEN-203,2026-01-18 06:00:00+00:00,temperature_c,49.18,°C,2026-S1,synthétique,PROC-GEN-SMOTE-V2
EQ-OVEN-203,2026-01-18 12:00:00+00:00,temperature_c,58.99,°C,2026-S1,synthétique,PROC-GEN-SMOTE-V2
EQ-OVEN-203,2026-01-18 18:00:00+00:00,temperature_c,56.55,°C,2026-S1,synthétique,PROC-GEN-SMOTE-V2
EQ-OVEN-203,2026-01-19 00:00:00+00:00,temperature_c,60.73,°C,2026-S1,synthétique,PROC-GEN-SMOTE-V2
EQ-OVEN-203,2026-01-19 06:00:00+00:00,temperature_c,64.37,°C,2026-S1,synthétique,PROC-GEN-SMOTE-V2
EQ-OVEN-203,2026-01-19 12:00:00+00:00,temperature_c,53.49,°C,2026-S1,synthétique,PROC-GEN-SMOTE-V2
EQ-OVEN-203,2026-01-19 18:00:00+00:00,temperature_c,50.89,°C,2026-S1,synthétique,PROC-GEN-SMOTE-V2
EQ-OVEN-203,2026-01-20 00:00:00+00:00,temperature_c,61.6,°C,2026-S1,synthétique,PROC-GEN-SMOTE-V2
EQ-OVEN-203,2026-01-20 06:00:00+00:00,temperature_c,52.86,°C,2026-S1,synthétique,PROC-GEN-SMOTE-V2
EQ-OVEN-203,2026-01-20 12:00:00+00:00,temperature_c,52.44,°C,2026-S1,synthétique,PROC-GEN-SMOTE-V2
EQ-OVEN-203,2026-01-20 18:00:00+00:00,temperature_c,59.14,°C,2026-S1,synthétique,PROC-GEN-SMOTE-V2
EQ-OVEN-203,2026-01-21 00:00:00+00:00,temperature_c,56.97,°C,2026-S1,synthétique,PROC-GEN-SMOTE-V2
EQ-OVEN-203,2026-01-21 06:00:00+00:00,temperature_c,62.32,°C,2026-S1,synthétique,PROC-GEN-SMOTE-V2
EQ-OVEN-203,2026-01-21 12:00:00+00:00,temperature_c,66.2,°C,2026-S1,synthétique,PROC-GEN-SMOTE-V2
EQ-OVEN-203,2026-01-21 18:00:00+00:00,temperature_c,50.05,°C,2026-S1,synthétique,PROC-GEN-SMOTE-V2
EQ-OVEN-203,2026-01-22 00:00:00+00:00,temperature_c,57.59,°C,2026-S1,synthétique,PROC-GEN-SMOTE-V2
EQ-OVEN-203,2026-01-22 06:00:00+00:00,temperature_c,61.27,°C,2026-S1,synthétique,PROC-GEN-SMOTE-V2
EQ-OVEN-203,2026-01-22 12:00:00+00:00,temperature_c,54.48,°C,2026-S1,synthétique,PROC-GEN-SMOTE-V2
EQ-OVEN-203,2026-01-22 18:00:00+00:00,temperature_c,59.02,°C,2026-S1,synthétique,PROC-GEN-SMOTE-V2
EQ-OVEN-203,2026-01-23 00:00:00+00:00,temperature_c,59.51,°C,2026-S1,synthétique,PROC-GEN-SMOTE-V2
EQ-OVEN-203,2026-01-23 06:00:00+00:00,temperature_c,63.51,°C,2026-S1,synthétique,PROC-GEN-SMOTE-V2
EQ-OVEN-203,2026-01-23 12:00:00+00:00,temperature_c,55.93,°C,2026-S1,synthétique,PROC-GEN-SMOTE-V2
EQ-OVEN-203,2026-01-23 18:00:00+00:00,temperature_c,58.83,°C,2026-S1,synthétique,PROC-GEN-SMOTE-V2
EQ-OVEN-203,2026-01-24 00:00:00+00:00,temperature_c,54.74,°C,2026-S1,synthétique,PROC-GEN-SMOTE-V2
EQ-OVEN-203,2026-01-24 06:00:00+00:00,temperature_c,59.39,°C,2026-S1,synthétique,PROC-GEN-SMOTE-V2
EQ-OVEN-203,2026-01-24 12:00:00+00:00,temperature_c,62.31,°C,2026-S1,synthétique,PROC-GEN-SMOTE-V2
EQ-OVEN-203,2026-01-24 18:00:00+00:00,temperature_c,52.98,°C,2026-S1,synthétique,PROC-GEN-SMOTE-V2
EQ-OVEN-203,2026-01-25 00:00:00+00:00,temperature_c,55.69,°C,2026-S1,synthétique,PROC-GEN-SMOTE-V2
EQ-OVEN-203,2026-01-25 06:00:00+00:00,temperature_c,52.4,°C,2026-S1,synthétique,PROC-GEN-SMOTE-V2
EQ-OVEN-203,2026-01-25 12:00:00+00:00,temperature_c,53.22,°C,2026-S1,synthétique,PROC-GEN-SMOTE-V2
EQ-OVEN-203,2026-01-25 18:00:00+00:00,temperature_c,55.28,°C,2026-S1,synthétique,PROC-GEN-SMOTE-V2
EQ-OVEN-203,2026-01-26 00:00:00+00:00,temperature_c,58.36,°C,2026-S1,synthétique,PROC-GEN-SMOTE-V2
EQ-OVEN-203,2026-01-26 06:00:00+00:00,temperature_c,65.71,°C,2026-S1,synthétique,PROC-GEN-SMOTE-V2
EQ-OVEN-203,2026-01-26 12:00:00+00:00,temperature_c,55.67,°C,2026-S1,synthétique,PROC-GEN-SMOTE-V2
EQ-OVEN-203,2026-01-26 18:00:00+00:00,temperature_c,60.98,°C,2026-S1,synthétique,PROC-GEN-SMOTE-V2
EQ-OVEN-203,2026-01-27 00:00:00+00:00,temperature_c,64.16,°C,2026-S1,synthétique,PROC-GEN-SMOTE-V2
EQ-OVEN-203,2026-01-27 06:00:00+00:00,temperature_c,49.17,°C,2026-S1,synthétique,PROC-GEN-SMOTE-V2
EQ-OVEN-203,2026-01-27 12:00:00+00:00,temperature_c,55.54,°C,2026-S1,synthétique,PROC-GEN-SMOTE-V2
EQ-OVEN-203,2026-01-27 18:00:00+00:00,temperature_c,54.18,°C,2026-S1,synthétique,PROC-GEN-SMOTE-V2
EQ-OVEN-203,2026-01-28 00:00:00+00:00,temperature_c,59.68,°C,2026-S1,synthétique,PROC-GEN-SMOTE-V2
EQ-OVEN-203,2026-01-28 06:00:00+00:00,temperature_c,52.48,°C,2026-S1,synthétique,PROC-GEN-SMOTE-V2
EQ-OVEN-203,2026-01-28 12:00:00+00:00,temperature_c,53.39,°C,2026-S1,synthétique,PROC-GEN-SMOTE-V2
EQ-OVEN-203,2026-01-28 18:00:00+00:00,temperature_c,51.82,°C,2026-S1,synthétique,PROC-GEN-SMOTE-V2
EQ-OVEN-203,2026-01-29 00:00:00+00:00,temperature_c,64.61,°C,2026-S1,synthétique,PROC-GEN-SMOTE-V2
EQ-OVEN-203,2026-01-29 06:00:00+00:00,temperature_c,63.48,°C,2026-S1,synthétique,PROC-GEN-SMOTE-V2
EQ-OVEN-203,2026-01-29 12:00:00+00:00,temperature_c,51.2,°C,2026-S1,synthétique,PROC-GEN-SMOTE-V2
EQ-OVEN-203,2026-01-29 18:00:00+00:00,temperature_c,61.35,°C,2026-S1,synthétique,PROC-GEN-SMOTE-V2
EQ-OVEN-203,2026-01-30 00:00:00+00:00,temperature_c,62.22,°C,2026-S1,synthétique,PROC-GEN-SMOTE-V2
EQ-OVEN-203,2026-01-30 06:00:00+00:00,temperature_c,68.53,°C,2026-S1,synthétique,PROC-GEN-SMOTE-V2
EQ-OVEN-203,2026-01-30 12:00:00+00:00,temperature_c,61.58,°C,2026-S1,synthétique,PROC-GEN-SMOTE-V2
EQ-OVEN-203,2026-01-30 18:00:00+00:00,temperature_c,60.7,°C,2026-S1,synthétique,PROC-GEN-SMOTE-V2
EQ-OVEN-203,2026-01-31 00:00:00+00:00,temperature_c,53.68,°C,2026-S1,synthétique,PROC-GEN-SMOTE-V2
EQ-OVEN-203,2026-01-31 06:00:00+00:00,temperature_c,63.0,°C,2026-S1,synthétique,PROC-GEN-SMOTE-V2
EQ-OVEN-203,2026-01-31 12:00:00+00:00,temperature_c,42.92,°C,2026-S1,synthétique,PROC-GEN-SMOTE-V2
EQ-OVEN-203,2026-01-31 18:00:00+00:00,temperature_c,56.28,°C,2026-S1,synthétique,PROC-GEN-SMOTE-V2
EQ-PUMP-002,2026-01-02 00:00:00+00:00,temperature_c,65.28,°C,2026-S1,synthétique,PROC-GEN-SMOTE-V2
EQ-PUMP-002,2026-01-02 06:00:00+00:00,temperature_c,60.67,°C,2026-S1,synthétique,PROC-GEN-SMOTE-V2
EQ-PUMP-002,2026-01-02 12:00:00+00:00,temperature_c,56.66,°C,2026-S1,synthétique,PROC-GEN-SMOTE-V2
EQ-PUMP-002,2026-01-02 18:00:00+00:00,temperature_c,54.03,°C,2026-S1,synthétique,PROC-GEN-SMOTE-V2
EQ-PUMP-002,2026-01-03 00:00:00+00:00,temperature_c,60.74,°C,2026-S1,synthétique,PROC-GEN-SMOTE-V2
EQ-PUMP-002,2026-01-03 06:00:00+00:00,temperature_c,57.73,°C,2026-S1,synthétique,PROC-GEN-SMOTE-V2
EQ-PUMP-002,2026-01-03 12:00:00+00:00,temperature_c,56.14,°C,2026-S1,synthétique,PROC-GEN-SMOTE-V2
EQ-PUMP-002,2026-01-03 18:00:00+00:00,temperature_c,52.0,°C,2026-S1,synthétique,PROC-GEN-SMOTE-V2
EQ-PUMP-002,2026-01-04 00:00:00+00:00,temperature_c,50.85,°C,2026-S1,synthétique,PROC-GEN-SMOTE-V2
EQ-PUMP-002,2026-01-04 06:00:00+00:00,temperature_c,63.34,°C,2026-S1,synthétique,PROC-GEN-SMOTE-V2
EQ-PUMP-002,2026-01-04 12:00:00+00:00,temperature_c,55.49,°C,2026-S1,synthétique,PROC-GEN-SMOTE-V2
EQ-PUMP-002,2026-01-04 18:00:00+00:00,temperature_c,48.14,°C,2026-S1,synthétique,PROC-GEN-SMOTE-V2
EQ-PUMP-002,2026-01-05 00:00:00+00:00,temperature_c,65.74,°C,2026-S1,synthétique,PROC-GEN-SMOTE-V2
EQ-PUMP-002,2026-01-05 06:00:00+00:00,temperature_c,62.54,°C,2026-S1,synthétique,PROC-GEN-SMOTE-V2
EQ-PUMP-002,2026-01-05 12:00:00+00:00,temperature_c,55.79,°C,2026-S1,synthétique,PROC-GEN-SMOTE-V2
EQ-PUMP-002,2026-01-05 18:00:00+00:00,temperature_c,53.83,°C,2026-S1,synthétique,PROC-GEN-SMOTE-V2
EQ-PUMP-002,2026-01-06 00:00:00+00:00,temperature_c,58.01,°C,2026-S1,synthétique,PROC-GEN-SMOTE-V2
EQ-PUMP-002,2026-01-06 06:00:00+00:00,temperature_c,58.43,°C,2026-S1,synthétique,PROC-GEN-SMOTE-V2
EQ-PUMP-002,2026-01-06 12:00:00+00:00,temperature_c,56.63,°C,2026-S1,synthétique,PROC-GEN-SMOTE-V2
EQ-PUMP-002,2026-01-06 18:00:00+00:00,temperature_c,52.43,°C,2026-S1,synthétique,PROC-GEN-SMOTE-V2
EQ-PUMP-002,2026-01-07 00:00:00+00:00,temperature_c,48.46,°C,2026-S1,synthétique,PROC-GEN-SMOTE-V2
EQ-PUMP-002,2026-01-07 06:00:00+00:00,temperature_c,57.04,°C,2026-S1,synthétique,PROC-GEN-SMOTE-V2
EQ-PUMP-002,2026-01-07 12:00:00+00:00,temperature_c,58.38,°C,2026-S1,synthétique,PROC-GEN-SMOTE-V2
EQ-PUMP-002,2026-01-07 18:00:00+00:00,temperature_c,51.06,°C,2026-S1,synthétique,PROC-GEN-SMOTE-V2
EQ-PUMP-002,2026-01-08 00:00:00+00:00,temperature_c,67.03,°C,2026-S1,synthétique,PROC-GEN-SMOTE-V2
EQ-PUMP-002,2026-01-08 06:00:00+00:00,temperature_c,64.87,°C,2026-S1,synthétique,PROC-GEN-SMOTE-V2
EQ-PUMP-002,2026-01-08 12:00:00+00:00,temperature_c,57.89,°C,2026-S1,synthétique,PROC-GEN-SMOTE-V2
EQ-PUMP-002,2026-01-08 18:00:00+00:00,temperature_c,51.79,°C,2026-S1,synthétique,PROC-GEN-SMOTE-V2
EQ-PUMP-002,2026-01-09 00:00:00+00:00,temperature_c,50.76,°C,2026-S1,synthétique,PROC-GEN-SMOTE-V2
EQ-PUMP-002,2026-01-09 06:00:00+00:00,temperature_c,65.05,°C,2026-S1,synthétique,PROC-GEN-SMOTE-V2
EQ-PUMP-002,2026-01-09 12:00:00+00:00,temperature_c,55.57,°C,2026-S1,synthétique,PROC-GEN-SMOTE-V2
EQ-PUMP-002,2026-01-09 18:00:00+00:00,temperature_c,55.34,°C,2026-S1,synthétique,PROC-GEN-SMOTE-V2
EQ-PUMP-002,2026-01-10 00:00:00+00:00,temperature_c,61.21,°C,2026-S1,synthétique,PROC-GEN-SMOTE-V2
EQ-PUMP-002,2026-01-10 06:00:00+00:00,temperature_c,63.83,°C,2026-S1,synthétique,PROC-GEN-SMOTE-V2
EQ-PUMP-002,2026-01-10 12:00:00+00:00,temperature_c,54.09,°C,2026-S1,synthétique,PROC-GEN-SMOTE-V2
EQ-PUMP-002,2026-01-10 18:00:00+00:00,temperature_c,49.44,°C,2026-S1,synthétique,PROC-GEN-SMOTE-V2
EQ-PUMP-002,2026-01-11 00:00:00+00:00,temperature_c,49.58,°C,2026-S1,synthétique,PROC-GEN-SMOTE-V2
EQ-PUMP-002,2026-01-11 06:00:00+00:00,temperature_c,60.79,°C,2026-S1,synthétique,PROC-GEN-SMOTE-V2
EQ-PUMP-002,2026-01-11 12:00:00+00:00,temperature_c,58.94,°C,2026-S1,synthétique,PROC-GEN-SMOTE-V2
EQ-PUMP-002,2026-01-11 18:00:00+00:00,temperature_c,54.32,°C,2026-S1,synthétique,PROC-GEN-SMOTE-V2
EQ-PUMP-002,2026-01-12 00:00:00+00:00,temperature_c,55.25,°C,2026-S1,synthétique,PROC-GEN-SMOTE-V2
EQ-PUMP-002,2026-01-12 06:00:00+00:00,temperature_c,63.33,°C,2026-S1,synthétique,PROC-GEN-SMOTE-V2
EQ-PUMP-002,2026-01-12 12:00:00+00:00,temperature_c,58.12,°C,2026-S1,synthétique,PROC-GEN-SMOTE-V2
EQ-PUMP-002,2026-01-12 18:00:00+00:00,temperature_c,55.45,°C,2026-S1,synthétique,PROC-GEN-SMOTE-V2
EQ-PUMP-002,2026-01-13 00:00:00+00:00,temperature_c,67.17,°C,2026-S1,synthétique,PROC-GEN-SMOTE-V2
EQ-PUMP-002,2026-01-13 06:00:00+00:00,temperature_c,62.38,°C,2026-S1,synthétique,PROC-GEN-SMOTE-V2
EQ-PUMP-002,2026-01-13 12:00:00+00:00,temperature_c,56.98,°C,2026-S1,synthétique,PROC-GEN-SMOTE-V2
EQ-PUMP-002,2026-01-13 18:00:00+00:00,temperature_c,55.14,°C,2026-S1,synthétique,PROC-GEN-SMOTE-V2
EQ-PUMP-002,2026-01-14 00:00:00+00:00,temperature_c,60.55,°C,2026-S1,synthétique,PROC-GEN-SMOTE-V2
EQ-PUMP-002,2026-01-14 06:00:00+00:00,temperature_c,63.44,°C,2026-S1,synthétique,PROC-GEN-SMOTE-V2
EQ-PUMP-002,2026-01-14 12:00:00+00:00,temperature_c,57.51,°C,2026-S1,synthétique,PROC-GEN-SMOTE-V2
EQ-PUMP-002,2026-01-14 18:00:00+00:00,temperature_c,55.12,°C,2026-S1,synthétique,PROC-GEN-SMOTE-V2
EQ-PUMP-002,2026-01-15 00:00:00+00:00,temperature_c,60.44,°C,2026-S1,synthétique,PROC-GEN-SMOTE-V2
EQ-PUMP-002,2026-01-15 06:00:00+00:00,temperature_c,64.13,°C,2026-S1,synthétique,PROC-GEN-SMOTE-V2
EQ-PUMP-002,2026-01-15 12:00:00+00:00,temperature_c,57.07,°C,2026-S1,synthétique,PROC-GEN-SMOTE-V2
EQ-PUMP-002,2026-01-15 18:00:00+00:00,temperature_c,59.65,°C,2026-S1,synthétique,PROC-GEN-SMOTE-V2
EQ-PUMP-002,2026-01-16 00:00:00+00:00,temperature_c,63.49,°C,2026-S1,synthétique,PROC-GEN-SMOTE-V2
EQ-PUMP-002,2026-01-16 06:00:00+00:00,temperature_c,62.66,°C,2026-S1,synthétique,PROC-GEN-SMOTE-V2
EQ-PUMP-002,2026-01-16 12:00:00+00:00,temperature_c,60.06,°C,2026-S1,synthétique,PROC-GEN-SMOTE-V2
EQ-PUMP-002,2026-01-16 18:00:00+00:00,temperature_c,64.29,°C,2026-S1,synthétique,PROC-GEN-SMOTE-V2
EQ-PUMP-002,2026-01-17 00:00:00+00:00,temperature_c,70.35,°C,2026-S1,synthétique,PROC-GEN-SMOTE-V2
EQ-PUMP-002,2026-01-17 06:00:00+00:00,temperature_c,68.05,°C,2026-S1,synthétique,PROC-GEN-SMOTE-V2
EQ-PUMP-002,2026-01-17 12:00:00+00:00,temperature_c,59.27,°C,2026-S1,synthétique,PROC-GEN-SMOTE-V2
EQ-PUMP-002,2026-01-17 18:00:00+00:00,temperature_c,56.07,°C,2026-S1,synthétique,PROC-GEN-SMOTE-V2
EQ-PUMP-002,2026-01-18 00:00:00+00:00,temperature_c,60.65,°C,2026-S1,synthétique,PROC-GEN-SMOTE-V2
EQ-PUMP-002,2026-01-18 06:00:00+00:00,temperature_c,61.62,°C,2026-S1,synthétique,PROC-GEN-SMOTE-V2
EQ-PUMP-002,2026-01-18 12:00:00+00:00,temperature_c,58.43,°C,2026-S1,synthétique,PROC-GEN-SMOTE-V2
EQ-PUMP-002,2026-01-18 18:00:00+00:00,temperature_c,49.61,°C,2026-S1,synthétique,PROC-GEN-SMOTE-V2
EQ-PUMP-002,2026-01-19 00:00:00+00:00,temperature_c,61.96,°C,2026-S1,synthétique,PROC-GEN-SMOTE-V2
EQ-PUMP-002,2026-01-19 06:00:00+00:00,temperature_c,61.17,°C,2026-S1,synthétique,PROC-GEN-SMOTE-V2
EQ-PUMP-002,2026-01-19 12:00:00+00:00,temperature_c,59.15,°C,2026-S1,synthétique,PROC-GEN-SMOTE-V2
EQ-PUMP-002,2026-01-19 18:00:00+00:00,temperature_c,53.66,°C,2026-S1,synthétique,PROC-GEN-SMOTE-V2
EQ-PUMP-002,2026-01-20 00:00:00+00:00,temperature_c,52.04,°C,2026-S1,synthétique,PROC-GEN-SMOTE-V2
EQ-PUMP-002,2026-01-20 06:00:00+00:00,temperature_c,59.69,°C,2026-S1,synthétique,PROC-GEN-SMOTE-V2
EQ-PUMP-002,2026-01-20 12:00:00+00:00,temperature_c,61.19,°C,2026-S1,synthétique,PROC-GEN-SMOTE-V2
EQ-PUMP-002,2026-01-20 18:00:00+00:00,temperature_c,53.8,°C,2026-S1,synthétique,PROC-GEN-SMOTE-V2
EQ-PUMP-002,2026-01-21 00:00:00+00:00,temperature_c,61.92,°C,2026-S1,synthétique,PROC-GEN-SMOTE-V2
EQ-PUMP-002,2026-01-21 06:00:00+00:00,temperature_c,62.43,°C,2026-S1,synthétique,PROC-GEN-SMOTE-V2
EQ-PUMP-002,2026-01-21 12:00:00+00:00,temperature_c,54.44,°C,2026-S1,synthétique,PROC-GEN-SMOTE-V2
EQ-PUMP-002,2026-01-21 18:00:00+00:00,temperature_c,52.93,°C,2026-S1,synthétique,PROC-GEN-SMOTE-V2
EQ-PUMP-002,2026-01-22 00:00:00+00:00,temperature_c,55.94,°C,2026-S1,synthétique,PROC-GEN-SMOTE-V2
EQ-PUMP-002,2026-01-22 06:00:00+00:00,temperature_c,64.45,°C,2026-S1,synthétique,PROC-GEN-SMOTE-V2
EQ-PUMP-002,2026-01-22 12:00:00+00:00,temperature_c,56.56,°C,2026-S1,synthétique,PROC-GEN-SMOTE-V2
EQ-PUMP-002,2026-01-22 18:00:00+00:00,temperature_c,49.67,°C,2026-S1,synthétique,PROC-GEN-SMOTE-V2
EQ-PUMP-002,2026-01-23 00:00:00+00:00,temperature_c,65.51,°C,2026-S1,synthétique,PROC-GEN-SMOTE-V2
EQ-PUMP-002,2026-01-23 06:00:00+00:00,temperature_c,60.5,°C,2026-S1,synthétique,PROC-GEN-SMOTE-V2
EQ-PUMP-002,2026-01-23 12:00:00+00:00,temperature_c,56.27,°C,2026-S1,synthétique,PROC-GEN-SMOTE-V2
EQ-PUMP-002,2026-01-23 18:00:00+00:00,temperature_c,51.71,°C,2026-S1,synthétique,PROC-GEN-SMOTE-V2
EQ-PUMP-002,2026-01-24 00:00:00+00:00,temperature_c,62.31,°C,2026-S1,synthétique,PROC-GEN-SMOTE-V2
EQ-PUMP-002,2026-01-24 06:00:00+00:00,temperature_c,62.21,°C,2026-S1,synthétique,PROC-GEN-SMOTE-V2
EQ-PUMP-002,2026-01-24 12:00:00+00:00,temperature_c,55.34,°C,2026-S1,synthétique,PROC-GEN-SMOTE-V2
EQ-PUMP-002,2026-01-24 18:00:00+00:00,temperature_c,56.52,°C,2026-S1,synthétique,PROC-GEN-SMOTE-V2
EQ-PUMP-002,2026-01-25 00:00:00+00:00,temperature_c,53.35,°C,2026-S1,synthétique,PROC-GEN-SMOTE-V2
EQ-PUMP-002,2026-01-25 06:00:00+00:00,temperature_c,61.74,°C,2026-S1,synthétique,PROC-GEN-SMOTE-V2
EQ-PUMP-002,2026-01-25 12:00:00+00:00,temperature_c,55.12,°C,2026-S1,synthétique,PROC-GEN-SMOTE-V2
EQ-PUMP-002,2026-01-25 18:00:00+00:00,temperature_c,53.95,°C,2026-S1,synthétique,PROC-GEN-SMOTE-V2
EQ-PUMP-002,2026-01-26 00:00:00+00:00,temperature_c,60.28,°C,2026-S1,synthétique,PROC-GEN-SMOTE-V2
EQ-PUMP-002,2026-01-26 06:00:00+00:00,temperature_c,61.89,°C,2026-S1,synthétique,PROC-GEN-SMOTE-V2
EQ-PUMP-002,2026-01-26 12:00:00+00:00,temperature_c,58.92,°C,2026-S1,synthétique,PROC-GEN-SMOTE-V2
EQ-PUMP-002,2026-01-26 18:00:00+00:00,temperature_c,60.82,°C,2026-S1,synthétique,PROC-GEN-SMOTE-V2
EQ-PUMP-002,2026-01-27 00:00:00+00:00,temperature_c,59.86,°C,2026-S1,synthétique,PROC-GEN-SMOTE-V2
EQ-PUMP-002,2026-01-27 06:00:00+00:00,temperature_c,58.52,°C,2026-S1,synthétique,PROC-GEN-SMOTE-V2
EQ-PUMP-002,2026-01-27 12:00:00+00:00,temperature_c,58.43,°C,2026-S1,synthétique,PROC-GEN-SMOTE-V2
EQ-PUMP-002,2026-01-27 18:00:00+00:00,temperature_c,51.03,°C,2026-S1,synthétique,PROC-GEN-SMOTE-V2
EQ-PUMP-002,2026-01-28 00:00:00+00:00,temperature_c,57.61,°C,2026-S1,synthétique,PROC-GEN-SMOTE-V2
EQ-PUMP-002,2026-01-28 06:00:00+00:00,temperature_c,61.04,°C,2026-S1,synthétique,PROC-GEN-SMOTE-V2
EQ-PUMP-002,2026-01-28 12:00:00+00:00,temperature_c,58.07,°C,2026-S1,synthétique,PROC-GEN-SMOTE-V2
EQ-PUMP-002,2026-01-28 18:00:00+00:00,temperature_c,57.16,°C,2026-S1,synthétique,PROC-GEN-SMOTE-V2
EQ-PUMP-002,2026-01-29 00:00:00+00:00,temperature_c,67.15,°C,2026-S1,synthétique,PROC-GEN-SMOTE-V2
EQ-PUMP-002,2026-01-29 06:00:00+00:00,temperature_c,61.53,°C,2026-S1,synthétique,PROC-GEN-SMOTE-V2
EQ-PUMP-002,2026-01-29 12:00:00+00:00,temperature_c,59.71,°C,2026-S1,synthétique,PROC-GEN-SMOTE-V2
EQ-PUMP-002,2026-01-29 18:00:00+00:00,temperature_c,54.33,°C,2026-S1,synthétique,PROC-GEN-SMOTE-V2
EQ-PUMP-002,2026-01-30 00:00:00+00:00,temperature_c,62.72,°C,2026-S1,synthétique,PROC-GEN-SMOTE-V2
EQ-PUMP-002,2026-01-30 06:00:00+00:00,temperature_c,56.77,°C,2026-S1,synthétique,PROC-GEN-SMOTE-V2
EQ-PUMP-002,2026-01-30 12:00:00+00:00,temperature_c,59.67,°C,2026-S1,synthétique,PROC-GEN-SMOTE-V2
EQ-PUMP-002,2026-01-30 18:00:00+00:00,temperature_c,53.13,°C,2026-S1,synthétique,PROC-GEN-SMOTE-V2
EQ-PUMP-002,2026-01-31 00:00:00+00:00,temperature_c,59.79,°C,2026-S1,synthétique,PROC-GEN-SMOTE-V2
EQ-PUMP-002,2026-01-31 06:00:00+00:00,temperature_c,60.94,°C,2026-S1,synthétique,PROC-GEN-SMOTE-V2
EQ-PUMP-002,2026-01-31 12:00:00+00:00,temperature_c,58.26,°C,2026-S1,synthétique,PROC-GEN-SMOTE-V2
EQ-PUMP-002,2026-01-31 18:00:00+00:00,temperature_c,52.7,°C,2026-S1,synthétique,PROC-GEN-SMOTE-V2
EQ-PUMP-230,2026-01-02 00:00:00+00:00,temperature_c,56.44,°C,2026-S1,synthétique,PROC-GEN-SMOTE-V2
EQ-PUMP-230,2026-01-02 06:00:00+00:00,temperature_c,64.97,°C,2026-S1,synthétique,PROC-GEN-SMOTE-V2
EQ-PUMP-230,2026-01-02 12:00:00+00:00,temperature_c,61.23,°C,2026-S1,synthétique,PROC-GEN-SMOTE-V2
EQ-PUMP-230,2026-01-02 18:00:00+00:00,temperature_c,58.32,°C,2026-S1,synthétique,PROC-GEN-SMOTE-V2
EQ-PUMP-230,2026-01-03 00:00:00+00:00,temperature_c,53.12,°C,2026-S1,synthétique,PROC-GEN-SMOTE-V2
EQ-PUMP-230,2026-01-03 06:00:00+00:00,temperature_c,58.65,°C,2026-S1,synthétique,PROC-GEN-SMOTE-V2
EQ-PUMP-230,2026-01-03 12:00:00+00:00,temperature_c,59.92,°C,2026-S1,synthétique,PROC-GEN-SMOTE-V2
EQ-PUMP-230,2026-01-03 18:00:00+00:00,temperature_c,51.4,°C,2026-S1,synthétique,PROC-GEN-SMOTE-V2
EQ-PUMP-230,2026-01-04 00:00:00+00:00,temperature_c,58.65,°C,2026-S1,synthétique,PROC-GEN-SMOTE-V2
EQ-PUMP-230,2026-01-04 06:00:00+00:00,temperature_c,58.7,°C,2026-S1,synthétique,PROC-GEN-SMOTE-V2
EQ-PUMP-230,2026-01-04 12:00:00+00:00,temperature_c,54.14,°C,2026-S1,synthétique,PROC-GEN-SMOTE-V2
EQ-PUMP-230,2026-01-04 18:00:00+00:00,temperature_c,49.52,°C,2026-S1,synthétique,PROC-GEN-SMOTE-V2
EQ-PUMP-230,2026-01-05 00:00:00+00:00,temperature_c,59.52,°C,2026-S1,synthétique,PROC-GEN-SMOTE-V2
EQ-PUMP-230,2026-01-05 06:00:00+00:00,temperature_c,63.11,°C,2026-S1,synthétique,PROC-GEN-SMOTE-V2
EQ-PUMP-230,2026-01-05 12:00:00+00:00,temperature_c,59.98,°C,2026-S1,synthétique,PROC-GEN-SMOTE-V2
EQ-PUMP-230,2026-01-05 18:00:00+00:00,temperature_c,54.22,°C,2026-S1,synthétique,PROC-GEN-SMOTE-V2
EQ-PUMP-230,2026-01-06 00:00:00+00:00,temperature_c,61.03,°C,2026-S1,synthétique,PROC-GEN-SMOTE-V2
EQ-PUMP-230,2026-01-06 06:00:00+00:00,temperature_c,58.86,°C,2026-S1,synthétique,PROC-GEN-SMOTE-V2
EQ-PUMP-230,2026-01-06 12:00:00+00:00,temperature_c,59.73,°C,2026-S1,synthétique,PROC-GEN-SMOTE-V2
EQ-PUMP-230,2026-01-06 18:00:00+00:00,temperature_c,55.66,°C,2026-S1,synthétique,PROC-GEN-SMOTE-V2
EQ-PUMP-230,2026-01-07 00:00:00+00:00,temperature_c,55.28,°C,2026-S1,synthétique,PROC-GEN-SMOTE-V2
EQ-PUMP-230,2026-01-07 06:00:00+00:00,temperature_c,60.39,°C,2026-S1,synthétique,PROC-GEN-SMOTE-V2
EQ-PUMP-230,2026-01-07 12:00:00+00:00,temperature_c,55.64,°C,2026-S1,synthétique,PROC-GEN-SMOTE-V2
EQ-PUMP-230,2026-01-07 18:00:00+00:00,temperature_c,54.79,°C,2026-S1,synthétique,PROC-GEN-SMOTE-V2
EQ-PUMP-230,2026-01-08 00:00:00+00:00,temperature_c,57.61,°C,2026-S1,synthétique,PROC-GEN-SMOTE-V2
EQ-PUMP-230,2026-01-08 06:00:00+00:00,temperature_c,61.95,°C,2026-S1,synthétique,PROC-GEN-SMOTE-V2
EQ-PUMP-230,2026-01-08 12:00:00+00:00,temperature_c,56.27,°C,2026-S1,synthétique,PROC-GEN-SMOTE-V2
EQ-PUMP-230,2026-01-08 18:00:00+00:00,temperature_c,52.48,°C,2026-S1,synthétique,PROC-GEN-SMOTE-V2
EQ-PUMP-230,2026-01-09 00:00:00+00:00,temperature_c,55.43,°C,2026-S1,synthétique,PROC-GEN-SMOTE-V2
EQ-PUMP-230,2026-01-09 06:00:00+00:00,temperature_c,66.78,°C,2026-S1,synthétique,PROC-GEN-SMOTE-V2
EQ-PUMP-230,2026-01-09 12:00:00+00:00,temperature_c,56.34,°C,2026-S1,synthétique,PROC-GEN-SMOTE-V2
EQ-PUMP-230,2026-01-09 18:00:00+00:00,temperature_c,58.61,°C,2026-S1,synthétique,PROC-GEN-SMOTE-V2
EQ-PUMP-230,2026-01-10 00:00:00+00:00,temperature_c,58.17,°C,2026-S1,synthétique,PROC-GEN-SMOTE-V2
EQ-PUMP-230,2026-01-10 06:00:00+00:00,temperature_c,57.61,°C,2026-S1,synthétique,PROC-GEN-SMOTE-V2
EQ-PUMP-230,2026-01-10 12:00:00+00:00,temperature_c,59.22,°C,2026-S1,synthétique,PROC-GEN-SMOTE-V2
EQ-PUMP-230,2026-01-10 18:00:00+00:00,temperature_c,49.02,°C,2026-S1,synthétique,PROC-GEN-SMOTE-V2
EQ-PUMP-230,2026-01-11 00:00:00+00:00,temperature_c,53.18,°C,2026-S1,synthétique,PROC-GEN-SMOTE-V2
EQ-PUMP-230,2026-01-11 06:00:00+00:00,temperature_c,57.67,°C,2026-S1,synthétique,PROC-GEN-SMOTE-V2
EQ-PUMP-230,2026-01-11 12:00:00+00:00,temperature_c,58.68,°C,2026-S1,synthétique,PROC-GEN-SMOTE-V2
EQ-PUMP-230,2026-01-11 18:00:00+00:00,temperature_c,49.01,°C,2026-S1,synthétique,PROC-GEN-SMOTE-V2
EQ-PUMP-230,2026-01-12 00:00:00+00:00,temperature_c,55.54,°C,2026-S1,synthétique,PROC-GEN-SMOTE-V2
EQ-PUMP-230,2026-01-12 06:00:00+00:00,temperature_c,65.96,°C,2026-S1,synthétique,PROC-GEN-SMOTE-V2
EQ-PUMP-230,2026-01-12 12:00:00+00:00,temperature_c,59.89,°C,2026-S1,synthétique,PROC-GEN-SMOTE-V2
EQ-PUMP-230,2026-01-12 18:00:00+00:00,temperature_c,53.87,°C,2026-S1,synthétique,PROC-GEN-SMOTE-V2
EQ-PUMP-230,2026-01-13 00:00:00+00:00,temperature_c,55.96,°C,2026-S1,synthétique,PROC-GEN-SMOTE-V2
EQ-PUMP-230,2026-01-13 06:00:00+00:00,temperature_c,61.0,°C,2026-S1,synthétique,PROC-GEN-SMOTE-V2
EQ-PUMP-230,2026-01-13 12:00:00+00:00,temperature_c,58.64,°C,2026-S1,synthétique,PROC-GEN-SMOTE-V2
EQ-PUMP-230,2026-01-13 18:00:00+00:00,temperature_c,52.56,°C,2026-S1,synthétique,PROC-GEN-SMOTE-V2
EQ-PUMP-230,2026-01-14 00:00:00+00:00,temperature_c,54.32,°C,2026-S1,synthétique,PROC-GEN-SMOTE-V2
EQ-PUMP-230,2026-01-14 06:00:00+00:00,temperature_c,60.01,°C,2026-S1,synthétique,PROC-GEN-SMOTE-V2
EQ-PUMP-230,2026-01-14 12:00:00+00:00,temperature_c,56.57,°C,2026-S1,synthétique,PROC-GEN-SMOTE-V2
EQ-PUMP-230,2026-01-14 18:00:00+00:00,temperature_c,60.0,°C,2026-S1,synthétique,PROC-GEN-SMOTE-V2
EQ-PUMP-230,2026-01-15 00:00:00+00:00,temperature_c,59.7,°C,2026-S1,synthétique,PROC-GEN-SMOTE-V2
EQ-PUMP-230,2026-01-15 06:00:00+00:00,temperature_c,61.88,°C,2026-S1,synthétique,PROC-GEN-SMOTE-V2
EQ-PUMP-230,2026-01-15 12:00:00+00:00,temperature_c,56.76,°C,2026-S1,synthétique,PROC-GEN-SMOTE-V2
EQ-PUMP-230,2026-01-15 18:00:00+00:00,temperature_c,51.12,°C,2026-S1,synthétique,PROC-GEN-SMOTE-V2
EQ-PUMP-230,2026-01-16 00:00:00+00:00,temperature_c,59.32,°C,2026-S1,synthétique,PROC-GEN-SMOTE-V2
EQ-PUMP-230,2026-01-16 06:00:00+00:00,temperature_c,64.35,°C,2026-S1,synthétique,PROC-GEN-SMOTE-V2
EQ-PUMP-230,2026-01-16 12:00:00+00:00,temperature_c,57.04,°C,2026-S1,synthétique,PROC-GEN-SMOTE-V2
EQ-PUMP-230,2026-01-16 18:00:00+00:00,temperature_c,52.85,°C,2026-S1,synthétique,PROC-GEN-SMOTE-V2
EQ-PUMP-230,2026-01-17 00:00:00+00:00,temperature_c,58.25,°C,2026-S1,synthétique,PROC-GEN-SMOTE-V2
EQ-PUMP-230,2026-01-17 06:00:00+00:00,temperature_c,60.29,°C,2026-S1,synthétique,PROC-GEN-SMOTE-V2
EQ-PUMP-230,2026-01-17 12:00:00+00:00,temperature_c,57.86,°C,2026-S1,synthétique,PROC-GEN-SMOTE-V2
EQ-PUMP-230,2026-01-17 18:00:00+00:00,temperature_c,54.87,°C,2026-S1,synthétique,PROC-GEN-SMOTE-V2
EQ-PUMP-230,2026-01-18 00:00:00+00:00,temperature_c,54.84,°C,2026-S1,synthétique,PROC-GEN-SMOTE-V2
EQ-PUMP-230,2026-01-18 06:00:00+00:00,temperature_c,61.32,°C,2026-S1,synthétique,PROC-GEN-SMOTE-V2
EQ-PUMP-230,2026-01-18 12:00:00+00:00,temperature_c,58.03,°C,2026-S1,synthétique,PROC-GEN-SMOTE-V2
EQ-PUMP-230,2026-01-18 18:00:00+00:00,temperature_c,51.43,°C,2026-S1,synthétique,PROC-GEN-SMOTE-V2
EQ-PUMP-230,2026-01-19 00:00:00+00:00,temperature_c,53.12,°C,2026-S1,synthétique,PROC-GEN-SMOTE-V2
EQ-PUMP-230,2026-01-19 06:00:00+00:00,temperature_c,57.76,°C,2026-S1,synthétique,PROC-GEN-SMOTE-V2
EQ-PUMP-230,2026-01-19 12:00:00+00:00,temperature_c,60.42,°C,2026-S1,synthétique,PROC-GEN-SMOTE-V2
EQ-PUMP-230,2026-01-19 18:00:00+00:00,temperature_c,53.53,°C,2026-S1,synthétique,PROC-GEN-SMOTE-V2
EQ-PUMP-230,2026-01-20 00:00:00+00:00,temperature_c,59.69,°C,2026-S1,synthétique,PROC-GEN-SMOTE-V2
EQ-PUMP-230,2026-01-20 06:00:00+00:00,temperature_c,59.83,°C,2026-S1,synthétique,PROC-GEN-SMOTE-V2
EQ-PUMP-230,2026-01-20 12:00:00+00:00,temperature_c,54.74,°C,2026-S1,synthétique,PROC-GEN-SMOTE-V2
EQ-PUMP-230,2026-01-20 18:00:00+00:00,temperature_c,53.68,°C,2026-S1,synthétique,PROC-GEN-SMOTE-V2
EQ-PUMP-230,2026-01-21 00:00:00+00:00,temperature_c,60.12,°C,2026-S1,synthétique,PROC-GEN-SMOTE-V2
EQ-PUMP-230,2026-01-21 06:00:00+00:00,temperature_c,60.98,°C,2026-S1,synthétique,PROC-GEN-SMOTE-V2
EQ-PUMP-230,2026-01-21 12:00:00+00:00,temperature_c,59.11,°C,2026-S1,synthétique,PROC-GEN-SMOTE-V2
EQ-PUMP-230,2026-01-21 18:00:00+00:00,temperature_c,53.97,°C,2026-S1,synthétique,PROC-GEN-SMOTE-V2
EQ-PUMP-230,2026-01-22 00:00:00+00:00,temperature_c,57.76,°C,2026-S1,synthétique,PROC-GEN-SMOTE-V2
EQ-PUMP-230,2026-01-22 06:00:00+00:00,temperature_c,60.48,°C,2026-S1,synthétique,PROC-GEN-SMOTE-V2
EQ-PUMP-230,2026-01-22 12:00:00+00:00,temperature_c,56.56,°C,2026-S1,synthétique,PROC-GEN-SMOTE-V2
EQ-PUMP-230,2026-01-22 18:00:00+00:00,temperature_c,52.85,°C,2026-S1,synthétique,PROC-GEN-SMOTE-V2
EQ-PUMP-230,2026-01-23 00:00:00+00:00,temperature_c,57.29,°C,2026-S1,synthétique,PROC-GEN-SMOTE-V2
EQ-PUMP-230,2026-01-23 06:00:00+00:00,temperature_c,64.38,°C,2026-S1,synthétique,PROC-GEN-SMOTE-V2
EQ-PUMP-230,2026-01-23 12:00:00+00:00,temperature_c,59.03,°C,2026-S1,synthétique,PROC-GEN-SMOTE-V2
EQ-PUMP-230,2026-01-23 18:00:00+00:00,temperature_c,47.7,°C,2026-S1,synthétique,PROC-GEN-SMOTE-V2
EQ-PUMP-230,2026-01-24 00:00:00+00:00,temperature_c,53.13,°C,2026-S1,synthétique,PROC-GEN-SMOTE-V2
EQ-PUMP-230,2026-01-24 06:00:00+00:00,temperature_c,61.01,°C,2026-S1,synthétique,PROC-GEN-SMOTE-V2
EQ-PUMP-230,2026-01-24 12:00:00+00:00,temperature_c,59.22,°C,2026-S1,synthétique,PROC-GEN-SMOTE-V2
EQ-PUMP-230,2026-01-24 18:00:00+00:00,temperature_c,52.13,°C,2026-S1,synthétique,PROC-GEN-SMOTE-V2
EQ-PUMP-230,2026-01-25 00:00:00+00:00,temperature_c,52.94,°C,2026-S1,synthétique,PROC-GEN-SMOTE-V2
EQ-PUMP-230,2026-01-25 06:00:00+00:00,temperature_c,60.72,°C,2026-S1,synthétique,PROC-GEN-SMOTE-V2
EQ-PUMP-230,2026-01-25 12:00:00+00:00,temperature_c,53.56,°C,2026-S1,synthétique,PROC-GEN-SMOTE-V2
EQ-PUMP-230,2026-01-25 18:00:00+00:00,temperature_c,52.73,°C,2026-S1,synthétique,PROC-GEN-SMOTE-V2
EQ-PUMP-230,2026-01-26 00:00:00+00:00,temperature_c,60.66,°C,2026-S1,synthétique,PROC-GEN-SMOTE-V2
EQ-PUMP-230,2026-01-26 06:00:00+00:00,temperature_c,63.46,°C,2026-S1,synthétique,PROC-GEN-SMOTE-V2
EQ-PUMP-230,2026-01-26 12:00:00+00:00,temperature_c,59.84,°C,2026-S1,synthétique,PROC-GEN-SMOTE-V2
EQ-PUMP-230,2026-01-26 18:00:00+00:00,temperature_c,48.97,°C,2026-S1,synthétique,PROC-GEN-SMOTE-V2
EQ-PUMP-230,2026-01-27 00:00:00+00:00,temperature_c,57.95,°C,2026-S1,synthétique,PROC-GEN-SMOTE-V2
EQ-PUMP-230,2026-01-27 06:00:00+00:00,temperature_c,59.87,°C,2026-S1,synthétique,PROC-GEN-SMOTE-V2
EQ-PUMP-230,2026-01-27 12:00:00+00:00,temperature_c,55.25,°C,2026-S1,synthétique,PROC-GEN-SMOTE-V2
EQ-PUMP-230,2026-01-27 18:00:00+00:00,temperature_c,53.41,°C,2026-S1,synthétique,PROC-GEN-SMOTE-V2
EQ-PUMP-230,2026-01-28 00:00:00+00:00,temperature_c,64.41,°C,2026-S1,synthétique,PROC-GEN-SMOTE-V2
EQ-PUMP-230,2026-01-28 06:00:00+00:00,temperature_c,62.2,°C,2026-S1,synthétique,PROC-GEN-SMOTE-V2
EQ-PUMP-230,2026-01-28 12:00:00+00:00,temperature_c,59.5,°C,2026-S1,synthétique,PROC-GEN-SMOTE-V2
EQ-PUMP-230,2026-01-28 18:00:00+00:00,temperature_c,55.77,°C,2026-S1,synthétique,PROC-GEN-SMOTE-V2
EQ-PUMP-230,2026-01-29 00:00:00+00:00,temperature_c,58.01,°C,2026-S1,synthétique,PROC-GEN-SMOTE-V2
EQ-PUMP-230,2026-01-29 06:00:00+00:00,temperature_c,58.11,°C,2026-S1,synthétique,PROC-GEN-SMOTE-V2
EQ-PUMP-230,2026-01-29 12:00:00+00:00,temperature_c,55.34,°C,2026-S1,synthétique,PROC-GEN-SMOTE-V2
EQ-PUMP-230,2026-01-29 18:00:00+00:00,temperature_c,55.2,°C,2026-S1,synthétique,PROC-GEN-SMOTE-V2
EQ-PUMP-230,2026-01-30 00:00:00+00:00,temperature_c,53.95,°C,2026-S1,synthétique,PROC-GEN-SMOTE-V2
EQ-PUMP-230,2026-01-30 06:00:00+00:00,temperature_c,58.75,°C,2026-S1,synthétique,PROC-GEN-SMOTE-V2
EQ-PUMP-230,2026-01-30 12:00:00+00:00,temperature_c,58.48,°C,2026-S1,synthétique,PROC-GEN-SMOTE-V2
EQ-PUMP-230,2026-01-30 18:00:00+00:00,temperature_c,55.4,°C,2026-S1,synthétique,PROC-GEN-SMOTE-V2
EQ-PUMP-230,2026-01-31 00:00:00+00:00,temperature_c,57.9,°C,2026-S1,synthétique,PROC-GEN-SMOTE-V2
EQ-PUMP-230,2026-01-31 06:00:00+00:00,temperature_c,57.7,°C,2026-S1,synthétique,PROC-GEN-SMOTE-V2
EQ-PUMP-230,2026-01-31 12:00:00+00:00,temperature_c,50.86,°C,2026-S1,synthétique,PROC-GEN-SMOTE-V2
EQ-PUMP-230,2026-01-31 18:00:00+00:00,temperature_c,52.23,°C,2026-S1,synthétique,PROC-GEN-SMOTE-V2
EQ-ROBOT-173,2026-01-02 00:00:00+00:00,temperature_c,56.85,°C,2026-S1,synthétique,PROC-GEN-SMOTE-V2
EQ-ROBOT-173,2026-01-02 06:00:00+00:00,temperature_c,66.19,°C,2026-S1,synthétique,PROC-GEN-SMOTE-V2
EQ-ROBOT-173,2026-01-02 12:00:00+00:00,temperature_c,57.11,°C,2026-S1,synthétique,PROC-GEN-SMOTE-V2
EQ-ROBOT-173,2026-01-02 18:00:00+00:00,temperature_c,53.95,°C,2026-S1,synthétique,PROC-GEN-SMOTE-V2
EQ-ROBOT-173,2026-01-03 00:00:00+00:00,temperature_c,58.97,°C,2026-S1,synthétique,PROC-GEN-SMOTE-V2
EQ-ROBOT-173,2026-01-03 06:00:00+00:00,temperature_c,61.22,°C,2026-S1,synthétique,PROC-GEN-SMOTE-V2
EQ-ROBOT-173,2026-01-03 12:00:00+00:00,temperature_c,54.08,°C,2026-S1,synthétique,PROC-GEN-SMOTE-V2
EQ-ROBOT-173,2026-01-03 18:00:00+00:00,temperature_c,52.25,°C,2026-S1,synthétique,PROC-GEN-SMOTE-V2
EQ-ROBOT-173,2026-01-04 00:00:00+00:00,temperature_c,54.29,°C,2026-S1,synthétique,PROC-GEN-SMOTE-V2
EQ-ROBOT-173,2026-01-04 06:00:00+00:00,temperature_c,59.29,°C,2026-S1,synthétique,PROC-GEN-SMOTE-V2
EQ-ROBOT-173,2026-01-04 12:00:00+00:00,temperature_c,55.18,°C,2026-S1,synthétique,PROC-GEN-SMOTE-V2
EQ-ROBOT-173,2026-01-04 18:00:00+00:00,temperature_c,55.57,°C,2026-S1,synthétique,PROC-GEN-SMOTE-V2
EQ-ROBOT-173,2026-01-05 00:00:00+00:00,temperature_c,60.17,°C,2026-S1,synthétique,PROC-GEN-SMOTE-V2
EQ-ROBOT-173,2026-01-05 06:00:00+00:00,temperature_c,59.19,°C,2026-S1,synthétique,PROC-GEN-SMOTE-V2
EQ-ROBOT-173,2026-01-05 12:00:00+00:00,temperature_c,53.94,°C,2026-S1,synthétique,PROC-GEN-SMOTE-V2
EQ-ROBOT-173,2026-01-05 18:00:00+00:00,temperature_c,50.73,°C,2026-S1,synthétique,PROC-GEN-SMOTE-V2
EQ-ROBOT-173,2026-01-06 00:00:00+00:00,temperature_c,55.78,°C,2026-S1,synthétique,PROC-GEN-SMOTE-V2
EQ-ROBOT-173,2026-01-06 06:00:00+00:00,temperature_c,63.33,°C,2026-S1,synthétique,PROC-GEN-SMOTE-V2
EQ-ROBOT-173,2026-01-06 12:00:00+00:00,temperature_c,57.72,°C,2026-S1,synthétique,PROC-GEN-SMOTE-V2
EQ-ROBOT-173,2026-01-06 18:00:00+00:00,temperature_c,53.96,°C,2026-S1,synthétique,PROC-GEN-SMOTE-V2
EQ-ROBOT-173,2026-01-07 00:00:00+00:00,temperature_c,58.2,°C,2026-S1,synthétique,PROC-GEN-SMOTE-V2
EQ-ROBOT-173,2026-01-07 06:00:00+00:00,temperature_c,61.54,°C,2026-S1,synthétique,PROC-GEN-SMOTE-V2
EQ-ROBOT-173,2026-01-07 12:00:00+00:00,temperature_c,55.94,°C,2026-S1,synthétique,PROC-GEN-SMOTE-V2
EQ-ROBOT-173,2026-01-07 18:00:00+00:00,temperature_c,53.98,°C,2026-S1,synthétique,PROC-GEN-SMOTE-V2
EQ-ROBOT-173,2026-01-08 00:00:00+00:00,temperature_c,63.21,°C,2026-S1,synthétique,PROC-GEN-SMOTE-V2
EQ-ROBOT-173,2026-01-08 06:00:00+00:00,temperature_c,60.4,°C,2026-S1,synthétique,PROC-GEN-SMOTE-V2
EQ-ROBOT-173,2026-01-08 12:00:00+00:00,temperature_c,56.79,°C,2026-S1,synthétique,PROC-GEN-SMOTE-V2
EQ-ROBOT-173,2026-01-08 18:00:00+00:00,temperature_c,47.04,°C,2026-S1,synthétique,PROC-GEN-SMOTE-V2
EQ-ROBOT-173,2026-01-09 00:00:00+00:00,temperature_c,62.7,°C,2026-S1,synthétique,PROC-GEN-SMOTE-V2
EQ-ROBOT-173,2026-01-09 06:00:00+00:00,temperature_c,63.27,°C,2026-S1,synthétique,PROC-GEN-SMOTE-V2
EQ-ROBOT-173,2026-01-09 12:00:00+00:00,temperature_c,55.57,°C,2026-S1,synthétique,PROC-GEN-SMOTE-V2
EQ-ROBOT-173,2026-01-09 18:00:00+00:00,temperature_c,54.61,°C,2026-S1,synthétique,PROC-GEN-SMOTE-V2
EQ-ROBOT-173,2026-01-10 00:00:00+00:00,temperature_c,51.91,°C,2026-S1,synthétique,PROC-GEN-SMOTE-V2
EQ-ROBOT-173,2026-01-10 06:00:00+00:00,temperature_c,58.04,°C,2026-S1,synthétique,PROC-GEN-SMOTE-V2
EQ-ROBOT-173,2026-01-10 12:00:00+00:00,temperature_c,54.66,°C,2026-S1,synthétique,PROC-GEN-SMOTE-V2
EQ-ROBOT-173,2026-01-10 18:00:00+00:00,temperature_c,49.53,°C,2026-S1,synthétique,PROC-GEN-SMOTE-V2
EQ-ROBOT-173,2026-01-11 00:00:00+00:00,temperature_c,57.25,°C,2026-S1,synthétique,PROC-GEN-SMOTE-V2
EQ-ROBOT-173,2026-01-11 06:00:00+00:00,temperature_c,60.39,°C,2026-S1,synthétique,PROC-GEN-SMOTE-V2
EQ-ROBOT-173,2026-01-11 12:00:00+00:00,temperature_c,55.04,°C,2026-S1,synthétique,PROC-GEN-SMOTE-V2
EQ-ROBOT-173,2026-01-11 18:00:00+00:00,temperature_c,52.54,°C,2026-S1,synthétique,PROC-GEN-SMOTE-V2
EQ-ROBOT-173,2026-01-12 00:00:00+00:00,temperature_c,65.56,°C,2026-S1,synthétique,PROC-GEN-SMOTE-V2
EQ-ROBOT-173,2026-01-12 06:00:00+00:00,temperature_c,58.64,°C,2026-S1,synthétique,PROC-GEN-SMOTE-V2
EQ-ROBOT-173,2026-01-12 12:00:00+00:00,temperature_c,56.36,°C,2026-S1,synthétique,PROC-GEN-SMOTE-V2
EQ-ROBOT-173,2026-01-12 18:00:00+00:00,temperature_c,56.71,°C,2026-S1,synthétique,PROC-GEN-SMOTE-V2
EQ-ROBOT-173,2026-01-13 00:00:00+00:00,temperature_c,54.76,°C,2026-S1,synthétique,PROC-GEN-SMOTE-V2
EQ-ROBOT-173,2026-01-13 06:00:00+00:00,temperature_c,63.65,°C,2026-S1,synthétique,PROC-GEN-SMOTE-V2
EQ-ROBOT-173,2026-01-13 12:00:00+00:00,temperature_c,57.78,°C,2026-S1,synthétique,PROC-GEN-SMOTE-V2
EQ-ROBOT-173,2026-01-13 18:00:00+00:00,temperature_c,55.7,°C,2026-S1,synthétique,PROC-GEN-SMOTE-V2
EQ-ROBOT-173,2026-01-14 00:00:00+00:00,temperature_c,56.45,°C,2026-S1,synthétique,PROC-GEN-SMOTE-V2
EQ-ROBOT-173,2026-01-14 06:00:00+00:00,temperature_c,61.54,°C,2026-S1,synthétique,PROC-GEN-SMOTE-V2
EQ-ROBOT-173,2026-01-14 12:00:00+00:00,temperature_c,55.64,°C,2026-S1,synthétique,PROC-GEN-SMOTE-V2
EQ-ROBOT-173,2026-01-14 18:00:00+00:00,temperature_c,55.5,°C,2026-S1,synthétique,PROC-GEN-SMOTE-V2
EQ-ROBOT-173,2026-01-15 00:00:00+00:00,temperature_c,65.08,°C,2026-S1,synthétique,PROC-GEN-SMOTE-V2
EQ-ROBOT-173,2026-01-15 06:00:00+00:00,temperature_c,65.05,°C,2026-S1,synthétique,PROC-GEN-SMOTE-V2
EQ-ROBOT-173,2026-01-15 12:00:00+00:00,temperature_c,57.16,°C,2026-S1,synthétique,PROC-GEN-SMOTE-V2
EQ-ROBOT-173,2026-01-15 18:00:00+00:00,temperature_c,50.75,°C,2026-S1,synthétique,PROC-GEN-SMOTE-V2
EQ-ROBOT-173,2026-01-16 00:00:00+00:00,temperature_c,59.17,°C,2026-S1,synthétique,PROC-GEN-SMOTE-V2
EQ-ROBOT-173,2026-01-16 06:00:00+00:00,temperature_c,63.59,°C,2026-S1,synthétique,PROC-GEN-SMOTE-V2
EQ-ROBOT-173,2026-01-16 12:00:00+00:00,temperature_c,57.3,°C,2026-S1,synthétique,PROC-GEN-SMOTE-V2
EQ-ROBOT-173,2026-01-16 18:00:00+00:00,temperature_c,55.05,°C,2026-S1,synthétique,PROC-GEN-SMOTE-V2
EQ-ROBOT-173,2026-01-17 00:00:00+00:00,temperature_c,55.51,°C,2026-S1,synthétique,PROC-GEN-SMOTE-V2
EQ-ROBOT-173,2026-01-17 06:00:00+00:00,temperature_c,60.1,°C,2026-S1,synthétique,PROC-GEN-SMOTE-V2
EQ-ROBOT-173,2026-01-17 12:00:00+00:00,temperature_c,54.05,°C,2026-S1,synthétique,PROC-GEN-SMOTE-V2
EQ-ROBOT-173,2026-01-17 18:00:00+00:00,temperature_c,51.96,°C,2026-S1,synthétique,PROC-GEN-SMOTE-V2
EQ-ROBOT-173,2026-01-18 00:00:00+00:00,temperature_c,59.56,°C,2026-S1,synthétique,PROC-GEN-SMOTE-V2
EQ-ROBOT-173,2026-01-18 06:00:00+00:00,temperature_c,59.83,°C,2026-S1,synthétique,PROC-GEN-SMOTE-V2
EQ-ROBOT-173,2026-01-18 12:00:00+00:00,temperature_c,55.45,°C,2026-S1,synthétique,PROC-GEN-SMOTE-V2
EQ-ROBOT-173,2026-01-18 18:00:00+00:00,temperature_c,58.01,°C,2026-S1,synthétique,PROC-GEN-SMOTE-V2
EQ-ROBOT-173,2026-01-19 00:00:00+00:00,temperature_c,62.08,°C,2026-S1,synthétique,PROC-GEN-SMOTE-V2
EQ-ROBOT-173,2026-01-19 06:00:00+00:00,temperature_c,61.52,°C,2026-S1,synthétique,PROC-GEN-SMOTE-V2
EQ-ROBOT-173,2026-01-19 12:00:00+00:00,temperature_c,56.19,°C,2026-S1,synthétique,PROC-GEN-SMOTE-V2
EQ-ROBOT-173,2026-01-19 18:00:00+00:00,temperature_c,50.62,°C,2026-S1,synthétique,PROC-GEN-SMOTE-V2
EQ-ROBOT-173,2026-01-20 00:00:00+00:00,temperature_c,59.56,°C,2026-S1,synthétique,PROC-GEN-SMOTE-V2
EQ-ROBOT-173,2026-01-20 06:00:00+00:00,temperature_c,59.41,°C,2026-S1,synthétique,PROC-GEN-SMOTE-V2
EQ-ROBOT-173,2026-01-20 12:00:00+00:00,temperature_c,56.73,°C,2026-S1,synthétique,PROC-GEN-SMOTE-V2
EQ-ROBOT-173,2026-01-20 18:00:00+00:00,temperature_c,55.83,°C,2026-S1,synthétique,PROC-GEN-SMOTE-V2
EQ-ROBOT-173,2026-01-21 00:00:00+00:00,temperature_c,61.9,°C,2026-S1,synthétique,PROC-GEN-SMOTE-V2
EQ-ROBOT-173,2026-01-21 06:00:00+00:00,temperature_c,61.56,°C,2026-S1,synthétique,PROC-GEN-SMOTE-V2
EQ-ROBOT-173,2026-01-21 12:00:00+00:00,temperature_c,58.22,°C,2026-S1,synthétique,PROC-GEN-SMOTE-V2
EQ-ROBOT-173,2026-01-21 18:00:00+00:00,temperature_c,53.16,°C,2026-S1,synthétique,PROC-GEN-SMOTE-V2
EQ-ROBOT-173,2026-01-22 00:00:00+00:00,temperature_c,62.99,°C,2026-S1,synthétique,PROC-GEN-SMOTE-V2
EQ-ROBOT-173,2026-01-22 06:00:00+00:00,temperature_c,63.24,°C,2026-S1,synthétique,PROC-GEN-SMOTE-V2
EQ-ROBOT-173,2026-01-22 12:00:00+00:00,temperature_c,57.1,°C,2026-S1,synthétique,PROC-GEN-SMOTE-V2
EQ-ROBOT-173,2026-01-22 18:00:00+00:00,temperature_c,54.85,°C,2026-S1,synthétique,PROC-GEN-SMOTE-V2
EQ-ROBOT-173,2026-01-23 00:00:00+00:00,temperature_c,59.85,°C,2026-S1,synthétique,PROC-GEN-SMOTE-V2
EQ-ROBOT-173,2026-01-23 06:00:00+00:00,temperature_c,62.17,°C,2026-S1,synthétique,PROC-GEN-SMOTE-V2
EQ-ROBOT-173,2026-01-23 12:00:00+00:00,temperature_c,57.38,°C,2026-S1,synthétique,PROC-GEN-SMOTE-V2
EQ-ROBOT-173,2026-01-23 18:00:00+00:00,temperature_c,56.12,°C,2026-S1,synthétique,PROC-GEN-SMOTE-V2
EQ-ROBOT-173,2026-01-24 00:00:00+00:00,temperature_c,55.77,°C,2026-S1,synthétique,PROC-GEN-SMOTE-V2
EQ-ROBOT-173,2026-01-24 06:00:00+00:00,temperature_c,61.85,°C,2026-S1,synthétique,PROC-GEN-SMOTE-V2
EQ-ROBOT-173,2026-01-24 12:00:00+00:00,temperature_c,54.04,°C,2026-S1,synthétique,PROC-GEN-SMOTE-V2
EQ-ROBOT-173,2026-01-24 18:00:00+00:00,temperature_c,56.5,°C,2026-S1,synthétique,PROC-GEN-SMOTE-V2
EQ-ROBOT-173,2026-01-25 00:00:00+00:00,temperature_c,59.18,°C,2026-S1,synthétique,PROC-GEN-SMOTE-V2
EQ-ROBOT-173,2026-01-25 06:00:00+00:00,temperature_c,59.55,°C,2026-S1,synthétique,PROC-GEN-SMOTE-V2
EQ-ROBOT-173,2026-01-25 12:00:00+00:00,temperature_c,55.31,°C,2026-S1,synthétique,PROC-GEN-SMOTE-V2
EQ-ROBOT-173,2026-01-25 18:00:00+00:00,temperature_c,58.27,°C,2026-S1,synthétique,PROC-GEN-SMOTE-V2
EQ-ROBOT-173,2026-01-26 00:00:00+00:00,temperature_c,62.97,°C,2026-S1,synthétique,PROC-GEN-SMOTE-V2
EQ-ROBOT-173,2026-01-26 06:00:00+00:00,temperature_c,62.26,°C,2026-S1,synthétique,PROC-GEN-SMOTE-V2
EQ-ROBOT-173,2026-01-26 12:00:00+00:00,temperature_c,58.75,°C,2026-S1,synthétique,PROC-GEN-SMOTE-V2
EQ-ROBOT-173,2026-01-26 18:00:00+00:00,temperature_c,53.35,°C,2026-S1,synthétique,PROC-GEN-SMOTE-V2
EQ-ROBOT-173,2026-01-27 00:00:00+00:00,temperature_c,61.58,°C,2026-S1,synthétique,PROC-GEN-SMOTE-V2
EQ-ROBOT-173,2026-01-27 06:00:00+00:00,temperature_c,59.73,°C,2026-S1,synthétique,PROC-GEN-SMOTE-V2
EQ-ROBOT-173,2026-01-27 12:00:00+00:00,temperature_c,56.89,°C,2026-S1,synthétique,PROC-GEN-SMOTE-V2
EQ-ROBOT-173,2026-01-27 18:00:00+00:00,temperature_c,60.09,°C,2026-S1,synthétique,PROC-GEN-SMOTE-V2
EQ-ROBOT-173,2026-01-28 00:00:00+00:00,temperature_c,64.23,°C,2026-S1,synthétique,PROC-GEN-SMOTE-V2
EQ-ROBOT-173,2026-01-28 06:00:00+00:00,temperature_c,62.29,°C,2026-S1,synthétique,PROC-GEN-SMOTE-V2
EQ-ROBOT-173,2026-01-28 12:00:00+00:00,temperature_c,58.88,°C,2026-S1,synthétique,PROC-GEN-SMOTE-V2
EQ-ROBOT-173,2026-01-28 18:00:00+00:00,temperature_c,54.29,°C,2026-S1,synthétique,PROC-GEN-SMOTE-V2
EQ-ROBOT-173,2026-01-29 00:00:00+00:00,temperature_c,60.66,°C,2026-S1,synthétique,PROC-GEN-SMOTE-V2
EQ-ROBOT-173,2026-01-29 06:00:00+00:00,temperature_c,64.22,°C,2026-S1,synthétique,PROC-GEN-SMOTE-V2
EQ-ROBOT-173,2026-01-29 12:00:00+00:00,temperature_c,55.02,°C,2026-S1,synthétique,PROC-GEN-SMOTE-V2
EQ-ROBOT-173,2026-01-29 18:00:00+00:00,temperature_c,54.72,°C,2026-S1,synthétique,PROC-GEN-SMOTE-V2
EQ-ROBOT-173,2026-01-30 00:00:00+00:00,temperature_c,59.88,°C,2026-S1,synthétique,PROC-GEN-SMOTE-V2
EQ-ROBOT-173,2026-01-30 06:00:00+00:00,temperature_c,60.37,°C,2026-S1,synthétique,PROC-GEN-SMOTE-V2
EQ-ROBOT-173,2026-01-30 12:00:00+00:00,temperature_c,55.98,°C,2026-S1,synthétique,PROC-GEN-SMOTE-V2
EQ-ROBOT-173,2026-01-30 18:00:00+00:00,temperature_c,54.97,°C,2026-S1,synthétique,PROC-GEN-SMOTE-V2
EQ-ROBOT-173,2026-01-31 00:00:00+00:00,temperature_c,59.03,°C,2026-S1,synthétique,PROC-GEN-SMOTE-V2
EQ-ROBOT-173,2026-01-31 06:00:00+00:00,temperature_c,60.36,°C,2026-S1,synthétique,PROC-GEN-SMOTE-V2
EQ-ROBOT-173,2026-01-31 12:00:00+00:00,temperature_c,51.89,°C,2026-S1,synthétique,PROC-GEN-SMOTE-V2
EQ-ROBOT-173,2026-01-31 18:00:00+00:00,temperature_c,49.36,°C,2026-S1,synthétique,PROC-GEN-SMOTE-V2
