equipment_id,timestamp,sensor_name,value,unit,period,provenance,procedure_id
EQ-COMP-189,2026-01-02 00:00:00+00:00,vibration_mm_s,2.45,mm/s,2026-S1,synthétique,PROC-GEN-SMOTE-V1
EQ-COMP-189,2026-01-02 06:00:00+00:00,vibration_mm_s,3.43,mm/s,2026-S1,synthétique,PROC-GEN-SMOTE-V1
EQ-COMP-189,2026-01-02 12:00:00+00:00,vibration_mm_s,3.13,mm/s,2026-S1,synthétique,PROC-GEN-SMOTE-V1
EQ-COMP-189,2026-01-02 18:00:00+00:00,vibration_mm_s,2.81,mm/s,2026-S1,synthétique,PROC-GEN-SMOTE-V1
EQ-COMP-189,2026-01-03 00:00:00+00:00,vibration_mm_s,2.63,mm/s,2026-S1,synthétique,PROC-GEN-SMOTE-V1
EQ-COMP-189,2026-01-03 06:00:00+00:00,vibration_mm_s,2.95,mm/s,2026-S1,synthétique,PROC-GEN-SMOTE-V1
EQ-COMP-189,2026-01-03 12:00:00+00:00,vibration_mm_s,3.29,mm/s,2026-S1,synthétique,PROC-GEN-SMOTE-V1
EQ-COMP-189,2026-01-03 18:00:00+00:00,vibration_mm_s,2.8,mm/s,2026-S1,synthétique,PROC-GEN-SMOTE-V1
EQ-COMP-189,2026-01-04 00:00:00+00:00,vibration_mm_s,2.44,mm/s,2026-S1,synthétique,PROC-GEN-SMOTE-V1
EQ-COMP-189,2026-01-04 06:00:00+00:00,vibration_mm_s,2.98,mm/s,2026-S1,synthétique,PROC-GEN-SMOTE-V1
EQ-COMP-189,2026-01-04 12:00:00+00:00,vibration_mm_s,3.25,mm/s,2026-S1,synthétique,PROC-GEN-SMOTE-V1
EQ-COMP-189,2026-01-04 18:00:00+00:00,vibration_mm_s,2.72,mm/s,2026-S1,synthétique,PROC-GEN-SMOTE-V1
EQ-COMP-189,2026-01-05 00:00:00+00:00,vibration_mm_s,2.49,mm/s,2026-S1,synthétique,PROC-GEN-SMOTE-V1
EQ-COMP-189,2026-01-05 06:00:00+00:00,vibration_mm_s,3.0,mm/s,2026-S1,synthétique,PROC-GEN-SMOTE-V1
EQ-COMP-189,2026-01-05 12:00:00+00:00,vibration_mm_s,3.5,mm/s,2026-S1,synthétique,PROC-GEN-SMOTE-V1
EQ-COMP-189,2026-01-05 18:00:00+00:00,vibration_mm_s,2.71,mm/s,2026-S1,synthétique,PROC-GEN-SMOTE-V1
EQ-COMP-189,2026-01-06 00:00:00+00:00,vibration_mm_s,2.66,mm/s,2026-S1,synthétique,PROC-GEN-SMOTE-V1
EQ-COMP-189,2026-01-06 06:00:00+00:00,vibration_mm_s,2.8,mm/s,2026-S1,synthétique,PROC-GEN-SMOTE-V1
EQ-COMP-189,2026-01-06 12:00:00+00:00,vibration_mm_s,3.24,mm/s,2026-S1,synthétique,PROC-GEN-SMOTE-V1
EQ-COMP-189,2026-01-06 18:00:00+00:00,vibration_mm_s,2.88,mm/s,2026-S1,synthétique,PROC-GEN-SMOTE-V1
EQ-COMP-189,2026-01-07 00:00:00+00:00,vibration_mm_s,2.51,mm/s,2026-S1,synthétique,PROC-GEN-SMOTE-V1
EQ-COMP-189,2026-01-07 06:00:00+00:00,vibration_mm_s,2.75,mm/s,2026-S1,synthétique,PROC-GEN-SMOTE-V1
EQ-COMP-189,2026-01-07 12:00:00+00:00,vibration_mm_s,3.38,mm/s,2026-S1,synthétique,PROC-GEN-SMOTE-V1
EQ-COMP-189,2026-01-07 18:00:00+00:00,vibration_mm_s,3.08,mm/s,2026-S1,synthétique,PROC-GEN-SMOTE-V1
EQ-COMP-189,2026-01-08 00:00:00+00:00,vibration_mm_s,2.39,mm/s,2026-S1,synthétique,PROC-GEN-SMOTE-V1
EQ-COMP-189,2026-01-08 06:00:00+00:00,vibration_mm_s,2.77,mm/s,2026-S1,synthétique,PROC-GEN-SMOTE-V1
EQ-COMP-189,2026-01-08 12:00:00+00:00,vibration_mm_s,3.13,mm/s,2026-S1,synthétique,PROC-GEN-SMOTE-V1
EQ-COMP-189,2026-01-08 18:00:00+00:00,vibration_mm_s,2.88,mm/s,2026-S1,synthétique,PROC-GEN-SMOTE-V1
EQ-COMP-189,2026-01-09 00:00:00+00:00,vibration_mm_s,2.41,mm/s,2026-S1,synthétique,PROC-GEN-SMOTE-V1
EQ-COMP-189,2026-01-09 06:00:00+00:00,vibration_mm_s,2.88,mm/s,2026-S1,synthétique,PROC-GEN-SMOTE-V1
EQ-COMP-189,2026-01-09 12:00:00+00:00,vibration_mm_s,3.28,mm/s,2026-S1,synthétique,PROC-GEN-SMOTE-V1
EQ-COMP-189,2026-01-09 18:00:00+00:00,vibration_mm_s,2.58,mm/s,2026-S1,synthétique,PROC-GEN-SMOTE-V1
EQ-COMP-189,2026-01-10 00:00:00+00:00,vibration_mm_s,2.62,mm/s,2026-S1,synthétique,PROC-GEN-SMOTE-V1
EQ-COMP-189,2026-01-10 06:00:00+00:00,vibration_mm_s,2.95,mm/s,2026-S1,synthétique,PROC-GEN-SMOTE-V1
EQ-COMP-189,2026-01-10 12:00:00+00:00,vibration_mm_s,3.41,mm/s,2026-S1,synthétique,PROC-GEN-SMOTE-V1
EQ-COMP-189,2026-01-10 18:00:00+00:00,vibration_mm_s,2.7,mm/s,2026-S1,synthétique,PROC-GEN-SMOTE-V1
EQ-COMP-189,2026-01-11 00:00:00+00:00,vibration_mm_s,2.44,mm/s,2026-S1,synthétique,PROC-GEN-SMOTE-V1
EQ-COMP-189,2026-01-11 06:00:00+00:00,vibration_mm_s,2.7,mm/s,2026-S1,synthétique,PROC-GEN-SMOTE-V1
EQ-COMP-189,2026-01-11 12:00:00+00:00,vibration_mm_s,3.4,mm/s,2026-S1,synthétique,PROC-GEN-SMOTE-V1
EQ-COMP-189,2026-01-11 18:00:00+00:00,vibration_mm_s,2.98,mm/s,2026-S1,synthétique,PROC-GEN-SMOTE-V1
EQ-COMP-189,2026-01-12 00:00:00+00:00,vibration_mm_s,2.69,mm/s,2026-S1,synthétique,PROC-GEN-SMOTE-V1
EQ-COMP-189,2026-01-12 06:00:00+00:00,vibration_mm_s,3.06,mm/s,2026-S1,synthétique,PROC-GEN-SMOTE-V1
EQ-COMP-189,2026-01-12 12:00:00+00:00,vibration_mm_s,3.14,mm/s,2026-S1,synthétique,PROC-GEN-SMOTE-V1
EQ-COMP-189,2026-01-12 18:00:00+00:00,vibration_mm_s,2.91,mm/s,2026-S1,synthétique,PROC-GEN-SMOTE-V1
EQ-COMP-189,2026-01-13 00:00:00+00:00,vibration_mm_s,2.78,mm/s,2026-S1,synthétique,PROC-GEN-SMOTE-V1
EQ-COMP-189,2026-01-13 06:00:00+00:00,vibration_mm_s,3.31,mm/s,2026-S1,synthétique,PROC-GEN-SMOTE-V1
EQ-COMP-189,2026-01-13 12:00:00+00:00,vibration_mm_s,3.86,mm/s,2026-S1,synthétique,PROC-GEN-SMOTE-V1
EQ-COMP-189,2026-01-13 18:00:00+00:00,vibration_mm_s,2.96,mm/s,2026-S1,synthétique,PROC-GEN-SMOTE-V1
EQ-COMP-189,2026-01-14 00:00:00+00:00,vibration_mm_s,2.46,mm/s,2026-S1,synthétique,PROC-GEN-SMOTE-V1
EQ-COMP-189,2026-01-14 06:00:00+00:00,vibration_mm_s,2.86,mm/s,2026-S1,synthétique,PROC-GEN-SMOTE-V1
EQ-COMP-189,2026-01-14 12:00:00+00:00,vibration_mm_s,3.3,mm/s,2026-S1,synthétique,PROC-GEN-SMOTE-V1
EQ-COMP-189,2026-01-14 18:00:00+00:00,vibration_mm_s,3.11,mm/s,2026-S1,synthétique,PROC-GEN-SMOTE-V1
EQ-COMP-189,2026-01-15 00:00:00+00:00,vibration_mm_s,2.3,mm/s,2026-S1,synthétique,PROC-GEN-SMOTE-V1
EQ-COMP-189,2026-01-15 06:00:00+00:00,vibration_mm_s,3.0,mm/s,2026-S1,synthétique,PROC-GEN-SMOTE-V1
EQ-COMP-189,2026-01-15 12:00:00+00:00,vibration_mm_s,3.22,mm/s,2026-S1,synthétique,PROC-GEN-SMOTE-V1
EQ-COMP-189,2026-01-15 18:00:00+00:00,vibration_mm_s,2.95,mm/s,2026-S1,synthétique,PROC-GEN-SMOTE-V1
EQ-COMP-189,2026-01-16 00:00:00+00:00,vibration_mm_s,2.89,mm/s,2026-S1,synthétique,PROC-GEN-SMOTE-V1
EQ-COMP-189,2026-01-16 06:00:00+00:00,vibration_mm_s,3.53,mm/s,2026-S1,synthétique,PROC-GEN-SMOTE-V1
EQ-COMP-189,2026-01-16 12:00:00+00:00,vibration_mm_s,3.48,mm/s,2026-S1,synthétique,PROC-GEN-SMOTE-V1
EQ-COMP-189,2026-01-16 18:00:00+00:00,vibration_mm_s,2.63,mm/s,2026-S1,synthétique,PROC-GEN-SMOTE-V1
EQ-COMP-189,2026-01-17 00:00:00+00:00,vibration_mm_s,2.4,mm/s,2026-S1,synthétique,PROC-GEN-SMOTE-V1
EQ-COMP-189,2026-01-17 06:00:00+00:00,vibration_mm_s,2.78,mm/s,2026-S1,synthétique,PROC-GEN-SMOTE-V1
EQ-COMP-189,2026-01-17 12:00:00+00:00,vibration_mm_s,3.57,mm/s,2026-S1,synthétique,PROC-GEN-SMOTE-V1
EQ-COMP-189,2026-01-17 18:00:00+00:00,vibration_mm_s,2.68,mm/s,2026-S1,synthétique,PROC-GEN-SMOTE-V1
EQ-COMP-189,2026-01-18 00:00:00+00:00,vibration_mm_s,2.31,mm/s,2026-S1,synthétique,PROC-GEN-SMOTE-V1
EQ-COMP-189,2026-01-18 06:00:00+00:00,vibration_mm_s,2.77,mm/s,2026-S1,synthétique,PROC-GEN-SMOTE-V1
EQ-COMP-189,2026-01-18 12:00:00+00:00,vibration_mm_s,2.87,mm/s,2026-S1,synthétique,PROC-GEN-SMOTE-V1
EQ-COMP-189,2026-01-18 18:00:00+00:00,vibration_mm_s,2.78,mm/s,2026-S1,synthétique,PROC-GEN-SMOTE-V1
EQ-COMP-189,2026-01-19 00:00:00+00:00,vibration_mm_s,2.54,mm/s,2026-S1,synthétique,PROC-GEN-SMOTE-V1
EQ-COMP-189,2026-01-19 06:00:00+00:00,vibration_mm_s,2.95,mm/s,2026-S1,synthétique,PROC-GEN-SMOTE-V1
EQ-COMP-189,2026-01-19 12:00:00+00:00,vibration_mm_s,3.51,mm/s,2026-S1,synthétique,PROC-GEN-SMOTE-V1
EQ-COMP-189,2026-01-19 18:00:00+00:00,vibration_mm_s,3.22,mm/s,2026-S1,synthétique,PROC-GEN-SMOTE-V1
EQ-COMP-189,2026-01-20 00:00:00+00:00,vibration_mm_s,2.77,mm/s,2026-S1,synthétique,PROC-GEN-SMOTE-V1
EQ-COMP-189,2026-01-20 06:00:00+00:00,vibration_mm_s,3.22,mm/s,2026-S1,synthétique,PROC-GEN-SMOTE-V1
EQ-COMP-189,2026-01-20 12:00:00+00:00,vibration_mm_s,2.98,mm/s,2026-S1,synthétique,PROC-GEN-SMOTE-V1
EQ-COMP-189,2026-01-20 18:00:00+00:00,vibration_mm_s,2.95,mm/s,2026-S1,synthétique,PROC-GEN-SMOTE-V1
EQ-COMP-189,2026-01-21 00:00:00+00:00,vibration_mm_s,2.64,mm/s,2026-S1,synthétique,PROC-GEN-SMOTE-V1
EQ-COMP-189,2026-01-21 06:00:00+00:00,vibration_mm_s,2.87,mm/s,2026-S1,synthétique,PROC-GEN-SMOTE-V1
EQ-COMP-189,2026-01-21 12:00:00+00:00,vibration_mm_s,3.33,mm/s,2026-S1,synthétique,PROC-GEN-SMOTE-V1
EQ-COMP-189,2026-01-21 18:00:00+00:00,vibration_mm_s,2.96,mm/s,2026-S1,synthétique,PROC-GEN-SMOTE-V1
EQ-COMP-189,2026-01-22 00:00:00+00:00,vibration_mm_s,2.77,mm/s,2026-S1,synthétique,PROC-GEN-SMOTE-V1
EQ-COMP-189,2026-01-22 06:00:00+00:00,vibration_mm_s,3.22,mm/s,2026-S1,synthétique,PROC-GEN-SMOTE-V1
EQ-COMP-189,2026-01-22 12:00:00+00:00,vibration_mm_s,3.47,mm/s,2026-S1,synthétique,PROC-GEN-SMOTE-V1
EQ-COMP-189,2026-01-22 18:00:00+00:00,vibration_mm_s,3.06,mm/s,2026-S1,synthétique,PROC-GEN-SMOTE-V1
EQ-COMP-189,2026-01-23 00:00:00+00:00,vibration_mm_s,2.81,mm/s,2026-S1,synthétique,PROC-GEN-SMOTE-V1
EQ-COMP-189,2026-01-23 06:00:00+00:00,vibration_mm_s,2.74,mm/s,2026-S1,synthétique,PROC-GEN-SMOTE-V1
EQ-COMP-189,2026-01-23 12:00:00+00:00,vibration_mm_s,3.49,mm/s,2026-S1,synthétique,PROC-GEN-SMOTE-V1
EQ-COMP-189,2026-01-23 18:00:00+00:00,vibration_mm_s,2.95,mm/s,2026-S1,synthétique,PROC-GEN-SMOTE-V1
EQ-COMP-189,2026-01-24 00:00:00+00:00,vibration_mm_s,2.05,mm/s,2026-S1,synthétique,PROC-GEN-SMOTE-V1
EQ-COMP-189,2026-01-24 06:00:00+00:00,vibration_mm_s,2.78,mm/s,2026-S1,synthétique,PROC-GEN-SMOTE-V1
EQ-COMP-189,2026-01-24 12:00:00+00:00,vibration_mm_s,3.22,mm/s,2026-S1,synthétique,PROC-GEN-SMOTE-V1
EQ-COMP-189,2026-01-24 18:00:00+00:00,vibration_mm_s,2.96,mm/s,2026-S1,synthétique,PROC-GEN-SMOTE-V1
EQ-COMP-189,2026-01-25 00:00:00+00:00,vibration_mm_s,2.6,mm/s,2026-S1,synthétique,PROC-GEN-SMOTE-V1
EQ-COMP-189,2026-01-25 06:00:00+00:00,vibration_mm_s,2.85,mm/s,2026-S1,synthétique,PROC-GEN-SMOTE-V1
EQ-COMP-189,2026-01-25 12:00:00+00:00,vibration_mm_s,3.22,mm/s,2026-S1,synthétique,PROC-GEN-SMOTE-V1
EQ-COMP-189,2026-01-25 18:00:00+00:00,vibration_mm_s,2.55,mm/s,2026-S1,synthétique,PROC-GEN-SMOTE-V1
EQ-COMP-189,2026-01-26 00:00:00+00:00,vibration_mm_s,2.46,mm/s,2026-S1,synthétique,PROC-GEN-SMOTE-V1
EQ-COMP-189,2026-01-26 06:00:00+00:00,vibration_mm_s,3.31,mm/s,2026-S1,synthétique,PROC-GEN-SMOTE-V1
EQ-COMP-189,2026-01-26 12:00:00+00:00,vibration_mm_s,3.25,mm/s,2026-S1,synthétique,PROC-GEN-SMOTE-V1
EQ-COMP-189,2026-01-26 18:00:00+00:00,vibration_mm_s,2.91,mm/s,2026-S1,synthétique,PROC-GEN-SMOTE-V1
EQ-COMP-189,2026-01-27 00:00:00+00:00,vibration_mm_s,2.29,mm/s,2026-S1,synthétique,PROC-GEN-SMOTE-V1
EQ-COMP-189,2026-01-27 06:00:00+00:00,vibration_mm_s,3.23,mm/s,2026-S1,synthétique,PROC-GEN-SMOTE-V1
EQ-COMP-189,2026-01-27 12:00:00+00:00,vibration_mm_s,3.19,mm/s,2026-S1,synthétique,PROC-GEN-SMOTE-V1
EQ-COMP-189,2026-01-27 18:00:00+00:00,vibration_mm_s,3.02,mm/s,2026-S1,synthétique,PROC-GEN-SMOTE-V1
EQ-COMP-189,2026-01-28 00:00:00+00:00,vibration_mm_s,2.41,mm/s,2026-S1,synthétique,PROC-GEN-SMOTE-V1
EQ-COMP-189,2026-01-28 06:00:00+00:00,vibration_mm_s,3.14,mm/s,2026-S1,synthétique,PROC-GEN-SMOTE-V1
EQ-COMP-189,2026-01-28 12:00:00+00:00,vibration_mm_s,3.03,mm/s,2026-S1,synthétique,PROC-GEN-SMOTE-V1
EQ-COMP-189,2026-01-28 18:00:00+00:00,vibration_mm_s,2.71,mm/s,2026-S1,synthétique,PROC-GEN-SMOTE-V1
EQ-COMP-189,2026-01-29 00:00:00+00:00,vibration_mm_s,2.41,mm/s,2026-S1,synthétique,PROC-GEN-SMOTE-V1
EQ-COMP-189,2026-01-29 06:00:00+00:00,vibration_mm_s,2.69,mm/s,2026-S1,synthétique,PROC-GEN-SMOTE-V1
EQ-COMP-189,2026-01-29 12:00:00+00:00,vibration_mm_s,3.46,mm/s,2026-S1,synthétique,PROC-GEN-SMOTE-V1
EQ-COMP-189,2026-01-29 18:00:00+00:00,vibration_mm_s,3.1,mm/s,2026-S1,synthétique,PROC-GEN-SMOTE-V1
EQ-COMP-189,2026-01-30 00:00:00+00:00,vibration_mm_s,2.22,mm/s,2026-S1,synthétique,PROC-GEN-SMOTE-V1
EQ-COMP-189,2026-01-30 06:00:00+00:00,vibration_mm_s,3.02,mm/s,2026-S1,synthétique,PROC-GEN-SMOTE-V1
EQ-COMP-189,2026-01-30 12:00:00+00:00,vibration_mm_s,3.2,mm/s,2026-S1,synthétique,PROC-GEN-SMOTE-V1
EQ-COMP-189,2026-01-30 18:00:00+00:00,vibration_mm_s,3.2,mm/s,2026-S1,synthétique,PROC-GEN-SMOTE-V1
EQ-COMP-189,2026-01-31 00:00:00+00:00,vibration_mm_s,2.54,mm/s,2026-S1,synthétique,PROC-GEN-SMOTE-V1
EQ-COMP-189,2026-01-31 06:00:00+00:00,vibration_mm_s,2.94,mm/s,2026-S1,synthétique,PROC-GEN-SMOTE-V1
EQ-COMP-189,2026-01-31 12:00:00+00:00,vibration_mm_s,2.66,mm/s,2026-S1,synthétique,PROC-GEN-SMOTE-V1
EQ-COMP-189,2026-01-31 18:00:00+00:00,vibration_mm_s,2.99,mm/s,2026-S1,synthétique,PROC-GEN-SMOTE-V1
EQ-DRYER-264,2026-01-02 00:00:00+00:00,vibration_mm_s,2.33,mm/s,2026-S1,synthétique,PROC-GEN-SMOTE-V1
EQ-DRYER-264,2026-01-02 06:00:00+00:00,vibration_mm_s,2.59,mm/s,2026-S1,synthétique,PROC-GEN-SMOTE-V1
EQ-DRYER-264,2026-01-02 12:00:00+00:00,vibration_mm_s,3.28,mm/s,2026-S1,synthétique,PROC-GEN-SMOTE-V1
EQ-DRYER-264,2026-01-02 18:00:00+00:00,vibration_mm_s,2.44,mm/s,2026-S1,synthétique,PROC-GEN-SMOTE-V1
EQ-DRYER-264,2026-01-03 00:00:00+00:00,vibration_mm_s,2.86,mm/s,2026-S1,synthétique,PROC-GEN-SMOTE-V1
EQ-DRYER-264,2026-01-03 06:00:00+00:00,vibration_mm_s,2.47,mm/s,2026-S1,synthétique,PROC-GEN-SMOTE-V1
EQ-DRYER-264,2026-01-03 12:00:00+00:00,vibration_mm_s,2.72,mm/s,2026-S1,synthétique,PROC-GEN-SMOTE-V1
EQ-DRYER-264,2026-01-03 18:00:00+00:00,vibration_mm_s,2.49,mm/s,2026-S1,synthétique,PROC-GEN-SMOTE-V1
EQ-DRYER-264,2026-01-04 00:00:00+00:00,vibration_mm_s,2.65,mm/s,2026-S1,synthétique,PROC-GEN-SMOTE-V1
EQ-DRYER-264,2026-01-04 06:00:00+00:00,vibration_mm_s,2.62,mm/s,2026-S1,synthétique,PROC-GEN-SMOTE-V1
EQ-DRYER-264,2026-01-04 12:00:00+00:00,vibration_mm_s,2.84,mm/s,2026-S1,synthétique,PROC-GEN-SMOTE-V1
EQ-DRYER-264,2026-01-04 18:00:00+00:00,vibration_mm_s,2.38,mm/s,2026-S1,synthétique,PROC-GEN-SMOTE-V1
EQ-DRYER-264,2026-01-05 00:00:00+00:00,vibration_mm_s,2.52,mm/s,2026-S1,synthétique,PROC-GEN-SMOTE-V1
EQ-DRYER-264,2026-01-05 06:00:00+00:00,vibration_mm_s,2.54,mm/s,2026-S1,synthétique,PROC-GEN-SMOTE-V1
EQ-DRYER-264,2026-01-05 12:00:00+00:00,vibration_mm_s,2.81,mm/s,2026-S1,synthétique,PROC-GEN-SMOTE-V1
EQ-DRYER-264,2026-01-05 18:00:00+00:00,vibration_mm_s,2.55,mm/s,2026-S1,synthétique,PROC-GEN-SMOTE-V1
EQ-DRYER-264,2026-01-06 00:00:00+00:00,vibration_mm_s,2.43,mm/s,2026-S1,synthétique,PROC-GEN-SMOTE-V1
EQ-DRYER-264,2026-01-06 06:00:00+00:00,vibration_mm_s,3.03,mm/s,2026-S1,synthétique,PROC-GEN-SMOTE-V1
EQ-DRYER-264,2026-01-06 12:00:00+00:00,vibration_mm_s,2.83,mm/s,2026-S1,synthétique,PROC-GEN-SMOTE-V1
EQ-DRYER-264,2026-01-06 18:00:00+00:00,vibration_mm_s,2.57,mm/s,2026-S1,synthétique,PROC-GEN-SMOTE-V1
EQ-DRYER-264,2026-01-07 00:00:00+00:00,vibration_mm_s,2.43,mm/s,2026-S1,synthétique,PROC-GEN-SMOTE-V1
EQ-DRYER-264,2026-01-07 06:00:00+00:00,vibration_mm_s,2.47,mm/s,2026-S1,synthétique,PROC-GEN-SMOTE-V1
EQ-DRYER-264,2026-01-07 12:00:00+00:00,vibration_mm_s,3.04,mm/s,2026-S1,synthétique,PROC-GEN-SMOTE-V1
EQ-DRYER-264,2026-01-07 18:00:00+00:00,vibration_mm_s,2.77,mm/s,2026-S1,synthétique,PROC-GEN-SMOTE-V1
EQ-DRYER-264,2026-01-08 00:00:00+00:00,vibration_mm_s,2.93,mm/s,2026-S1,synthétique,PROC-GEN-SMOTE-V1
EQ-DRYER-264,2026-01-08 06:00:00+00:00,vibration_mm_s,2.8,mm/s,2026-S1,synthétique,PROC-GEN-SMOTE-V1
EQ-DRYER-264,2026-01-08 12:00:00+00:00,vibration_mm_s,2.8,mm/s,2026-S1,synthétique,PROC-GEN-SMOTE-V1
EQ-DRYER-264,2026-01-08 18:00:00+00:00,vibration_mm_s,2.51,mm/s,2026-S1,synthétique,PROC-GEN-SMOTE-V1
EQ-DRYER-264,2026-01-09 00:00:00+00:00,vibration_mm_s,2.92,mm/s,2026-S1,synthétique,PROC-GEN-SMOTE-V1
EQ-DRYER-264,2026-01-09 06:00:00+00:00,vibration_mm_s,2.55,mm/s,2026-S1,synthétique,PROC-GEN-SMOTE-V1
EQ-DRYER-264,2026-01-09 12:00:00+00:00,vibration_mm_s,3.05,mm/s,2026-S1,synthétique,PROC-GEN-SMOTE-V1
EQ-DRYER-264,2026-01-09 18:00:00+00:00,vibration_mm_s,2.57,mm/s,2026-S1,synthétique,PROC-GEN-SMOTE-V1
EQ-DRYER-264,2026-01-10 00:00:00+00:00,vibration_mm_s,2.65,mm/s,2026-S1,synthétique,PROC-GEN-SMOTE-V1
EQ-DRYER-264,2026-01-10 06:00:00+00:00,vibration_mm_s,2.7,mm/s,2026-S1,synthétique,PROC-GEN-SMOTE-V1
EQ-DRYER-264,2026-01-10 12:00:00+00:00,vibration_mm_s,2.61,mm/s,2026-S1,synthétique,PROC-GEN-SMOTE-V1
EQ-DRYER-264,2026-01-10 18:00:00+00:00,vibration_mm_s,2.34,mm/s,2026-S1,synthétique,PROC-GEN-SMOTE-V1
EQ-DRYER-264,2026-01-11 00:00:00+00:00,vibration_mm_s,2.91,mm/s,2026-S1,synthétique,PROC-GEN-SMOTE-V1
EQ-DRYER-264,2026-01-11 06:00:00+00:00,vibration_mm_s,3.07,mm/s,2026-S1,synthétique,PROC-GEN-SMOTE-V1
EQ-DRYER-264,2026-01-11 12:00:00+00:00,vibration_mm_s,2.94,mm/s,2026-S1,synthétique,PROC-GEN-SMOTE-V1
EQ-DRYER-264,2026-01-11 18:00:00+00:00,vibration_mm_s,2.47,mm/s,2026-S1,synthétique,PROC-GEN-SMOTE-V1
EQ-DRYER-264,2026-01-12 00:00:00+00:00,vibration_mm_s,2.39,mm/s,2026-S1,synthétique,PROC-GEN-SMOTE-V1
EQ-DRYER-264,2026-01-12 06:00:00+00:00,vibration_mm_s,3.21,mm/s,2026-S1,synthétique,PROC-GEN-SMOTE-V1
EQ-DRYER-264,2026-01-12 12:00:00+00:00,vibration_mm_s,2.81,mm/s,2026-S1,synthétique,PROC-GEN-SMOTE-V1
EQ-DRYER-264,2026-01-12 18:00:00+00:00,vibration_mm_s,2.72,mm/s,2026-S1,synthétique,PROC-GEN-SMOTE-V1
EQ-DRYER-264,2026-01-13 00:00:00+00:00,vibration_mm_s,2.88,mm/s,2026-S1,synthétique,PROC-GEN-SMOTE-V1
EQ-DRYER-264,2026-01-13 06:00:00+00:00,vibration_mm_s,2.91,mm/s,2026-S1,synthétique,PROC-GEN-SMOTE-V1
EQ-DRYER-264,2026-01-13 12:00:00+00:00,vibration_mm_s,2.83,mm/s,2026-S1,synthétique,PROC-GEN-SMOTE-V1
EQ-DRYER-264,2026-01-13 18:00:00+00:00,vibration_mm_s,2.78,mm/s,2026-S1,synthétique,PROC-GEN-SMOTE-V1
EQ-DRYER-264,2026-01-14 00:00:00+00:00,vibration_mm_s,2.7,mm/s,2026-S1,synthétique,PROC-GEN-SMOTE-V1
EQ-DRYER-264,2026-01-14 06:00:00+00:00,vibration_mm_s,2.51,mm/s,2026-S1,synthétique,PROC-GEN-SMOTE-V1
EQ-DRYER-264,2026-01-14 12:00:00+00:00,vibration_mm_s,2.94,mm/s,2026-S1,synthétique,PROC-GEN-SMOTE-V1
EQ-DRYER-264,2026-01-14 18:00:00+00:00,vibration_mm_s,2.93,mm/s,2026-S1,synthétique,PROC-GEN-SMOTE-V1
EQ-DRYER-264,2026-01-15 00:00:00+00:00,vibration_mm_s,2.38,mm/s,2026-S1,synthétique,PROC-GEN-SMOTE-V1
EQ-DRYER-264,2026-01-15 06:00:00+00:00,vibration_mm_s,2.78,mm/s,2026-S1,synthétique,PROC-GEN-SMOTE-V1
EQ-DRYER-264,2026-01-15 12:00:00+00:00,vibration_mm_s,2.66,mm/s,2026-S1,synthétique,PROC-GEN-SMOTE-V1
EQ-DRYER-264,2026-01-15 18:00:00+00:00,vibration_mm_s,2.25,mm/s,2026-S1,synthétique,PROC-GEN-SMOTE-V1
EQ-DRYER-264,2026-01-16 00:00:00+00:00,vibration_mm_s,2.76,mm/s,2026-S1,synthétique,PROC-GEN-SMOTE-V1
EQ-DRYER-264,2026-01-16 06:00:00+00:00,vibration_mm_s,2.93,mm/s,2026-S1,synthétique,PROC-GEN-SMOTE-V1
EQ-DRYER-264,2026-01-16 12:00:00+00:00,vibration_mm_s,2.93,mm/s,2026-S1,synthétique,PROC-GEN-SMOTE-V1
EQ-DRYER-264,2026-01-16 18:00:00+00:00,vibration_mm_s,2.64,mm/s,2026-S1,synthétique,PROC-GEN-SMOTE-V1
EQ-DRYER-264,2026-01-17 00:00:00+00:00,vibration_mm_s,2.35,mm/s,2026-S1,synthétique,PROC-GEN-SMOTE-V1
EQ-DRYER-264,2026-01-17 06:00:00+00:00,vibration_mm_s,3.1,mm/s,2026-S1,synthétique,PROC-GEN-SMOTE-V1
EQ-DRYER-264,2026-01-17 12:00:00+00:00,vibration_mm_s,2.77,mm/s,2026-S1,synthétique,PROC-GEN-SMOTE-V1
EQ-DRYER-264,2026-01-17 18:00:00+00:00,vibration_mm_s,2.48,mm/s,2026-S1,synthétique,PROC-GEN-SMOTE-V1
EQ-DRYER-264,2026-01-18 00:00:00+00:00,vibration_mm_s,2.71,mm/s,2026-S1,synthétique,PROC-GEN-SMOTE-V1
EQ-DRYER-264,2026-01-18 06:00:00+00:00,vibration_mm_s,2.88,mm/s,2026-S1,synthétique,PROC-GEN-SMOTE-V1
EQ-DRYER-264,2026-01-18 12:00:00+00:00,vibration_mm_s,3.01,mm/s,2026-S1,synthétique,PROC-GEN-SMOTE-V1
EQ-DRYER-264,2026-01-18 18:00:00+00:00,vibration_mm_s,2.76,mm/s,2026-S1,synthétique,PROC-GEN-SMOTE-V1
EQ-DRYER-264,2026-01-19 00:00:00+00:00,vibration_mm_s,2.66,mm/s,2026-S1,synthétique,PROC-GEN-SMOTE-V1
EQ-DRYER-264,2026-01-19 06:00:00+00:00,vibration_mm_s,3.22,mm/s,2026-S1,synthétique,PROC-GEN-SMOTE-V1
EQ-DRYER-264,2026-01-19 12:00:00+00:00,vibration_mm_s,2.95,mm/s,2026-S1,synthétique,PROC-GEN-SMOTE-V1
EQ-DRYER-264,2026-01-19 18:00:00+00:00,vibration_mm_s,2.63,mm/s,2026-S1,synthétique,PROC-GEN-SMOTE-V1
EQ-DRYER-264,2026-01-20 00:00:00+00:00,vibration_mm_s,2.86,mm/s,2026-S1,synthétique,PROC-GEN-SMOTE-V1
EQ-DRYER-264,2026-01-20 06:00:00+00:00,vibration_mm_s,2.72,mm/s,2026-S1,synthétique,PROC-GEN-SMOTE-V1
EQ-DRYER-264,2026-01-20 12:00:00+00:00,vibration_mm_s,3.03,mm/s,2026-S1,synthétique,PROC-GEN-SMOTE-V1
EQ-DRYER-264,2026-01-20 18:00:00+00:00,vibration_mm_s,2.62,mm/s,2026-S1,synthétique,PROC-GEN-SMOTE-V1
EQ-DRYER-264,2026-01-21 00:00:00+00:00,vibration_mm_s,2.93,mm/s,2026-S1,synthétique,PROC-GEN-SMOTE-V1
EQ-DRYER-264,2026-01-21 06:00:00+00:00,vibration_mm_s,2.64,mm/s,2026-S1,synthétique,PROC-GEN-SMOTE-V1
EQ-DRYER-264,2026-01-21 12:00:00+00:00,vibration_mm_s,2.73,mm/s,2026-S1,synthétique,PROC-GEN-SMOTE-V1
EQ-DRYER-264,2026-01-21 18:00:00+00:00,vibration_mm_s,2.58,mm/s,2026-S1,synthétique,PROC-GEN-SMOTE-V1
EQ-DRYER-264,2026-01-22 00:00:00+00:00,vibration_mm_s,2.98,mm/s,2026-S1,synthétique,PROC-GEN-SMOTE-V1
EQ-DRYER-264,2026-01-22 06:00:00+00:00,vibration_mm_s,3.04,mm/s,2026-S1,synthétique,PROC-GEN-SMOTE-V1
EQ-DRYER-264,2026-01-22 12:00:00+00:00,vibration_mm_s,2.76,mm/s,2026-S1,synthétique,PROC-GEN-SMOTE-V1
EQ-DRYER-264,2026-01-22 18:00:00+00:00,vibration_mm_s,2.54,mm/s,2026-S1,synthétique,PROC-GEN-SMOTE-V1
EQ-DRYER-264,2026-01-23 00:00:00+00:00,vibration_mm_s,2.57,mm/s,2026-S1,synthétique,PROC-GEN-SMOTE-V1
EQ-DRYER-264,2026-01-23 06:00:00+00:00,vibration_mm_s,3.45,mm/s,2026-S1,synthétique,PROC-GEN-SMOTE-V1
EQ-DRYER-264,2026-01-23 12:00:00+00:00,vibration_mm_s,2.92,mm/s,2026-S1,synthétique,PROC-GEN-SMOTE-V1
EQ-DRYER-264,2026-01-23 18:00:00+00:00,vibration_mm_s,2.8,mm/s,2026-S1,synthétique,PROC-GEN-SMOTE-V1
EQ-DRYER-264,2026-01-24 00:00:00+00:00,vibration_mm_s,2.27,mm/s,2026-S1,synthétique,PROC-GEN-SMOTE-V1
EQ-DRYER-264,2026-01-24 06:00:00+00:00,vibration_mm_s,2.87,mm/s,2026-S1,synthétique,PROC-GEN-SMOTE-V1
EQ-DRYER-264,2026-01-24 12:00:00+00:00,vibration_mm_s,3.0,mm/s,2026-S1,synthétique,PROC-GEN-SMOTE-V1
EQ-DRYER-264,2026-01-24 18:00:00+00:00,vibration_mm_s,2.51,mm/s,2026-S1,synthétique,PROC-GEN-SMOTE-V1
EQ-DRYER-264,2026-01-25 00:00:00+00:00,vibration_mm_s,3.04,mm/s,2026-S1,synthétique,PROC-GEN-SMOTE-V1
EQ-DRYER-264,2026-01-25 06:00:00+00:00,vibration_mm_s,3.01,mm/s,2026-S1,synthétique,PROC-GEN-SMOTE-V1
EQ-DRYER-264,2026-01-25 12:00:00+00:00,vibration_mm_s,2.76,mm/s,2026-S1,synthétique,PROC-GEN-SMOTE-V1
EQ-DRYER-264,2026-01-25 18:00:00+00:00,vibration_mm_s,2.44,mm/s,2026-S1,synthétique,PROC-GEN-SMOTE-V1
EQ-DRYER-264,2026-01-26 00:00:00+00:00,vibration_mm_s,2.75,mm/s,2026-S1,synthétique,PROC-GEN-SMOTE-V1
EQ-DRYER-264,2026-01-26 06:00:00+00:00,vibration_mm_s,2.92,mm/s,2026-S1,synthétique,PROC-GEN-SMOTE-V1
EQ-DRYER-264,2026-01-26 12:00:00+00:00,vibration_mm_s,3.02,mm/s,2026-S1,synthétique,PROC-GEN-SMOTE-V1
EQ-DRYER-264,2026-01-26 18:00:00+00:00,vibration_mm_s,2.48,mm/s,2026-S1,synthétique,PROC-GEN-SMOTE-V1
EQ-DRYER-264,2026-01-27 00:00:00+00:00,vibration_mm_s,2.53,mm/s,2026-S1,synthétique,PROC-GEN-SMOTE-V1
EQ-DRYER-264,2026-01-27 06:00:00+00:00,vibration_mm_s,3.07,mm/s,2026-S1,synthétique,PROC-GEN-SMOTE-V1
EQ-DRYER-264,2026-01-27 12:00:00+00:00,vibration_mm_s,3.11,mm/s,2026-S1,synthétique,PROC-GEN-SMOTE-V1
EQ-DRYER-264,2026-01-27 18:00:00+00:00,vibration_mm_s,2.59,mm/s,2026-S1,synthétique,PROC-GEN-SMOTE-V1
EQ-DRYER-264,2026-01-28 00:00:00+00:00,vibration_mm_s,2.55,mm/s,2026-S1,synthétique,PROC-GEN-SMOTE-V1
EQ-DRYER-264,2026-01-28 06:00:00+00:00,vibration_mm_s,2.16,mm/s,2026-S1,synthétique,PROC-GEN-SMOTE-V1
EQ-DRYER-264,2026-01-28 12:00:00+00:00,vibration_mm_s,2.9,mm/s,2026-S1,synthétique,PROC-GEN-SMOTE-V1
EQ-DRYER-264,2026-01-28 18:00:00+00:00,vibration_mm_s,2.46,mm/s,2026-S1,synthétique,PROC-GEN-SMOTE-V1
EQ-DRYER-264,2026-01-29 00:00:00+00:00,vibration_mm_s,2.58,mm/s,2026-S1,synthétique,PROC-GEN-SMOTE-V1
EQ-DRYER-264,2026-01-29 06:00:00+00:00,vibration_mm_s,3.38,mm/s,2026-S1,synthétique,PROC-GEN-SMOTE-V1
EQ-DRYER-264,2026-01-29 12:00:00+00:00,vibration_mm_s,3.08,mm/s,2026-S1,synthétique,PROC-GEN-SMOTE-V1
EQ-DRYER-264,2026-01-29 18:00:00+00:00,vibration_mm_s,2.47,mm/s,2026-S1,synthétique,PROC-GEN-SMOTE-V1
EQ-DRYER-264,2026-01-30 00:00:00+00:00,vibration_mm_s,2.5,mm/s,2026-S1,synthétique,PROC-GEN-SMOTE-V1
EQ-DRYER-264,2026-01-30 06:00:00+00:00,vibration_mm_s,3.14,mm/s,2026-S1,synthétique,PROC-GEN-SMOTE-V1
EQ-DRYER-264,2026-01-30 12:00:00+00:00,vibration_mm_s,2.98,mm/s,2026-S1,synthétique,PROC-GEN-SMOTE-V1
EQ-DRYER-264,2026-01-30 18:00:00+00:00,vibration_mm_s,2.57,mm/s,2026-S1,synthétique,PROC-GEN-SMOTE-V1
EQ-DRYER-264,2026-01-31 00:00:00+00:00,vibration_mm_s,2.2,mm/s,2026-S1,synthétique,PROC-GEN-SMOTE-V1
EQ-DRYER-264,2026-01-31 06:00:00+00:00,vibration_mm_s,2.91,mm/s,2026-S1,synthétique,PROC-GEN-SMOTE-V1
EQ-DRYER-264,2026-01-31 12:00:00+00:00,vibration_mm_s,2.69,mm/s,2026-S1,synthétique,PROC-GEN-SMOTE-V1
EQ-DRYER-264,2026-01-31 18:00:00+00:00,vibration_mm_s,2.34,mm/s,2026-S1,synthétique,PROC-GEN-SMOTE-V1
EQ-FAN-104,2026-01-02 00:00:00+00:00,vibration_mm_s,2.25,mm/s,2026-S1,synthétique,PROC-GEN-SMOTE-V1
EQ-FAN-104,2026-01-02 06:00:00+00:00,vibration_mm_s,3.18,mm/s,2026-S1,synthétique,PROC-GEN-SMOTE-V1
EQ-FAN-104,2026-01-02 12:00:00+00:00,vibration_mm_s,3.3,mm/s,2026-S1,synthétique,PROC-GEN-SMOTE-V1
EQ-FAN-104,2026-01-02 18:00:00+00:00,vibration_mm_s,2.45,mm/s,2026-S1,synthétique,PROC-GEN-SMOTE-V1
EQ-FAN-104,2026-01-03 00:00:00+00:00,vibration_mm_s,2.9,mm/s,2026-S1,synthétique,PROC-GEN-SMOTE-V1
EQ-FAN-104,2026-01-03 06:00:00+00:00,vibration_mm_s,2.55,mm/s,2026-S1,synthétique,PROC-GEN-SMOTE-V1
EQ-FAN-104,2026-01-03 12:00:00+00:00,vibration_mm_s,2.81,mm/s,2026-S1,synthétique,PROC-GEN-SMOTE-V1
EQ-FAN-104,2026-01-03 18:00:00+00:00,vibration_mm_s,2.59,mm/s,2026-S1,synthétique,PROC-GEN-SMOTE-V1
EQ-FAN-104,2026-01-04 00:00:00+00:00,vibration_mm_s,2.42,mm/s,2026-S1,synthétique,PROC-GEN-SMOTE-V1
EQ-FAN-104,2026-01-04 06:00:00+00:00,vibration_mm_s,2.51,mm/s,2026-S1,synthétique,PROC-GEN-SMOTE-V1
EQ-FAN-104,2026-01-04 12:00:00+00:00,vibration_mm_s,2.86,mm/s,2026-S1,synthétique,PROC-GEN-SMOTE-V1
EQ-FAN-104,2026-01-04 18:00:00+00:00,vibration_mm_s,2.45,mm/s,2026-S1,synthétique,PROC-GEN-SMOTE-V1
EQ-FAN-104,2026-01-05 00:00:00+00:00,vibration_mm_s,2.58,mm/s,2026-S1,synthétique,PROC-GEN-SMOTE-V1
EQ-FAN-104,2026-01-05 06:00:00+00:00,vibration_mm_s,2.66,mm/s,2026-S1,synthétique,PROC-GEN-SMOTE-V1
EQ-FAN-104,2026-01-05 12:00:00+00:00,vibration_mm_s,2.96,mm/s,2026-S1,synthétique,PROC-GEN-SMOTE-V1
EQ-FAN-104,2026-01-05 18:00:00+00:00,vibration_mm_s,2.69,mm/s,2026-S1,synthétique,PROC-GEN-SMOTE-V1
EQ-FAN-104,2026-01-06 00:00:00+00:00,vibration_mm_s,2.13,mm/s,2026-S1,synthétique,PROC-GEN-SMOTE-V1
EQ-FAN-104,2026-01-06 06:00:00+00:00,vibration_mm_s,2.66,mm/s,2026-S1,synthétique,PROC-GEN-SMOTE-V1
EQ-FAN-104,2026-01-06 12:00:00+00:00,vibration_mm_s,2.72,mm/s,2026-S1,synthétique,PROC-GEN-SMOTE-V1
EQ-FAN-104,2026-01-06 18:00:00+00:00,vibration_mm_s,2.56,mm/s,2026-S1,synthétique,PROC-GEN-SMOTE-V1
EQ-FAN-104,2026-01-07 00:00:00+00:00,vibration_mm_s,2.54,mm/s,2026-S1,synthétique,PROC-GEN-SMOTE-V1
EQ-FAN-104,2026-01-07 06:00:00+00:00,vibration_mm_s,2.79,mm/s,2026-S1,synthétique,PROC-GEN-SMOTE-V1
EQ-FAN-104,2026-01-07 12:00:00+00:00,vibration_mm_s,3.16,mm/s,2026-S1,synthétique,PROC-GEN-SMOTE-V1
EQ-FAN-104,2026-01-07 18:00:00+00:00,vibration_mm_s,2.74,mm/s,2026-S1,synthétique,PROC-GEN-SMOTE-V1
EQ-FAN-104,2026-01-08 00:00:00+00:00,vibration_mm_s,2.31,mm/s,2026-S1,synthétique,PROC-GEN-SMOTE-V1
EQ-FAN-104,2026-01-08 06:00:00+00:00,vibration_mm_s,3.14,mm/s,2026-S1,synthétique,PROC-GEN-SMOTE-V1
EQ-FAN-104,2026-01-08 12:00:00+00:00,vibration_mm_s,2.96,mm/s,2026-S1,synthétique,PROC-GEN-SMOTE-V1
EQ-FAN-104,2026-01-08 18:00:00+00:00,vibration_mm_s,2.74,mm/s,2026-S1,synthétique,PROC-GEN-SMOTE-V1
EQ-FAN-104,2026-01-09 00:00:00+00:00,vibration_mm_s,3.06,mm/s,2026-S1,synthétique,PROC-GEN-SMOTE-V1
EQ-FAN-104,2026-01-09 06:00:00+00:00,vibration_mm_s,3.34,mm/s,2026-S1,synthétique,PROC-GEN-SMOTE-V1
EQ-FAN-104,2026-01-09 12:00:00+00:00,vibration_mm_s,3.56,mm/s,2026-S1,synthétique,PROC-GEN-SMOTE-V1
EQ-FAN-104,2026-01-09 18:00:00+00:00,vibration_mm_s,2.59,mm/s,2026-S1,synthétique,PROC-GEN-SMOTE-V1
EQ-FAN-104,2026-01-10 00:00:00+00:00,vibration_mm_s,2.49,mm/s,2026-S1,synthétique,PROC-GEN-SMOTE-V1
EQ-FAN-104,2026-01-10 06:00:00+00:00,vibration_mm_s,3.92,mm/s,2026-S1,synthétique,PROC-GEN-SMOTE-V1
EQ-FAN-104,2026-01-10 12:00:00+00:00,vibration_mm_s,2.69,mm/s,2026-S1,synthétique,PROC-GEN-SMOTE-V1
EQ-FAN-104,2026-01-10 18:00:00+00:00,vibration_mm_s,2.97,mm/s,2026-S1,synthétique,PROC-GEN-SMOTE-V1
EQ-FAN-104,2026-01-11 00:00:00+00:00,vibration_mm_s,2.68,mm/s,2026-S1,synthétique,PROC-GEN-SMOTE-V1
EQ-FAN-104,2026-01-11 06:00:00+00:00,vibration_mm_s,2.79,mm/s,2026-S1,synthétique,PROC-GEN-SMOTE-V1
EQ-FAN-104,2026-01-11 12:00:00+00:00,vibration_mm_s,3.63,mm/s,2026-S1,synthétique,PROC-GEN-SMOTE-V1
EQ-FAN-104,2026-01-11 18:00:00+00:00,vibration_mm_s,2.77,mm/s,2026-S1,synthétique,PROC-GEN-SMOTE-V1
EQ-FAN-104,2026-01-12 00:00:00+00:00,vibration_mm_s,2.87,mm/s,2026-S1,synthétique,PROC-GEN-SMOTE-V1
EQ-FAN-104,2026-01-12 06:00:00+00:00,vibration_mm_s,2.97,mm/s,2026-S1,synthétique,PROC-GEN-SMOTE-V1
EQ-FAN-104,2026-01-12 12:00:00+00:00,vibration_mm_s,2.91,mm/s,2026-S1,synthétique,PROC-GEN-SMOTE-V1
EQ-FAN-104,2026-01-12 18:00:00+00:00,vibration_mm_s,2.14,mm/s,2026-S1,synthétique,PROC-GEN-SMOTE-V1
EQ-FAN-104,2026-01-13 00:00:00+00:00,vibration_mm_s,3.06,mm/s,2026-S1,synthétique,PROC-GEN-SMOTE-V1
EQ-FAN-104,2026-01-13 06:00:00+00:00,vibration_mm_s,2.37,mm/s,2026-S1,synthétique,PROC-GEN-SMOTE-V1
EQ-FAN-104,2026-01-13 12:00:00+00:00,vibration_mm_s,2.81,mm/s,2026-S1,synthétique,PROC-GEN-SMOTE-V1
EQ-FAN-104,2026-01-13 18:00:00+00:00,vibration_mm_s,2.52,mm/s,2026-S1,synthétique,PROC-GEN-SMOTE-V1
EQ-FAN-104,2026-01-14 00:00:00+00:00,vibration_mm_s,2.45,mm/s,2026-S1,synthétique,PROC-GEN-SMOTE-V1
EQ-FAN-104,2026-01-14 06:00:00+00:00,vibration_mm_s,2.54,mm/s,2026-S1,synthétique,PROC-GEN-SMOTE-V1
EQ-FAN-104,2026-01-14 12:00:00+00:00,vibration_mm_s,3.11,mm/s,2026-S1,synthétique,PROC-GEN-SMOTE-V1
EQ-FAN-104,2026-01-14 18:00:00+00:00,vibration_mm_s,2.99,mm/s,2026-S1,synthétique,PROC-GEN-SMOTE-V1
EQ-FAN-104,2026-01-15 00:00:00+00:00,vibration_mm_s,3.0,mm/s,2026-S1,synthétique,PROC-GEN-SMOTE-V1
EQ-FAN-104,2026-01-15 06:00:00+00:00,vibration_mm_s,3.14,mm/s,2026-S1,synthétique,PROC-GEN-SMOTE-V1
EQ-FAN-104,2026-01-15 12:00:00+00:00,vibration_mm_s,2.67,mm/s,2026-S1,synthétique,PROC-GEN-SMOTE-V1
EQ-FAN-104,2026-01-15 18:00:00+00:00,vibration_mm_s,2.55,mm/s,2026-S1,synthétique,PROC-GEN-SMOTE-V1
EQ-FAN-104,2026-01-16 00:00:00+00:00,vibration_mm_s,2.93,mm/s,2026-S1,synthétique,PROC-GEN-SMOTE-V1
EQ-FAN-104,2026-01-16 06:00:00+00:00,vibration_mm_s,3.41,mm/s,2026-S1,synthétique,PROC-GEN-SMOTE-V1
EQ-FAN-104,2026-01-16 12:00:00+00:00,vibration_mm_s,2.95,mm/s,2026-S1,synthétique,PROC-GEN-SMOTE-V1
EQ-FAN-104,2026-01-16 18:00:00+00:00,vibration_mm_s,2.73,mm/s,2026-S1,synthétique,PROC-GEN-SMOTE-V1
EQ-FAN-104,2026-01-17 00:00:00+00:00,vibration_mm_s,2.51,mm/s,2026-S1,synthétique,PROC-GEN-SMOTE-V1
EQ-FAN-104,2026-01-17 06:00:00+00:00,vibration_mm_s,2.38,mm/s,2026-S1,synthétique,PROC-GEN-SMOTE-V1
EQ-FAN-104,2026-01-17 12:00:00+00:00,vibration_mm_s,2.65,mm/s,2026-S1,synthétique,PROC-GEN-SMOTE-V1
EQ-FAN-104,2026-01-17 18:00:00+00:00,vibration_mm_s,2.48,mm/s,2026-S1,synthétique,PROC-GEN-SMOTE-V1
EQ-FAN-104,2026-01-18 00:00:00+00:00,vibration_mm_s,2.45,mm/s,2026-S1,synthétique,PROC-GEN-SMOTE-V1
EQ-FAN-104,2026-01-18 06:00:00+00:00,vibration_mm_s,2.86,mm/s,2026-S1,synthétique,PROC-GEN-SMOTE-V1
EQ-FAN-104,2026-01-18 12:00:00+00:00,vibration_mm_s,2.86,mm/s,2026-S1,synthétique,PROC-GEN-SMOTE-V1
EQ-FAN-104,2026-01-18 18:00:00+00:00,vibration_mm_s,2.76,mm/s,2026-S1,synthétique,PROC-GEN-SMOTE-V1
EQ-FAN-104,2026-01-19 00:00:00+00:00,vibration_mm_s,2.64,mm/s,2026-S1,synthétique,PROC-GEN-SMOTE-V1
EQ-FAN-104,2026-01-19 06:00:00+00:00,vibration_mm_s,3.2,mm/s,2026-S1,synthétique,PROC-GEN-SMOTE-V1
EQ-FAN-104,2026-01-19 12:00:00+00:00,vibration_mm_s,3.11,mm/s,2026-S1,synthétique,PROC-GEN-SMOTE-V1
EQ-FAN-104,2026-01-19 18:00:00+00:00,vibration_mm_s,2.5,mm/s,2026-S1,synthétique,PROC-GEN-SMOTE-V1
EQ-FAN-104,2026-01-20 00:00:00+00:00,vibration_mm_s,2.33,mm/s,2026-S1,synthétique,PROC-GEN-SMOTE-V1
EQ-FAN-104,2026-01-20 06:00:00+00:00,vibration_mm_s,3.25,mm/s,2026-S1,synthétique,PROC-GEN-SMOTE-V1
EQ-FAN-104,2026-01-20 12:00:00+00:00,vibration_mm_s,3.41,mm/s,2026-S1,synthétique,PROC-GEN-SMOTE-V1
EQ-FAN-104,2026-01-20 18:00:00+00:00,vibration_mm_s,2.64,mm/s,2026-S1,synthétique,PROC-GEN-SMOTE-V1
EQ-FAN-104,2026-01-21 00:00:00+00:00,vibration_mm_s,3.1,mm/s,2026-S1,synthétique,PROC-GEN-SMOTE-V1
EQ-FAN-104,2026-01-21 06:00:00+00:00,vibration_mm_s,2.66,mm/s,2026-S1,synthétique,PROC-GEN-SMOTE-V1
EQ-FAN-104,2026-01-21 12:00:00+00:00,vibration_mm_s,3.05,mm/s,2026-S1,synthétique,PROC-GEN-SMOTE-V1
EQ-FAN-104,2026-01-21 18:00:00+00:00,vibration_mm_s,2.6,mm/s,2026-S1,synthétique,PROC-GEN-SMOTE-V1
EQ-FAN-104,2026-01-22 00:00:00+00:00,vibration_mm_s,2.14,mm/s,2026-S1,synthétique,PROC-GEN-SMOTE-V1
EQ-FAN-104,2026-01-22 06:00:00+00:00,vibration_mm_s,2.97,mm/s,2026-S1,synthétique,PROC-GEN-SMOTE-V1
EQ-FAN-104,2026-01-22 12:00:00+00:00,vibration_mm_s,2.87,mm/s,2026-S1,synthétique,PROC-GEN-SMOTE-V1
EQ-FAN-104,2026-01-22 18:00:00+00:00,vibration_mm_s,2.65,mm/s,2026-S1,synthétique,PROC-GEN-SMOTE-V1
EQ-FAN-104,2026-01-23 00:00:00+00:00,vibration_mm_s,2.25,mm/s,2026-S1,synthétique,PROC-GEN-SMOTE-V1
EQ-FAN-104,2026-01-23 06:00:00+00:00,vibration_mm_s,3.1,mm/s,2026-S1,synthétique,PROC-GEN-SMOTE-V1
EQ-FAN-104,2026-01-23 12:00:00+00:00,vibration_mm_s,3.06,mm/s,2026-S1,synthétique,PROC-GEN-SMOTE-V1
EQ-FAN-104,2026-01-23 18:00:00+00:00,vibration_mm_s,2.71,mm/s,2026-S1,synthétique,PROC-GEN-SMOTE-V1
EQ-FAN-104,2026-01-24 00:00:00+00:00,vibration_mm_s,2.35,mm/s,2026-S1,synthétique,PROC-GEN-SMOTE-V1
EQ-FAN-104,2026-01-24 06:00:00+00:00,vibration_mm_s,2.55,mm/s,2026-S1,synthétique,PROC-GEN-SMOTE-V1
EQ-FAN-104,2026-01-24 12:00:00+00:00,vibration_mm_s,2.72,mm/s,2026-S1,synthétique,PROC-GEN-SMOTE-V1
EQ-FAN-104,2026-01-24 18:00:00+00:00,vibration_mm_s,2.6,mm/s,2026-S1,synthétique,PROC-GEN-SMOTE-V1
EQ-FAN-104,2026-01-25 00:00:00+00:00,vibration_mm_s,2.59,mm/s,2026-S1,synthétique,PROC-GEN-SMOTE-V1
EQ-FAN-104,2026-01-25 06:00:00+00:00,vibration_mm_s,2.87,mm/s,2026-S1,synthétique,PROC-GEN-SMOTE-V1
EQ-FAN-104,2026-01-25 12:00:00+00:00,vibration_mm_s,2.97,mm/s,2026-S1,synthétique,PROC-GEN-SMOTE-V1
EQ-FAN-104,2026-01-25 18:00:00+00:00,vibration_mm_s,2.27,mm/s,2026-S1,synthétique,PROC-GEN-SMOTE-V1
EQ-FAN-104,2026-01-26 00:00:00+00:00,vibration_mm_s,2.36,mm/s,2026-S1,synthétique,PROC-GEN-SMOTE-V1
EQ-FAN-104,2026-01-26 06:00:00+00:00,vibration_mm_s,3.23,mm/s,2026-S1,synthétique,PROC-GEN-SMOTE-V1
EQ-FAN-104,2026-01-26 12:00:00+00:00,vibration_mm_s,3.07,mm/s,2026-S1,synthétique,PROC-GEN-SMOTE-V1
EQ-FAN-104,2026-01-26 18:00:00+00:00,vibration_mm_s,2.56,mm/s,2026-S1,synthétique,PROC-GEN-SMOTE-V1
EQ-FAN-104,2026-01-27 00:00:00+00:00,vibration_mm_s,2.81,mm/s,2026-S1,synthétique,PROC-GEN-SMOTE-V1
EQ-FAN-104,2026-01-27 06:00:00+00:00,vibration_mm_s,2.94,mm/s,2026-S1,synthétique,PROC-GEN-SMOTE-V1
EQ-FAN-104,2026-01-27 12:00:00+00:00,vibration_mm_s,3.08,mm/s,2026-S1,synthétique,PROC-GEN-SMOTE-V1
EQ-FAN-104,2026-01-27 18:00:00+00:00,vibration_mm_s,2.58,mm/s,2026-S1,synthétique,PROC-GEN-SMOTE-V1
EQ-FAN-104,2026-01-28 00:00:00+00:00,vibration_mm_s,2.44,mm/s,2026-S1,synthétique,PROC-GEN-SMOTE-V1
EQ-FAN-104,2026-01-28 06:00:00+00:00,vibration_mm_s,2.94,mm/s,2026-S1,synthétique,PROC-GEN-SMOTE-V1
EQ-FAN-104,2026-01-28 12:00:00+00:00,vibration_mm_s,2.97,mm/s,2026-S1,synthétique,PROC-GEN-SMOTE-V1
EQ-FAN-104,2026-01-28 18:00:00+00:00,vibration_mm_s,2.8,mm/s,2026-S1,synthétique,PROC-GEN-SMOTE-V1
EQ-FAN-104,2026-01-29 00:00:00+00:00,vibration_mm_s,2.47,mm/s,2026-S1,synthétique,PROC-GEN-SMOTE-V1
EQ-FAN-104,2026-01-29 06:00:00+00:00,vibration_mm_s,2.68,mm/s,2026-S1,synthétique,PROC-GEN-SMOTE-V1
EQ-FAN-104,2026-01-29 12:00:00+00:00,vibration_mm_s,2.93,mm/s,2026-S1,synthétique,PROC-GEN-SMOTE-V1
EQ-FAN-104,2026-01-29 18:00:00+00:00,vibration_mm_s,2.57,mm/s,2026-S1,synthétique,PROC-GEN-SMOTE-V1
EQ-FAN-104,2026-01-30 00:00:00+00:00,vibration_mm_s,2.37,mm/s,2026-S1,synthétique,PROC-GEN-SMOTE-V1
EQ-FAN-104,2026-01-30 06:00:00+00:00,vibration_mm_s,3.36,mm/s,2026-S1,synthétique,PROC-GEN-SMOTE-V1
EQ-FAN-104,2026-01-30 12:00:00+00:00,vibration_mm_s,3.04,mm/s,2026-S1,synthétique,PROC-GEN-SMOTE-V1
EQ-FAN-104,2026-01-30 18:00:00+00:00,vibration_mm_s,2.83,mm/s,2026-S1,synthétique,PROC-GEN-SMOTE-V1
EQ-FAN-104,2026-01-31 00:00:00+00:00,vibration_mm_s,2.66,mm/s,2026-S1,synthétique,PROC-GEN-SMOTE-V1
EQ-FAN-104,2026-01-31 06:00:00+00:00,vibration_mm_s,2.54,mm/s,2026-S1,synthétique,PROC-GEN-SMOTE-V1
EQ-FAN-104,2026-01-31 12:00:00+00:00,vibration_mm_s,2.59,mm/s,2026-S1,synthétique,PROC-GEN-SMOTE-V1
EQ-FAN-104,2026-01-31 18:00:00+00:00,vibration_mm_s,2.33,mm/s,2026-S1,synthétique,PROC-GEN-SMOTE-V1
EQ-FAN-120,2026-01-02 00:00:00+00:00,vibration_mm_s,2.39,mm/s,2026-S1,synthétique,PROC-GEN-SMOTE-V1
EQ-FAN-120,2026-01-02 06:00:00+00:00,vibration_mm_s,2.39,mm/s,2026-S1,synthétique,PROC-GEN-SMOTE-V1
EQ-FAN-120,2026-01-02 12:00:00+00:00,vibration_mm_s,3.03,mm/s,2026-S1,synthétique,PROC-GEN-SMOTE-V1
EQ-FAN-120,2026-01-02 18:00:00+00:00,vibration_mm_s,2.4,mm/s,2026-S1,synthétique,PROC-GEN-SMOTE-V1
EQ-FAN-120,2026-01-03 00:00:00+00:00,vibration_mm_s,3.0,mm/s,2026-S1,synthétique,PROC-GEN-SMOTE-V1
EQ-FAN-120,2026-01-03 06:00:00+00:00,vibration_mm_s,2.96,mm/s,2026-S1,synthétique,PROC-GEN-SMOTE-V1
EQ-FAN-120,2026-01-03 12:00:00+00:00,vibration_mm_s,2.71,mm/s,2026-S1,synthétique,PROC-GEN-SMOTE-V1
EQ-FAN-120,2026-01-03 18:00:00+00:00,vibration_mm_s,2.79,mm/s,2026-S1,synthétique,PROC-GEN-SMOTE-V1
EQ-FAN-120,2026-01-04 00:00:00+00:00,vibration_mm_s,2.25,mm/s,2026-S1,synthétique,PROC-GEN-SMOTE-V1
EQ-FAN-120,2026-01-04 06:00:00+00:00,vibration_mm_s,2.68,mm/s,2026-S1,synthétique,PROC-GEN-SMOTE-V1
EQ-FAN-120,2026-01-04 12:00:00+00:00,vibration_mm_s,2.85,mm/s,2026-S1,synthétique,PROC-GEN-SMOTE-V1
EQ-FAN-120,2026-01-04 18:00:00+00:00,vibration_mm_s,2.37,mm/s,2026-S1,synthétique,PROC-GEN-SMOTE-V1
EQ-FAN-120,2026-01-05 00:00:00+00:00,vibration_mm_s,2.73,mm/s,2026-S1,synthétique,PROC-GEN-SMOTE-V1
EQ-FAN-120,2026-01-05 06:00:00+00:00,vibration_mm_s,2.69,mm/s,2026-S1,synthétique,PROC-GEN-SMOTE-V1
EQ-FAN-120,2026-01-05 12:00:00+00:00,vibration_mm_s,3.05,mm/s,2026-S1,synthétique,PROC-GEN-SMOTE-V1
EQ-FAN-120,2026-01-05 18:00:00+00:00,vibration_mm_s,2.62,mm/s,2026-S1,synthétique,PROC-GEN-SMOTE-V1
EQ-FAN-120,2026-01-06 00:00:00+00:00,vibration_mm_s,2.51,mm/s,2026-S1,synthétique,PROC-GEN-SMOTE-V1
EQ-FAN-120,2026-01-06 06:00:00+00:00,vibration_mm_s,3.17,mm/s,2026-S1,synthétique,PROC-GEN-SMOTE-V1
EQ-FAN-120,2026-01-06 12:00:00+00:00,vibration_mm_s,2.93,mm/s,2026-S1,synthétique,PROC-GEN-SMOTE-V1
EQ-FAN-120,2026-01-06 18:00:00+00:00,vibration_mm_s,2.6,mm/s,2026-S1,synthétique,PROC-GEN-SMOTE-V1
EQ-FAN-120,2026-01-07 00:00:00+00:00,vibration_mm_s,2.58,mm/s,2026-S1,synthétique,PROC-GEN-SMOTE-V1
EQ-FAN-120,2026-01-07 06:00:00+00:00,vibration_mm_s,3.02,mm/s,2026-S1,synthétique,PROC-GEN-SMOTE-V1
EQ-FAN-120,2026-01-07 12:00:00+00:00,vibration_mm_s,2.7,mm/s,2026-S1,synthétique,PROC-GEN-SMOTE-V1
EQ-FAN-120,2026-01-07 18:00:00+00:00,vibration_mm_s,2.58,mm/s,2026-S1,synthétique,PROC-GEN-SMOTE-V1
EQ-FAN-120,2026-01-08 00:00:00+00:00,vibration_mm_s,2.79,mm/s,2026-S1,synthétique,PROC-GEN-SMOTE-V1
EQ-FAN-120,2026-01-08 06:00:00+00:00,vibration_mm_s,2.73,mm/s,2026-S1,synthétique,PROC-GEN-SMOTE-V1
EQ-FAN-120,2026-01-08 12:00:00+00:00,vibration_mm_s,3.01,mm/s,2026-S1,synthétique,PROC-GEN-SMOTE-V1
EQ-FAN-120,2026-01-08 18:00:00+00:00,vibration_mm_s,2.79,mm/s,2026-S1,synthétique,PROC-GEN-SMOTE-V1
EQ-FAN-120,2026-01-09 00:00:00+00:00,vibration_mm_s,3.01,mm/s,2026-S1,synthétique,PROC-GEN-SMOTE-V1
EQ-FAN-120,2026-01-09 06:00:00+00:00,vibration_mm_s,2.53,mm/s,2026-S1,synthétique,PROC-GEN-SMOTE-V1
EQ-FAN-120,2026-01-09 12:00:00+00:00,vibration_mm_s,3.09,mm/s,2026-S1,synthétique,PROC-GEN-SMOTE-V1
EQ-FAN-120,2026-01-09 18:00:00+00:00,vibration_mm_s,2.57,mm/s,2026-S1,synthétique,PROC-GEN-SMOTE-V1
EQ-FAN-120,2026-01-10 00:00:00+00:00,vibration_mm_s,2.58,mm/s,2026-S1,synthétique,PROC-GEN-SMOTE-V1
EQ-FAN-120,2026-01-10 06:00:00+00:00,vibration_mm_s,2.73,mm/s,2026-S1,synthétique,PROC-GEN-SMOTE-V1
EQ-FAN-120,2026-01-10 12:00:00+00:00,vibration_mm_s,3.23,mm/s,2026-S1,synthétique,PROC-GEN-SMOTE-V1
EQ-FAN-120,2026-01-10 18:00:00+00:00,vibration_mm_s,2.56,mm/s,2026-S1,synthétique,PROC-GEN-SMOTE-V1
EQ-FAN-120,2026-01-11 00:00:00+00:00,vibration_mm_s,2.31,mm/s,2026-S1,synthétique,PROC-GEN-SMOTE-V1
EQ-FAN-120,2026-01-11 06:00:00+00:00,vibration_mm_s,2.91,mm/s,2026-S1,synthétique,PROC-GEN-SMOTE-V1
EQ-FAN-120,2026-01-11 12:00:00+00:00,vibration_mm_s,2.94,mm/s,2026-S1,synthétique,PROC-GEN-SMOTE-V1
EQ-FAN-120,2026-01-11 18:00:00+00:00,vibration_mm_s,2.26,mm/s,2026-S1,synthétique,PROC-GEN-SMOTE-V1
EQ-FAN-120,2026-01-12 00:00:00+00:00,vibration_mm_s,2.67,mm/s,2026-S1,synthétique,PROC-GEN-SMOTE-V1
EQ-FAN-120,2026-01-12 06:00:00+00:00,vibration_mm_s,2.72,mm/s,2026-S1,synthétique,PROC-GEN-SMOTE-V1
EQ-FAN-120,2026-01-12 12:00:00+00:00,vibration_mm_s,3.4,mm/s,2026-S1,synthétique,PROC-GEN-SMOTE-V1
EQ-FAN-120,2026-01-12 18:00:00+00:00,vibration_mm_s,2.47,mm/s,2026-S1,synthétique,PROC-GEN-SMOTE-V1
EQ-FAN-120,2026-01-13 00:00:00+00:00,vibration_mm_s,2.54,mm/s,2026-S1,synthétique,PROC-GEN-SMOTE-V1
EQ-FAN-120,2026-01-13 06:00:00+00:00,vibration_mm_s,2.92,mm/s,2026-S1,synthétique,PROC-GEN-SMOTE-V1
EQ-FAN-120,2026-01-13 12:00:00+00:00,vibration_mm_s,2.66,mm/s,2026-S1,synthétique,PROC-GEN-SMOTE-V1
EQ-FAN-120,2026-01-13 18:00:00+00:00,vibration_mm_s,3.21,mm/s,2026-S1,synthétique,PROC-GEN-SMOTE-V1
EQ-FAN-120,2026-01-14 00:00:00+00:00,vibration_mm_s,2.78,mm/s,2026-S1,synthétique,PROC-GEN-SMOTE-V1
EQ-FAN-120,2026-01-14 06:00:00+00:00,vibration_mm_s,3.04,mm/s,2026-S1,synthétique,PROC-GEN-SMOTE-V1
EQ-FAN-120,2026-01-14 12:00:00+00:00,vibration_mm_s,2.94,mm/s,2026-S1,synthétique,PROC-GEN-SMOTE-V1
EQ-FAN-120,2026-01-14 18:00:00+00:00,vibration_mm_s,2.75,mm/s,2026-S1,synthétique,PROC-GEN-SMOTE-V1
EQ-FAN-120,2026-01-15 00:00:00+00:00,vibration_mm_s,2.79,mm/s,2026-S1,synthétique,PROC-GEN-SMOTE-V1
EQ-FAN-120,2026-01-15 06:00:00+00:00,vibration_mm_s,2.91,mm/s,2026-S1,synthétique,PROC-GEN-SMOTE-V1
EQ-FAN-120,2026-01-15 12:00:00+00:00,vibration_mm_s,2.74,mm/s,2026-S1,synthétique,PROC-GEN-SMOTE-V1
EQ-FAN-120,2026-01-15 18:00:00+00:00,vibration_mm_s,2.51,mm/s,2026-S1,synthétique,PROC-GEN-SMOTE-V1
EQ-FAN-120,2026-01-16 00:00:00+00:00,vibration_mm_s,2.48,mm/s,2026-S1,synthétique,PROC-GEN-SMOTE-V1
EQ-FAN-120,2026-01-16 06:00:00+00:00,vibration_mm_s,3.34,mm/s,2026-S1,synthétique,PROC-GEN-SMOTE-V1
EQ-FAN-120,2026-01-16 12:00:00+00:00,vibration_mm_s,2.83,mm/s,2026-S1,synthétique,PROC-GEN-SMOTE-V1
EQ-FAN-120,2026-01-16 18:00:00+00:00,vibration_mm_s,2.46,mm/s,2026-S1,synthétique,PROC-GEN-SMOTE-V1
EQ-FAN-120,2026-01-17 00:00:00+00:00,vibration_mm_s,2.65,mm/s,2026-S1,synthétique,PROC-GEN-SMOTE-V1
EQ-FAN-120,2026-01-17 06:00:00+00:00,vibration_mm_s,2.45,mm/s,2026-S1,synthétique,PROC-GEN-SMOTE-V1
EQ-FAN-120,2026-01-17 12:00:00+00:00,vibration_mm_s,2.78,mm/s,2026-S1,synthétique,PROC-GEN-SMOTE-V1
EQ-FAN-120,2026-01-17 18:00:00+00:00,vibration_mm_s,3.13,mm/s,2026-S1,synthétique,PROC-GEN-SMOTE-V1
EQ-FAN-120,2026-01-18 00:00:00+00:00,vibration_mm_s,2.19,mm/s,2026-S1,synthétique,PROC-GEN-SMOTE-V1
EQ-FAN-120,2026-01-18 06:00:00+00:00,vibration_mm_s,2.88,mm/s,2026-S1,synthétique,PROC-GEN-SMOTE-V1
EQ-FAN-120,2026-01-18 12:00:00+00:00,vibration_mm_s,2.85,mm/s,2026-S1,synthétique,PROC-GEN-SMOTE-V1
EQ-FAN-120,2026-01-18 18:00:00+00:00,vibration_mm_s,2.69,mm/s,2026-S1,synthétique,PROC-GEN-SMOTE-V1
EQ-FAN-120,2026-01-19 00:00:00+00:00,vibration_mm_s,2.42,mm/s,2026-S1,synthétique,PROC-GEN-SMOTE-V1
EQ-FAN-120,2026-01-19 06:00:00+00:00,vibration_mm_s,2.82,mm/s,2026-S1,synthétique,PROC-GEN-SMOTE-V1
EQ-FAN-120,2026-01-19 12:00:00+00:00,vibration_mm_s,3.06,mm/s,2026-S1,synthétique,PROC-GEN-SMOTE-V1
EQ-FAN-120,2026-01-19 18:00:00+00:00,vibration_mm_s,2.61,mm/s,2026-S1,synthétique,PROC-GEN-SMOTE-V1
EQ-FAN-120,2026-01-20 00:00:00+00:00,vibration_mm_s,2.88,mm/s,2026-S1,synthétique,PROC-GEN-SMOTE-V1
EQ-FAN-120,2026-01-20 06:00:00+00:00,vibration_mm_s,2.56,mm/s,2026-S1,synthétique,PROC-GEN-SMOTE-V1
EQ-FAN-120,2026-01-20 12:00:00+00:00,vibration_mm_s,2.9,mm/s,2026-S1,synthétique,PROC-GEN-SMOTE-V1
EQ-FAN-120,2026-01-20 18:00:00+00:00,vibration_mm_s,3.09,mm/s,2026-S1,synthétique,PROC-GEN-SMOTE-V1
EQ-FAN-120,2026-01-21 00:00:00+00:00,vibration_mm_s,2.85,mm/s,2026-S1,synthétique,PROC-GEN-SMOTE-V1
EQ-FAN-120,2026-01-21 06:00:00+00:00,vibration_mm_s,2.68,mm/s,2026-S1,synthétique,PROC-GEN-SMOTE-V1
EQ-FAN-120,2026-01-21 12:00:00+00:00,vibration_mm_s,3.2,mm/s,2026-S1,synthétique,PROC-GEN-SMOTE-V1
EQ-FAN-120,2026-01-21 18:00:00+00:00,vibration_mm_s,2.48,mm/s,2026-S1,synthétique,PROC-GEN-SMOTE-V1
EQ-FAN-120,2026-01-22 00:00:00+00:00,vibration_mm_s,2.48,mm/s,2026-S1,synthétique,PROC-GEN-SMOTE-V1
EQ-FAN-120,2026-01-22 06:00:00+00:00,vibration_mm_s,2.87,mm/s,2026-S1,synthétique,PROC-GEN-SMOTE-V1
EQ-FAN-120,2026-01-22 12:00:00+00:00,vibration_mm_s,2.76,mm/s,2026-S1,synthétique,PROC-GEN-SMOTE-V1
EQ-FAN-120,2026-01-22 18:00:00+00:00,vibration_mm_s,2.49,mm/s,2026-S1,synthétique,PROC-GEN-SMOTE-V1
EQ-FAN-120,2026-01-23 00:00:00+00:00,vibration_mm_s,2.75,mm/s,2026-S1,synthétique,PROC-GEN-SMOTE-V1
EQ-FAN-120,2026-01-23 06:00:00+00:00,vibration_mm_s,2.79,mm/s,2026-S1,synthétique,PROC-GEN-SMOTE-V1
EQ-FAN-120,2026-01-23 12:00:00+00:00,vibration_mm_s,2.87,mm/s,2026-S1,synthétique,PROC-GEN-SMOTE-V1
EQ-FAN-120,2026-01-23 18:00:00+00:00,vibration_mm_s,2.85,mm/s,2026-S1,synthétique,PROC-GEN-SMOTE-V1
EQ-FAN-120,2026-01-24 00:00:00+00:00,vibration_mm_s,2.58,mm/s,2026-S1,synthétique,PROC-GEN-SMOTE-V1
EQ-FAN-120,2026-01-24 06:00:00+00:00,vibration_mm_s,2.97,mm/s,2026-S1,synthétique,PROC-GEN-SMOTE-V1
EQ-FAN-120,2026-01-24 12:00:00+00:00,vibration_mm_s,2.82,mm/s,2026-S1,synthétique,PROC-GEN-SMOTE-V1
EQ-FAN-120,2026-01-24 18:00:00+00:00,vibration_mm_s,2.55,mm/s,2026-S1,synthétique,PROC-GEN-SMOTE-V1
EQ-FAN-120,2026-01-25 00:00:00+00:00,vibration_mm_s,2.45,mm/s,2026-S1,synthétique,PROC-GEN-SMOTE-V1
EQ-FAN-120,2026-01-25 06:00:00+00:00,vibration_mm_s,2.78,mm/s,2026-S1,synthétique,PROC-GEN-SMOTE-V1
EQ-FAN-120,2026-01-25 12:00:00+00:00,vibration_mm_s,3.01,mm/s,2026-S1,synthétique,PROC-GEN-SMOTE-V1
EQ-FAN-120,2026-01-25 18:00:00+00:00,vibration_mm_s,2.6,mm/s,2026-S1,synthétique,PROC-GEN-SMOTE-V1
EQ-FAN-120,2026-01-26 00:00:00+00:00,vibration_mm_s,2.03,mm/s,2026-S1,synthétique,PROC-GEN-SMOTE-V1
EQ-FAN-120,2026-01-26 06:00:00+00:00,vibration_mm_s,2.73,mm/s,2026-S1,synthétique,PROC-GEN-SMOTE-V1
EQ-FAN-120,2026-01-26 12:00:00+00:00,vibration_mm_s,2.87,mm/s,2026-S1,synthétique,PROC-GEN-SMOTE-V1
EQ-FAN-120,2026-01-26 18:00:00+00:00,vibration_mm_s,2.5,mm/s,2026-S1,synthétique,PROC-GEN-SMOTE-V1
EQ-FAN-120,2026-01-27 00:00:00+00:00,vibration_mm_s,2.44,mm/s,2026-S1,synthétique,PROC-GEN-SMOTE-V1
EQ-FAN-120,2026-01-27 06:00:00+00:00,vibration_mm_s,2.94,mm/s,2026-S1,synthétique,PROC-GEN-SMOTE-V1
EQ-FAN-120,2026-01-27 12:00:00+00:00,vibration_mm_s,3.05,mm/s,2026-S1,synthétique,PROC-GEN-SMOTE-V1
EQ-FAN-120,2026-01-27 18:00:00+00:00,vibration_mm_s,2.81,mm/s,2026-S1,synthétique,PROC-GEN-SMOTE-V1
EQ-FAN-120,2026-01-28 00:00:00+00:00,vibration_mm_s,2.59,mm/s,2026-S1,synthétique,PROC-GEN-SMOTE-V1
EQ-FAN-120,2026-01-28 06:00:00+00:00,vibration_mm_s,3.59,mm/s,2026-S1,synthétique,PROC-GEN-SMOTE-V1
EQ-FAN-120,2026-01-28 12:00:00+00:00,vibration_mm_s,3.08,mm/s,2026-S1,synthétique,PROC-GEN-SMOTE-V1
EQ-FAN-120,2026-01-28 18:00:00+00:00,vibration_mm_s,2.51,mm/s,2026-S1,synthétique,PROC-GEN-SMOTE-V1
EQ-FAN-120,2026-01-29 00:00:00+00:00,vibration_mm_s,2.57,mm/s,2026-S1,synthétique,PROC-GEN-SMOTE-V1
EQ-FAN-120,2026-01-29 06:00:00+00:00,vibration_mm_s,2.92,mm/s,2026-S1,synthétique,PROC-GEN-SMOTE-V1
EQ-FAN-120,2026-01-29 12:00:00+00:00,vibration_mm_s,3.03,mm/s,2026-S1,synthétique,PROC-GEN-SMOTE-V1
EQ-FAN-120,2026-01-29 18:00:00+00:00,vibration_mm_s,2.5,mm/s,2026-S1,synthétique,PROC-GEN-SMOTE-V1
EQ-FAN-120,2026-01-30 00:00:00+00:00,vibration_mm_s,2.67,mm/s,2026-S1,synthétique,PROC-GEN-SMOTE-V1
EQ-FAN-120,2026-01-30 06:00:00+00:00,vibration_mm_s,2.73,mm/s,2026-S1,synthétique,PROC-GEN-SMOTE-V1
EQ-FAN-120,2026-01-30 12:00:00+00:00,vibration_mm_s,3.1,mm/s,2026-S1,synthétique,PROC-GEN-SMOTE-V1
EQ-FAN-120,2026-01-30 18:00:00+00:00,vibration_mm_s,2.81,mm/s,2026-S1,synthétique,PROC-GEN-SMOTE-V1
EQ-FAN-120,2026-01-31 00:00:00+00:00,vibration_mm_s,2.16,mm/s,2026-S1,synthétique,PROC-GEN-SMOTE-V1
EQ-FAN-120,2026-01-31 06:00:00+00:00,vibration_mm_s,3.11,mm/s,2026-S1,synthétique,PROC-GEN-SMOTE-V1
EQ-FAN-120,2026-01-31 12:00:00+00:00,vibration_mm_s,2.69,mm/s,2026-S1,synthétique,PROC-GEN-SMOTE-V1
EQ-FAN-120,2026-01-31 18:00:00+00:00,vibration_mm_s,2.27,mm/s,2026-S1,synthétique,PROC-GEN-SMOTE-V1
EQ-PUMP-002,2026-01-02 00:00:00+00:00,vibration_mm_s,3.56,mm/s,2026-S1,synthétique,PROC-GEN-SMOTE-V1
EQ-PUMP-002,2026-01-02 06:00:00+00:00,vibration_mm_s,2.85,mm/s,2026-S1,synthétique,PROC-GEN-SMOTE-V1
EQ-PUMP-002,2026-01-02 12:00:00+00:00,vibration_mm_s,3.29,mm/s,2026-S1,synthétique,PROC-GEN-SMOTE-V1
EQ-PUMP-002,2026-01-02 18:00:00+00:00,vibration_mm_s,3.14,mm/s,2026-S1,synthétique,PROC-GEN-SMOTE-V1
EQ-PUMP-002,2026-01-03 00:00:00+00:00,vibration_mm_s,2.57,mm/s,2026-S1,synthétique,PROC-GEN-SMOTE-V1
EQ-PUMP-002,2026-01-03 06:00:00+00:00,vibration_mm_s,2.76,mm/s,2026-S1,synthétique,PROC-GEN-SMOTE-V1
EQ-PUMP-002,2026-01-03 12:00:00+00:00,vibration_mm_s,2.77,mm/s,2026-S1,synthétique,PROC-GEN-SMOTE-V1
EQ-PUMP-002,2026-01-03 18:00:00+00:00,vibration_mm_s,3.02,mm/s,2026-S1,synthétique,PROC-GEN-SMOTE-V1
EQ-PUMP-002,2026-01-04 00:00:00+00:00,vibration_mm_s,3.02,mm/s,2026-S1,synthétique,PROC-GEN-SMOTE-V1
EQ-PUMP-002,2026-01-04 06:00:00+00:00,vibration_mm_s,2.7,mm/s,2026-S1,synthétique,PROC-GEN-SMOTE-V1
EQ-PUMP-002,2026-01-04 12:00:00+00:00,vibration_mm_s,2.93,mm/s,2026-S1,synthétique,PROC-GEN-SMOTE-V1
EQ-PUMP-002,2026-01-04 18:00:00+00:00,vibration_mm_s,3.59,mm/s,2026-S1,synthétique,PROC-GEN-SMOTE-V1
EQ-PUMP-002,2026-01-05 00:00:00+00:00,vibration_mm_s,2.58,mm/s,2026-S1,synthétique,PROC-GEN-SMOTE-V1
EQ-PUMP-002,2026-01-05 06:00:00+00:00,vibration_mm_s,2.99,mm/s,2026-S1,synthétique,PROC-GEN-SMOTE-V1
EQ-PUMP-002,2026-01-05 12:00:00+00:00,vibration_mm_s,2.99,mm/s,2026-S1,synthétique,PROC-GEN-SMOTE-V1
EQ-PUMP-002,2026-01-05 18:00:00+00:00,vibration_mm_s,3.31,mm/s,2026-S1,synthétique,PROC-GEN-SMOTE-V1
EQ-PUMP-002,2026-01-06 00:00:00+00:00,vibration_mm_s,2.91,mm/s,2026-S1,synthétique,PROC-GEN-SMOTE-V1
EQ-PUMP-002,2026-01-06 06:00:00+00:00,vibration_mm_s,3.17,mm/s,2026-S1,synthétique,PROC-GEN-SMOTE-V1
EQ-PUMP-002,2026-01-06 12:00:00+00:00,vibration_mm_s,2.7,mm/s,2026-S1,synthétique,PROC-GEN-SMOTE-V1
EQ-PUMP-002,2026-01-06 18:00:00+00:00,vibration_mm_s,3.15,mm/s,2026-S1,synthétique,PROC-GEN-SMOTE-V1
EQ-PUMP-002,2026-01-07 00:00:00+00:00,vibration_mm_s,3.01,mm/s,2026-S1,synthétique,PROC-GEN-SMOTE-V1
EQ-PUMP-002,2026-01-07 06:00:00+00:00,vibration_mm_s,2.83,mm/s,2026-S1,synthétique,PROC-GEN-SMOTE-V1
EQ-PUMP-002,2026-01-07 12:00:00+00:00,vibration_mm_s,2.8,mm/s,2026-S1,synthétique,PROC-GEN-SMOTE-V1
EQ-PUMP-002,2026-01-07 18:00:00+00:00,vibration_mm_s,3.29,mm/s,2026-S1,synthétique,PROC-GEN-SMOTE-V1
EQ-PUMP-002,2026-01-08 00:00:00+00:00,vibration_mm_s,3.18,mm/s,2026-S1,synthétique,PROC-GEN-SMOTE-V1
EQ-PUMP-002,2026-01-08 06:00:00+00:00,vibration_mm_s,2.65,mm/s,2026-S1,synthétique,PROC-GEN-SMOTE-V1
EQ-PUMP-002,2026-01-08 12:00:00+00:00,vibration_mm_s,3.54,mm/s,2026-S1,synthétique,PROC-GEN-SMOTE-V1
EQ-PUMP-002,2026-01-08 18:00:00+00:00,vibration_mm_s,3.05,mm/s,2026-S1,synthétique,PROC-GEN-SMOTE-V1
EQ-PUMP-002,2026-01-09 00:00:00+00:00,vibration_mm_s,2.99,mm/s,2026-S1,synthétique,PROC-GEN-SMOTE-V1
EQ-PUMP-002,2026-01-09 06:00:00+00:00,vibration_mm_s,2.64,mm/s,2026-S1,synthétique,PROC-GEN-SMOTE-V1
EQ-PUMP-002,2026-01-09 12:00:00+00:00,vibration_mm_s,2.48,mm/s,2026-S1,synthétique,PROC-GEN-SMOTE-V1
EQ-PUMP-002,2026-01-09 18:00:00+00:00,vibration_mm_s,3.76,mm/s,2026-S1,synthétique,PROC-GEN-SMOTE-V1
EQ-PUMP-002,2026-01-10 00:00:00+00:00,vibration_mm_s,3.53,mm/s,2026-S1,synthétique,PROC-GEN-SMOTE-V1
EQ-PUMP-002,2026-01-10 06:00:00+00:00,vibration_mm_s,2.38,mm/s,2026-S1,synthétique,PROC-GEN-SMOTE-V1
EQ-PUMP-002,2026-01-10 12:00:00+00:00,vibration_mm_s,2.81,mm/s,2026-S1,synthétique,PROC-GEN-SMOTE-V1
EQ-PUMP-002,2026-01-10 18:00:00+00:00,vibration_mm_s,3.62,mm/s,2026-S1,synthétique,PROC-GEN-SMOTE-V1
EQ-PUMP-002,2026-01-11 00:00:00+00:00,vibration_mm_s,2.72,mm/s,2026-S1,synthétique,PROC-GEN-SMOTE-V1
EQ-PUMP-002,2026-01-11 06:00:00+00:00,vibration_mm_s,2.48,mm/s,2026-S1,synthétique,PROC-GEN-SMOTE-V1
EQ-PUMP-002,2026-01-11 12:00:00+00:00,vibration_mm_s,3.08,mm/s,2026-S1,synthétique,PROC-GEN-SMOTE-V1
EQ-PUMP-002,2026-01-11 18:00:00+00:00,vibration_mm_s,3.13,mm/s,2026-S1,synthétique,PROC-GEN-SMOTE-V1
EQ-PUMP-002,2026-01-12 00:00:00+00:00,vibration_mm_s,2.89,mm/s,2026-S1,synthétique,PROC-GEN-SMOTE-V1
EQ-PUMP-002,2026-01-12 06:00:00+00:00,vibration_mm_s,3.08,mm/s,2026-S1,synthétique,PROC-GEN-SMOTE-V1
EQ-PUMP-002,2026-01-12 12:00:00+00:00,vibration_mm_s,3.69,mm/s,2026-S1,synthétique,PROC-GEN-SMOTE-V1
EQ-PUMP-002,2026-01-12 18:00:00+00:00,vibration_mm_s,3.32,mm/s,2026-S1,synthétique,PROC-GEN-SMOTE-V1
EQ-PUMP-002,2026-01-13 00:00:00+00:00,vibration_mm_s,2.89,mm/s,2026-S1,synthétique,PROC-GEN-SMOTE-V1
EQ-PUMP-002,2026-01-13 06:00:00+00:00,vibration_mm_s,2.37,mm/s,2026-S1,synthétique,PROC-GEN-SMOTE-V1
EQ-PUMP-002,2026-01-13 12:00:00+00:00,vibration_mm_s,2.86,mm/s,2026-S1,synthétique,PROC-GEN-SMOTE-V1
EQ-PUMP-002,2026-01-13 18:00:00+00:00,vibration_mm_s,3.22,mm/s,2026-S1,synthétique,PROC-GEN-SMOTE-V1
EQ-PUMP-002,2026-01-14 00:00:00+00:00,vibration_mm_s,2.8,mm/s,2026-S1,synthétique,PROC-GEN-SMOTE-V1
EQ-PUMP-002,2026-01-14 06:00:00+00:00,vibration_mm_s,2.93,mm/s,2026-S1,synthétique,PROC-GEN-SMOTE-V1
EQ-PUMP-002,2026-01-14 12:00:00+00:00,vibration_mm_s,2.77,mm/s,2026-S1,synthétique,PROC-GEN-SMOTE-V1
EQ-PUMP-002,2026-01-14 18:00:00+00:00,vibration_mm_s,3.1,mm/s,2026-S1,synthétique,PROC-GEN-SMOTE-V1
EQ-PUMP-002,2026-01-15 00:00:00+00:00,vibration_mm_s,3.33,mm/s,2026-S1,synthétique,PROC-GEN-SMOTE-V1
EQ-PUMP-002,2026-01-15 06:00:00+00:00,vibration_mm_s,3.06,mm/s,2026-S1,synthétique,PROC-GEN-SMOTE-V1
EQ-PUMP-002,2026-01-15 12:00:00+00:00,vibration_mm_s,2.7,mm/s,2026-S1,synthétique,PROC-GEN-SMOTE-V1
EQ-PUMP-002,2026-01-15 18:00:00+00:00,vibration_mm_s,3.8,mm/s,2026-S1,synthétique,PROC-GEN-SMOTE-V1
EQ-PUMP-002,2026-01-16 00:00:00+00:00,vibration_mm_s,3.73,mm/s,2026-S1,synthétique,PROC-GEN-SMOTE-V1
EQ-PUMP-002,2026-01-16 06:00:00+00:00,vibration_mm_s,2.59,mm/s,2026-S1,synthétique,PROC-GEN-SMOTE-V1
EQ-PUMP-002,2026-01-16 12:00:00+00:00,vibration_mm_s,2.89,mm/s,2026-S1,synthétique,PROC-GEN-SMOTE-V1
EQ-PUMP-002,2026-01-16 18:00:00+00:00,vibration_mm_s,3.03,mm/s,2026-S1,synthétique,PROC-GEN-SMOTE-V1
EQ-PUMP-002,2026-01-17 00:00:00+00:00,vibration_mm_s,3.11,mm/s,2026-S1,synthétique,PROC-GEN-SMOTE-V1
EQ-PUMP-002,2026-01-17 06:00:00+00:00,vibration_mm_s,2.44,mm/s,2026-S1,synthétique,PROC-GEN-SMOTE-V1
EQ-PUMP-002,2026-01-17 12:00:00+00:00,vibration_mm_s,3.05,mm/s,2026-S1,synthétique,PROC-GEN-SMOTE-V1
EQ-PUMP-002,2026-01-17 18:00:00+00:00,vibration_mm_s,3.01,mm/s,2026-S1,synthétique,PROC-GEN-SMOTE-V1
EQ-PUMP-002,2026-01-18 00:00:00+00:00,vibration_mm_s,2.25,mm/s,2026-S1,synthétique,PROC-GEN-SMOTE-V1
EQ-PUMP-002,2026-01-18 06:00:00+00:00,vibration_mm_s,2.28,mm/s,2026-S1,synthétique,PROC-GEN-SMOTE-V1
EQ-PUMP-002,2026-01-18 12:00:00+00:00,vibration_mm_s,2.96,mm/s,2026-S1,synthétique,PROC-GEN-SMOTE-V1
EQ-PUMP-002,2026-01-18 18:00:00+00:00,vibration_mm_s,3.29,mm/s,2026-S1,synthétique,PROC-GEN-SMOTE-V1
EQ-PUMP-002,2026-01-19 00:00:00+00:00,vibration_mm_s,2.91,mm/s,2026-S1,synthétique,PROC-GEN-SMOTE-V1
EQ-PUMP-002,2026-01-19 06:00:00+00:00,vibration_mm_s,2.82,mm/s,2026-S1,synthétique,PROC-GEN-SMOTE-V1
EQ-PUMP-002,2026-01-19 12:00:00+00:00,vibration_mm_s,2.95,mm/s,2026-S1,synthétique,PROC-GEN-SMOTE-V1
EQ-PUMP-002,2026-01-19 18:00:00+00:00,vibration_mm_s,3.52,mm/s,2026-S1,synthétique,PROC-GEN-SMOTE-V1
EQ-PUMP-002,2026-01-20 00:00:00+00:00,vibration_mm_s,3.04,mm/s,2026-S1,synthétique,PROC-GEN-SMOTE-V1
EQ-PUMP-002,2026-01-20 06:00:00+00:00,vibration_mm_s,2.86,mm/s,2026-S1,synthétique,PROC-GEN-SMOTE-V1
EQ-PUMP-002,2026-01-20 12:00:00+00:00,vibration_mm_s,3.16,mm/s,2026-S1,synthétique,PROC-GEN-SMOTE-V1
EQ-PUMP-002,2026-01-20 18:00:00+00:00,vibration_mm_s,3.29,mm/s,2026-S1,synthétique,PROC-GEN-SMOTE-V1
EQ-PUMP-002,2026-01-21 00:00:00+00:00,vibration_mm_s,3.21,mm/s,2026-S1,synthétique,PROC-GEN-SMOTE-V1
EQ-PUMP-002,2026-01-21 06:00:00+00:00,vibration_mm_s,3.02,mm/s,2026-S1,synthétique,PROC-GEN-SMOTE-V1
EQ-PUMP-002,2026-01-21 12:00:00+00:00,vibration_mm_s,3.26,mm/s,2026-S1,synthétique,PROC-GEN-SMOTE-V1
EQ-PUMP-002,2026-01-21 18:00:00+00:00,vibration_mm_s,3.35,mm/s,2026-S1,synthétique,PROC-GEN-SMOTE-V1
EQ-PUMP-002,2026-01-22 00:00:00+00:00,vibration_mm_s,2.72,mm/s,2026-S1,synthétique,PROC-GEN-SMOTE-V1
EQ-PUMP-002,2026-01-22 06:00:00+00:00,vibration_mm_s,2.58,mm/s,2026-S1,synthétique,PROC-GEN-SMOTE-V1
EQ-PUMP-002,2026-01-22 12:00:00+00:00,vibration_mm_s,3.09,mm/s,2026-S1,synthétique,PROC-GEN-SMOTE-V1
EQ-PUMP-002,2026-01-22 18:00:00+00:00,vibration_mm_s,3.22,mm/s,2026-S1,synthétique,PROC-GEN-SMOTE-V1
EQ-PUMP-002,2026-01-23 00:00:00+00:00,vibration_mm_s,3.05,mm/s,2026-S1,synthétique,PROC-GEN-SMOTE-V1
EQ-PUMP-002,2026-01-23 06:00:00+00:00,vibration_mm_s,2.48,mm/s,2026-S1,synthétique,PROC-GEN-SMOTE-V1
EQ-PUMP-002,2026-01-23 12:00:00+00:00,vibration_mm_s,3.32,mm/s,2026-S1,synthétique,PROC-GEN-SMOTE-V1
EQ-PUMP-002,2026-01-23 18:00:00+00:00,vibration_mm_s,3.41,mm/s,2026-S1,synthétique,PROC-GEN-SMOTE-V1
EQ-PUMP-002,2026-01-24 00:00:00+00:00,vibration_mm_s,2.67,mm/s,2026-S1,synthétique,PROC-GEN-SMOTE-V1
EQ-PUMP-002,2026-01-24 06:00:00+00:00,vibration_mm_s,2.67,mm/s,2026-S1,synthétique,PROC-GEN-SMOTE-V1
EQ-PUMP-002,2026-01-24 12:00:00+00:00,vibration_mm_s,2.59,mm/s,2026-S1,synthétique,PROC-GEN-SMOTE-V1
EQ-PUMP-002,2026-01-24 18:00:00+00:00,vibration_mm_s,2.87,mm/s,2026-S1,synthétique,PROC-GEN-SMOTE-V1
EQ-PUMP-002,2026-01-25 00:00:00+00:00,vibration_mm_s,3.18,mm/s,2026-S1,synthétique,PROC-GEN-SMOTE-V1
EQ-PUMP-002,2026-01-25 06:00:00+00:00,vibration_mm_s,2.67,mm/s,2026-S1,synthétique,PROC-GEN-SMOTE-V1
EQ-PUMP-002,2026-01-25 12:00:00+00:00,vibration_mm_s,2.83,mm/s,2026-S1,synthétique,PROC-GEN-SMOTE-V1
EQ-PUMP-002,2026-01-25 18:00:00+00:00,vibration_mm_s,3.09,mm/s,2026-S1,synthétique,PROC-GEN-SMOTE-V1
EQ-PUMP-002,2026-01-26 00:00:00+00:00,vibration_mm_s,2.37,mm/s,2026-S1,synthétique,PROC-GEN-SMOTE-V1
EQ-PUMP-002,2026-01-26 06:00:00+00:00,vibration_mm_s,2.66,mm/s,2026-S1,synthétique,PROC-GEN-SMOTE-V1
EQ-PUMP-002,2026-01-26 12:00:00+00:00,vibration_mm_s,3.52,mm/s,2026-S1,synthétique,PROC-GEN-SMOTE-V1
EQ-PUMP-002,2026-01-26 18:00:00+00:00,vibration_mm_s,3.26,mm/s,2026-S1,synthétique,PROC-GEN-SMOTE-V1
EQ-PUMP-002,2026-01-27 00:00:00+00:00,vibration_mm_s,3.35,mm/s,2026-S1,synthétique,PROC-GEN-SMOTE-V1
EQ-PUMP-002,2026-01-27 06:00:00+00:00,vibration_mm_s,2.31,mm/s,2026-S1,synthétique,PROC-GEN-SMOTE-V1
EQ-PUMP-002,2026-01-27 12:00:00+00:00,vibration_mm_s,3.53,mm/s,2026-S1,synthétique,PROC-GEN-SMOTE-V1
EQ-PUMP-002,2026-01-27 18:00:00+00:00,vibration_mm_s,3.37,mm/s,2026-S1,synthétique,PROC-GEN-SMOTE-V1
EQ-PUMP-002,2026-01-28 00:00:00+00:00,vibration_mm_s,3.24,mm/s,2026-S1,synthétique,PROC-GEN-SMOTE-V1
EQ-PUMP-002,2026-01-28 06:00:00+00:00,vibration_mm_s,2.76,mm/s,2026-S1,synthétique,PROC-GEN-SMOTE-V1
EQ-PUMP-002,2026-01-28 12:00:00+00:00,vibration_mm_s,3.22,mm/s,2026-S1,synthétique,PROC-GEN-SMOTE-V1
EQ-PUMP-002,2026-01-28 18:00:00+00:00,vibration_mm_s,2.88,mm/s,2026-S1,synthétique,PROC-GEN-SMOTE-V1
EQ-PUMP-002,2026-01-29 00:00:00+00:00,vibration_mm_s,3.25,mm/s,2026-S1,synthétique,PROC-GEN-SMOTE-V1
EQ-PUMP-002,2026-01-29 06:00:00+00:00,vibration_mm_s,2.75,mm/s,2026-S1,synthétique,PROC-GEN-SMOTE-V1
EQ-PUMP-002,2026-01-29 12:00:00+00:00,vibration_mm_s,3.34,mm/s,2026-S1,synthétique,PROC-GEN-SMOTE-V1
EQ-PUMP-002,2026-01-29 18:00:00+00:00,vibration_mm_s,3.16,mm/s,2026-S1,synthétique,PROC-GEN-SMOTE-V1
EQ-PUMP-002,2026-01-30 00:00:00+00:00,vibration_mm_s,2.92,mm/s,2026-S1,synthétique,PROC-GEN-SMOTE-V1
EQ-PUMP-002,2026-01-30 06:00:00+00:00,vibration_mm_s,2.39,mm/s,2026-S1,synthétique,PROC-GEN-SMOTE-V1
EQ-PUMP-002,2026-01-30 12:00:00+00:00,vibration_mm_s,3.05,mm/s,2026-S1,synthétique,PROC-GEN-SMOTE-V1
EQ-PUMP-002,2026-01-30 18:00:00+00:00,vibration_mm_s,3.09,mm/s,2026-S1,synthétique,PROC-GEN-SMOTE-V1
EQ-PUMP-002,2026-01-31 00:00:00+00:00,vibration_mm_s,2.62,mm/s,2026-S1,synthétique,PROC-GEN-SMOTE-V1
EQ-PUMP-002,2026-01-31 06:00:00+00:00,vibration_mm_s,3.02,mm/s,2026-S1,synthétique,PROC-GEN-SMOTE-V1
EQ-PUMP-002,2026-01-31 12:00:00+00:00,vibration_mm_s,3.12,mm/s,2026-S1,synthétique,PROC-GEN-SMOTE-V1
EQ-PUMP-002,2026-01-31 18:00:00+00:00,vibration_mm_s,3.14,mm/s,2026-S1,synthétique,PROC-GEN-SMOTE-V1
EQ-PUMP-230,2026-01-02 00:00:00+00:00,vibration_mm_s,2.89,mm/s,2026-S1,synthétique,PROC-GEN-SMOTE-V1
EQ-PUMP-230,2026-01-02 06:00:00+00:00,vibration_mm_s,2.88,mm/s,2026-S1,synthétique,PROC-GEN-SMOTE-V1
EQ-PUMP-230,2026-01-02 12:00:00+00:00,vibration_mm_s,2.42,mm/s,2026-S1,synthétique,PROC-GEN-SMOTE-V1
EQ-PUMP-230,2026-01-02 18:00:00+00:00,vibration_mm_s,3.25,mm/s,2026-S1,synthétique,PROC-GEN-SMOTE-V1
EQ-PUMP-230,2026-01-03 00:00:00+00:00,vibration_mm_s,2.8,mm/s,2026-S1,synthétique,PROC-GEN-SMOTE-V1
EQ-PUMP-230,2026-01-03 06:00:00+00:00,vibration_mm_s,2.1,mm/s,2026-S1,synthétique,PROC-GEN-SMOTE-V1
EQ-PUMP-230,2026-01-03 12:00:00+00:00,vibration_mm_s,2.65,mm/s,2026-S1,synthétique,PROC-GEN-SMOTE-V1
EQ-PUMP-230,2026-01-03 18:00:00+00:00,vibration_mm_s,2.84,mm/s,2026-S1,synthétique,PROC-GEN-SMOTE-V1
EQ-PUMP-230,2026-01-04 00:00:00+00:00,vibration_mm_s,2.48,mm/s,2026-S1,synthétique,PROC-GEN-SMOTE-V1
EQ-PUMP-230,2026-01-04 06:00:00+00:00,vibration_mm_s,2.38,mm/s,2026-S1,synthétique,PROC-GEN-SMOTE-V1
EQ-PUMP-230,2026-01-04 12:00:00+00:00,vibration_mm_s,2.43,mm/s,2026-S1,synthétique,PROC-GEN-SMOTE-V1
EQ-PUMP-230,2026-01-04 18:00:00+00:00,vibration_mm_s,2.87,mm/s,2026-S1,synthétique,PROC-GEN-SMOTE-V1
EQ-PUMP-230,2026-01-05 00:00:00+00:00,vibration_mm_s,2.88,mm/s,2026-S1,synthétique,PROC-GEN-SMOTE-V1
EQ-PUMP-230,2026-01-05 06:00:00+00:00,vibration_mm_s,2.74,mm/s,2026-S1,synthétique,PROC-GEN-SMOTE-V1
EQ-PUMP-230,2026-01-05 12:00:00+00:00,vibration_mm_s,2.73,mm/s,2026-S1,synthétique,PROC-GEN-SMOTE-V1
EQ-PUMP-230,2026-01-05 18:00:00+00:00,vibration_mm_s,2.98,mm/s,2026-S1,synthétique,PROC-GEN-SMOTE-V1
EQ-PUMP-230,2026-01-06 00:00:00+00:00,vibration_mm_s,3.25,mm/s,2026-S1,synthétique,PROC-GEN-SMOTE-V1
EQ-PUMP-230,2026-01-06 06:00:00+00:00,vibration_mm_s,3.17,mm/s,2026-S1,synthétique,PROC-GEN-SMOTE-V1
EQ-PUMP-230,2026-01-06 12:00:00+00:00,vibration_mm_s,2.75,mm/s,2026-S1,synthétique,PROC-GEN-SMOTE-V1
EQ-PUMP-230,2026-01-06 18:00:00+00:00,vibration_mm_s,3.16,mm/s,2026-S1,synthétique,PROC-GEN-SMOTE-V1
EQ-PUMP-230,2026-01-07 00:00:00+00:00,vibration_mm_s,3.27,mm/s,2026-S1,synthétique,PROC-GEN-SMOTE-V1
EQ-PUMP-230,2026-01-07 06:00:00+00:00,vibration_mm_s,2.89,mm/s,2026-S1,synthétique,PROC-GEN-SMOTE-V1
EQ-PUMP-230,2026-01-07 12:00:00+00:00,vibration_mm_s,2.79,mm/s,2026-S1,synthétique,PROC-GEN-SMOTE-V1
EQ-PUMP-230,2026-01-07 18:00:00+00:00,vibration_mm_s,2.76,mm/s,2026-S1,synthétique,PROC-GEN-SMOTE-V1
EQ-PUMP-230,2026-01-08 00:00:00+00:00,vibration_mm_s,2.94,mm/s,2026-S1,synthétique,PROC-GEN-SMOTE-V1
EQ-PUMP-230,2026-01-08 06:00:00+00:00,vibration_mm_s,2.87,mm/s,2026-S1,synthétique,PROC-GEN-SMOTE-V1
EQ-PUMP-230,2026-01-08 12:00:00+00:00,vibration_mm_s,2.63,mm/s,2026-S1,synthétique,PROC-GEN-SMOTE-V1
EQ-PUMP-230,2026-01-08 18:00:00+00:00,vibration_mm_s,2.97,mm/s,2026-S1,synthétique,PROC-GEN-SMOTE-V1
EQ-PUMP-230,2026-01-09 00:00:00+00:00,vibration_mm_s,2.45,mm/s,2026-S1,synthétique,PROC-GEN-SMOTE-V1
EQ-PUMP-230,2026-01-09 06:00:00+00:00,vibration_mm_s,3.12,mm/s,2026-S1,synthétique,PROC-GEN-SMOTE-V1
EQ-PUMP-230,2026-01-09 12:00:00+00:00,vibration_mm_s,2.6,mm/s,2026-S1,synthétique,PROC-GEN-SMOTE-V1
EQ-PUMP-230,2026-01-09 18:00:00+00:00,vibration_mm_s,3.34,mm/s,2026-S1,synthétique,PROC-GEN-SMOTE-V1
EQ-PUMP-230,2026-01-10 00:00:00+00:00,vibration_mm_s,3.17,mm/s,2026-S1,synthétique,PROC-GEN-SMOTE-V1
EQ-PUMP-230,2026-01-10 06:00:00+00:00,vibration_mm_s,2.96,mm/s,2026-S1,synthétique,PROC-GEN-SMOTE-V1
EQ-PUMP-230,2026-01-10 12:00:00+00:00,vibration_mm_s,3.7,mm/s,2026-S1,synthétique,PROC-GEN-SMOTE-V1
EQ-PUMP-230,2026-01-10 18:00:00+00:00,vibration_mm_s,3.83,mm/s,2026-S1,synthétique,PROC-GEN-SMOTE-V1
EQ-PUMP-230,2026-01-11 00:00:00+00:00,vibration_mm_s,3.81,mm/s,2026-S1,synthétique,PROC-GEN-SMOTE-V1
EQ-PUMP-230,2026-01-11 06:00:00+00:00,vibration_mm_s,4.22,mm/s,2026-S1,synthétique,PROC-GEN-SMOTE-V1
EQ-PUMP-230,2026-01-11 12:00:00+00:00,vibration_mm_s,3.14,mm/s,2026-S1,synthétique,PROC-GEN-SMOTE-V1
EQ-PUMP-230,2026-01-11 18:00:00+00:00,vibration_mm_s,3.06,mm/s,2026-S1,synthétique,PROC-GEN-SMOTE-V1
EQ-PUMP-230,2026-01-12 00:00:00+00:00,vibration_mm_s,2.75,mm/s,2026-S1,synthétique,PROC-GEN-SMOTE-V1
EQ-PUMP-230,2026-01-12 06:00:00+00:00,vibration_mm_s,3.12,mm/s,2026-S1,synthétique,PROC-GEN-SMOTE-V1
EQ-PUMP-230,2026-01-12 12:00:00+00:00,vibration_mm_s,3.22,mm/s,2026-S1,synthétique,PROC-GEN-SMOTE-V1
EQ-PUMP-230,2026-01-12 18:00:00+00:00,vibration_mm_s,2.9,mm/s,2026-S1,synthétique,PROC-GEN-SMOTE-V1
EQ-PUMP-230,2026-01-13 00:00:00+00:00,vibration_mm_s,3.24,mm/s,2026-S1,synthétique,PROC-GEN-SMOTE-V1
EQ-PUMP-230,2026-01-13 06:00:00+00:00,vibration_mm_s,2.65,mm/s,2026-S1,synthétique,PROC-GEN-SMOTE-V1
EQ-PUMP-230,2026-01-13 12:00:00+00:00,vibration_mm_s,2.95,mm/s,2026-S1,synthétique,PROC-GEN-SMOTE-V1
EQ-PUMP-230,2026-01-13 18:00:00+00:00,vibration_mm_s,2.73,mm/s,2026-S1,synthétique,PROC-GEN-SMOTE-V1
EQ-PUMP-230,2026-01-14 00:00:00+00:00,vibration_mm_s,2.73,mm/s,2026-S1,synthétique,PROC-GEN-SMOTE-V1
EQ-PUMP-230,2026-01-14 06:00:00+00:00,vibration_mm_s,2.72,mm/s,2026-S1,synthétique,PROC-GEN-SMOTE-V1
EQ-PUMP-230,2026-01-14 12:00:00+00:00,vibration_mm_s,2.81,mm/s,2026-S1,synthétique,PROC-GEN-SMOTE-V1
EQ-PUMP-230,2026-01-14 18:00:00+00:00,vibration_mm_s,2.48,mm/s,2026-S1,synthétique,PROC-GEN-SMOTE-V1
EQ-PUMP-230,2026-01-15 00:00:00+00:00,vibration_mm_s,3.18,mm/s,2026-S1,synthétique,PROC-GEN-SMOTE-V1
EQ-PUMP-230,2026-01-15 06:00:00+00:00,vibration_mm_s,2.55,mm/s,2026-S1,synthétique,PROC-GEN-SMOTE-V1
EQ-PUMP-230,2026-01-15 12:00:00+00:00,vibration_mm_s,2.75,mm/s,2026-S1,synthétique,PROC-GEN-SMOTE-V1
EQ-PUMP-230,2026-01-15 18:00:00+00:00,vibration_mm_s,2.82,mm/s,2026-S1,synthétique,PROC-GEN-SMOTE-V1
EQ-PUMP-230,2026-01-16 00:00:00+00:00,vibration_mm_s,2.73,mm/s,2026-S1,synthétique,PROC-GEN-SMOTE-V1
EQ-PUMP-230,2026-01-16 06:00:00+00:00,vibration_mm_s,2.73,mm/s,2026-S1,synthétique,PROC-GEN-SMOTE-V1
EQ-PUMP-230,2026-01-16 12:00:00+00:00,vibration_mm_s,2.7,mm/s,2026-S1,synthétique,PROC-GEN-SMOTE-V1
EQ-PUMP-230,2026-01-16 18:00:00+00:00,vibration_mm_s,2.77,mm/s,2026-S1,synthétique,PROC-GEN-SMOTE-V1
EQ-PUMP-230,2026-01-17 00:00:00+00:00,vibration_mm_s,3.26,mm/s,2026-S1,synthétique,PROC-GEN-SMOTE-V1
EQ-PUMP-230,2026-01-17 06:00:00+00:00,vibration_mm_s,2.57,mm/s,2026-S1,synthétique,PROC-GEN-SMOTE-V1
EQ-PUMP-230,2026-01-17 12:00:00+00:00,vibration_mm_s,2.73,mm/s,2026-S1,synthétique,PROC-GEN-SMOTE-V1
EQ-PUMP-230,2026-01-17 18:00:00+00:00,vibration_mm_s,2.28,mm/s,2026-S1,synthétique,PROC-GEN-SMOTE-V1
EQ-PUMP-230,2026-01-18 00:00:00+00:00,vibration_mm_s,2.71,mm/s,2026-S1,synthétique,PROC-GEN-SMOTE-V1
EQ-PUMP-230,2026-01-18 06:00:00+00:00,vibration_mm_s,2.29,mm/s,2026-S1,synthétique,PROC-GEN-SMOTE-V1
EQ-PUMP-230,2026-01-18 12:00:00+00:00,vibration_mm_s,2.87,mm/s,2026-S1,synthétique,PROC-GEN-SMOTE-V1
EQ-PUMP-230,2026-01-18 18:00:00+00:00,vibration_mm_s,2.11,mm/s,2026-S1,synthétique,PROC-GEN-SMOTE-V1
EQ-PUMP-230,2026-01-19 00:00:00+00:00,vibration_mm_s,2.43,mm/s,2026-S1,synthétique,PROC-GEN-SMOTE-V1
EQ-PUMP-230,2026-01-19 06:00:00+00:00,vibration_mm_s,2.97,mm/s,2026-S1,synthétique,PROC-GEN-SMOTE-V1
EQ-PUMP-230,2026-01-19 12:00:00+00:00,vibration_mm_s,2.81,mm/s,2026-S1,synthétique,PROC-GEN-SMOTE-V1
EQ-PUMP-230,2026-01-19 18:00:00+00:00,vibration_mm_s,2.54,mm/s,2026-S1,synthétique,PROC-GEN-SMOTE-V1
EQ-PUMP-230,2026-01-20 00:00:00+00:00,vibration_mm_s,3.23,mm/s,2026-S1,synthétique,PROC-GEN-SMOTE-V1
EQ-PUMP-230,2026-01-20 06:00:00+00:00,vibration_mm_s,3.26,mm/s,2026-S1,synthétique,PROC-GEN-SMOTE-V1
EQ-PUMP-230,2026-01-20 12:00:00+00:00,vibration_mm_s,3.0,mm/s,2026-S1,synthétique,PROC-GEN-SMOTE-V1
EQ-PUMP-230,2026-01-20 18:00:00+00:00,vibration_mm_s,2.81,mm/s,2026-S1,synthétique,PROC-GEN-SMOTE-V1
EQ-PUMP-230,2026-01-21 00:00:00+00:00,vibration_mm_s,3.28,mm/s,2026-S1,synthétique,PROC-GEN-SMOTE-V1
EQ-PUMP-230,2026-01-21 06:00:00+00:00,vibration_mm_s,2.85,mm/s,2026-S1,synthétique,PROC-GEN-SMOTE-V1
EQ-PUMP-230,2026-01-21 12:00:00+00:00,vibration_mm_s,3.27,mm/s,2026-S1,synthétique,PROC-GEN-SMOTE-V1
EQ-PUMP-230,2026-01-21 18:00:00+00:00,vibration_mm_s,2.82,mm/s,2026-S1,synthétique,PROC-GEN-SMOTE-V1
EQ-PUMP-230,2026-01-22 00:00:00+00:00,vibration_mm_s,2.28,mm/s,2026-S1,synthétique,PROC-GEN-SMOTE-V1
EQ-PUMP-230,2026-01-22 06:00:00+00:00,vibration_mm_s,2.93,mm/s,2026-S1,synthétique,PROC-GEN-SMOTE-V1
EQ-PUMP-230,2026-01-22 12:00:00+00:00,vibration_mm_s,2.52,mm/s,2026-S1,synthétique,PROC-GEN-SMOTE-V1
EQ-PUMP-230,2026-01-22 18:00:00+00:00,vibration_mm_s,2.44,mm/s,2026-S1,synthétique,PROC-GEN-SMOTE-V1
EQ-PUMP-230,2026-01-23 00:00:00+00:00,vibration_mm_s,2.55,mm/s,2026-S1,synthétique,PROC-GEN-SMOTE-V1
EQ-PUMP-230,2026-01-23 06:00:00+00:00,vibration_mm_s,2.48,mm/s,2026-S1,synthétique,PROC-GEN-SMOTE-V1
EQ-PUMP-230,2026-01-23 12:00:00+00:00,vibration_mm_s,2.84,mm/s,2026-S1,synthétique,PROC-GEN-SMOTE-V1
EQ-PUMP-230,2026-01-23 18:00:00+00:00,vibration_mm_s,2.92,mm/s,2026-S1,synthétique,PROC-GEN-SMOTE-V1
EQ-PUMP-230,2026-01-24 00:00:00+00:00,vibration_mm_s,2.97,mm/s,2026-S1,synthétique,PROC-GEN-SMOTE-V1
EQ-PUMP-230,2026-01-24 06:00:00+00:00,vibration_mm_s,2.84,mm/s,2026-S1,synthétique,PROC-GEN-SMOTE-V1
EQ-PUMP-230,2026-01-24 12:00:00+00:00,vibration_mm_s,2.27,mm/s,2026-S1,synthétique,PROC-GEN-SMOTE-V1
EQ-PUMP-230,2026-01-24 18:00:00+00:00,vibration_mm_s,2.92,mm/s,2026-S1,synthétique,PROC-GEN-SMOTE-V1
EQ-PUMP-230,2026-01-25 00:00:00+00:00,vibration_mm_s,2.99,mm/s,2026-S1,synthétique,PROC-GEN-SMOTE-V1
EQ-PUMP-230,2026-01-25 06:00:00+00:00,vibration_mm_s,2.87,mm/s,2026-S1,synthétique,PROC-GEN-SMOTE-V1
EQ-PUMP-230,2026-01-25 12:00:00+00:00,vibration_mm_s,2.95,mm/s,2026-S1,synthétique,PROC-GEN-SMOTE-V1
EQ-PUMP-230,2026-01-25 18:00:00+00:00,vibration_mm_s,3.09,mm/s,2026-S1,synthétique,PROC-GEN-SMOTE-V1
EQ-PUMP-230,2026-01-26 00:00:00+00:00,vibration_mm_s,2.54,mm/s,2026-S1,synthétique,PROC-GEN-SMOTE-V1
EQ-PUMP-230,2026-01-26 06:00:00+00:00,vibration_mm_s,3.04,mm/s,2026-S1,synthétique,PROC-GEN-SMOTE-V1
EQ-PUMP-230,2026-01-26 12:00:00+00:00,vibration_mm_s,3.12,mm/s,2026-S1,synthétique,PROC-GEN-SMOTE-V1
EQ-PUMP-230,2026-01-26 18:00:00+00:00,vibration_mm_s,2.9,mm/s,2026-S1,synthétique,PROC-GEN-SMOTE-V1
EQ-PUMP-230,2026-01-27 00:00:00+00:00,vibration_mm_s,2.06,mm/s,2026-S1,synthétique,PROC-GEN-SMOTE-V1
EQ-PUMP-230,2026-01-27 06:00:00+00:00,vibration_mm_s,2.73,mm/s,2026-S1,synthétique,PROC-GEN-SMOTE-V1
EQ-PUMP-230,2026-01-27 12:00:00+00:00,vibration_mm_s,3.09,mm/s,2026-S1,synthétique,PROC-GEN-SMOTE-V1
EQ-PUMP-230,2026-01-27 18:00:00+00:00,vibration_mm_s,2.74,mm/s,2026-S1,synthétique,PROC-GEN-SMOTE-V1
EQ-PUMP-230,2026-01-28 00:00:00+00:00,vibration_mm_s,3.43,mm/s,2026-S1,synthétique,PROC-GEN-SMOTE-V1
EQ-PUMP-230,2026-01-28 06:00:00+00:00,vibration_mm_s,2.89,mm/s,2026-S1,synthétique,PROC-GEN-SMOTE-V1
EQ-PUMP-230,2026-01-28 12:00:00+00:00,vibration_mm_s,2.94,mm/s,2026-S1,synthétique,PROC-GEN-SMOTE-V1
EQ-PUMP-230,2026-01-28 18:00:00+00:00,vibration_mm_s,2.6,mm/s,2026-S1,synthétique,PROC-GEN-SMOTE-V1
EQ-PUMP-230,2026-01-29 00:00:00+00:00,vibration_mm_s,2.52,mm/s,2026-S1,synthétique,PROC-GEN-SMOTE-V1
EQ-PUMP-230,2026-01-29 06:00:00+00:00,vibration_mm_s,2.67,mm/s,2026-S1,synthétique,PROC-GEN-SMOTE-V1
EQ-PUMP-230,2026-01-29 12:00:00+00:00,vibration_mm_s,2.84,mm/s,2026-S1,synthétique,PROC-GEN-SMOTE-V1
EQ-PUMP-230,2026-01-29 18:00:00+00:00,vibration_mm_s,2.51,mm/s,2026-S1,synthétique,PROC-GEN-SMOTE-V1
EQ-PUMP-230,2026-01-30 00:00:00+00:00,vibration_mm_s,2.54,mm/s,2026-S1,synthétique,PROC-GEN-SMOTE-V1
EQ-PUMP-230,2026-01-30 06:00:00+00:00,vibration_mm_s,2.59,mm/s,2026-S1,synthétique,PROC-GEN-SMOTE-V1
EQ-PUMP-230,2026-01-30 12:00:00+00:00,vibration_mm_s,3.11,mm/s,2026-S1,synthétique,PROC-GEN-SMOTE-V1
EQ-PUMP-230,2026-01-30 18:00:00+00:00,vibration_mm_s,2.74,mm/s,2026-S1,synthétique,PROC-GEN-SMOTE-V1
EQ-PUMP-230,2026-01-31 00:00:00+00:00,vibration_mm_s,2.45,mm/s,2026-S1,synthétique,PROC-GEN-SMOTE-V1
EQ-PUMP-230,2026-01-31 06:00:00+00:00,vibration_mm_s,2.11,mm/s,2026-S1,synthétique,PROC-GEN-SMOTE-V1
EQ-PUMP-230,2026-01-31 12:00:00+00:00,vibration_mm_s,2.61,mm/s,2026-S1,synthétique,PROC-GEN-SMOTE-V1
EQ-PUMP-230,2026-01-31 18:00:00+00:00,vibration_mm_s,2.74,mm/s,2026-S1,synthétique,PROC-GEN-SMOTE-V1
EQ-ROBOT-173,2026-01-02 00:00:00+00:00,vibration_mm_s,2.52,mm/s,2026-S1,synthétique,PROC-GEN-SMOTE-V1
EQ-ROBOT-173,2026-01-02 06:00:00+00:00,vibration_mm_s,2.99,mm/s,2026-S1,synthétique,PROC-GEN-SMOTE-V1
EQ-ROBOT-173,2026-01-02 12:00:00+00:00,vibration_mm_s,2.79,mm/s,2026-S1,synthétique,PROC-GEN-SMOTE-V1
EQ-ROBOT-173,2026-01-02 18:00:00+00:00,vibration_mm_s,2.74,mm/s,2026-S1,synthétique,PROC-GEN-SMOTE-V1
EQ-ROBOT-173,2026-01-03 00:00:00+00:00,vibration_mm_s,2.05,mm/s,2026-S1,synthétique,PROC-GEN-SMOTE-V1
EQ-ROBOT-173,2026-01-03 06:00:00+00:00,vibration_mm_s,2.62,mm/s,2026-S1,synthétique,PROC-GEN-SMOTE-V1
EQ-ROBOT-173,2026-01-03 12:00:00+00:00,vibration_mm_s,2.77,mm/s,2026-S1,synthétique,PROC-GEN-SMOTE-V1
EQ-ROBOT-173,2026-01-03 18:00:00+00:00,vibration_mm_s,2.36,mm/s,2026-S1,synthétique,PROC-GEN-SMOTE-V1
EQ-ROBOT-173,2026-01-04 00:00:00+00:00,vibration_mm_s,2.38,mm/s,2026-S1,synthétique,PROC-GEN-SMOTE-V1
EQ-ROBOT-173,2026-01-04 06:00:00+00:00,vibration_mm_s,2.35,mm/s,2026-S1,synthétique,PROC-GEN-SMOTE-V1
EQ-ROBOT-173,2026-01-04 12:00:00+00:00,vibration_mm_s,2.62,mm/s,2026-S1,synthétique,PROC-GEN-SMOTE-V1
EQ-ROBOT-173,2026-01-04 18:00:00+00:00,vibration_mm_s,2.33,mm/s,2026-S1,synthétique,PROC-GEN-SMOTE-V1
EQ-ROBOT-173,2026-01-05 00:00:00+00:00,vibration_mm_s,2.6,mm/s,2026-S1,synthétique,PROC-GEN-SMOTE-V1
EQ-ROBOT-173,2026-01-05 06:00:00+00:00,vibration_mm_s,2.84,mm/s,2026-S1,synthétique,PROC-GEN-SMOTE-V1
EQ-ROBOT-173,2026-01-05 12:00:00+00:00,vibration_mm_s,2.98,mm/s,2026-S1,synthétique,PROC-GEN-SMOTE-V1
EQ-ROBOT-173,2026-01-05 18:00:00+00:00,vibration_mm_s,2.64,mm/s,2026-S1,synthétique,PROC-GEN-SMOTE-V1
EQ-ROBOT-173,2026-01-06 00:00:00+00:00,vibration_mm_s,2.49,mm/s,2026-S1,synthétique,PROC-GEN-SMOTE-V1
EQ-ROBOT-173,2026-01-06 06:00:00+00:00,vibration_mm_s,2.83,mm/s,2026-S1,synthétique,PROC-GEN-SMOTE-V1
EQ-ROBOT-173,2026-01-06 12:00:00+00:00,vibration_mm_s,2.63,mm/s,2026-S1,synthétique,PROC-GEN-SMOTE-V1
EQ-ROBOT-173,2026-01-06 18:00:00+00:00,vibration_mm_s,2.67,mm/s,2026-S1,synthétique,PROC-GEN-SMOTE-V1
EQ-ROBOT-173,2026-01-07 00:00:00+00:00,vibration_mm_s,2.55,mm/s,2026-S1,synthétique,PROC-GEN-SMOTE-V1
EQ-ROBOT-173,2026-01-07 06:00:00+00:00,vibration_mm_s,3.09,mm/s,2026-S1,synthétique,PROC-GEN-SMOTE-V1
EQ-ROBOT-173,2026-01-07 12:00:00+00:00,vibration_mm_s,2.81,mm/s,2026-S1,synthétique,PROC-GEN-SMOTE-V1
EQ-ROBOT-173,2026-01-07 18:00:00+00:00,vibration_mm_s,2.74,mm/s,2026-S1,synthétique,PROC-GEN-SMOTE-V1
EQ-ROBOT-173,2026-01-08 00:00:00+00:00,vibration_mm_s,2.69,mm/s,2026-S1,synthétique,PROC-GEN-SMOTE-V1
EQ-ROBOT-173,2026-01-08 06:00:00+00:00,vibration_mm_s,2.71,mm/s,2026-S1,synthétique,PROC-GEN-SMOTE-V1
EQ-ROBOT-173,2026-01-08 12:00:00+00:00,vibration_mm_s,3.22,mm/s,2026-S1,synthétique,PROC-GEN-SMOTE-V1
EQ-ROBOT-173,2026-01-08 18:00:00+00:00,vibration_mm_s,2.7,mm/s,2026-S1,synthétique,PROC-GEN-SMOTE-V1
EQ-ROBOT-173,2026-01-09 00:00:00+00:00,vibration_mm_s,2.44,mm/s,2026-S1,synthétique,PROC-GEN-SMOTE-V1
EQ-ROBOT-173,2026-01-09 06:00:00+00:00,vibration_mm_s,2.86,mm/s,2026-S1,synthétique,PROC-GEN-SMOTE-V1
EQ-ROBOT-173,2026-01-09 12:00:00+00:00,vibration_mm_s,2.73,mm/s,2026-S1,synthétique,PROC-GEN-SMOTE-V1
EQ-ROBOT-173,2026-01-09 18:00:00+00:00,vibration_mm_s,3.4,mm/s,2026-S1,synthétique,PROC-GEN-SMOTE-V1
EQ-ROBOT-173,2026-01-10 00:00:00+00:00,vibration_mm_s,2.93,mm/s,2026-S1,synthétique,PROC-GEN-SMOTE-V1
EQ-ROBOT-173,2026-01-10 06:00:00+00:00,vibration_mm_s,3.27,mm/s,2026-S1,synthétique,PROC-GEN-SMOTE-V1
EQ-ROBOT-173,2026-01-10 12:00:00+00:00,vibration_mm_s,2.6,mm/s,2026-S1,synthétique,PROC-GEN-SMOTE-V1
EQ-ROBOT-173,2026-01-10 18:00:00+00:00,vibration_mm_s,3.2,mm/s,2026-S1,synthétique,PROC-GEN-SMOTE-V1
EQ-ROBOT-173,2026-01-11 00:00:00+00:00,vibration_mm_s,2.37,mm/s,2026-S1,synthétique,PROC-GEN-SMOTE-V1
EQ-ROBOT-173,2026-01-11 06:00:00+00:00,vibration_mm_s,3.71,mm/s,2026-S1,synthétique,PROC-GEN-SMOTE-V1
EQ-ROBOT-173,2026-01-11 12:00:00+00:00,vibration_mm_s,3.86,mm/s,2026-S1,synthétique,PROC-GEN-SMOTE-V1
EQ-ROBOT-173,2026-01-11 18:00:00+00:00,vibration_mm_s,2.78,mm/s,2026-S1,synthétique,PROC-GEN-SMOTE-V1
EQ-ROBOT-173,2026-01-12 00:00:00+00:00,vibration_mm_s,3.06,mm/s,2026-S1,synthétique,PROC-GEN-SMOTE-V1
EQ-ROBOT-173,2026-01-12 06:00:00+00:00,vibration_mm_s,2.78,mm/s,2026-S1,synthétique,PROC-GEN-SMOTE-V1
EQ-ROBOT-173,2026-01-12 12:00:00+00:00,vibration_mm_s,2.71,mm/s,2026-S1,synthétique,PROC-GEN-SMOTE-V1
EQ-ROBOT-173,2026-01-12 18:00:00+00:00,vibration_mm_s,2.32,mm/s,2026-S1,synthétique,PROC-GEN-SMOTE-V1
EQ-ROBOT-173,2026-01-13 00:00:00+00:00,vibration_mm_s,2.61,mm/s,2026-S1,synthétique,PROC-GEN-SMOTE-V1
EQ-ROBOT-173,2026-01-13 06:00:00+00:00,vibration_mm_s,2.68,mm/s,2026-S1,synthétique,PROC-GEN-SMOTE-V1
EQ-ROBOT-173,2026-01-13 12:00:00+00:00,vibration_mm_s,2.96,mm/s,2026-S1,synthétique,PROC-GEN-SMOTE-V1
EQ-ROBOT-173,2026-01-13 18:00:00+00:00,vibration_mm_s,2.39,mm/s,2026-S1,synthétique,PROC-GEN-SMOTE-V1
EQ-ROBOT-173,2026-01-14 00:00:00+00:00,vibration_mm_s,2.56,mm/s,2026-S1,synthétique,PROC-GEN-SMOTE-V1
EQ-ROBOT-173,2026-01-14 06:00:00+00:00,vibration_mm_s,2.65,mm/s,2026-S1,synthétique,PROC-GEN-SMOTE-V1
EQ-ROBOT-173,2026-01-14 12:00:00+00:00,vibration_mm_s,2.39,mm/s,2026-S1,synthétique,PROC-GEN-SMOTE-V1
EQ-ROBOT-173,2026-01-14 18:00:00+00:00,vibration_mm_s,2.79,mm/s,2026-S1,synthétique,PROC-GEN-SMOTE-V1
EQ-ROBOT-173,2026-01-15 00:00:00+00:00,vibration_mm_s,2.92,mm/s,2026-S1,synthétique,PROC-GEN-SMOTE-V1
EQ-ROBOT-173,2026-01-15 06:00:00+00:00,vibration_mm_s,2.48,mm/s,2026-S1,synthétique,PROC-GEN-SMOTE-V1
EQ-ROBOT-173,2026-01-15 12:00:00+00:00,vibration_mm_s,2.9,mm/s,2026-S1,synthétique,PROC-GEN-SMOTE-V1
EQ-ROBOT-173,2026-01-15 18:00:00+00:00,vibration_mm_s,2.59,mm/s,2026-S1,synthétique,PROC-GEN-SMOTE-V1
EQ-ROBOT-173,2026-01-16 00:00:00+00:00,vibration_mm_s,3.05,mm/s,2026-S1,synthétique,PROC-GEN-SMOTE-V1
EQ-ROBOT-173,2026-01-16 06:00:00+00:00,vibration_mm_s,3.18,mm/s,2026-S1,synthétique,PROC-GEN-SMOTE-V1
EQ-ROBOT-173,2026-01-16 12:00:00+00:00,vibration_mm_s,2.74,mm/s,2026-S1,synthétique,PROC-GEN-SMOTE-V1
EQ-ROBOT-173,2026-01-16 18:00:00+00:00,vibration_mm_s,2.89,mm/s,2026-S1,synthétique,PROC-GEN-SMOTE-V1
EQ-ROBOT-173,2026-01-17 00:00:00+00:00,vibration_mm_s,2.43,mm/s,2026-S1,synthétique,PROC-GEN-SMOTE-V1
EQ-ROBOT-173,2026-01-17 06:00:00+00:00,vibration_mm_s,2.07,mm/s,2026-S1,synthétique,PROC-GEN-SMOTE-V1
EQ-ROBOT-173,2026-01-17 12:00:00+00:00,vibration_mm_s,2.45,mm/s,2026-S1,synthétique,PROC-GEN-SMOTE-V1
EQ-ROBOT-173,2026-01-17 18:00:00+00:00,vibration_mm_s,2.56,mm/s,2026-S1,synthétique,PROC-GEN-SMOTE-V1
EQ-ROBOT-173,2026-01-18 00:00:00+00:00,vibration_mm_s,2.66,mm/s,2026-S1,synthétique,PROC-GEN-SMOTE-V1
EQ-ROBOT-173,2026-01-18 06:00:00+00:00,vibration_mm_s,2.41,mm/s,2026-S1,synthétique,PROC-GEN-SMOTE-V1
EQ-ROBOT-173,2026-01-18 12:00:00+00:00,vibration_mm_s,2.74,mm/s,2026-S1,synthétique,PROC-GEN-SMOTE-V1
EQ-ROBOT-173,2026-01-18 18:00:00+00:00,vibration_mm_s,2.64,mm/s,2026-S1,synthétique,PROC-GEN-SMOTE-V1
EQ-ROBOT-173,2026-01-19 00:00:00+00:00,vibration_mm_s,2.85,mm/s,2026-S1,synthétique,PROC-GEN-SMOTE-V1
EQ-ROBOT-173,2026-01-19 06:00:00+00:00,vibration_mm_s,2.99,mm/s,2026-S1,synthétique,PROC-GEN-SMOTE-V1
EQ-ROBOT-173,2026-01-19 12:00:00+00:00,vibration_mm_s,2.6,mm/s,2026-S1,synthétique,PROC-GEN-SMOTE-V1
EQ-ROBOT-173,2026-01-19 18:00:00+00:00,vibration_mm_s,2.43,mm/s,2026-S1,synthétique,PROC-GEN-SMOTE-V1
EQ-ROBOT-173,2026-01-20 00:00:00+00:00,vibration_mm_s,3.21,mm/s,2026-S1,synthétique,PROC-GEN-SMOTE-V1
EQ-ROBOT-173,2026-01-20 06:00:00+00:00,vibration_mm_s,3.06,mm/s,2026-S1,synthétique,PROC-GEN-SMOTE-V1
EQ-ROBOT-173,2026-01-20 12:00:00+00:00,vibration_mm_s,3.04,mm/s,2026-S1,synthétique,PROC-GEN-SMOTE-V1
EQ-ROBOT-173,2026-01-20 18:00:00+00:00,vibration_mm_s,2.2,mm/s,2026-S1,synthétique,PROC-GEN-SMOTE-V1
EQ-ROBOT-173,2026-01-21 00:00:00+00:00,vibration_mm_s,3.19,mm/s,2026-S1,synthétique,PROC-GEN-SMOTE-V1
EQ-ROBOT-173,2026-01-21 06:00:00+00:00,vibration_mm_s,2.56,mm/s,2026-S1,synthétique,PROC-GEN-SMOTE-V1
EQ-ROBOT-173,2026-01-21 12:00:00+00:00,vibration_mm_s,2.62,mm/s,2026-S1,synthétique,PROC-GEN-SMOTE-V1
EQ-ROBOT-173,2026-01-21 18:00:00+00:00,vibration_mm_s,2.95,mm/s,2026-S1,synthétique,PROC-GEN-SMOTE-V1
EQ-ROBOT-173,2026-01-22 00:00:00+00:00,vibration_mm_s,2.29,mm/s,2026-S1,synthétique,PROC-GEN-SMOTE-V1
EQ-ROBOT-173,2026-01-22 06:00:00+00:00,vibration_mm_s,3.22,mm/s,2026-S1,synthétique,PROC-GEN-SMOTE-V1
EQ-ROBOT-173,2026-01-22 12:00:00+00:00,vibration_mm_s,2.79,mm/s,2026-S1,synthétique,PROC-GEN-SMOTE-V1
EQ-ROBOT-173,2026-01-22 18:00:00+00:00,vibration_mm_s,2.59,mm/s,2026-S1,synthétique,PROC-GEN-SMOTE-V1
EQ-ROBOT-173,2026-01-23 00:00:00+00:00,vibration_mm_s,2.56,mm/s,2026-S1,synthétique,PROC-GEN-SMOTE-V1
EQ-ROBOT-173,2026-01-23 06:00:00+00:00,vibration_mm_s,2.65,mm/s,2026-S1,synthétique,PROC-GEN-SMOTE-V1
EQ-ROBOT-173,2026-01-23 12:00:00+00:00,vibration_mm_s,3.04,mm/s,2026-S1,synthétique,PROC-GEN-SMOTE-V1
EQ-ROBOT-173,2026-01-23 18:00:00+00:00,vibration_mm_s,2.4,mm/s,2026-S1,synthétique,PROC-GEN-SMOTE-V1
EQ-ROBOT-173,2026-01-24 00:00:00+00:00,vibration_mm_s,2.55,mm/s,2026-S1,synthétique,PROC-GEN-SMOTE-V1
EQ-ROBOT-173,2026-01-24 06:00:00+00:00,vibration_mm_s,3.19,mm/s,2026-S1,synthétique,PROC-GEN-SMOTE-V1
EQ-ROBOT-173,2026-01-24 12:00:00+00:00,vibration_mm_s,2.65,mm/s,2026-S1,synthétique,PROC-GEN-SMOTE-V1
EQ-ROBOT-173,2026-01-24 18:00:00+00:00,vibration_mm_s,2.92,mm/s,2026-S1,synthétique,PROC-GEN-SMOTE-V1
EQ-ROBOT-173,2026-01-25 00:00:00+00:00,vibration_mm_s,2.74,mm/s,2026-S1,synthétique,PROC-GEN-SMOTE-V1
EQ-ROBOT-173,2026-01-25 06:00:00+00:00,vibration_mm_s,2.91,mm/s,2026-S1,synthétique,PROC-GEN-SMOTE-V1
EQ-ROBOT-173,2026-01-25 12:00:00+00:00,vibration_mm_s,2.79,mm/s,2026-S1,synthétique,PROC-GEN-SMOTE-V1
EQ-ROBOT-173,2026-01-25 18:00:00+00:00,vibration_mm_s,2.66,mm/s,2026-S1,synthétique,PROC-GEN-SMOTE-V1
EQ-ROBOT-173,2026-01-26 00:00:00+00:00,vibration_mm_s,2.19,mm/s,2026-S1,synthétique,PROC-GEN-SMOTE-V1
EQ-ROBOT-173,2026-01-26 06:00:00+00:00,vibration_mm_s,3.21,mm/s,2026-S1,synthétique,PROC-GEN-SMOTE-V1
EQ-ROBOT-173,2026-01-26 12:00:00+00:00,vibration_mm_s,3.0,mm/s,2026-S1,synthétique,PROC-GEN-SMOTE-V1
EQ-ROBOT-173,2026-01-26 18:00:00+00:00,vibration_mm_s,2.58,mm/s,2026-S1,synthétique,PROC-GEN-SMOTE-V1
EQ-ROBOT-173,2026-01-27 00:00:00+00:00,vibration_mm_s,2.41,mm/s,2026-S1,synthétique,PROC-GEN-SMOTE-V1
EQ-ROBOT-173,2026-01-27 06:00:00+00:00,vibration_mm_s,2.67,mm/s,2026-S1,synthétique,PROC-GEN-SMOTE-V1
EQ-ROBOT-173,2026-01-27 12:00:00+00:00,vibration_mm_s,3.07,mm/s,2026-S1,synthétique,PROC-GEN-SMOTE-V1
EQ-ROBOT-173,2026-01-27 18:00:00+00:00,vibration_mm_s,2.7,mm/s,2026-S1,synthétique,PROC-GEN-SMOTE-V1
EQ-ROBOT-173,2026-01-28 00:00:00+00:00,vibration_mm_s,2.73,mm/s,2026-S1,synthétique,PROC-GEN-SMOTE-V1
EQ-ROBOT-173,2026-01-28 06:00:00+00:00,vibration_mm_s,2.67,mm/s,2026-S1,synthétique,PROC-GEN-SMOTE-V1
EQ-ROBOT-173,2026-01-28 12:00:00+00:00,vibration_mm_s,2.91,mm/s,2026-S1,synthétique,PROC-GEN-SMOTE-V1
EQ-ROBOT-173,2026-01-28 18:00:00+00:00,vibration_mm_s,2.72,mm/s,2026-S1,synthétique,PROC-GEN-SMOTE-V1
EQ-ROBOT-173,2026-01-29 00:00:00+00:00,vibration_mm_s,3.18,mm/s,2026-S1,synthétique,PROC-GEN-SMOTE-V1
EQ-ROBOT-173,2026-01-29 06:00:00+00:00,vibration_mm_s,2.73,mm/s,2026-S1,synthétique,PROC-GEN-SMOTE-V1
EQ-ROBOT-173,2026-01-29 12:00:00+00:00,vibration_mm_s,2.77,mm/s,2026-S1,synthétique,PROC-GEN-SMOTE-V1
EQ-ROBOT-173,2026-01-29 18:00:00+00:00,vibration_mm_s,2.5,mm/s,2026-S1,synthétique,PROC-GEN-SMOTE-V1
EQ-ROBOT-173,2026-01-30 00:00:00+00:00,vibration_mm_s,2.46,mm/s,2026-S1,synthétique,PROC-GEN-SMOTE-V1
EQ-ROBOT-173,2026-01-30 06:00:00+00:00,vibration_mm_s,3.26,mm/s,2026-S1,synthétique,PROC-GEN-SMOTE-V1
EQ-ROBOT-173,2026-01-30 12:00:00+00:00,vibration_mm_s,3.16,mm/s,2026-S1,synthétique,PROC-GEN-SMOTE-V1
EQ-ROBOT-173,2026-01-30 18:00:00+00:00,vibration_mm_s,2.7,mm/s,2026-S1,synthétique,PROC-GEN-SMOTE-V1
EQ-ROBOT-173,2026-01-31 00:00:00+00:00,vibration_mm_s,2.46,mm/s,2026-S1,synthétique,PROC-GEN-SMOTE-V1
EQ-ROBOT-173,2026-01-31 06:00:00+00:00,vibration_mm_s,2.28,mm/s,2026-S1,synthétique,PROC-GEN-SMOTE-V1
EQ-ROBOT-173,2026-01-31 12:00:00+00:00,vibration_mm_s,2.74,mm/s,2026-S1,synthétique,PROC-GEN-SMOTE-V1
EQ-ROBOT-173,2026-01-31 18:00:00+00:00,vibration_mm_s,2.44,mm/s,2026-S1,synthétique,PROC-GEN-SMOTE-V1
EQ-COMP-189,2026-01-02 00:00:00+00:00,temperature_c,59.2,°C,2026-S1,synthétique,PROC-GEN-SMOTE-V1
EQ-COMP-189,2026-01-02 06:00:00+00:00,temperature_c,56.32,°C,2026-S1,synthétique,PROC-GEN-SMOTE-V1
EQ-COMP-189,2026-01-02 12:00:00+00:00,temperature_c,56.55,°C,2026-S1,synthétique,PROC-GEN-SMOTE-V1
EQ-COMP-189,2026-01-02 18:00:00+00:00,temperature_c,62.05,°C,2026-S1,synthétique,PROC-GEN-SMOTE-V1
EQ-COMP-189,2026-01-03 00:00:00+00:00,temperature_c,56.2,°C,2026-S1,synthétique,PROC-GEN-SMOTE-V1
EQ-COMP-189,2026-01-03 06:00:00+00:00,temperature_c,59.14,°C,2026-S1,synthétique,PROC-GEN-SMOTE-V1
EQ-COMP-189,2026-01-03 12:00:00+00:00,temperature_c,52.2,°C,2026-S1,synthétique,PROC-GEN-SMOTE-V1
EQ-COMP-189,2026-01-03 18:00:00+00:00,temperature_c,60.61,°C,2026-S1,synthétique,PROC-GEN-SMOTE-V1
EQ-COMP-189,2026-01-04 00:00:00+00:00,temperature_c,59.17,°C,2026-S1,synthétique,PROC-GEN-SMOTE-V1
EQ-COMP-189,2026-01-04 06:00:00+00:00,temperature_c,57.92,°C,2026-S1,synthétique,PROC-GEN-SMOTE-V1
EQ-COMP-189,2026-01-04 12:00:00+00:00,temperature_c,59.65,°C,2026-S1,synthétique,PROC-GEN-SMOTE-V1
EQ-COMP-189,2026-01-04 18:00:00+00:00,temperature_c,57.19,°C,2026-S1,synthétique,PROC-GEN-SMOTE-V1
EQ-COMP-189,2026-01-05 00:00:00+00:00,temperature_c,63.58,°C,2026-S1,synthétique,PROC-GEN-SMOTE-V1
EQ-COMP-189,2026-01-05 06:00:00+00:00,temperature_c,60.84,°C,2026-S1,synthétique,PROC-GEN-SMOTE-V1
EQ-COMP-189,2026-01-05 12:00:00+00:00,temperature_c,58.09,°C,2026-S1,synthétique,PROC-GEN-SMOTE-V1
EQ-COMP-189,2026-01-05 18:00:00+00:00,temperature_c,62.59,°C,2026-S1,synthétique,PROC-GEN-SMOTE-V1
EQ-COMP-189,2026-01-06 00:00:00+00:00,temperature_c,63.6,°C,2026-S1,synthétique,PROC-GEN-SMOTE-V1
EQ-COMP-189,2026-01-06 06:00:00+00:00,temperature_c,66.32,°C,2026-S1,synthétique,PROC-GEN-SMOTE-V1
EQ-COMP-189,2026-01-06 12:00:00+00:00,temperature_c,62.42,°C,2026-S1,synthétique,PROC-GEN-SMOTE-V1
EQ-COMP-189,2026-01-06 18:00:00+00:00,temperature_c,61.81,°C,2026-S1,synthétique,PROC-GEN-SMOTE-V1
EQ-COMP-189,2026-01-07 00:00:00+00:00,temperature_c,59.16,°C,2026-S1,synthétique,PROC-GEN-SMOTE-V1
EQ-COMP-189,2026-01-07 06:00:00+00:00,temperature_c,60.98,°C,2026-S1,synthétique,PROC-GEN-SMOTE-V1
EQ-COMP-189,2026-01-07 12:00:00+00:00,temperature_c,62.38,°C,2026-S1,synthétique,PROC-GEN-SMOTE-V1
EQ-COMP-189,2026-01-07 18:00:00+00:00,temperature_c,60.13,°C,2026-S1,synthétique,PROC-GEN-SMOTE-V1
EQ-COMP-189,2026-01-08 00:00:00+00:00,temperature_c,59.91,°C,2026-S1,synthétique,PROC-GEN-SMOTE-V1
EQ-COMP-189,2026-01-08 06:00:00+00:00,temperature_c,53.47,°C,2026-S1,synthétique,PROC-GEN-SMOTE-V1
EQ-COMP-189,2026-01-08 12:00:00+00:00,temperature_c,57.24,°C,2026-S1,synthétique,PROC-GEN-SMOTE-V1
EQ-COMP-189,2026-01-08 18:00:00+00:00,temperature_c,61.11,°C,2026-S1,synthétique,PROC-GEN-SMOTE-V1
EQ-COMP-189,2026-01-09 00:00:00+00:00,temperature_c,62.38,°C,2026-S1,synthétique,PROC-GEN-SMOTE-V1
EQ-COMP-189,2026-01-09 06:00:00+00:00,temperature_c,62.5,°C,2026-S1,synthétique,PROC-GEN-SMOTE-V1
EQ-COMP-189,2026-01-09 12:00:00+00:00,temperature_c,58.76,°C,2026-S1,synthétique,PROC-GEN-SMOTE-V1
EQ-COMP-189,2026-01-09 18:00:00+00:00,temperature_c,62.22,°C,2026-S1,synthétique,PROC-GEN-SMOTE-V1
EQ-COMP-189,2026-01-10 00:00:00+00:00,temperature_c,59.94,°C,2026-S1,synthétique,PROC-GEN-SMOTE-V1
EQ-COMP-189,2026-01-10 06:00:00+00:00,temperature_c,53.88,°C,2026-S1,synthétique,PROC-GEN-SMOTE-V1
EQ-COMP-189,2026-01-10 12:00:00+00:00,temperature_c,53.99,°C,2026-S1,synthétique,PROC-GEN-SMOTE-V1
EQ-COMP-189,2026-01-10 18:00:00+00:00,temperature_c,60.87,°C,2026-S1,synthétique,PROC-GEN-SMOTE-V1
EQ-COMP-189,2026-01-11 00:00:00+00:00,temperature_c,52.68,°C,2026-S1,synthétique,PROC-GEN-SMOTE-V1
EQ-COMP-189,2026-01-11 06:00:00+00:00,temperature_c,58.09,°C,2026-S1,synthétique,PROC-GEN-SMOTE-V1
EQ-COMP-189,2026-01-11 12:00:00+00:00,temperature_c,59.06,°C,2026-S1,synthétique,PROC-GEN-SMOTE-V1
EQ-COMP-189,2026-01-11 18:00:00+00:00,temperature_c,60.34,°C,2026-S1,synthétique,PROC-GEN-SMOTE-V1
EQ-COMP-189,2026-01-12 00:00:00+00:00,temperature_c,62.39,°C,2026-S1,synthétique,PROC-GEN-SMOTE-V1
EQ-COMP-189,2026-01-12 06:00:00+00:00,temperature_c,61.64,°C,2026-S1,synthétique,PROC-GEN-SMOTE-V1
EQ-COMP-189,2026-01-12 12:00:00+00:00,temperature_c,53.99,°C,2026-S1,synthétique,PROC-GEN-SMOTE-V1
EQ-COMP-189,2026-01-12 18:00:00+00:00,temperature_c,60.73,°C,2026-S1,synthétique,PROC-GEN-SMOTE-V1
EQ-COMP-189,2026-01-13 00:00:00+00:00,temperature_c,63.51,°C,2026-S1,synthétique,PROC-GEN-SMOTE-V1
EQ-COMP-189,2026-01-13 06:00:00+00:00,temperature_c,61.34,°C,2026-S1,synthétique,PROC-GEN-SMOTE-V1
EQ-COMP-189,2026-01-13 12:00:00+00:00,temperature_c,57.24,°C,2026-S1,synthétique,PROC-GEN-SMOTE-V1
EQ-COMP-189,2026-01-13 18:00:00+00:00,temperature_c,64.03,°C,2026-S1,synthétique,PROC-GEN-SMOTE-V1
EQ-COMP-189,2026-01-14 00:00:00+00:00,temperature_c,57.05,°C,2026-S1,synthétique,PROC-GEN-SMOTE-V1
EQ-COMP-189,2026-01-14 06:00:00+00:00,temperature_c,58.01,°C,2026-S1,synthétique,PROC-GEN-SMOTE-V1
EQ-COMP-189,2026-01-14 12:00:00+00:00,temperature_c,57.67,°C,2026-S1,synthétique,PROC-GEN-SMOTE-V1
EQ-COMP-189,2026-01-14 18:00:00+00:00,temperature_c,62.08,°C,2026-S1,synthétique,PROC-GEN-SMOTE-V1
EQ-COMP-189,2026-01-15 00:00:00+00:00,temperature_c,58.2,°C,2026-S1,synthétique,PROC-GEN-SMOTE-V1
EQ-COMP-189,2026-01-15 06:00:00+00:00,temperature_c,65.33,°C,2026-S1,synthétique,PROC-GEN-SMOTE-V1
EQ-COMP-189,2026-01-15 12:00:00+00:00,temperature_c,65.3,°C,2026-S1,synthétique,PROC-GEN-SMOTE-V1
EQ-COMP-189,2026-01-15 18:00:00+00:00,temperature_c,62.87,°C,2026-S1,synthétique,PROC-GEN-SMOTE-V1
EQ-COMP-189,2026-01-16 00:00:00+00:00,temperature_c,62.94,°C,2026-S1,synthétique,PROC-GEN-SMOTE-V1
EQ-COMP-189,2026-01-16 06:00:00+00:00,temperature_c,64.65,°C,2026-S1,synthétique,PROC-GEN-SMOTE-V1
EQ-COMP-189,2026-01-16 12:00:00+00:00,temperature_c,59.94,°C,2026-S1,synthétique,PROC-GEN-SMOTE-V1
EQ-COMP-189,2026-01-16 18:00:00+00:00,temperature_c,62.33,°C,2026-S1,synthétique,PROC-GEN-SMOTE-V1
EQ-COMP-189,2026-01-17 00:00:00+00:00,temperature_c,58.94,°C,2026-S1,synthétique,PROC-GEN-SMOTE-V1
EQ-COMP-189,2026-01-17 06:00:00+00:00,temperature_c,52.73,°C,2026-S1,synthétique,PROC-GEN-SMOTE-V1
EQ-COMP-189,2026-01-17 12:00:00+00:00,temperature_c,61.2,°C,2026-S1,synthétique,PROC-GEN-SMOTE-V1
EQ-COMP-189,2026-01-17 18:00:00+00:00,temperature_c,61.4,°C,2026-S1,synthétique,PROC-GEN-SMOTE-V1
EQ-COMP-189,2026-01-18 00:00:00+00:00,temperature_c,58.5,°C,2026-S1,synthétique,PROC-GEN-SMOTE-V1
EQ-COMP-189,2026-01-18 06:00:00+00:00,temperature_c,58.71,°C,2026-S1,synthétique,PROC-GEN-SMOTE-V1
EQ-COMP-189,2026-01-18 12:00:00+00:00,temperature_c,62.66,°C,2026-S1,synthétique,PROC-GEN-SMOTE-V1
EQ-COMP-189,2026-01-18 18:00:00+00:00,temperature_c,61.22,°C,2026-S1,synthétique,PROC-GEN-SMOTE-V1
EQ-COMP-189,2026-01-19 00:00:00+00:00,temperature_c,57.59,°C,2026-S1,synthétique,PROC-GEN-SMOTE-V1
EQ-COMP-189,2026-01-19 06:00:00+00:00,temperature_c,60.61,°C,2026-S1,synthétique,PROC-GEN-SMOTE-V1
EQ-COMP-189,2026-01-19 12:00:00+00:00,temperature_c,56.81,°C,2026-S1,synthétique,PROC-GEN-SMOTE-V1
EQ-COMP-189,2026-01-19 18:00:00+00:00,temperature_c,61.83,°C,2026-S1,synthétique,PROC-GEN-SMOTE-V1
EQ-COMP-189,2026-01-20 00:00:00+00:00,temperature_c,58.89,°C,2026-S1,synthétique,PROC-GEN-SMOTE-V1
EQ-COMP-189,2026-01-20 06:00:00+00:00,temperature_c,61.42,°C,2026-S1,synthétique,PROC-GEN-SMOTE-V1
EQ-COMP-189,2026-01-20 12:00:00+00:00,temperature_c,63.86,°C,2026-S1,synthétique,PROC-GEN-SMOTE-V1
EQ-COMP-189,2026-01-20 18:00:00+00:00,temperature_c,62.77,°C,2026-S1,synthétique,PROC-GEN-SMOTE-V1
EQ-COMP-189,2026-01-21 00:00:00+00:00,temperature_c,62.41,°C,2026-S1,synthétique,PROC-GEN-SMOTE-V1
EQ-COMP-189,2026-01-21 06:00:00+00:00,temperature_c,56.96,°C,2026-S1,synthétique,PROC-GEN-SMOTE-V1
EQ-COMP-189,2026-01-21 12:00:00+00:00,temperature_c,61.99,°C,2026-S1,synthétique,PROC-GEN-SMOTE-V1
EQ-COMP-189,2026-01-21 18:00:00+00:00,temperature_c,61.55,°C,2026-S1,synthétique,PROC-GEN-SMOTE-V1
EQ-COMP-189,2026-01-22 00:00:00+00:00,temperature_c,65.08,°C,2026-S1,synthétique,PROC-GEN-SMOTE-V1
EQ-COMP-189,2026-01-22 06:00:00+00:00,temperature_c,58.84,°C,2026-S1,synthétique,PROC-GEN-SMOTE-V1
EQ-COMP-189,2026-01-22 12:00:00+00:00,temperature_c,61.21,°C,2026-S1,synthétique,PROC-GEN-SMOTE-V1
EQ-COMP-189,2026-01-22 18:00:00+00:00,temperature_c,57.7,°C,2026-S1,synthétique,PROC-GEN-SMOTE-V1
EQ-COMP-189,2026-01-23 00:00:00+00:00,temperature_c,60.69,°C,2026-S1,synthétique,PROC-GEN-SMOTE-V1
EQ-COMP-189,2026-01-23 06:00:00+00:00,temperature_c,60.21,°C,2026-S1,synthétique,PROC-GEN-SMOTE-V1
EQ-COMP-189,2026-01-23 12:00:00+00:00,temperature_c,56.4,°C,2026-S1,synthétique,PROC-GEN-SMOTE-V1
EQ-COMP-189,2026-01-23 18:00:00+00:00,temperature_c,60.78,°C,2026-S1,synthétique,PROC-GEN-SMOTE-V1
EQ-COMP-189,2026-01-24 00:00:00+00:00,temperature_c,60.99,°C,2026-S1,synthétique,PROC-GEN-SMOTE-V1
EQ-COMP-189,2026-01-24 06:00:00+00:00,temperature_c,55.71,°C,2026-S1,synthétique,PROC-GEN-SMOTE-V1
EQ-COMP-189,2026-01-24 12:00:00+00:00,temperature_c,60.94,°C,2026-S1,synthétique,PROC-GEN-SMOTE-V1
EQ-COMP-189,2026-01-24 18:00:00+00:00,temperature_c,61.21,°C,2026-S1,synthétique,PROC-GEN-SMOTE-V1
EQ-COMP-189,2026-01-25 00:00:00+00:00,temperature_c,56.13,°C,2026-S1,synthétique,PROC-GEN-SMOTE-V1
EQ-COMP-189,2026-01-25 06:00:00+00:00,temperature_c,55.98,°C,2026-S1,synthétique,PROC-GEN-SMOTE-V1
EQ-COMP-189,2026-01-25 12:00:00+00:00,temperature_c,54.01,°C,2026-S1,synthétique,PROC-GEN-SMOTE-V1
EQ-COMP-189,2026-01-25 18:00:00+00:00,temperature_c,57.76,°C,2026-S1,synthétique,PROC-GEN-SMOTE-V1
EQ-COMP-189,2026-01-26 00:00:00+00:00,temperature_c,57.97,°C,2026-S1,synthétique,PROC-GEN-SMOTE-V1
EQ-COMP-189,2026-01-26 06:00:00+00:00,temperature_c,60.83,°C,2026-S1,synthétique,PROC-GEN-SMOTE-V1
EQ-COMP-189,2026-01-26 12:00:00+00:00,temperature_c,57.86,°C,2026-S1,synthétique,PROC-GEN-SMOTE-V1
EQ-COMP-189,2026-01-26 18:00:00+00:00,temperature_c,62.75,°C,2026-S1,synthétique,PROC-GEN-SMOTE-V1
EQ-COMP-189,2026-01-27 00:00:00+00:00,temperature_c,64.52,°C,2026-S1,synthétique,PROC-GEN-SMOTE-V1
EQ-COMP-189,2026-01-27 06:00:00+00:00,temperature_c,64.37,°C,2026-S1,synthétique,PROC-GEN-SMOTE-V1
EQ-COMP-189,2026-01-27 12:00:00+00:00,temperature_c,66.29,°C,2026-S1,synthétique,PROC-GEN-SMOTE-V1
EQ-COMP-189,2026-01-27 18:00:00+00:00,temperature_c,66.37,°C,2026-S1,synthétique,PROC-GEN-SMOTE-V1
EQ-COMP-189,2026-01-28 00:00:00+00:00,temperature_c,58.81,°C,2026-S1,synthétique,PROC-GEN-SMOTE-V1
EQ-COMP-189,2026-01-28 06:00:00+00:00,temperature_c,54.44,°C,2026-S1,synthétique,PROC-GEN-SMOTE-V1
EQ-COMP-189,2026-01-28 12:00:00+00:00,temperature_c,54.43,°C,2026-S1,synthétique,PROC-GEN-SMOTE-V1
EQ-COMP-189,2026-01-28 18:00:00+00:00,temperature_c,60.44,°C,2026-S1,synthétique,PROC-GEN-SMOTE-V1
EQ-COMP-189,2026-01-29 00:00:00+00:00,temperature_c,59.09,°C,2026-S1,synthétique,PROC-GEN-SMOTE-V1
EQ-COMP-189,2026-01-29 06:00:00+00:00,temperature_c,61.08,°C,2026-S1,synthétique,PROC-GEN-SMOTE-V1
EQ-COMP-189,2026-01-29 12:00:00+00:00,temperature_c,59.84,°C,2026-S1,synthétique,PROC-GEN-SMOTE-V1
EQ-COMP-189,2026-01-29 18:00:00+00:00,temperature_c,61.5,°C,2026-S1,synthétique,PROC-GEN-SMOTE-V1
EQ-COMP-189,2026-01-30 00:00:00+00:00,temperature_c,64.95,°C,2026-S1,synthétique,PROC-GEN-SMOTE-V1
EQ-COMP-189,2026-01-30 06:00:00+00:00,temperature_c,55.4,°C,2026-S1,synthétique,PROC-GEN-SMOTE-V1
EQ-COMP-189,2026-01-30 12:00:00+00:00,temperature_c,57.91,°C,2026-S1,synthétique,PROC-GEN-SMOTE-V1
EQ-COMP-189,2026-01-30 18:00:00+00:00,temperature_c,61.19,°C,2026-S1,synthétique,PROC-GEN-SMOTE-V1
EQ-COMP-189,2026-01-31 00:00:00+00:00,temperature_c,63.6,°C,2026-S1,synthétique,PROC-GEN-SMOTE-V1
EQ-COMP-189,2026-01-31 06:00:00+00:00,temperature_c,53.36,°C,2026-S1,synthétique,PROC-GEN-SMOTE-V1
EQ-COMP-189,2026-01-31 12:00:00+00:00,temperature_c,66.42,°C,2026-S1,synthétique,PROC-GEN-SMOTE-V1
EQ-COMP-189,2026-01-31 18:00:00+00:00,temperature_c,60.82,°C,2026-S1,synthétique,PROC-GEN-SMOTE-V1
EQ-DRYER-264,2026-01-02 00:00:00+00:00,temperature_c,61.5,°C,2026-S1,synthétique,PROC-GEN-SMOTE-V1
EQ-DRYER-264,2026-01-02 06:00:00+00:00,temperature_c,61.71,°C,2026-S1,synthétique,PROC-GEN-SMOTE-V1
EQ-DRYER-264,2026-01-02 12:00:00+00:00,temperature_c,57.56,°C,2026-S1,synthétique,PROC-GEN-SMOTE-V1
EQ-DRYER-264,2026-01-02 18:00:00+00:00,temperature_c,53.88,°C,2026-S1,synthétique,PROC-GEN-SMOTE-V1
EQ-DRYER-264,2026-01-03 00:00:00+00:00,temperature_c,59.79,°C,2026-S1,synthétique,PROC-GEN-SMOTE-V1
EQ-DRYER-264,2026-01-03 06:00:00+00:00,temperature_c,58.55,°C,2026-S1,synthétique,PROC-GEN-SMOTE-V1
EQ-DRYER-264,2026-01-03 12:00:00+00:00,temperature_c,54.14,°C,2026-S1,synthétique,PROC-GEN-SMOTE-V1
EQ-DRYER-264,2026-01-03 18:00:00+00:00,temperature_c,54.43,°C,2026-S1,synthétique,PROC-GEN-SMOTE-V1
EQ-DRYER-264,2026-01-04 00:00:00+00:00,temperature_c,56.09,°C,2026-S1,synthétique,PROC-GEN-SMOTE-V1
EQ-DRYER-264,2026-01-04 06:00:00+00:00,temperature_c,58.58,°C,2026-S1,synthétique,PROC-GEN-SMOTE-V1
EQ-DRYER-264,2026-01-04 12:00:00+00:00,temperature_c,53.03,°C,2026-S1,synthétique,PROC-GEN-SMOTE-V1
EQ-DRYER-264,2026-01-04 18:00:00+00:00,temperature_c,55.43,°C,2026-S1,synthétique,PROC-GEN-SMOTE-V1
EQ-DRYER-264,2026-01-05 00:00:00+00:00,temperature_c,60.96,°C,2026-S1,synthétique,PROC-GEN-SMOTE-V1
EQ-DRYER-264,2026-01-05 06:00:00+00:00,temperature_c,59.83,°C,2026-S1,synthétique,PROC-GEN-SMOTE-V1
EQ-DRYER-264,2026-01-05 12:00:00+00:00,temperature_c,54.45,°C,2026-S1,synthétique,PROC-GEN-SMOTE-V1
EQ-DRYER-264,2026-01-05 18:00:00+00:00,temperature_c,59.5,°C,2026-S1,synthétique,PROC-GEN-SMOTE-V1
EQ-DRYER-264,2026-01-06 00:00:00+00:00,temperature_c,62.25,°C,2026-S1,synthétique,PROC-GEN-SMOTE-V1
EQ-DRYER-264,2026-01-06 06:00:00+00:00,temperature_c,61.29,°C,2026-S1,synthétique,PROC-GEN-SMOTE-V1
EQ-DRYER-264,2026-01-06 12:00:00+00:00,temperature_c,58.36,°C,2026-S1,synthétique,PROC-GEN-SMOTE-V1
EQ-DRYER-264,2026-01-06 18:00:00+00:00,temperature_c,56.13,°C,2026-S1,synthétique,PROC-GEN-SMOTE-V1
EQ-DRYER-264,2026-01-07 00:00:00+00:00,temperature_c,60.67,°C,2026-S1,synthétique,PROC-GEN-SMOTE-V1
EQ-DRYER-264,2026-01-07 06:00:00+00:00,temperature_c,61.62,°C,2026-S1,synthétique,PROC-GEN-SMOTE-V1
EQ-DRYER-264,2026-01-07 12:00:00+00:00,temperature_c,55.83,°C,2026-S1,synthétique,PROC-GEN-SMOTE-V1
EQ-DRYER-264,2026-01-07 18:00:00+00:00,temperature_c,53.65,°C,2026-S1,synthétique,PROC-GEN-SMOTE-V1
EQ-DRYER-264,2026-01-08 00:00:00+00:00,temperature_c,60.14,°C,2026-S1,synthétique,PROC-GEN-SMOTE-V1
EQ-DRYER-264,2026-01-08 06:00:00+00:00,temperature_c,59.06,°C,2026-S1,synthétique,PROC-GEN-SMOTE-V1
EQ-DRYER-264,2026-01-08 12:00:00+00:00,temperature_c,56.37,°C,2026-S1,synthétique,PROC-GEN-SMOTE-V1
EQ-DRYER-264,2026-01-08 18:00:00+00:00,temperature_c,49.09,°C,2026-S1,synthétique,PROC-GEN-SMOTE-V1
EQ-DRYER-264,2026-01-09 00:00:00+00:00,temperature_c,59.53,°C,2026-S1,synthétique,PROC-GEN-SMOTE-V1
EQ-DRYER-264,2026-01-09 06:00:00+00:00,temperature_c,61.12,°C,2026-S1,synthétique,PROC-GEN-SMOTE-V1
EQ-DRYER-264,2026-01-09 12:00:00+00:00,temperature_c,54.99,°C,2026-S1,synthétique,PROC-GEN-SMOTE-V1
EQ-DRYER-264,2026-01-09 18:00:00+00:00,temperature_c,57.24,°C,2026-S1,synthétique,PROC-GEN-SMOTE-V1
EQ-DRYER-264,2026-01-10 00:00:00+00:00,temperature_c,54.1,°C,2026-S1,synthétique,PROC-GEN-SMOTE-V1
EQ-DRYER-264,2026-01-10 06:00:00+00:00,temperature_c,56.95,°C,2026-S1,synthétique,PROC-GEN-SMOTE-V1
EQ-DRYER-264,2026-01-10 12:00:00+00:00,temperature_c,54.8,°C,2026-S1,synthétique,PROC-GEN-SMOTE-V1
EQ-DRYER-264,2026-01-10 18:00:00+00:00,temperature_c,48.99,°C,2026-S1,synthétique,PROC-GEN-SMOTE-V1
EQ-DRYER-264,2026-01-11 00:00:00+00:00,temperature_c,57.27,°C,2026-S1,synthétique,PROC-GEN-SMOTE-V1
EQ-DRYER-264,2026-01-11 06:00:00+00:00,temperature_c,59.03,°C,2026-S1,synthétique,PROC-GEN-SMOTE-V1
EQ-DRYER-264,2026-01-11 12:00:00+00:00,temperature_c,54.23,°C,2026-S1,synthétique,PROC-GEN-SMOTE-V1
EQ-DRYER-264,2026-01-11 18:00:00+00:00,temperature_c,55.97,°C,2026-S1,synthétique,PROC-GEN-SMOTE-V1
EQ-DRYER-264,2026-01-12 00:00:00+00:00,temperature_c,59.8,°C,2026-S1,synthétique,PROC-GEN-SMOTE-V1
EQ-DRYER-264,2026-01-12 06:00:00+00:00,temperature_c,58.32,°C,2026-S1,synthétique,PROC-GEN-SMOTE-V1
EQ-DRYER-264,2026-01-12 12:00:00+00:00,temperature_c,57.44,°C,2026-S1,synthétique,PROC-GEN-SMOTE-V1
EQ-DRYER-264,2026-01-12 18:00:00+00:00,temperature_c,55.09,°C,2026-S1,synthétique,PROC-GEN-SMOTE-V1
EQ-DRYER-264,2026-01-13 00:00:00+00:00,temperature_c,57.33,°C,2026-S1,synthétique,PROC-GEN-SMOTE-V1
EQ-DRYER-264,2026-01-13 06:00:00+00:00,temperature_c,61.35,°C,2026-S1,synthétique,PROC-GEN-SMOTE-V1
EQ-DRYER-264,2026-01-13 12:00:00+00:00,temperature_c,55.01,°C,2026-S1,synthétique,PROC-GEN-SMOTE-V1
EQ-DRYER-264,2026-01-13 18:00:00+00:00,temperature_c,56.35,°C,2026-S1,synthétique,PROC-GEN-SMOTE-V1
EQ-DRYER-264,2026-01-14 00:00:00+00:00,temperature_c,60.48,°C,2026-S1,synthétique,PROC-GEN-SMOTE-V1
EQ-DRYER-264,2026-01-14 06:00:00+00:00,temperature_c,59.48,°C,2026-S1,synthétique,PROC-GEN-SMOTE-V1
EQ-DRYER-264,2026-01-14 12:00:00+00:00,temperature_c,55.88,°C,2026-S1,synthétique,PROC-GEN-SMOTE-V1
EQ-DRYER-264,2026-01-14 18:00:00+00:00,temperature_c,52.59,°C,2026-S1,synthétique,PROC-GEN-SMOTE-V1
EQ-DRYER-264,2026-01-15 00:00:00+00:00,temperature_c,54.51,°C,2026-S1,synthétique,PROC-GEN-SMOTE-V1
EQ-DRYER-264,2026-01-15 06:00:00+00:00,temperature_c,61.75,°C,2026-S1,synthétique,PROC-GEN-SMOTE-V1
EQ-DRYER-264,2026-01-15 12:00:00+00:00,temperature_c,56.69,°C,2026-S1,synthétique,PROC-GEN-SMOTE-V1
EQ-DRYER-264,2026-01-15 18:00:00+00:00,temperature_c,55.97,°C,2026-S1,synthétique,PROC-GEN-SMOTE-V1
EQ-DRYER-264,2026-01-16 00:00:00+00:00,temperature_c,64.34,°C,2026-S1,synthétique,PROC-GEN-SMOTE-V1
EQ-DRYER-264,2026-01-16 06:00:00+00:00,temperature_c,60.3,°C,2026-S1,synthétique,PROC-GEN-SMOTE-V1
EQ-DRYER-264,2026-01-16 12:00:00+00:00,temperature_c,56.34,°C,2026-S1,synthétique,PROC-GEN-SMOTE-V1
EQ-DRYER-264,2026-01-16 18:00:00+00:00,temperature_c,53.67,°C,2026-S1,synthétique,PROC-GEN-SMOTE-V1
EQ-DRYER-264,2026-01-17 00:00:00+00:00,temperature_c,55.6,°C,2026-S1,synthétique,PROC-GEN-SMOTE-V1
EQ-DRYER-264,2026-01-17 06:00:00+00:00,temperature_c,59.93,°C,2026-S1,synthétique,PROC-GEN-SMOTE-V1
EQ-DRYER-264,2026-01-17 12:00:00+00:00,temperature_c,51.48,°C,2026-S1,synthétique,PROC-GEN-SMOTE-V1
EQ-DRYER-264,2026-01-17 18:00:00+00:00,temperature_c,55.94,°C,2026-S1,synthétique,PROC-GEN-SMOTE-V1
EQ-DRYER-264,2026-01-18 00:00:00+00:00,temperature_c,61.58,°C,2026-S1,synthétique,PROC-GEN-SMOTE-V1
EQ-DRYER-264,2026-01-18 06:00:00+00:00,temperature_c,58.38,°C,2026-S1,synthétique,PROC-GEN-SMOTE-V1
EQ-DRYER-264,2026-01-18 12:00:00+00:00,temperature_c,54.73,°C,2026-S1,synthétique,PROC-GEN-SMOTE-V1
EQ-DRYER-264,2026-01-18 18:00:00+00:00,temperature_c,55.39,°C,2026-S1,synthétique,PROC-GEN-SMOTE-V1
EQ-DRYER-264,2026-01-19 00:00:00+00:00,temperature_c,62.31,°C,2026-S1,synthétique,PROC-GEN-SMOTE-V1
EQ-DRYER-264,2026-01-19 06:00:00+00:00,temperature_c,62.06,°C,2026-S1,synthétique,PROC-GEN-SMOTE-V1
EQ-DRYER-264,2026-01-19 12:00:00+00:00,temperature_c,56.34,°C,2026-S1,synthétique,PROC-GEN-SMOTE-V1
EQ-DRYER-264,2026-01-19 18:00:00+00:00,temperature_c,53.18,°C,2026-S1,synthétique,PROC-GEN-SMOTE-V1
EQ-DRYER-264,2026-01-20 00:00:00+00:00,temperature_c,61.63,°C,2026-S1,synthétique,PROC-GEN-SMOTE-V1
EQ-DRYER-264,2026-01-20 06:00:00+00:00,temperature_c,59.66,°C,2026-S1,synthétique,PROC-GEN-SMOTE-V1
EQ-DRYER-264,2026-01-20 12:00:00+00:00,temperature_c,55.41,°C,2026-S1,synthétique,PROC-GEN-SMOTE-V1
EQ-DRYER-264,2026-01-20 18:00:00+00:00,temperature_c,55.17,°C,2026-S1,synthétique,PROC-GEN-SMOTE-V1
EQ-DRYER-264,2026-01-21 00:00:00+00:00,temperature_c,63.2,°C,2026-S1,synthétique,PROC-GEN-SMOTE-V1
EQ-DRYER-264,2026-01-21 06:00:00+00:00,temperature_c,62.33,°C,2026-S1,synthétique,PROC-GEN-SMOTE-V1
EQ-DRYER-264,2026-01-21 12:00:00+00:00,temperature_c,56.16,°C,2026-S1,synthétique,PROC-GEN-SMOTE-V1
EQ-DRYER-264,2026-01-21 18:00:00+00:00,temperature_c,57.35,°C,2026-S1,synthétique,PROC-GEN-SMOTE-V1
EQ-DRYER-264,2026-01-22 00:00:00+00:00,temperature_c,62.91,°C,2026-S1,synthétique,PROC-GEN-SMOTE-V1
EQ-DRYER-264,2026-01-22 06:00:00+00:00,temperature_c,59.51,°C,2026-S1,synthétique,PROC-GEN-SMOTE-V1
EQ-DRYER-264,2026-01-22 12:00:00+00:00,temperature_c,55.94,°C,2026-S1,synthétique,PROC-GEN-SMOTE-V1
EQ-DRYER-264,2026-01-22 18:00:00+00:00,temperature_c,53.04,°C,2026-S1,synthétique,PROC-GEN-SMOTE-V1
EQ-DRYER-264,2026-01-23 00:00:00+00:00,temperature_c,62.81,°C,2026-S1,synthétique,PROC-GEN-SMOTE-V1
EQ-DRYER-264,2026-01-23 06:00:00+00:00,temperature_c,62.01,°C,2026-S1,synthétique,PROC-GEN-SMOTE-V1
EQ-DRYER-264,2026-01-23 12:00:00+00:00,temperature_c,55.97,°C,2026-S1,synthétique,PROC-GEN-SMOTE-V1
EQ-DRYER-264,2026-01-23 18:00:00+00:00,temperature_c,52.58,°C,2026-S1,synthétique,PROC-GEN-SMOTE-V1
EQ-DRYER-264,2026-01-24 00:00:00+00:00,temperature_c,62.55,°C,2026-S1,synthétique,PROC-GEN-SMOTE-V1
EQ-DRYER-264,2026-01-24 06:00:00+00:00,temperature_c,58.19,°C,2026-S1,synthétique,PROC-GEN-SMOTE-V1
EQ-DRYER-264,2026-01-24 12:00:00+00:00,temperature_c,54.4,°C,2026-S1,synthétique,PROC-GEN-SMOTE-V1
EQ-DRYER-264,2026-01-24 18:00:00+00:00,temperature_c,49.52,°C,2026-S1,synthétique,PROC-GEN-SMOTE-V1
EQ-DRYER-264,2026-01-25 00:00:00+00:00,temperature_c,62.48,°C,2026-S1,synthétique,PROC-GEN-SMOTE-V1
EQ-DRYER-264,2026-01-25 06:00:00+00:00,temperature_c,59.88,°C,2026-S1,synthétique,PROC-GEN-SMOTE-V1
EQ-DRYER-264,2026-01-25 12:00:00+00:00,temperature_c,53.89,°C,2026-S1,synthétique,PROC-GEN-SMOTE-V1
EQ-DRYER-264,2026-01-25 18:00:00+00:00,temperature_c,51.22,°C,2026-S1,synthétique,PROC-GEN-SMOTE-V1
EQ-DRYER-264,2026-01-26 00:00:00+00:00,temperature_c,59.83,°C,2026-S1,synthétique,PROC-GEN-SMOTE-V1
EQ-DRYER-264,2026-01-26 06:00:00+00:00,temperature_c,62.85,°C,2026-S1,synthétique,PROC-GEN-SMOTE-V1
EQ-DRYER-264,2026-01-26 12:00:00+00:00,temperature_c,54.91,°C,2026-S1,synthétique,PROC-GEN-SMOTE-V1
EQ-DRYER-264,2026-01-26 18:00:00+00:00,temperature_c,53.17,°C,2026-S1,synthétique,PROC-GEN-SMOTE-V1
EQ-DRYER-264,2026-01-27 00:00:00+00:00,temperature_c,60.43,°C,2026-S1,synthétique,PROC-GEN-SMOTE-V1
EQ-DRYER-264,2026-01-27 06:00:00+00:00,temperature_c,61.16,°C,2026-S1,synthétique,PROC-GEN-SMOTE-V1
EQ-DRYER-264,2026-01-27 12:00:00+00:00,temperature_c,52.9,°C,2026-S1,synthétique,PROC-GEN-SMOTE-V1
EQ-DRYER-264,2026-01-27 18:00:00+00:00,temperature_c,56.33,°C,2026-S1,synthétique,PROC-GEN-SMOTE-V1
EQ-DRYER-264,2026-01-28 00:00:00+00:00,temperature_c,58.39,°C,2026-S1,synthétique,PROC-GEN-SMOTE-V1
EQ-DRYER-264,2026-01-28 06:00:00+00:00,temperature_c,62.35,°C,2026-S1,synthétique,PROC-GEN-SMOTE-V1
EQ-DRYER-264,2026-01-28 12:00:00+00:00,temperature_c,59.49,°C,2026-S1,synthétique,PROC-GEN-SMOTE-V1
EQ-DRYER-264,2026-01-28 18:00:00+00:00,temperature_c,58.57,°C,2026-S1,synthétique,PROC-GEN-SMOTE-V1
EQ-DRYER-264,2026-01-29 00:00:00+00:00,temperature_c,60.29,°C,2026-S1,synthétique,PROC-GEN-SMOTE-V1
EQ-DRYER-264,2026-01-29 06:00:00+00:00,temperature_c,60.44,°C,2026-S1,synthétique,PROC-GEN-SMOTE-V1
EQ-DRYER-264,2026-01-29 12:00:00+00:00,temperature_c,53.43,°C,2026-S1,synthétique,PROC-GEN-SMOTE-V1
EQ-DRYER-264,2026-01-29 18:00:00+00:00,temperature_c,52.38,°C,2026-S1,synthétique,PROC-GEN-SMOTE-V1
EQ-DRYER-264,2026-01-30 00:00:00+00:00,temperature_c,61.8,°C,2026-S1,synthétique,PROC-GEN-SMOTE-V1
EQ-DRYER-264,2026-01-30 06:00:00+00:00,temperature_c,60.8,°C,2026-S1,synthétique,PROC-GEN-SMOTE-V1
EQ-DRYER-264,2026-01-30 12:00:00+00:00,temperature_c,57.48,°C,2026-S1,synthétique,PROC-GEN-SMOTE-V1
EQ-DRYER-264,2026-01-30 18:00:00+00:00,temperature_c,55.19,°C,2026-S1,synthétique,PROC-GEN-SMOTE-V1
EQ-DRYER-264,2026-01-31 00:00:00+00:00,temperature_c,58.46,°C,2026-S1,synthétique,PROC-GEN-SMOTE-V1
EQ-DRYER-264,2026-01-31 06:00:00+00:00,temperature_c,59.88,°C,2026-S1,synthétique,PROC-GEN-SMOTE-V1
EQ-DRYER-264,2026-01-31 12:00:00+00:00,temperature_c,52.42,°C,2026-S1,synthétique,PROC-GEN-SMOTE-V1
EQ-DRYER-264,2026-01-31 18:00:00+00:00,temperature_c,51.18,°C,2026-S1,synthétique,PROC-GEN-SMOTE-V1
EQ-FAN-104,2026-01-02 00:00:00+00:00,temperature_c,56.41,°C,2026-S1,synthétique,PROC-GEN-SMOTE-V1
EQ-FAN-104,2026-01-02 06:00:00+00:00,temperature_c,63.38,°C,2026-S1,synthétique,PROC-GEN-SMOTE-V1
EQ-FAN-104,2026-01-02 12:00:00+00:00,temperature_c,61.67,°C,2026-S1,synthétique,PROC-GEN-SMOTE-V1
EQ-FAN-104,2026-01-02 18:00:00+00:00,temperature_c,52.96,°C,2026-S1,synthétique,PROC-GEN-SMOTE-V1
EQ-FAN-104,2026-01-03 00:00:00+00:00,temperature_c,54.07,°C,2026-S1,synthétique,PROC-GEN-SMOTE-V1
EQ-FAN-104,2026-01-03 06:00:00+00:00,temperature_c,60.31,°C,2026-S1,synthétique,PROC-GEN-SMOTE-V1
EQ-FAN-104,2026-01-03 12:00:00+00:00,temperature_c,59.71,°C,2026-S1,synthétique,PROC-GEN-SMOTE-V1
EQ-FAN-104,2026-01-03 18:00:00+00:00,temperature_c,51.25,°C,2026-S1,synthétique,PROC-GEN-SMOTE-V1
EQ-FAN-104,2026-01-04 00:00:00+00:00,temperature_c,52.65,°C,2026-S1,synthétique,PROC-GEN-SMOTE-V1
EQ-FAN-104,2026-01-04 06:00:00+00:00,temperature_c,58.71,°C,2026-S1,synthétique,PROC-GEN-SMOTE-V1
EQ-FAN-104,2026-01-04 12:00:00+00:00,temperature_c,57.55,°C,2026-S1,synthétique,PROC-GEN-SMOTE-V1
EQ-FAN-104,2026-01-04 18:00:00+00:00,temperature_c,49.59,°C,2026-S1,synthétique,PROC-GEN-SMOTE-V1
EQ-FAN-104,2026-01-05 00:00:00+00:00,temperature_c,58.66,°C,2026-S1,synthétique,PROC-GEN-SMOTE-V1
EQ-FAN-104,2026-01-05 06:00:00+00:00,temperature_c,62.01,°C,2026-S1,synthétique,PROC-GEN-SMOTE-V1
EQ-FAN-104,2026-01-05 12:00:00+00:00,temperature_c,55.81,°C,2026-S1,synthétique,PROC-GEN-SMOTE-V1
EQ-FAN-104,2026-01-05 18:00:00+00:00,temperature_c,53.42,°C,2026-S1,synthétique,PROC-GEN-SMOTE-V1
EQ-FAN-104,2026-01-06 00:00:00+00:00,temperature_c,52.57,°C,2026-S1,synthétique,PROC-GEN-SMOTE-V1
EQ-FAN-104,2026-01-06 06:00:00+00:00,temperature_c,60.02,°C,2026-S1,synthétique,PROC-GEN-SMOTE-V1
EQ-FAN-104,2026-01-06 12:00:00+00:00,temperature_c,57.97,°C,2026-S1,synthétique,PROC-GEN-SMOTE-V1
EQ-FAN-104,2026-01-06 18:00:00+00:00,temperature_c,52.85,°C,2026-S1,synthétique,PROC-GEN-SMOTE-V1
EQ-FAN-104,2026-01-07 00:00:00+00:00,temperature_c,57.78,°C,2026-S1,synthétique,PROC-GEN-SMOTE-V1
EQ-FAN-104,2026-01-07 06:00:00+00:00,temperature_c,60.05,°C,2026-S1,synthétique,PROC-GEN-SMOTE-V1
EQ-FAN-104,2026-01-07 12:00:00+00:00,temperature_c,56.37,°C,2026-S1,synthétique,PROC-GEN-SMOTE-V1
EQ-FAN-104,2026-01-07 18:00:00+00:00,temperature_c,53.47,°C,2026-S1,synthétique,PROC-GEN-SMOTE-V1
EQ-FAN-104,2026-01-08 00:00:00+00:00,temperature_c,57.65,°C,2026-S1,synthétique,PROC-GEN-SMOTE-V1
EQ-FAN-104,2026-01-08 06:00:00+00:00,temperature_c,60.11,°C,2026-S1,synthétique,PROC-GEN-SMOTE-V1
EQ-FAN-104,2026-01-08 12:00:00+00:00,temperature_c,56.28,°C,2026-S1,synthétique,PROC-GEN-SMOTE-V1
EQ-FAN-104,2026-01-08 18:00:00+00:00,temperature_c,53.67,°C,2026-S1,synthétique,PROC-GEN-SMOTE-V1
EQ-FAN-104,2026-01-09 00:00:00+00:00,temperature_c,55.55,°C,2026-S1,synthétique,PROC-GEN-SMOTE-V1
EQ-FAN-104,2026-01-09 06:00:00+00:00,temperature_c,61.07,°C,2026-S1,synthétique,PROC-GEN-SMOTE-V1
EQ-FAN-104,2026-01-09 12:00:00+00:00,temperature_c,55.17,°C,2026-S1,synthétique,PROC-GEN-SMOTE-V1
EQ-FAN-104,2026-01-09 18:00:00+00:00,temperature_c,52.73,°C,2026-S1,synthétique,PROC-GEN-SMOTE-V1
EQ-FAN-104,2026-01-10 00:00:00+00:00,temperature_c,50.54,°C,2026-S1,synthétique,PROC-GEN-SMOTE-V1
EQ-FAN-104,2026-01-10 06:00:00+00:00,temperature_c,58.59,°C,2026-S1,synthétique,PROC-GEN-SMOTE-V1
EQ-FAN-104,2026-01-10 12:00:00+00:00,temperature_c,54.82,°C,2026-S1,synthétique,PROC-GEN-SMOTE-V1
EQ-FAN-104,2026-01-10 18:00:00+00:00,temperature_c,49.79,°C,2026-S1,synthétique,PROC-GEN-SMOTE-V1
EQ-FAN-104,2026-01-11 00:00:00+00:00,temperature_c,54.48,°C,2026-S1,synthétique,PROC-GEN-SMOTE-V1
EQ-FAN-104,2026-01-11 06:00:00+00:00,temperature_c,59.63,°C,2026-S1,synthétique,PROC-GEN-SMOTE-V1
EQ-FAN-104,2026-01-11 12:00:00+00:00,temperature_c,57.85,°C,2026-S1,synthétique,PROC-GEN-SMOTE-V1
EQ-FAN-104,2026-01-11 18:00:00+00:00,temperature_c,49.31,°C,2026-S1,synthétique,PROC-GEN-SMOTE-V1
EQ-FAN-104,2026-01-12 00:00:00+00:00,temperature_c,52.46,°C,2026-S1,synthétique,PROC-GEN-SMOTE-V1
EQ-FAN-104,2026-01-12 06:00:00+00:00,temperature_c,58.98,°C,2026-S1,synthétique,PROC-GEN-SMOTE-V1
EQ-FAN-104,2026-01-12 12:00:00+00:00,temperature_c,59.5,°C,2026-S1,synthétique,PROC-GEN-SMOTE-V1
EQ-FAN-104,2026-01-12 18:00:00+00:00,temperature_c,53.78,°C,2026-S1,synthétique,PROC-GEN-SMOTE-V1
EQ-FAN-104,2026-01-13 00:00:00+00:00,temperature_c,54.73,°C,2026-S1,synthétique,PROC-GEN-SMOTE-V1
EQ-FAN-104,2026-01-13 06:00:00+00:00,temperature_c,61.06,°C,2026-S1,synthétique,PROC-GEN-SMOTE-V1
EQ-FAN-104,2026-01-13 12:00:00+00:00,temperature_c,56.49,°C,2026-S1,synthétique,PROC-GEN-SMOTE-V1
EQ-FAN-104,2026-01-13 18:00:00+00:00,temperature_c,52.33,°C,2026-S1,synthétique,PROC-GEN-SMOTE-V1
EQ-FAN-104,2026-01-14 00:00:00+00:00,temperature_c,52.84,°C,2026-S1,synthétique,PROC-GEN-SMOTE-V1
EQ-FAN-104,2026-01-14 06:00:00+00:00,temperature_c,57.92,°C,2026-S1,synthétique,PROC-GEN-SMOTE-V1
EQ-FAN-104,2026-01-14 12:00:00+00:00,temperature_c,58.14,°C,2026-S1,synthétique,PROC-GEN-SMOTE-V1
EQ-FAN-104,2026-01-14 18:00:00+00:00,temperature_c,51.37,°C,2026-S1,synthétique,PROC-GEN-SMOTE-V1
EQ-FAN-104,2026-01-15 00:00:00+00:00,temperature_c,53.47,°C,2026-S1,synthétique,PROC-GEN-SMOTE-V1
EQ-FAN-104,2026-01-15 06:00:00+00:00,temperature_c,61.09,°C,2026-S1,synthétique,PROC-GEN-SMOTE-V1
EQ-FAN-104,2026-01-15 12:00:00+00:00,temperature_c,57.36,°C,2026-S1,synthétique,PROC-GEN-SMOTE-V1
EQ-FAN-104,2026-01-15 18:00:00+00:00,temperature_c,51.12,°C,2026-S1,synthétique,PROC-GEN-SMOTE-V1
EQ-FAN-104,2026-01-16 00:00:00+00:00,temperature_c,52.68,°C,2026-S1,synthétique,PROC-GEN-SMOTE-V1
EQ-FAN-104,2026-01-16 06:00:00+00:00,temperature_c,58.55,°C,2026-S1,synthétique,PROC-GEN-SMOTE-V1
EQ-FAN-104,2026-01-16 12:00:00+00:00,temperature_c,59.12,°C,2026-S1,synthétique,PROC-GEN-SMOTE-V1
EQ-FAN-104,2026-01-16 18:00:00+00:00,temperature_c,52.15,°C,2026-S1,synthétique,PROC-GEN-SMOTE-V1
EQ-FAN-104,2026-01-17 00:00:00+00:00,temperature_c,54.43,°C,2026-S1,synthétique,PROC-GEN-SMOTE-V1
EQ-FAN-104,2026-01-17 06:00:00+00:00,temperature_c,58.43,°C,2026-S1,synthétique,PROC-GEN-SMOTE-V1
EQ-FAN-104,2026-01-17 12:00:00+00:00,temperature_c,54.98,°C,2026-S1,synthétique,PROC-GEN-SMOTE-V1
EQ-FAN-104,2026-01-17 18:00:00+00:00,temperature_c,51.99,°C,2026-S1,synthétique,PROC-GEN-SMOTE-V1
EQ-FAN-104,2026-01-18 00:00:00+00:00,temperature_c,54.12,°C,2026-S1,synthétique,PROC-GEN-SMOTE-V1
EQ-FAN-104,2026-01-18 06:00:00+00:00,temperature_c,58.84,°C,2026-S1,synthétique,PROC-GEN-SMOTE-V1
EQ-FAN-104,2026-01-18 12:00:00+00:00,temperature_c,55.0,°C,2026-S1,synthétique,PROC-GEN-SMOTE-V1
EQ-FAN-104,2026-01-18 18:00:00+00:00,temperature_c,51.64,°C,2026-S1,synthétique,PROC-GEN-SMOTE-V1
EQ-FAN-104,2026-01-19 00:00:00+00:00,temperature_c,56.95,°C,2026-S1,synthétique,PROC-GEN-SMOTE-V1
EQ-FAN-104,2026-01-19 06:00:00+00:00,temperature_c,60.75,°C,2026-S1,synthétique,PROC-GEN-SMOTE-V1
EQ-FAN-104,2026-01-19 12:00:00+00:00,temperature_c,57.47,°C,2026-S1,synthétique,PROC-GEN-SMOTE-V1
EQ-FAN-104,2026-01-19 18:00:00+00:00,temperature_c,53.07,°C,2026-S1,synthétique,PROC-GEN-SMOTE-V1
EQ-FAN-104,2026-01-20 00:00:00+00:00,temperature_c,55.37,°C,2026-S1,synthétique,PROC-GEN-SMOTE-V1
EQ-FAN-104,2026-01-20 06:00:00+00:00,temperature_c,59.58,°C,2026-S1,synthétique,PROC-GEN-SMOTE-V1
EQ-FAN-104,2026-01-20 12:00:00+00:00,temperature_c,57.3,°C,2026-S1,synthétique,PROC-GEN-SMOTE-V1
EQ-FAN-104,2026-01-20 18:00:00+00:00,temperature_c,51.65,°C,2026-S1,synthétique,PROC-GEN-SMOTE-V1
EQ-FAN-104,2026-01-21 00:00:00+00:00,temperature_c,55.25,°C,2026-S1,synthétique,PROC-GEN-SMOTE-V1
EQ-FAN-104,2026-01-21 06:00:00+00:00,temperature_c,61.53,°C,2026-S1,synthétique,PROC-GEN-SMOTE-V1
EQ-FAN-104,2026-01-21 12:00:00+00:00,temperature_c,59.49,°C,2026-S1,synthétique,PROC-GEN-SMOTE-V1
EQ-FAN-104,2026-01-21 18:00:00+00:00,temperature_c,53.07,°C,2026-S1,synthétique,PROC-GEN-SMOTE-V1
EQ-FAN-104,2026-01-22 00:00:00+00:00,temperature_c,56.97,°C,2026-S1,synthétique,PROC-GEN-SMOTE-V1
EQ-FAN-104,2026-01-22 06:00:00+00:00,temperature_c,58.52,°C,2026-S1,synthétique,PROC-GEN-SMOTE-V1
EQ-FAN-104,2026-01-22 12:00:00+00:00,temperature_c,57.8,°C,2026-S1,synthétique,PROC-GEN-SMOTE-V1
EQ-FAN-104,2026-01-22 18:00:00+00:00,temperature_c,52.46,°C,2026-S1,synthétique,PROC-GEN-SMOTE-V1
EQ-FAN-104,2026-01-23 00:00:00+00:00,temperature_c,53.59,°C,2026-S1,synthétique,PROC-GEN-SMOTE-V1
EQ-FAN-104,2026-01-23 06:00:00+00:00,temperature_c,57.69,°C,2026-S1,synthétique,PROC-GEN-SMOTE-V1
EQ-FAN-104,2026-01-23 12:00:00+00:00,temperature_c,57.04,°C,2026-S1,synthétique,PROC-GEN-SMOTE-V1
EQ-FAN-104,2026-01-23 18:00:00+00:00,temperature_c,51.04,°C,2026-S1,synthétique,PROC-GEN-SMOTE-V1
EQ-FAN-104,2026-01-24 00:00:00+00:00,temperature_c,52.22,°C,2026-S1,synthétique,PROC-GEN-SMOTE-V1
EQ-FAN-104,2026-01-24 06:00:00+00:00,temperature_c,57.49,°C,2026-S1,synthétique,PROC-GEN-SMOTE-V1
EQ-FAN-104,2026-01-24 12:00:00+00:00,temperature_c,54.1,°C,2026-S1,synthétique,PROC-GEN-SMOTE-V1
EQ-FAN-104,2026-01-24 18:00:00+00:00,temperature_c,49.39,°C,2026-S1,synthétique,PROC-GEN-SMOTE-V1
EQ-FAN-104,2026-01-25 00:00:00+00:00,temperature_c,53.86,°C,2026-S1,synthétique,PROC-GEN-SMOTE-V1
EQ-FAN-104,2026-01-25 06:00:00+00:00,temperature_c,60.4,°C,2026-S1,synthétique,PROC-GEN-SMOTE-V1
EQ-FAN-104,2026-01-25 12:00:00+00:00,temperature_c,55.94,°C,2026-S1,synthétique,PROC-GEN-SMOTE-V1
EQ-FAN-104,2026-01-25 18:00:00+00:00,temperature_c,50.37,°C,2026-S1,synthétique,PROC-GEN-SMOTE-V1
EQ-FAN-104,2026-01-26 00:00:00+00:00,temperature_c,54.53,°C,2026-S1,synthétique,PROC-GEN-SMOTE-V1
EQ-FAN-104,2026-01-26 06:00:00+00:00,temperature_c,62.4,°C,2026-S1,synthétique,PROC-GEN-SMOTE-V1
EQ-FAN-104,2026-01-26 12:00:00+00:00,temperature_c,58.5,°C,2026-S1,synthétique,PROC-GEN-SMOTE-V1
EQ-FAN-104,2026-01-26 18:00:00+00:00,temperature_c,50.52,°C,2026-S1,synthétique,PROC-GEN-SMOTE-V1
EQ-FAN-104,2026-01-27 00:00:00+00:00,temperature_c,52.97,°C,2026-S1,synthétique,PROC-GEN-SMOTE-V1
EQ-FAN-104,2026-01-27 06:00:00+00:00,temperature_c,59.84,°C,2026-S1,synthétique,PROC-GEN-SMOTE-V1
EQ-FAN-104,2026-01-27 12:00:00+00:00,temperature_c,58.9,°C,2026-S1,synthétique,PROC-GEN-SMOTE-V1
EQ-FAN-104,2026-01-27 18:00:00+00:00,temperature_c,53.41,°C,2026-S1,synthétique,PROC-GEN-SMOTE-V1
EQ-FAN-104,2026-01-28 00:00:00+00:00,temperature_c,52.45,°C,2026-S1,synthétique,PROC-GEN-SMOTE-V1
EQ-FAN-104,2026-01-28 06:00:00+00:00,temperature_c,60.36,°C,2026-S1,synthétique,PROC-GEN-SMOTE-V1
EQ-FAN-104,2026-01-28 12:00:00+00:00,temperature_c,59.04,°C,2026-S1,synthétique,PROC-GEN-SMOTE-V1
EQ-FAN-104,2026-01-28 18:00:00+00:00,temperature_c,53.22,°C,2026-S1,synthétique,PROC-GEN-SMOTE-V1
EQ-FAN-104,2026-01-29 00:00:00+00:00,temperature_c,55.05,°C,2026-S1,synthétique,PROC-GEN-SMOTE-V1
EQ-FAN-104,2026-01-29 06:00:00+00:00,temperature_c,58.36,°C,2026-S1,synthétique,PROC-GEN-SMOTE-V1
EQ-FAN-104,2026-01-29 12:00:00+00:00,temperature_c,55.45,°C,2026-S1,synthétique,PROC-GEN-SMOTE-V1
EQ-FAN-104,2026-01-29 18:00:00+00:00,temperature_c,52.43,°C,2026-S1,synthétique,PROC-GEN-SMOTE-V1
EQ-FAN-104,2026-01-30 00:00:00+00:00,temperature_c,57.37,°C,2026-S1,synthétique,PROC-GEN-SMOTE-V1
EQ-FAN-104,2026-01-30 06:00:00+00:00,temperature_c,59.31,°C,2026-S1,synthétique,PROC-GEN-SMOTE-V1
EQ-FAN-104,2026-01-30 12:00:00+00:00,temperature_c,58.12,°C,2026-S1,synthétique,PROC-GEN-SMOTE-V1
EQ-FAN-104,2026-01-30 18:00:00+00:00,temperature_c,51.52,°C,2026-S1,synthétique,PROC-GEN-SMOTE-V1
EQ-FAN-104,2026-01-31 00:00:00+00:00,temperature_c,54.89,°C,2026-S1,synthétique,PROC-GEN-SMOTE-V1
EQ-FAN-104,2026-01-31 06:00:00+00:00,temperature_c,59.15,°C,2026-S1,synthétique,PROC-GEN-SMOTE-V1
EQ-FAN-104,2026-01-31 12:00:00+00:00,temperature_c,53.18,°C,2026-S1,synthétique,PROC-GEN-SMOTE-V1
EQ-FAN-104,2026-01-31 18:00:00+00:00,temperature_c,50.73,°C,2026-S1,synthétique,PROC-GEN-SMOTE-V1
EQ-FAN-120,2026-01-02 00:00:00+00:00,temperature_c,63.05,°C,2026-S1,synthétique,PROC-GEN-SMOTE-V1
EQ-FAN-120,2026-01-02 06:00:00+00:00,temperature_c,62.0,°C,2026-S1,synthétique,PROC-GEN-SMOTE-V1
EQ-FAN-120,2026-01-02 12:00:00+00:00,temperature_c,56.42,°C,2026-S1,synthétique,PROC-GEN-SMOTE-V1
EQ-FAN-120,2026-01-02 18:00:00+00:00,temperature_c,56.32,°C,2026-S1,synthétique,PROC-GEN-SMOTE-V1
EQ-FAN-120,2026-01-03 00:00:00+00:00,temperature_c,62.09,°C,2026-S1,synthétique,PROC-GEN-SMOTE-V1
EQ-FAN-120,2026-01-03 06:00:00+00:00,temperature_c,59.41,°C,2026-S1,synthétique,PROC-GEN-SMOTE-V1
EQ-FAN-120,2026-01-03 12:00:00+00:00,temperature_c,54.28,°C,2026-S1,synthétique,PROC-GEN-SMOTE-V1
EQ-FAN-120,2026-01-03 18:00:00+00:00,temperature_c,54.99,°C,2026-S1,synthétique,PROC-GEN-SMOTE-V1
EQ-FAN-120,2026-01-04 00:00:00+00:00,temperature_c,58.79,°C,2026-S1,synthétique,PROC-GEN-SMOTE-V1
EQ-FAN-120,2026-01-04 06:00:00+00:00,temperature_c,63.31,°C,2026-S1,synthétique,PROC-GEN-SMOTE-V1
EQ-FAN-120,2026-01-04 12:00:00+00:00,temperature_c,53.46,°C,2026-S1,synthétique,PROC-GEN-SMOTE-V1
EQ-FAN-120,2026-01-04 18:00:00+00:00,temperature_c,53.74,°C,2026-S1,synthétique,PROC-GEN-SMOTE-V1
EQ-FAN-120,2026-01-05 00:00:00+00:00,temperature_c,64.54,°C,2026-S1,synthétique,PROC-GEN-SMOTE-V1
EQ-FAN-120,2026-01-05 06:00:00+00:00,temperature_c,61.98,°C,2026-S1,synthétique,PROC-GEN-SMOTE-V1
EQ-FAN-120,2026-01-05 12:00:00+00:00,temperature_c,55.45,°C,2026-S1,synthétique,PROC-GEN-SMOTE-V1
EQ-FAN-120,2026-01-05 18:00:00+00:00,temperature_c,56.71,°C,2026-S1,synthétique,PROC-GEN-SMOTE-V1
EQ-FAN-120,2026-01-06 00:00:00+00:00,temperature_c,63.58,°C,2026-S1,synthétique,PROC-GEN-SMOTE-V1
EQ-FAN-120,2026-01-06 06:00:00+00:00,temperature_c,61.57,°C,2026-S1,synthétique,PROC-GEN-SMOTE-V1
EQ-FAN-120,2026-01-06 12:00:00+00:00,temperature_c,56.95,°C,2026-S1,synthétique,PROC-GEN-SMOTE-V1
EQ-FAN-120,2026-01-06 18:00:00+00:00,temperature_c,56.69,°C,2026-S1,synthétique,PROC-GEN-SMOTE-V1
EQ-FAN-120,2026-01-07 00:00:00+00:00,temperature_c,63.22,°C,2026-S1,synthétique,PROC-GEN-SMOTE-V1
EQ-FAN-120,2026-01-07 06:00:00+00:00,temperature_c,64.8,°C,2026-S1,synthétique,PROC-GEN-SMOTE-V1
EQ-FAN-120,2026-01-07 12:00:00+00:00,temperature_c,57.38,°C,2026-S1,synthétique,PROC-GEN-SMOTE-V1
EQ-FAN-120,2026-01-07 18:00:00+00:00,temperature_c,57.15,°C,2026-S1,synthétique,PROC-GEN-SMOTE-V1
EQ-FAN-120,2026-01-08 00:00:00+00:00,temperature_c,64.15,°C,2026-S1,synthétique,PROC-GEN-SMOTE-V1
EQ-FAN-120,2026-01-08 06:00:00+00:00,temperature_c,61.46,°C,2026-S1,synthétique,PROC-GEN-SMOTE-V1
EQ-FAN-120,2026-01-08 12:00:00+00:00,temperature_c,55.25,°C,2026-S1,synthétique,PROC-GEN-SMOTE-V1
EQ-FAN-120,2026-01-08 18:00:00+00:00,temperature_c,56.73,°C,2026-S1,synthétique,PROC-GEN-SMOTE-V1
EQ-FAN-120,2026-01-09 00:00:00+00:00,temperature_c,61.61,°C,2026-S1,synthétique,PROC-GEN-SMOTE-V1
EQ-FAN-120,2026-01-09 06:00:00+00:00,temperature_c,60.74,°C,2026-S1,synthétique,PROC-GEN-SMOTE-V1
EQ-FAN-120,2026-01-09 12:00:00+00:00,temperature_c,56.1,°C,2026-S1,synthétique,PROC-GEN-SMOTE-V1
EQ-FAN-120,2026-01-09 18:00:00+00:00,temperature_c,58.46,°C,2026-S1,synthétique,PROC-GEN-SMOTE-V1
EQ-FAN-120,2026-01-10 00:00:00+00:00,temperature_c,60.52,°C,2026-S1,synthétique,PROC-GEN-SMOTE-V1
EQ-FAN-120,2026-01-10 06:00:00+00:00,temperature_c,61.18,°C,2026-S1,synthétique,PROC-GEN-SMOTE-V1
EQ-FAN-120,2026-01-10 12:00:00+00:00,temperature_c,53.96,°C,2026-S1,synthétique,PROC-GEN-SMOTE-V1
EQ-FAN-120,2026-01-10 18:00:00+00:00,temperature_c,53.64,°C,2026-S1,synthétique,PROC-GEN-SMOTE-V1
EQ-FAN-120,2026-01-11 00:00:00+00:00,temperature_c,61.66,°C,2026-S1,synthétique,PROC-GEN-SMOTE-V1
EQ-FAN-120,2026-01-11 06:00:00+00:00,temperature_c,59.44,°C,2026-S1,synthétique,PROC-GEN-SMOTE-V1
EQ-FAN-120,2026-01-11 12:00:00+00:00,temperature_c,52.04,°C,2026-S1,synthétique,PROC-GEN-SMOTE-V1
EQ-FAN-120,2026-01-11 18:00:00+00:00,temperature_c,53.1,°C,2026-S1,synthétique,PROC-GEN-SMOTE-V1
EQ-FAN-120,2026-01-12 00:00:00+00:00,temperature_c,63.56,°C,2026-S1,synthétique,PROC-GEN-SMOTE-V1
EQ-FAN-120,2026-01-12 06:00:00+00:00,temperature_c,60.27,°C,2026-S1,synthétique,PROC-GEN-SMOTE-V1
EQ-FAN-120,2026-01-12 12:00:00+00:00,temperature_c,54.53,°C,2026-S1,synthétique,PROC-GEN-SMOTE-V1
EQ-FAN-120,2026-01-12 18:00:00+00:00,temperature_c,58.52,°C,2026-S1,synthétique,PROC-GEN-SMOTE-V1
EQ-FAN-120,2026-01-13 00:00:00+00:00,temperature_c,63.16,°C,2026-S1,synthétique,PROC-GEN-SMOTE-V1
EQ-FAN-120,2026-01-13 06:00:00+00:00,temperature_c,62.49,°C,2026-S1,synthétique,PROC-GEN-SMOTE-V1
EQ-FAN-120,2026-01-13 12:00:00+00:00,temperature_c,56.93,°C,2026-S1,synthétique,PROC-GEN-SMOTE-V1
EQ-FAN-120,2026-01-13 18:00:00+00:00,temperature_c,58.97,°C,2026-S1,synthétique,PROC-GEN-SMOTE-V1
EQ-FAN-120,2026-01-14 00:00:00+00:00,temperature_c,64.15,°C,2026-S1,synthétique,PROC-GEN-SMOTE-V1
EQ-FAN-120,2026-01-14 06:00:00+00:00,temperature_c,61.94,°C,2026-S1,synthétique,PROC-GEN-SMOTE-V1
EQ-FAN-120,2026-01-14 12:00:00+00:00,temperature_c,58.71,°C,2026-S1,synthétique,PROC-GEN-SMOTE-V1
EQ-FAN-120,2026-01-14 18:00:00+00:00,temperature_c,57.07,°C,2026-S1,synthétique,PROC-GEN-SMOTE-V1
EQ-FAN-120,2026-01-15 00:00:00+00:00,temperature_c,65.38,°C,2026-S1,synthétique,PROC-GEN-SMOTE-V1
EQ-FAN-120,2026-01-15 06:00:00+00:00,temperature_c,63.51,°C,2026-S1,synthétique,PROC-GEN-SMOTE-V1
EQ-FAN-120,2026-01-15 12:00:00+00:00,temperature_c,56.74,°C,2026-S1,synthétique,PROC-GEN-SMOTE-V1
EQ-FAN-120,2026-01-15 18:00:00+00:00,temperature_c,58.4,°C,2026-S1,synthétique,PROC-GEN-SMOTE-V1
EQ-FAN-120,2026-01-16 00:00:00+00:00,temperature_c,63.32,°C,2026-S1,synthétique,PROC-GEN-SMOTE-V1
EQ-FAN-120,2026-01-16 06:00:00+00:00,temperature_c,61.9,°C,2026-S1,synthétique,PROC-GEN-SMOTE-V1
EQ-FAN-120,2026-01-16 12:00:00+00:00,temperature_c,55.31,°C,2026-S1,synthétique,PROC-GEN-SMOTE-V1
EQ-FAN-120,2026-01-16 18:00:00+00:00,temperature_c,56.93,°C,2026-S1,synthétique,PROC-GEN-SMOTE-V1
EQ-FAN-120,2026-01-17 00:00:00+00:00,temperature_c,62.18,°C,2026-S1,synthétique,PROC-GEN-SMOTE-V1
EQ-FAN-120,2026-01-17 06:00:00+00:00,temperature_c,61.58,°C,2026-S1,synthétique,PROC-GEN-SMOTE-V1
EQ-FAN-120,2026-01-17 12:00:00+00:00,temperature_c,56.33,°C,2026-S1,synthétique,PROC-GEN-SMOTE-V1
EQ-FAN-120,2026-01-17 18:00:00+00:00,temperature_c,55.81,°C,2026-S1,synthétique,PROC-GEN-SMOTE-V1
EQ-FAN-120,2026-01-18 00:00:00+00:00,temperature_c,61.59,°C,2026-S1,synthétique,PROC-GEN-SMOTE-V1
EQ-FAN-120,2026-01-18 06:00:00+00:00,temperature_c,59.85,°C,2026-S1,synthétique,PROC-GEN-SMOTE-V1
EQ-FAN-120,2026-01-18 12:00:00+00:00,temperature_c,53.42,°C,2026-S1,synthétique,PROC-GEN-SMOTE-V1
EQ-FAN-120,2026-01-18 18:00:00+00:00,temperature_c,55.28,°C,2026-S1,synthétique,PROC-GEN-SMOTE-V1
EQ-FAN-120,2026-01-19 00:00:00+00:00,temperature_c,63.69,°C,2026-S1,synthétique,PROC-GEN-SMOTE-V1
EQ-FAN-120,2026-01-19 06:00:00+00:00,temperature_c,63.58,°C,2026-S1,synthétique,PROC-GEN-SMOTE-V1
EQ-FAN-120,2026-01-19 12:00:00+00:00,temperature_c,55.17,°C,2026-S1,synthétique,PROC-GEN-SMOTE-V1
EQ-FAN-120,2026-01-19 18:00:00+00:00,temperature_c,56.74,°C,2026-S1,synthétique,PROC-GEN-SMOTE-V1
EQ-FAN-120,2026-01-20 00:00:00+00:00,temperature_c,62.43,°C,2026-S1,synthétique,PROC-GEN-SMOTE-V1
EQ-FAN-120,2026-01-20 06:00:00+00:00,temperature_c,61.81,°C,2026-S1,synthétique,PROC-GEN-SMOTE-V1
EQ-FAN-120,2026-01-20 12:00:00+00:00,temperature_c,55.32,°C,2026-S1,synthétique,PROC-GEN-SMOTE-V1
EQ-FAN-120,2026-01-20 18:00:00+00:00,temperature_c,54.99,°C,2026-S1,synthétique,PROC-GEN-SMOTE-V1
EQ-FAN-120,2026-01-21 00:00:00+00:00,temperature_c,64.08,°C,2026-S1,synthétique,PROC-GEN-SMOTE-V1
EQ-FAN-120,2026-01-21 06:00:00+00:00,temperature_c,62.7,°C,2026-S1,synthétique,PROC-GEN-SMOTE-V1
EQ-FAN-120,2026-01-21 12:00:00+00:00,temperature_c,60.44,°C,2026-S1,synthétique,PROC-GEN-SMOTE-V1
EQ-FAN-120,2026-01-21 18:00:00+00:00,temperature_c,57.42,°C,2026-S1,synthétique,PROC-GEN-SMOTE-V1
EQ-FAN-120,2026-01-22 00:00:00+00:00,temperature_c,65.61,°C,2026-S1,synthétique,PROC-GEN-SMOTE-V1
EQ-FAN-120,2026-01-22 06:00:00+00:00,temperature_c,63.5,°C,2026-S1,synthétique,PROC-GEN-SMOTE-V1
EQ-FAN-120,2026-01-22 12:00:00+00:00,temperature_c,55.1,°C,2026-S1,synthétique,PROC-GEN-SMOTE-V1
EQ-FAN-120,2026-01-22 18:00:00+00:00,temperature_c,57.21,°C,2026-S1,synthétique,PROC-GEN-SMOTE-V1
EQ-FAN-120,2026-01-23 00:00:00+00:00,temperature_c,64.13,°C,2026-S1,synthétique,PROC-GEN-SMOTE-V1
EQ-FAN-120,2026-01-23 06:00:00+00:00,temperature_c,63.64,°C,2026-S1,synthétique,PROC-GEN-SMOTE-V1
EQ-FAN-120,2026-01-23 12:00:00+00:00,temperature_c,56.1,°C,2026-S1,synthétique,PROC-GEN-SMOTE-V1
EQ-FAN-120,2026-01-23 18:00:00+00:00,temperature_c,55.57,°C,2026-S1,synthétique,PROC-GEN-SMOTE-V1
EQ-FAN-120,2026-01-24 00:00:00+00:00,temperature_c,61.25,°C,2026-S1,synthétique,PROC-GEN-SMOTE-V1
EQ-FAN-120,2026-01-24 06:00:00+00:00,temperature_c,59.91,°C,2026-S1,synthétique,PROC-GEN-SMOTE-V1
EQ-FAN-120,2026-01-24 12:00:00+00:00,temperature_c,54.53,°C,2026-S1,synthétique,PROC-GEN-SMOTE-V1
EQ-FAN-120,2026-01-24 18:00:00+00:00,temperature_c,54.53,°C,2026-S1,synthétique,PROC-GEN-SMOTE-V1
EQ-FAN-120,2026-01-25 00:00:00+00:00,temperature_c,60.83,°C,2026-S1,synthétique,PROC-GEN-SMOTE-V1
EQ-FAN-120,2026-01-25 06:00:00+00:00,temperature_c,60.03,°C,2026-S1,synthétique,PROC-GEN-SMOTE-V1
EQ-FAN-120,2026-01-25 12:00:00+00:00,temperature_c,54.55,°C,2026-S1,synthétique,PROC-GEN-SMOTE-V1
EQ-FAN-120,2026-01-25 18:00:00+00:00,temperature_c,56.17,°C,2026-S1,synthétique,PROC-GEN-SMOTE-V1
EQ-FAN-120,2026-01-26 00:00:00+00:00,temperature_c,62.49,°C,2026-S1,synthétique,PROC-GEN-SMOTE-V1
EQ-FAN-120,2026-01-26 06:00:00+00:00,temperature_c,61.58,°C,2026-S1,synthétique,PROC-GEN-SMOTE-V1
EQ-FAN-120,2026-01-26 12:00:00+00:00,temperature_c,54.1,°C,2026-S1,synthétique,PROC-GEN-SMOTE-V1
EQ-FAN-120,2026-01-26 18:00:00+00:00,temperature_c,57.73,°C,2026-S1,synthétique,PROC-GEN-SMOTE-V1
EQ-FAN-120,2026-01-27 00:00:00+00:00,temperature_c,64.19,°C,2026-S1,synthétique,PROC-GEN-SMOTE-V1
EQ-FAN-120,2026-01-27 06:00:00+00:00,temperature_c,62.22,°C,2026-S1,synthétique,PROC-GEN-SMOTE-V1
EQ-FAN-120,2026-01-27 12:00:00+00:00,temperature_c,55.4,°C,2026-S1,synthétique,PROC-GEN-SMOTE-V1
EQ-FAN-120,2026-01-28 00:00:00+00:00,temperature_c,63.81,°C,2026-S1,synthétique,PROC-GEN-SMOTE-V1
EQ-FAN-120,2026-01-28 06:00:00+00:00,temperature_c,61.05,°C,2026-S1,synthétique,PROC-GEN-SMOTE-V1
EQ-FAN-120,2026-01-28 12:00:00+00:00,temperature_c,54.3,°C,2026-S1,synthétique,PROC-GEN-SMOTE-V1
EQ-FAN-120,2026-01-28 18:00:00+00:00,temperature_c,60.59,°C,2026-S1,synthétique,PROC-GEN-SMOTE-V1
EQ-FAN-120,2026-01-29 00:00:00+00:00,temperature_c,62.38,°C,2026-S1,synthétique,PROC-GEN-SMOTE-V1
EQ-FAN-120,2026-01-29 06:00:00+00:00,temperature_c,63.45,°C,2026-S1,synthétique,PROC-GEN-SMOTE-V1
EQ-FAN-120,2026-01-29 12:00:00+00:00,temperature_c,55.87,°C,2026-S1,synthétique,PROC-GEN-SMOTE-V1
EQ-FAN-120,2026-01-29 18:00:00+00:00,temperature_c,57.81,°C,2026-S1,synthétique,PROC-GEN-SMOTE-V1
EQ-FAN-120,2026-01-30 00:00:00+00:00,temperature_c,63.74,°C,2026-S1,synthétique,PROC-GEN-SMOTE-V1
EQ-FAN-120,2026-01-30 06:00:00+00:00,temperature_c,60.38,°C,2026-S1,synthétique,PROC-GEN-SMOTE-V1
EQ-FAN-120,2026-01-30 12:00:00+00:00,temperature_c,55.73,°C,2026-S1,synthétique,PROC-GEN-SMOTE-V1
EQ-FAN-120,2026-01-30 18:00:00+00:00,temperature_c,59.01,°C,2026-S1,synthétique,PROC-GEN-SMOTE-V1
EQ-FAN-120,2026-01-31 00:00:00+00:00,temperature_c,59.16,°C,2026-S1,synthétique,PROC-GEN-SMOTE-V1
EQ-FAN-120,2026-01-31 06:00:00+00:00,temperature_c,59.63,°C,2026-S1,synthétique,PROC-GEN-SMOTE-V1
EQ-FAN-120,2026-01-31 12:00:00+00:00,temperature_c,55.56,°C,2026-S1,synthétique,PROC-GEN-SMOTE-V1
EQ-FAN-120,2026-01-31 18:00:00+00:00,temperature_c,56.25,°C,2026-S1,synthétique,PROC-GEN-SMOTE-V1
EQ-OVEN-203,2026-01-02 00:00:00+00:00,temperature_c,60.94,°C,2026-S1,synthétique,PROC-GEN-SMOTE-V1
EQ-OVEN-203,2026-01-02 06:00:00+00:00,temperature_c,63.28,°C,2026-S1,synthétique,PROC-GEN-SMOTE-V1
EQ-OVEN-203,2026-01-02 12:00:00+00:00,temperature_c,47.97,°C,2026-S1,synthétique,PROC-GEN-SMOTE-V1
EQ-OVEN-203,2026-01-02 18:00:00+00:00,temperature_c,57.83,°C,2026-S1,synthétique,PROC-GEN-SMOTE-V1
EQ-OVEN-203,2026-01-03 00:00:00+00:00,temperature_c,57.15,°C,2026-S1,synthétique,PROC-GEN-SMOTE-V1
EQ-OVEN-203,2026-01-03 06:00:00+00:00,temperature_c,57.39,°C,2026-S1,synthétique,PROC-GEN-SMOTE-V1
EQ-OVEN-203,2026-01-03 12:00:00+00:00,temperature_c,53.91,°C,2026-S1,synthétique,PROC-GEN-SMOTE-V1
EQ-OVEN-203,2026-01-03 18:00:00+00:00,temperature_c,50.46,°C,2026-S1,synthétique,PROC-GEN-SMOTE-V1
EQ-OVEN-203,2026-01-04 00:00:00+00:00,temperature_c,55.75,°C,2026-S1,synthétique,PROC-GEN-SMOTE-V1
EQ-OVEN-203,2026-01-04 06:00:00+00:00,temperature_c,50.74,°C,2026-S1,synthétique,PROC-GEN-SMOTE-V1
EQ-OVEN-203,2026-01-04 12:00:00+00:00,temperature_c,61.5,°C,2026-S1,synthétique,PROC-GEN-SMOTE-V1
EQ-OVEN-203,2026-01-04 18:00:00+00:00,temperature_c,53.08,°C,2026-S1,synthétique,PROC-GEN-SMOTE-V1
EQ-OVEN-203,2026-01-05 00:00:00+00:00,temperature_c,59.96,°C,2026-S1,synthétique,PROC-GEN-SMOTE-V1
EQ-OVEN-203,2026-01-05 06:00:00+00:00,temperature_c,62.96,°C,2026-S1,synthétique,PROC-GEN-SMOTE-V1
EQ-OVEN-203,2026-01-05 12:00:00+00:00,temperature_c,55.35,°C,2026-S1,synthétique,PROC-GEN-SMOTE-V1
EQ-OVEN-203,2026-01-05 18:00:00+00:00,temperature_c,58.43,°C,2026-S1,synthétique,PROC-GEN-SMOTE-V1
EQ-OVEN-203,2026-01-06 00:00:00+00:00,temperature_c,57.69,°C,2026-S1,synthétique,PROC-GEN-SMOTE-V1
EQ-OVEN-203,2026-01-06 06:00:00+00:00,temperature_c,60.57,°C,2026-S1,synthétique,PROC-GEN-SMOTE-V1
EQ-OVEN-203,2026-01-06 12:00:00+00:00,temperature_c,48.26,°C,2026-S1,synthétique,PROC-GEN-SMOTE-V1
EQ-OVEN-203,2026-01-06 18:00:00+00:00,temperature_c,56.16,°C,2026-S1,synthétique,PROC-GEN-SMOTE-V1
EQ-OVEN-203,2026-01-07 00:00:00+00:00,temperature_c,59.49,°C,2026-S1,synthétique,PROC-GEN-SMOTE-V1
EQ-OVEN-203,2026-01-07 06:00:00+00:00,temperature_c,64.26,°C,2026-S1,synthétique,PROC-GEN-SMOTE-V1
EQ-OVEN-203,2026-01-07 12:00:00+00:00,temperature_c,64.87,°C,2026-S1,synthétique,PROC-GEN-SMOTE-V1
EQ-OVEN-203,2026-01-07 18:00:00+00:00,temperature_c,59.72,°C,2026-S1,synthétique,PROC-GEN-SMOTE-V1
EQ-OVEN-203,2026-01-08 00:00:00+00:00,temperature_c,59.97,°C,2026-S1,synthétique,PROC-GEN-SMOTE-V1
EQ-OVEN-203,2026-01-08 06:00:00+00:00,temperature_c,62.03,°C,2026-S1,synthétique,PROC-GEN-SMOTE-V1
EQ-OVEN-203,2026-01-08 12:00:00+00:00,temperature_c,55.78,°C,2026-S1,synthétique,PROC-GEN-SMOTE-V1
EQ-OVEN-203,2026-01-08 18:00:00+00:00,temperature_c,60.13,°C,2026-S1,synthétique,PROC-GEN-SMOTE-V1
EQ-OVEN-203,2026-01-09 00:00:00+00:00,temperature_c,57.59,°C,2026-S1,synthétique,PROC-GEN-SMOTE-V1
EQ-OVEN-203,2026-01-09 06:00:00+00:00,temperature_c,61.59,°C,2026-S1,synthétique,PROC-GEN-SMOTE-V1
EQ-OVEN-203,2026-01-09 12:00:00+00:00,temperature_c,62.98,°C,2026-S1,synthétique,PROC-GEN-SMOTE-V1
EQ-OVEN-203,2026-01-09 18:00:00+00:00,temperature_c,54.9,°C,2026-S1,synthétique,PROC-GEN-SMOTE-V1
EQ-OVEN-203,2026-01-10 00:00:00+00:00,temperature_c,60.03,°C,2026-S1,synthétique,PROC-GEN-SMOTE-V1
EQ-OVEN-203,2026-01-10 06:00:00+00:00,temperature_c,51.29,°C,2026-S1,synthétique,PROC-GEN-SMOTE-V1
EQ-OVEN-203,2026-01-10 12:00:00+00:00,temperature_c,49.61,°C,2026-S1,synthétique,PROC-GEN-SMOTE-V1
EQ-OVEN-203,2026-01-10 18:00:00+00:00,temperature_c,51.19,°C,2026-S1,synthétique,PROC-GEN-SMOTE-V1
EQ-OVEN-203,2026-01-11 00:00:00+00:00,temperature_c,57.16,°C,2026-S1,synthétique,PROC-GEN-SMOTE-V1
EQ-OVEN-203,2026-01-11 06:00:00+00:00,temperature_c,65.15,°C,2026-S1,synthétique,PROC-GEN-SMOTE-V1
EQ-OVEN-203,2026-01-11 12:00:00+00:00,temperature_c,49.79,°C,2026-S1,synthétique,PROC-GEN-SMOTE-V1
EQ-OVEN-203,2026-01-11 18:00:00+00:00,temperature_c,53.17,°C,2026-S1,synthétique,PROC-GEN-SMOTE-V1
EQ-OVEN-203,2026-01-12 00:00:00+00:00,temperature_c,56.81,°C,2026-S1,synthétique,PROC-GEN-SMOTE-V1
EQ-OVEN-203,2026-01-12 06:00:00+00:00,temperature_c,60.04,°C,2026-S1,synthétique,PROC-GEN-SMOTE-V1
EQ-OVEN-203,2026-01-12 12:00:00+00:00,temperature_c,54.44,°C,2026-S1,synthétique,PROC-GEN-SMOTE-V1
EQ-OVEN-203,2026-01-12 18:00:00+00:00,temperature_c,55.15,°C,2026-S1,synthétique,PROC-GEN-SMOTE-V1
EQ-OVEN-203,2026-01-13 00:00:00+00:00,temperature_c,60.95,°C,2026-S1,synthétique,PROC-GEN-SMOTE-V1
EQ-OVEN-203,2026-01-13 06:00:00+00:00,temperature_c,62.84,°C,2026-S1,synthétique,PROC-GEN-SMOTE-V1
EQ-OVEN-203,2026-01-13 12:00:00+00:00,temperature_c,63.3,°C,2026-S1,synthétique,PROC-GEN-SMOTE-V1
EQ-OVEN-203,2026-01-13 18:00:00+00:00,temperature_c,57.98,°C,2026-S1,synthétique,PROC-GEN-SMOTE-V1
EQ-OVEN-203,2026-01-14 00:00:00+00:00,temperature_c,63.24,°C,2026-S1,synthétique,PROC-GEN-SMOTE-V1
EQ-OVEN-203,2026-01-14 06:00:00+00:00,temperature_c,63.21,°C,2026-S1,synthétique,PROC-GEN-SMOTE-V1
EQ-OVEN-203,2026-01-14 12:00:00+00:00,temperature_c,54.3,°C,2026-S1,synthétique,PROC-GEN-SMOTE-V1
EQ-OVEN-203,2026-01-14 18:00:00+00:00,temperature_c,51.85,°C,2026-S1,synthétique,PROC-GEN-SMOTE-V1
EQ-OVEN-203,2026-01-15 00:00:00+00:00,temperature_c,60.25,°C,2026-S1,synthétique,PROC-GEN-SMOTE-V1
EQ-OVEN-203,2026-01-15 06:00:00+00:00,temperature_c,62.15,°C,2026-S1,synthétique,PROC-GEN-SMOTE-V1
EQ-OVEN-203,2026-01-15 12:00:00+00:00,temperature_c,55.96,°C,2026-S1,synthétique,PROC-GEN-SMOTE-V1
EQ-OVEN-203,2026-01-15 18:00:00+00:00,temperature_c,57.59,°C,2026-S1,synthétique,PROC-GEN-SMOTE-V1
EQ-OVEN-203,2026-01-16 00:00:00+00:00,temperature_c,60.19,°C,2026-S1,synthétique,PROC-GEN-SMOTE-V1
EQ-OVEN-203,2026-01-16 06:00:00+00:00,temperature_c,60.77,°C,2026-S1,synthétique,PROC-GEN-SMOTE-V1
EQ-OVEN-203,2026-01-16 12:00:00+00:00,temperature_c,59.72,°C,2026-S1,synthétique,PROC-GEN-SMOTE-V1
EQ-OVEN-203,2026-01-16 18:00:00+00:00,temperature_c,58.21,°C,2026-S1,synthétique,PROC-GEN-SMOTE-V1
EQ-OVEN-203,2026-01-17 00:00:00+00:00,temperature_c,56.43,°C,2026-S1,synthétique,PROC-GEN-SMOTE-V1
EQ-OVEN-203,2026-01-17 06:00:00+00:00,temperature_c,56.39,°C,2026-S1,synthétique,PROC-GEN-SMOTE-V1
EQ-OVEN-203,2026-01-17 12:00:00+00:00,temperature_c,56.73,°C,2026-S1,synthétique,PROC-GEN-SMOTE-V1
EQ-OVEN-203,2026-01-17 18:00:00+00:00,temperature_c,58.74,°C,2026-S1,synthétique,PROC-GEN-SMOTE-V1
EQ-OVEN-203,2026-01-18 00:00:00+00:00,temperature_c,53.89,°C,2026-S1,synthétique,PROC-GEN-SMOTE-V1
EQ-OVEN-203,2026-01-18 06:00:00+00:00,temperature_c,51.57,°C,2026-S1,synthétique,PROC-GEN-SMOTE-V1
EQ-OVEN-203,2026-01-18 12:00:00+00:00,temperature_c,59.22,°C,2026-S1,synthétique,PROC-GEN-SMOTE-V1
EQ-OVEN-203,2026-01-18 18:00:00+00:00,temperature_c,55.79,°C,2026-S1,synthétique,PROC-GEN-SMOTE-V1
EQ-OVEN-203,2026-01-19 00:00:00+00:00,temperature_c,61.34,°C,2026-S1,synthétique,PROC-GEN-SMOTE-V1
EQ-OVEN-203,2026-01-19 06:00:00+00:00,temperature_c,64.26,°C,2026-S1,synthétique,PROC-GEN-SMOTE-V1
EQ-OVEN-203,2026-01-19 12:00:00+00:00,temperature_c,52.62,°C,2026-S1,synthétique,PROC-GEN-SMOTE-V1
EQ-OVEN-203,2026-01-19 18:00:00+00:00,temperature_c,52.28,°C,2026-S1,synthétique,PROC-GEN-SMOTE-V1
EQ-OVEN-203,2026-01-20 00:00:00+00:00,temperature_c,61.73,°C,2026-S1,synthétique,PROC-GEN-SMOTE-V1
EQ-OVEN-203,2026-01-20 06:00:00+00:00,temperature_c,53.66,°C,2026-S1,synthétique,PROC-GEN-SMOTE-V1
EQ-OVEN-203,2026-01-20 12:00:00+00:00,temperature_c,55.48,°C,2026-S1,synthétique,PROC-GEN-SMOTE-V1
EQ-OVEN-203,2026-01-20 18:00:00+00:00,temperature_c,59.18,°C,2026-S1,synthétique,PROC-GEN-SMOTE-V1
EQ-OVEN-203,2026-01-21 00:00:00+00:00,temperature_c,57.35,°C,2026-S1,synthétique,PROC-GEN-SMOTE-V1
EQ-OVEN-203,2026-01-21 06:00:00+00:00,temperature_c,62.39,°C,2026-S1,synthétique,PROC-GEN-SMOTE-V1
EQ-OVEN-203,2026-01-21 12:00:00+00:00,temperature_c,62.82,°C,2026-S1,synthétique,PROC-GEN-SMOTE-V1
EQ-OVEN-203,2026-01-21 18:00:00+00:00,temperature_c,50.43,°C,2026-S1,synthétique,PROC-GEN-SMOTE-V1
EQ-OVEN-203,2026-01-22 00:00:00+00:00,temperature_c,57.22,°C,2026-S1,synthétique,PROC-GEN-SMOTE-V1
EQ-OVEN-203,2026-01-22 06:00:00+00:00,temperature_c,59.0,°C,2026-S1,synthétique,PROC-GEN-SMOTE-V1
EQ-OVEN-203,2026-01-22 12:00:00+00:00,temperature_c,54.78,°C,2026-S1,synthétique,PROC-GEN-SMOTE-V1
EQ-OVEN-203,2026-01-22 18:00:00+00:00,temperature_c,58.35,°C,2026-S1,synthétique,PROC-GEN-SMOTE-V1
EQ-OVEN-203,2026-01-23 00:00:00+00:00,temperature_c,59.03,°C,2026-S1,synthétique,PROC-GEN-SMOTE-V1
EQ-OVEN-203,2026-01-23 06:00:00+00:00,temperature_c,63.55,°C,2026-S1,synthétique,PROC-GEN-SMOTE-V1
EQ-OVEN-203,2026-01-23 12:00:00+00:00,temperature_c,55.96,°C,2026-S1,synthétique,PROC-GEN-SMOTE-V1
EQ-OVEN-203,2026-01-23 18:00:00+00:00,temperature_c,57.91,°C,2026-S1,synthétique,PROC-GEN-SMOTE-V1
EQ-OVEN-203,2026-01-24 00:00:00+00:00,temperature_c,54.14,°C,2026-S1,synthétique,PROC-GEN-SMOTE-V1
EQ-OVEN-203,2026-01-24 06:00:00+00:00,temperature_c,59.49,°C,2026-S1,synthétique,PROC-GEN-SMOTE-V1
EQ-OVEN-203,2026-01-24 12:00:00+00:00,temperature_c,61.03,°C,2026-S1,synthétique,PROC-GEN-SMOTE-V1
EQ-OVEN-203,2026-01-24 18:00:00+00:00,temperature_c,53.24,°C,2026-S1,synthétique,PROC-GEN-SMOTE-V1
EQ-OVEN-203,2026-01-25 00:00:00+00:00,temperature_c,55.74,°C,2026-S1,synthétique,PROC-GEN-SMOTE-V1
EQ-OVEN-203,2026-01-25 06:00:00+00:00,temperature_c,53.27,°C,2026-S1,synthétique,PROC-GEN-SMOTE-V1
EQ-OVEN-203,2026-01-25 12:00:00+00:00,temperature_c,53.37,°C,2026-S1,synthétique,PROC-GEN-SMOTE-V1
EQ-OVEN-203,2026-01-25 18:00:00+00:00,temperature_c,54.25,°C,2026-S1,synthétique,PROC-GEN-SMOTE-V1
EQ-OVEN-203,2026-01-26 00:00:00+00:00,temperature_c,59.18,°C,2026-S1,synthétique,PROC-GEN-SMOTE-V1
EQ-OVEN-203,2026-01-26 06:00:00+00:00,temperature_c,65.0,°C,2026-S1,synthétique,PROC-GEN-SMOTE-V1
EQ-OVEN-203,2026-01-26 12:00:00+00:00,temperature_c,55.53,°C,2026-S1,synthétique,PROC-GEN-SMOTE-V1
EQ-OVEN-203,2026-01-26 18:00:00+00:00,temperature_c,60.33,°C,2026-S1,synthétique,PROC-GEN-SMOTE-V1
EQ-OVEN-203,2026-01-27 00:00:00+00:00,temperature_c,62.89,°C,2026-S1,synthétique,PROC-GEN-SMOTE-V1
EQ-OVEN-203,2026-01-27 06:00:00+00:00,temperature_c,51.33,°C,2026-S1,synthétique,PROC-GEN-SMOTE-V1
EQ-OVEN-203,2026-01-27 12:00:00+00:00,temperature_c,55.28,°C,2026-S1,synthétique,PROC-GEN-SMOTE-V1
EQ-OVEN-203,2026-01-27 18:00:00+00:00,temperature_c,53.18,°C,2026-S1,synthétique,PROC-GEN-SMOTE-V1
EQ-OVEN-203,2026-01-28 00:00:00+00:00,temperature_c,59.65,°C,2026-S1,synthétique,PROC-GEN-SMOTE-V1
EQ-OVEN-203,2026-01-28 06:00:00+00:00,temperature_c,53.47,°C,2026-S1,synthétique,PROC-GEN-SMOTE-V1
EQ-OVEN-203,2026-01-28 12:00:00+00:00,temperature_c,54.95,°C,2026-S1,synthétique,PROC-GEN-SMOTE-V1
EQ-OVEN-203,2026-01-28 18:00:00+00:00,temperature_c,51.83,°C,2026-S1,synthétique,PROC-GEN-SMOTE-V1
EQ-OVEN-203,2026-01-29 00:00:00+00:00,temperature_c,63.18,°C,2026-S1,synthétique,PROC-GEN-SMOTE-V1
EQ-OVEN-203,2026-01-29 06:00:00+00:00,temperature_c,61.54,°C,2026-S1,synthétique,PROC-GEN-SMOTE-V1
EQ-OVEN-203,2026-01-29 12:00:00+00:00,temperature_c,52.56,°C,2026-S1,synthétique,PROC-GEN-SMOTE-V1
EQ-OVEN-203,2026-01-29 18:00:00+00:00,temperature_c,59.52,°C,2026-S1,synthétique,PROC-GEN-SMOTE-V1
EQ-OVEN-203,2026-01-30 00:00:00+00:00,temperature_c,62.04,°C,2026-S1,synthétique,PROC-GEN-SMOTE-V1
EQ-OVEN-203,2026-01-30 06:00:00+00:00,temperature_c,64.73,°C,2026-S1,synthétique,PROC-GEN-SMOTE-V1
EQ-OVEN-203,2026-01-30 12:00:00+00:00,temperature_c,60.79,°C,2026-S1,synthétique,PROC-GEN-SMOTE-V1
EQ-OVEN-203,2026-01-30 18:00:00+00:00,temperature_c,60.39,°C,2026-S1,synthétique,PROC-GEN-SMOTE-V1
EQ-OVEN-203,2026-01-31 00:00:00+00:00,temperature_c,53.72,°C,2026-S1,synthétique,PROC-GEN-SMOTE-V1
EQ-OVEN-203,2026-01-31 06:00:00+00:00,temperature_c,62.71,°C,2026-S1,synthétique,PROC-GEN-SMOTE-V1
EQ-OVEN-203,2026-01-31 12:00:00+00:00,temperature_c,45.07,°C,2026-S1,synthétique,PROC-GEN-SMOTE-V1
EQ-OVEN-203,2026-01-31 18:00:00+00:00,temperature_c,56.29,°C,2026-S1,synthétique,PROC-GEN-SMOTE-V1
EQ-PUMP-002,2026-01-02 00:00:00+00:00,temperature_c,64.59,°C,2026-S1,synthétique,PROC-GEN-SMOTE-V1
EQ-PUMP-002,2026-01-02 06:00:00+00:00,temperature_c,60.5,°C,2026-S1,synthétique,PROC-GEN-SMOTE-V1
EQ-PUMP-002,2026-01-02 12:00:00+00:00,temperature_c,56.19,°C,2026-S1,synthétique,PROC-GEN-SMOTE-V1
EQ-PUMP-002,2026-01-02 18:00:00+00:00,temperature_c,53.89,°C,2026-S1,synthétique,PROC-GEN-SMOTE-V1
EQ-PUMP-002,2026-01-03 00:00:00+00:00,temperature_c,59.42,°C,2026-S1,synthétique,PROC-GEN-SMOTE-V1
EQ-PUMP-002,2026-01-03 06:00:00+00:00,temperature_c,58.17,°C,2026-S1,synthétique,PROC-GEN-SMOTE-V1
EQ-PUMP-002,2026-01-03 12:00:00+00:00,temperature_c,56.05,°C,2026-S1,synthétique,PROC-GEN-SMOTE-V1
EQ-PUMP-002,2026-01-03 18:00:00+00:00,temperature_c,52.41,°C,2026-S1,synthétique,PROC-GEN-SMOTE-V1
EQ-PUMP-002,2026-01-04 00:00:00+00:00,temperature_c,52.38,°C,2026-S1,synthétique,PROC-GEN-SMOTE-V1
EQ-PUMP-002,2026-01-04 06:00:00+00:00,temperature_c,61.49,°C,2026-S1,synthétique,PROC-GEN-SMOTE-V1
EQ-PUMP-002,2026-01-04 12:00:00+00:00,temperature_c,55.6,°C,2026-S1,synthétique,PROC-GEN-SMOTE-V1
EQ-PUMP-002,2026-01-04 18:00:00+00:00,temperature_c,49.59,°C,2026-S1,synthétique,PROC-GEN-SMOTE-V1
EQ-PUMP-002,2026-01-05 00:00:00+00:00,temperature_c,64.67,°C,2026-S1,synthétique,PROC-GEN-SMOTE-V1
EQ-PUMP-002,2026-01-05 06:00:00+00:00,temperature_c,62.52,°C,2026-S1,synthétique,PROC-GEN-SMOTE-V1
EQ-PUMP-002,2026-01-05 12:00:00+00:00,temperature_c,55.9,°C,2026-S1,synthétique,PROC-GEN-SMOTE-V1
EQ-PUMP-002,2026-01-05 18:00:00+00:00,temperature_c,53.71,°C,2026-S1,synthétique,PROC-GEN-SMOTE-V1
EQ-PUMP-002,2026-01-06 00:00:00+00:00,temperature_c,59.39,°C,2026-S1,synthétique,PROC-GEN-SMOTE-V1
EQ-PUMP-002,2026-01-06 06:00:00+00:00,temperature_c,59.36,°C,2026-S1,synthétique,PROC-GEN-SMOTE-V1
EQ-PUMP-002,2026-01-06 12:00:00+00:00,temperature_c,56.86,°C,2026-S1,synthétique,PROC-GEN-SMOTE-V1
EQ-PUMP-002,2026-01-06 18:00:00+00:00,temperature_c,53.69,°C,2026-S1,synthétique,PROC-GEN-SMOTE-V1
EQ-PUMP-002,2026-01-07 00:00:00+00:00,temperature_c,50.97,°C,2026-S1,synthétique,PROC-GEN-SMOTE-V1
EQ-PUMP-002,2026-01-07 06:00:00+00:00,temperature_c,58.31,°C,2026-S1,synthétique,PROC-GEN-SMOTE-V1
EQ-PUMP-002,2026-01-07 12:00:00+00:00,temperature_c,58.44,°C,2026-S1,synthétique,PROC-GEN-SMOTE-V1
EQ-PUMP-002,2026-01-07 18:00:00+00:00,temperature_c,51.55,°C,2026-S1,synthétique,PROC-GEN-SMOTE-V1
EQ-PUMP-002,2026-01-08 00:00:00+00:00,temperature_c,64.04,°C,2026-S1,synthétique,PROC-GEN-SMOTE-V1
EQ-PUMP-002,2026-01-08 06:00:00+00:00,temperature_c,64.27,°C,2026-S1,synthétique,PROC-GEN-SMOTE-V1
EQ-PUMP-002,2026-01-08 12:00:00+00:00,temperature_c,57.99,°C,2026-S1,synthétique,PROC-GEN-SMOTE-V1
EQ-PUMP-002,2026-01-08 18:00:00+00:00,temperature_c,51.8,°C,2026-S1,synthétique,PROC-GEN-SMOTE-V1
EQ-PUMP-002,2026-01-09 00:00:00+00:00,temperature_c,52.53,°C,2026-S1,synthétique,PROC-GEN-SMOTE-V1
EQ-PUMP-002,2026-01-09 06:00:00+00:00,temperature_c,65.03,°C,2026-S1,synthétique,PROC-GEN-SMOTE-V1
EQ-PUMP-002,2026-01-09 12:00:00+00:00,temperature_c,55.43,°C,2026-S1,synthétique,PROC-GEN-SMOTE-V1
EQ-PUMP-002,2026-01-09 18:00:00+00:00,temperature_c,54.95,°C,2026-S1,synthétique,PROC-GEN-SMOTE-V1
EQ-PUMP-002,2026-01-10 00:00:00+00:00,temperature_c,61.02,°C,2026-S1,synthétique,PROC-GEN-SMOTE-V1
EQ-PUMP-002,2026-01-10 06:00:00+00:00,temperature_c,62.03,°C,2026-S1,synthétique,PROC-GEN-SMOTE-V1
EQ-PUMP-002,2026-01-10 12:00:00+00:00,temperature_c,53.85,°C,2026-S1,synthétique,PROC-GEN-SMOTE-V1
EQ-PUMP-002,2026-01-10 18:00:00+00:00,temperature_c,50.55,°C,2026-S1,synthétique,PROC-GEN-SMOTE-V1
EQ-PUMP-002,2026-01-11 00:00:00+00:00,temperature_c,51.04,°C,2026-S1,synthétique,PROC-GEN-SMOTE-V1
EQ-PUMP-002,2026-01-11 06:00:00+00:00,temperature_c,60.79,°C,2026-S1,synthétique,PROC-GEN-SMOTE-V1
EQ-PUMP-002,2026-01-11 12:00:00+00:00,temperature_c,58.12,°C,2026-S1,synthétique,PROC-GEN-SMOTE-V1
EQ-PUMP-002,2026-01-11 18:00:00+00:00,temperature_c,54.48,°C,2026-S1,synthétique,PROC-GEN-SMOTE-V1
EQ-PUMP-002,2026-01-12 00:00:00+00:00,temperature_c,55.16,°C,2026-S1,synthétique,PROC-GEN-SMOTE-V1
EQ-PUMP-002,2026-01-12 06:00:00+00:00,temperature_c,62.56,°C,2026-S1,synthétique,PROC-GEN-SMOTE-V1
EQ-PUMP-002,2026-01-12 12:00:00+00:00,temperature_c,58.17,°C,2026-S1,synthétique,PROC-GEN-SMOTE-V1
EQ-PUMP-002,2026-01-12 18:00:00+00:00,temperature_c,55.33,°C,2026-S1,synthétique,PROC-GEN-SMOTE-V1
EQ-PUMP-002,2026-01-13 00:00:00+00:00,temperature_c,65.49,°C,2026-S1,synthétique,PROC-GEN-SMOTE-V1
EQ-PUMP-002,2026-01-13 06:00:00+00:00,temperature_c,62.38,°C,2026-S1,synthétique,PROC-GEN-SMOTE-V1
EQ-PUMP-002,2026-01-13 12:00:00+00:00,temperature_c,57.03,°C,2026-S1,synthétique,PROC-GEN-SMOTE-V1
EQ-PUMP-002,2026-01-13 18:00:00+00:00,temperature_c,54.99,°C,2026-S1,synthétique,PROC-GEN-SMOTE-V1
EQ-PUMP-002,2026-01-14 00:00:00+00:00,temperature_c,61.67,°C,2026-S1,synthétique,PROC-GEN-SMOTE-V1
EQ-PUMP-002,2026-01-14 06:00:00+00:00,temperature_c,63.28,°C,2026-S1,synthétique,PROC-GEN-SMOTE-V1
EQ-PUMP-002,2026-01-14 12:00:00+00:00,temperature_c,57.52,°C,2026-S1,synthétique,PROC-GEN-SMOTE-V1
EQ-PUMP-002,2026-01-14 18:00:00+00:00,temperature_c,54.41,°C,2026-S1,synthétique,PROC-GEN-SMOTE-V1
EQ-PUMP-002,2026-01-15 00:00:00+00:00,temperature_c,61.91,°C,2026-S1,synthétique,PROC-GEN-SMOTE-V1
EQ-PUMP-002,2026-01-15 06:00:00+00:00,temperature_c,64.7,°C,2026-S1,synthétique,PROC-GEN-SMOTE-V1
EQ-PUMP-002,2026-01-15 12:00:00+00:00,temperature_c,57.07,°C,2026-S1,synthétique,PROC-GEN-SMOTE-V1
EQ-PUMP-002,2026-01-15 18:00:00+00:00,temperature_c,60.0,°C,2026-S1,synthétique,PROC-GEN-SMOTE-V1
EQ-PUMP-002,2026-01-16 00:00:00+00:00,temperature_c,64.2,°C,2026-S1,synthétique,PROC-GEN-SMOTE-V1
EQ-PUMP-002,2026-01-16 06:00:00+00:00,temperature_c,63.72,°C,2026-S1,synthétique,PROC-GEN-SMOTE-V1
EQ-PUMP-002,2026-01-16 12:00:00+00:00,temperature_c,60.16,°C,2026-S1,synthétique,PROC-GEN-SMOTE-V1
EQ-PUMP-002,2026-01-16 18:00:00+00:00,temperature_c,62.43,°C,2026-S1,synthétique,PROC-GEN-SMOTE-V1
EQ-PUMP-002,2026-01-17 00:00:00+00:00,temperature_c,70.35,°C,2026-S1,synthétique,PROC-GEN-SMOTE-V1
EQ-PUMP-002,2026-01-17 06:00:00+00:00,temperature_c,66.81,°C,2026-S1,synthétique,PROC-GEN-SMOTE-V1
EQ-PUMP-002,2026-01-17 12:00:00+00:00,temperature_c,58.77,°C,2026-S1,synthétique,PROC-GEN-SMOTE-V1
EQ-PUMP-002,2026-01-17 18:00:00+00:00,temperature_c,55.91,°C,2026-S1,synthétique,PROC-GEN-SMOTE-V1
EQ-PUMP-002,2026-01-18 00:00:00+00:00,temperature_c,61.01,°C,2026-S1,synthétique,PROC-GEN-SMOTE-V1
EQ-PUMP-002,2026-01-18 06:00:00+00:00,temperature_c,61.66,°C,2026-S1,synthétique,PROC-GEN-SMOTE-V1
EQ-PUMP-002,2026-01-18 12:00:00+00:00,temperature_c,57.94,°C,2026-S1,synthétique,PROC-GEN-SMOTE-V1
EQ-PUMP-002,2026-01-18 18:00:00+00:00,temperature_c,50.36,°C,2026-S1,synthétique,PROC-GEN-SMOTE-V1
EQ-PUMP-002,2026-01-19 00:00:00+00:00,temperature_c,60.75,°C,2026-S1,synthétique,PROC-GEN-SMOTE-V1
EQ-PUMP-002,2026-01-19 06:00:00+00:00,temperature_c,61.19,°C,2026-S1,synthétique,PROC-GEN-SMOTE-V1
EQ-PUMP-002,2026-01-19 12:00:00+00:00,temperature_c,58.91,°C,2026-S1,synthétique,PROC-GEN-SMOTE-V1
EQ-PUMP-002,2026-01-19 18:00:00+00:00,temperature_c,54.58,°C,2026-S1,synthétique,PROC-GEN-SMOTE-V1
EQ-PUMP-002,2026-01-20 00:00:00+00:00,temperature_c,53.28,°C,2026-S1,synthétique,PROC-GEN-SMOTE-V1
EQ-PUMP-002,2026-01-20 06:00:00+00:00,temperature_c,60.31,°C,2026-S1,synthétique,PROC-GEN-SMOTE-V1
EQ-PUMP-002,2026-01-20 12:00:00+00:00,temperature_c,60.24,°C,2026-S1,synthétique,PROC-GEN-SMOTE-V1
EQ-PUMP-002,2026-01-20 18:00:00+00:00,temperature_c,53.78,°C,2026-S1,synthétique,PROC-GEN-SMOTE-V1
EQ-PUMP-002,2026-01-21 00:00:00+00:00,temperature_c,61.98,°C,2026-S1,synthétique,PROC-GEN-SMOTE-V1
EQ-PUMP-002,2026-01-21 06:00:00+00:00,temperature_c,62.23,°C,2026-S1,synthétique,PROC-GEN-SMOTE-V1
EQ-PUMP-002,2026-01-21 12:00:00+00:00,temperature_c,54.44,°C,2026-S1,synthétique,PROC-GEN-SMOTE-V1
EQ-PUMP-002,2026-01-21 18:00:00+00:00,temperature_c,53.42,°C,2026-S1,synthétique,PROC-GEN-SMOTE-V1
EQ-PUMP-002,2026-01-22 00:00:00+00:00,temperature_c,56.02,°C,2026-S1,synthétique,PROC-GEN-SMOTE-V1
EQ-PUMP-002,2026-01-22 06:00:00+00:00,temperature_c,63.52,°C,2026-S1,synthétique,PROC-GEN-SMOTE-V1
EQ-PUMP-002,2026-01-22 12:00:00+00:00,temperature_c,56.43,°C,2026-S1,synthétique,PROC-GEN-SMOTE-V1
EQ-PUMP-002,2026-01-22 18:00:00+00:00,temperature_c,50.57,°C,2026-S1,synthétique,PROC-GEN-SMOTE-V1
EQ-PUMP-002,2026-01-23 00:00:00+00:00,temperature_c,64.98,°C,2026-S1,synthétique,PROC-GEN-SMOTE-V1
EQ-PUMP-002,2026-01-23 06:00:00+00:00,temperature_c,60.47,°C,2026-S1,synthétique,PROC-GEN-SMOTE-V1
EQ-PUMP-002,2026-01-23 12:00:00+00:00,temperature_c,56.29,°C,2026-S1,synthétique,PROC-GEN-SMOTE-V1
EQ-PUMP-002,2026-01-23 18:00:00+00:00,temperature_c,52.44,°C,2026-S1,synthétique,PROC-GEN-SMOTE-V1
EQ-PUMP-002,2026-01-24 00:00:00+00:00,temperature_c,61.69,°C,2026-S1,synthétique,PROC-GEN-SMOTE-V1
EQ-PUMP-002,2026-01-24 06:00:00+00:00,temperature_c,62.19,°C,2026-S1,synthétique,PROC-GEN-SMOTE-V1
EQ-PUMP-002,2026-01-24 12:00:00+00:00,temperature_c,55.34,°C,2026-S1,synthétique,PROC-GEN-SMOTE-V1
EQ-PUMP-002,2026-01-24 18:00:00+00:00,temperature_c,55.81,°C,2026-S1,synthétique,PROC-GEN-SMOTE-V1
EQ-PUMP-002,2026-01-25 00:00:00+00:00,temperature_c,53.74,°C,2026-S1,synthétique,PROC-GEN-SMOTE-V1
EQ-PUMP-002,2026-01-25 06:00:00+00:00,temperature_c,61.7,°C,2026-S1,synthétique,PROC-GEN-SMOTE-V1
EQ-PUMP-002,2026-01-25 12:00:00+00:00,temperature_c,55.12,°C,2026-S1,synthétique,PROC-GEN-SMOTE-V1
EQ-PUMP-002,2026-01-25 18:00:00+00:00,temperature_c,53.42,°C,2026-S1,synthétique,PROC-GEN-SMOTE-V1
EQ-PUMP-002,2026-01-26 00:00:00+00:00,temperature_c,61.14,°C,2026-S1,synthétique,PROC-GEN-SMOTE-V1
EQ-PUMP-002,2026-01-26 06:00:00+00:00,temperature_c,61.87,°C,2026-S1,synthétique,PROC-GEN-SMOTE-V1
EQ-PUMP-002,2026-01-26 12:00:00+00:00,temperature_c,58.69,°C,2026-S1,synthétique,PROC-GEN-SMOTE-V1
EQ-PUMP-002,2026-01-26 18:00:00+00:00,temperature_c,59.65,°C,2026-S1,synthétique,PROC-GEN-SMOTE-V1
EQ-PUMP-002,2026-01-27 00:00:00+00:00,temperature_c,58.81,°C,2026-S1,synthétique,PROC-GEN-SMOTE-V1
EQ-PUMP-002,2026-01-27 06:00:00+00:00,temperature_c,59.4,°C,2026-S1,synthétique,PROC-GEN-SMOTE-V1
EQ-PUMP-002,2026-01-27 12:00:00+00:00,temperature_c,58.68,°C,2026-S1,synthétique,PROC-GEN-SMOTE-V1
EQ-PUMP-002,2026-01-27 18:00:00+00:00,temperature_c,52.3,°C,2026-S1,synthétique,PROC-GEN-SMOTE-V1
EQ-PUMP-002,2026-01-28 00:00:00+00:00,temperature_c,58.91,°C,2026-S1,synthétique,PROC-GEN-SMOTE-V1
EQ-PUMP-002,2026-01-28 06:00:00+00:00,temperature_c,60.75,°C,2026-S1,synthétique,PROC-GEN-SMOTE-V1
EQ-PUMP-002,2026-01-28 12:00:00+00:00,temperature_c,57.97,°C,2026-S1,synthétique,PROC-GEN-SMOTE-V1
EQ-PUMP-002,2026-01-28 18:00:00+00:00,temperature_c,56.82,°C,2026-S1,synthétique,PROC-GEN-SMOTE-V1
EQ-PUMP-002,2026-01-29 00:00:00+00:00,temperature_c,66.19,°C,2026-S1,synthétique,PROC-GEN-SMOTE-V1
EQ-PUMP-002,2026-01-29 06:00:00+00:00,temperature_c,61.93,°C,2026-S1,synthétique,PROC-GEN-SMOTE-V1
EQ-PUMP-002,2026-01-29 12:00:00+00:00,temperature_c,59.38,°C,2026-S1,synthétique,PROC-GEN-SMOTE-V1
EQ-PUMP-002,2026-01-29 18:00:00+00:00,temperature_c,53.85,°C,2026-S1,synthétique,PROC-GEN-SMOTE-V1
EQ-PUMP-002,2026-01-30 00:00:00+00:00,temperature_c,61.79,°C,2026-S1,synthétique,PROC-GEN-SMOTE-V1
EQ-PUMP-002,2026-01-30 06:00:00+00:00,temperature_c,58.47,°C,2026-S1,synthétique,PROC-GEN-SMOTE-V1
EQ-PUMP-002,2026-01-30 12:00:00+00:00,temperature_c,59.52,°C,2026-S1,synthétique,PROC-GEN-SMOTE-V1
EQ-PUMP-002,2026-01-30 18:00:00+00:00,temperature_c,53.97,°C,2026-S1,synthétique,PROC-GEN-SMOTE-V1
EQ-PUMP-002,2026-01-31 00:00:00+00:00,temperature_c,58.18,°C,2026-S1,synthétique,PROC-GEN-SMOTE-V1
EQ-PUMP-002,2026-01-31 06:00:00+00:00,temperature_c,61.12,°C,2026-S1,synthétique,PROC-GEN-SMOTE-V1
EQ-PUMP-002,2026-01-31 12:00:00+00:00,temperature_c,57.53,°C,2026-S1,synthétique,PROC-GEN-SMOTE-V1
EQ-PUMP-002,2026-01-31 18:00:00+00:00,temperature_c,53.08,°C,2026-S1,synthétique,PROC-GEN-SMOTE-V1
EQ-PUMP-230,2026-01-02 00:00:00+00:00,temperature_c,56.45,°C,2026-S1,synthétique,PROC-GEN-SMOTE-V1
EQ-PUMP-230,2026-01-02 06:00:00+00:00,temperature_c,64.93,°C,2026-S1,synthétique,PROC-GEN-SMOTE-V1
EQ-PUMP-230,2026-01-02 12:00:00+00:00,temperature_c,60.86,°C,2026-S1,synthétique,PROC-GEN-SMOTE-V1
EQ-PUMP-230,2026-01-02 18:00:00+00:00,temperature_c,57.06,°C,2026-S1,synthétique,PROC-GEN-SMOTE-V1
EQ-PUMP-230,2026-01-03 00:00:00+00:00,temperature_c,54.41,°C,2026-S1,synthétique,PROC-GEN-SMOTE-V1
EQ-PUMP-230,2026-01-03 06:00:00+00:00,temperature_c,58.98,°C,2026-S1,synthétique,PROC-GEN-SMOTE-V1
EQ-PUMP-230,2026-01-03 12:00:00+00:00,temperature_c,58.99,°C,2026-S1,synthétique,PROC-GEN-SMOTE-V1
EQ-PUMP-230,2026-01-03 18:00:00+00:00,temperature_c,51.43,°C,2026-S1,synthétique,PROC-GEN-SMOTE-V1
EQ-PUMP-230,2026-01-04 00:00:00+00:00,temperature_c,57.49,°C,2026-S1,synthétique,PROC-GEN-SMOTE-V1
EQ-PUMP-230,2026-01-04 06:00:00+00:00,temperature_c,58.74,°C,2026-S1,synthétique,PROC-GEN-SMOTE-V1
EQ-PUMP-230,2026-01-04 12:00:00+00:00,temperature_c,55.4,°C,2026-S1,synthétique,PROC-GEN-SMOTE-V1
EQ-PUMP-230,2026-01-04 18:00:00+00:00,temperature_c,49.78,°C,2026-S1,synthétique,PROC-GEN-SMOTE-V1
EQ-PUMP-230,2026-01-05 00:00:00+00:00,temperature_c,59.74,°C,2026-S1,synthétique,PROC-GEN-SMOTE-V1
EQ-PUMP-230,2026-01-05 06:00:00+00:00,temperature_c,63.43,°C,2026-S1,synthétique,PROC-GEN-SMOTE-V1
EQ-PUMP-230,2026-01-05 12:00:00+00:00,temperature_c,60.1,°C,2026-S1,synthétique,PROC-GEN-SMOTE-V1
EQ-PUMP-230,2026-01-05 18:00:00+00:00,temperature_c,53.7,°C,2026-S1,synthétique,PROC-GEN-SMOTE-V1
EQ-PUMP-230,2026-01-06 00:00:00+00:00,temperature_c,60.34,°C,2026-S1,synthétique,PROC-GEN-SMOTE-V1
EQ-PUMP-230,2026-01-06 06:00:00+00:00,temperature_c,60.29,°C,2026-S1,synthétique,PROC-GEN-SMOTE-V1
EQ-PUMP-230,2026-01-06 12:00:00+00:00,temperature_c,59.89,°C,2026-S1,synthétique,PROC-GEN-SMOTE-V1
EQ-PUMP-230,2026-01-06 18:00:00+00:00,temperature_c,55.51,°C,2026-S1,synthétique,PROC-GEN-SMOTE-V1
EQ-PUMP-230,2026-01-07 00:00:00+00:00,temperature_c,55.7,°C,2026-S1,synthétique,PROC-GEN-SMOTE-V1
EQ-PUMP-230,2026-01-07 06:00:00+00:00,temperature_c,60.63,°C,2026-S1,synthétique,PROC-GEN-SMOTE-V1
EQ-PUMP-230,2026-01-07 12:00:00+00:00,temperature_c,56.8,°C,2026-S1,synthétique,PROC-GEN-SMOTE-V1
EQ-PUMP-230,2026-01-07 18:00:00+00:00,temperature_c,55.18,°C,2026-S1,synthétique,PROC-GEN-SMOTE-V1
EQ-PUMP-230,2026-01-08 00:00:00+00:00,temperature_c,58.28,°C,2026-S1,synthétique,PROC-GEN-SMOTE-V1
EQ-PUMP-230,2026-01-08 06:00:00+00:00,temperature_c,62.18,°C,2026-S1,synthétique,PROC-GEN-SMOTE-V1
EQ-PUMP-230,2026-01-08 12:00:00+00:00,temperature_c,56.27,°C,2026-S1,synthétique,PROC-GEN-SMOTE-V1
EQ-PUMP-230,2026-01-08 18:00:00+00:00,temperature_c,51.95,°C,2026-S1,synthétique,PROC-GEN-SMOTE-V1
EQ-PUMP-230,2026-01-09 00:00:00+00:00,temperature_c,54.99,°C,2026-S1,synthétique,PROC-GEN-SMOTE-V1
EQ-PUMP-230,2026-01-09 06:00:00+00:00,temperature_c,65.36,°C,2026-S1,synthétique,PROC-GEN-SMOTE-V1
EQ-PUMP-230,2026-01-09 12:00:00+00:00,temperature_c,56.6,°C,2026-S1,synthétique,PROC-GEN-SMOTE-V1
EQ-PUMP-230,2026-01-09 18:00:00+00:00,temperature_c,57.34,°C,2026-S1,synthétique,PROC-GEN-SMOTE-V1
EQ-PUMP-230,2026-01-10 00:00:00+00:00,temperature_c,57.41,°C,2026-S1,synthétique,PROC-GEN-SMOTE-V1
EQ-PUMP-230,2026-01-10 06:00:00+00:00,temperature_c,59.0,°C,2026-S1,synthétique,PROC-GEN-SMOTE-V1
EQ-PUMP-230,2026-01-10 12:00:00+00:00,temperature_c,59.03,°C,2026-S1,synthétique,PROC-GEN-SMOTE-V1
EQ-PUMP-230,2026-01-10 18:00:00+00:00,temperature_c,49.22,°C,2026-S1,synthétique,PROC-GEN-SMOTE-V1
EQ-PUMP-230,2026-01-11 00:00:00+00:00,temperature_c,52.93,°C,2026-S1,synthétique,PROC-GEN-SMOTE-V1
EQ-PUMP-230,2026-01-11 06:00:00+00:00,temperature_c,57.93,°C,2026-S1,synthétique,PROC-GEN-SMOTE-V1
EQ-PUMP-230,2026-01-11 12:00:00+00:00,temperature_c,58.69,°C,2026-S1,synthétique,PROC-GEN-SMOTE-V1
EQ-PUMP-230,2026-01-11 18:00:00+00:00,temperature_c,49.89,°C,2026-S1,synthétique,PROC-GEN-SMOTE-V1
EQ-PUMP-230,2026-01-12 00:00:00+00:00,temperature_c,56.77,°C,2026-S1,synthétique,PROC-GEN-SMOTE-V1
EQ-PUMP-230,2026-01-12 06:00:00+00:00,temperature_c,64.79,°C,2026-S1,synthétique,PROC-GEN-SMOTE-V1
EQ-PUMP-230,2026-01-12 12:00:00+00:00,temperature_c,60.07,°C,2026-S1,synthétique,PROC-GEN-SMOTE-V1
EQ-PUMP-230,2026-01-12 18:00:00+00:00,temperature_c,54.32,°C,2026-S1,synthétique,PROC-GEN-SMOTE-V1
EQ-PUMP-230,2026-01-13 00:00:00+00:00,temperature_c,55.61,°C,2026-S1,synthétique,PROC-GEN-SMOTE-V1
EQ-PUMP-230,2026-01-13 06:00:00+00:00,temperature_c,60.68,°C,2026-S1,synthétique,PROC-GEN-SMOTE-V1
EQ-PUMP-230,2026-01-13 12:00:00+00:00,temperature_c,58.32,°C,2026-S1,synthétique,PROC-GEN-SMOTE-V1
EQ-PUMP-230,2026-01-13 18:00:00+00:00,temperature_c,53.14,°C,2026-S1,synthétique,PROC-GEN-SMOTE-V1
EQ-PUMP-230,2026-01-14 00:00:00+00:00,temperature_c,54.36,°C,2026-S1,synthétique,PROC-GEN-SMOTE-V1
EQ-PUMP-230,2026-01-14 06:00:00+00:00,temperature_c,60.91,°C,2026-S1,synthétique,PROC-GEN-SMOTE-V1
EQ-PUMP-230,2026-01-14 12:00:00+00:00,temperature_c,56.9,°C,2026-S1,synthétique,PROC-GEN-SMOTE-V1
EQ-PUMP-230,2026-01-14 18:00:00+00:00,temperature_c,58.77,°C,2026-S1,synthétique,PROC-GEN-SMOTE-V1
EQ-PUMP-230,2026-01-15 00:00:00+00:00,temperature_c,58.73,°C,2026-S1,synthétique,PROC-GEN-SMOTE-V1
EQ-PUMP-230,2026-01-15 06:00:00+00:00,temperature_c,61.99,°C,2026-S1,synthétique,PROC-GEN-SMOTE-V1
EQ-PUMP-230,2026-01-15 12:00:00+00:00,temperature_c,57.54,°C,2026-S1,synthétique,PROC-GEN-SMOTE-V1
EQ-PUMP-230,2026-01-15 18:00:00+00:00,temperature_c,51.12,°C,2026-S1,synthétique,PROC-GEN-SMOTE-V1
EQ-PUMP-230,2026-01-16 00:00:00+00:00,temperature_c,58.8,°C,2026-S1,synthétique,PROC-GEN-SMOTE-V1
EQ-PUMP-230,2026-01-16 06:00:00+00:00,temperature_c,63.71,°C,2026-S1,synthétique,PROC-GEN-SMOTE-V1
EQ-PUMP-230,2026-01-16 12:00:00+00:00,temperature_c,57.43,°C,2026-S1,synthétique,PROC-GEN-SMOTE-V1
EQ-PUMP-230,2026-01-16 18:00:00+00:00,temperature_c,52.9,°C,2026-S1,synthétique,PROC-GEN-SMOTE-V1
EQ-PUMP-230,2026-01-17 00:00:00+00:00,temperature_c,56.63,°C,2026-S1,synthétique,PROC-GEN-SMOTE-V1
EQ-PUMP-230,2026-01-17 06:00:00+00:00,temperature_c,60.23,°C,2026-S1,synthétique,PROC-GEN-SMOTE-V1
EQ-PUMP-230,2026-01-17 12:00:00+00:00,temperature_c,57.39,°C,2026-S1,synthétique,PROC-GEN-SMOTE-V1
EQ-PUMP-230,2026-01-17 18:00:00+00:00,temperature_c,54.39,°C,2026-S1,synthétique,PROC-GEN-SMOTE-V1
EQ-PUMP-230,2026-01-18 00:00:00+00:00,temperature_c,55.58,°C,2026-S1,synthétique,PROC-GEN-SMOTE-V1
EQ-PUMP-230,2026-01-18 06:00:00+00:00,temperature_c,61.03,°C,2026-S1,synthétique,PROC-GEN-SMOTE-V1
EQ-PUMP-230,2026-01-18 12:00:00+00:00,temperature_c,57.78,°C,2026-S1,synthétique,PROC-GEN-SMOTE-V1
EQ-PUMP-230,2026-01-18 18:00:00+00:00,temperature_c,51.58,°C,2026-S1,synthétique,PROC-GEN-SMOTE-V1
EQ-PUMP-230,2026-01-19 00:00:00+00:00,temperature_c,53.76,°C,2026-S1,synthétique,PROC-GEN-SMOTE-V1
EQ-PUMP-230,2026-01-19 06:00:00+00:00,temperature_c,58.94,°C,2026-S1,synthétique,PROC-GEN-SMOTE-V1
EQ-PUMP-230,2026-01-19 12:00:00+00:00,temperature_c,59.6,°C,2026-S1,synthétique,PROC-GEN-SMOTE-V1
EQ-PUMP-230,2026-01-19 18:00:00+00:00,temperature_c,53.34,°C,2026-S1,synthétique,PROC-GEN-SMOTE-V1
EQ-PUMP-230,2026-01-20 00:00:00+00:00,temperature_c,58.97,°C,2026-S1,synthétique,PROC-GEN-SMOTE-V1
EQ-PUMP-230,2026-01-20 06:00:00+00:00,temperature_c,60.08,°C,2026-S1,synthétique,PROC-GEN-SMOTE-V1
EQ-PUMP-230,2026-01-20 12:00:00+00:00,temperature_c,56.07,°C,2026-S1,synthétique,PROC-GEN-SMOTE-V1
EQ-PUMP-230,2026-01-20 18:00:00+00:00,temperature_c,53.73,°C,2026-S1,synthétique,PROC-GEN-SMOTE-V1
EQ-PUMP-230,2026-01-21 00:00:00+00:00,temperature_c,58.49,°C,2026-S1,synthétique,PROC-GEN-SMOTE-V1
EQ-PUMP-230,2026-01-21 06:00:00+00:00,temperature_c,61.24,°C,2026-S1,synthétique,PROC-GEN-SMOTE-V1
EQ-PUMP-230,2026-01-21 12:00:00+00:00,temperature_c,58.67,°C,2026-S1,synthétique,PROC-GEN-SMOTE-V1
EQ-PUMP-230,2026-01-21 18:00:00+00:00,temperature_c,53.68,°C,2026-S1,synthétique,PROC-GEN-SMOTE-V1
EQ-PUMP-230,2026-01-22 00:00:00+00:00,temperature_c,57.69,°C,2026-S1,synthétique,PROC-GEN-SMOTE-V1
EQ-PUMP-230,2026-01-22 06:00:00+00:00,temperature_c,60.89,°C,2026-S1,synthétique,PROC-GEN-SMOTE-V1
EQ-PUMP-230,2026-01-22 12:00:00+00:00,temperature_c,56.84,°C,2026-S1,synthétique,PROC-GEN-SMOTE-V1
EQ-PUMP-230,2026-01-22 18:00:00+00:00,temperature_c,52.83,°C,2026-S1,synthétique,PROC-GEN-SMOTE-V1
EQ-PUMP-230,2026-01-23 00:00:00+00:00,temperature_c,56.88,°C,2026-S1,synthétique,PROC-GEN-SMOTE-V1
EQ-PUMP-230,2026-01-23 06:00:00+00:00,temperature_c,63.45,°C,2026-S1,synthétique,PROC-GEN-SMOTE-V1
EQ-PUMP-230,2026-01-23 12:00:00+00:00,temperature_c,58.43,°C,2026-S1,synthétique,PROC-GEN-SMOTE-V1
EQ-PUMP-230,2026-01-23 18:00:00+00:00,temperature_c,48.37,°C,2026-S1,synthétique,PROC-GEN-SMOTE-V1
EQ-PUMP-230,2026-01-24 00:00:00+00:00,temperature_c,53.49,°C,2026-S1,synthétique,PROC-GEN-SMOTE-V1
EQ-PUMP-230,2026-01-24 06:00:00+00:00,temperature_c,60.5,°C,2026-S1,synthétique,PROC-GEN-SMOTE-V1
EQ-PUMP-230,2026-01-24 12:00:00+00:00,temperature_c,58.98,°C,2026-S1,synthétique,PROC-GEN-SMOTE-V1
EQ-PUMP-230,2026-01-24 18:00:00+00:00,temperature_c,52.22,°C,2026-S1,synthétique,PROC-GEN-SMOTE-V1
EQ-PUMP-230,2026-01-25 00:00:00+00:00,temperature_c,53.48,°C,2026-S1,synthétique,PROC-GEN-SMOTE-V1
EQ-PUMP-230,2026-01-25 06:00:00+00:00,temperature_c,61.15,°C,2026-S1,synthétique,PROC-GEN-SMOTE-V1
EQ-PUMP-230,2026-01-25 12:00:00+00:00,temperature_c,54.91,°C,2026-S1,synthétique,PROC-GEN-SMOTE-V1
EQ-PUMP-230,2026-01-25 18:00:00+00:00,temperature_c,52.49,°C,2026-S1,synthétique,PROC-GEN-SMOTE-V1
EQ-PUMP-230,2026-01-26 00:00:00+00:00,temperature_c,60.05,°C,2026-S1,synthétique,PROC-GEN-SMOTE-V1
EQ-PUMP-230,2026-01-26 06:00:00+00:00,temperature_c,63.67,°C,2026-S1,synthétique,PROC-GEN-SMOTE-V1
EQ-PUMP-230,2026-01-26 12:00:00+00:00,temperature_c,59.25,°C,2026-S1,synthétique,PROC-GEN-SMOTE-V1
EQ-PUMP-230,2026-01-26 18:00:00+00:00,temperature_c,50.69,°C,2026-S1,synthétique,PROC-GEN-SMOTE-V1
EQ-PUMP-230,2026-01-27 00:00:00+00:00,temperature_c,57.95,°C,2026-S1,synthétique,PROC-GEN-SMOTE-V1
EQ-PUMP-230,2026-01-27 06:00:00+00:00,temperature_c,59.87,°C,2026-S1,synthétique,PROC-GEN-SMOTE-V1
EQ-PUMP-230,2026-01-27 12:00:00+00:00,temperature_c,55.92,°C,2026-S1,synthétique,PROC-GEN-SMOTE-V1
EQ-PUMP-230,2026-01-27 18:00:00+00:00,temperature_c,53.42,°C,2026-S1,synthétique,PROC-GEN-SMOTE-V1
EQ-PUMP-230,2026-01-28 00:00:00+00:00,temperature_c,62.74,°C,2026-S1,synthétique,PROC-GEN-SMOTE-V1
EQ-PUMP-230,2026-01-28 06:00:00+00:00,temperature_c,62.64,°C,2026-S1,synthétique,PROC-GEN-SMOTE-V1
EQ-PUMP-230,2026-01-28 12:00:00+00:00,temperature_c,59.6,°C,2026-S1,synthétique,PROC-GEN-SMOTE-V1
EQ-PUMP-230,2026-01-28 18:00:00+00:00,temperature_c,55.79,°C,2026-S1,synthétique,PROC-GEN-SMOTE-V1
EQ-PUMP-230,2026-01-29 00:00:00+00:00,temperature_c,58.55,°C,2026-S1,synthétique,PROC-GEN-SMOTE-V1
EQ-PUMP-230,2026-01-29 06:00:00+00:00,temperature_c,58.26,°C,2026-S1,synthétique,PROC-GEN-SMOTE-V1
EQ-PUMP-230,2026-01-29 12:00:00+00:00,temperature_c,55.78,°C,2026-S1,synthétique,PROC-GEN-SMOTE-V1
EQ-PUMP-230,2026-01-29 18:00:00+00:00,temperature_c,55.02,°C,2026-S1,synthétique,PROC-GEN-SMOTE-V1
EQ-PUMP-230,2026-01-30 00:00:00+00:00,temperature_c,54.94,°C,2026-S1,synthétique,PROC-GEN-SMOTE-V1
EQ-PUMP-230,2026-01-30 06:00:00+00:00,temperature_c,58.91,°C,2026-S1,synthétique,PROC-GEN-SMOTE-V1
EQ-PUMP-230,2026-01-30 12:00:00+00:00,temperature_c,59.03,°C,2026-S1,synthétique,PROC-GEN-SMOTE-V1
EQ-PUMP-230,2026-01-30 18:00:00+00:00,temperature_c,55.3,°C,2026-S1,synthétique,PROC-GEN-SMOTE-V1
EQ-PUMP-230,2026-01-31 00:00:00+00:00,temperature_c,57.12,°C,2026-S1,synthétique,PROC-GEN-SMOTE-V1
EQ-PUMP-230,2026-01-31 06:00:00+00:00,temperature_c,58.6,°C,2026-S1,synthétique,PROC-GEN-SMOTE-V1
EQ-PUMP-230,2026-01-31 12:00:00+00:00,temperature_c,52.66,°C,2026-S1,synthétique,PROC-GEN-SMOTE-V1
EQ-PUMP-230,2026-01-31 18:00:00+00:00,temperature_c,51.57,°C,2026-S1,synthétique,PROC-GEN-SMOTE-V1
EQ-ROBOT-173,2026-01-02 00:00:00+00:00,temperature_c,57.95,°C,2026-S1,synthétique,PROC-GEN-SMOTE-V1
EQ-ROBOT-173,2026-01-02 06:00:00+00:00,temperature_c,65.42,°C,2026-S1,synthétique,PROC-GEN-SMOTE-V1
EQ-ROBOT-173,2026-01-02 12:00:00+00:00,temperature_c,56.83,°C,2026-S1,synthétique,PROC-GEN-SMOTE-V1
EQ-ROBOT-173,2026-01-02 18:00:00+00:00,temperature_c,53.91,°C,2026-S1,synthétique,PROC-GEN-SMOTE-V1
EQ-ROBOT-173,2026-01-03 00:00:00+00:00,temperature_c,58.59,°C,2026-S1,synthétique,PROC-GEN-SMOTE-V1
EQ-ROBOT-173,2026-01-03 06:00:00+00:00,temperature_c,60.74,°C,2026-S1,synthétique,PROC-GEN-SMOTE-V1
EQ-ROBOT-173,2026-01-03 12:00:00+00:00,temperature_c,54.09,°C,2026-S1,synthétique,PROC-GEN-SMOTE-V1
EQ-ROBOT-173,2026-01-03 18:00:00+00:00,temperature_c,52.52,°C,2026-S1,synthétique,PROC-GEN-SMOTE-V1
EQ-ROBOT-173,2026-01-04 00:00:00+00:00,temperature_c,55.76,°C,2026-S1,synthétique,PROC-GEN-SMOTE-V1
EQ-ROBOT-173,2026-01-04 06:00:00+00:00,temperature_c,59.36,°C,2026-S1,synthétique,PROC-GEN-SMOTE-V1
EQ-ROBOT-173,2026-01-04 12:00:00+00:00,temperature_c,55.18,°C,2026-S1,synthétique,PROC-GEN-SMOTE-V1
EQ-ROBOT-173,2026-01-04 18:00:00+00:00,temperature_c,54.87,°C,2026-S1,synthétique,PROC-GEN-SMOTE-V1
EQ-ROBOT-173,2026-01-05 00:00:00+00:00,temperature_c,60.22,°C,2026-S1,synthétique,PROC-GEN-SMOTE-V1
EQ-ROBOT-173,2026-01-05 06:00:00+00:00,temperature_c,59.8,°C,2026-S1,synthétique,PROC-GEN-SMOTE-V1
EQ-ROBOT-173,2026-01-05 12:00:00+00:00,temperature_c,53.95,°C,2026-S1,synthétique,PROC-GEN-SMOTE-V1
EQ-ROBOT-173,2026-01-05 18:00:00+00:00,temperature_c,51.82,°C,2026-S1,synthétique,PROC-GEN-SMOTE-V1
EQ-ROBOT-173,2026-01-06 00:00:00+00:00,temperature_c,57.0,°C,2026-S1,synthétique,PROC-GEN-SMOTE-V1
EQ-ROBOT-173,2026-01-06 06:00:00+00:00,temperature_c,62.81,°C,2026-S1,synthétique,PROC-GEN-SMOTE-V1
EQ-ROBOT-173,2026-01-06 12:00:00+00:00,temperature_c,57.44,°C,2026-S1,synthétique,PROC-GEN-SMOTE-V1
EQ-ROBOT-173,2026-01-06 18:00:00+00:00,temperature_c,53.87,°C,2026-S1,synthétique,PROC-GEN-SMOTE-V1
EQ-ROBOT-173,2026-01-07 00:00:00+00:00,temperature_c,58.54,°C,2026-S1,synthétique,PROC-GEN-SMOTE-V1
EQ-ROBOT-173,2026-01-07 06:00:00+00:00,temperature_c,61.84,°C,2026-S1,synthétique,PROC-GEN-SMOTE-V1
EQ-ROBOT-173,2026-01-07 12:00:00+00:00,temperature_c,56.15,°C,2026-S1,synthétique,PROC-GEN-SMOTE-V1
EQ-ROBOT-173,2026-01-07 18:00:00+00:00,temperature_c,54.16,°C,2026-S1,synthétique,PROC-GEN-SMOTE-V1
EQ-ROBOT-173,2026-01-08 00:00:00+00:00,temperature_c,62.19,°C,2026-S1,synthétique,PROC-GEN-SMOTE-V1
EQ-ROBOT-173,2026-01-08 06:00:00+00:00,temperature_c,60.89,°C,2026-S1,synthétique,PROC-GEN-SMOTE-V1
EQ-ROBOT-173,2026-01-08 12:00:00+00:00,temperature_c,56.72,°C,2026-S1,synthétique,PROC-GEN-SMOTE-V1
EQ-ROBOT-173,2026-01-08 18:00:00+00:00,temperature_c,49.02,°C,2026-S1,synthétique,PROC-GEN-SMOTE-V1
EQ-ROBOT-173,2026-01-09 00:00:00+00:00,temperature_c,62.02,°C,2026-S1,synthétique,PROC-GEN-SMOTE-V1
EQ-ROBOT-173,2026-01-09 06:00:00+00:00,temperature_c,63.14,°C,2026-S1,synthétique,PROC-GEN-SMOTE-V1
EQ-ROBOT-173,2026-01-09 12:00:00+00:00,temperature_c,55.53,°C,2026-S1,synthétique,PROC-GEN-SMOTE-V1
EQ-ROBOT-173,2026-01-09 18:00:00+00:00,temperature_c,54.48,°C,2026-S1,synthétique,PROC-GEN-SMOTE-V1
EQ-ROBOT-173,2026-01-10 00:00:00+00:00,temperature_c,54.0,°C,2026-S1,synthétique,PROC-GEN-SMOTE-V1
EQ-ROBOT-173,2026-01-10 06:00:00+00:00,temperature_c,58.87,°C,2026-S1,synthétique,PROC-GEN-SMOTE-V1
EQ-ROBOT-173,2026-01-10 12:00:00+00:00,temperature_c,54.71,°C,2026-S1,synthétique,PROC-GEN-SMOTE-V1
EQ-ROBOT-173,2026-01-10 18:00:00+00:00,temperature_c,50.5,°C,2026-S1,synthétique,PROC-GEN-SMOTE-V1
EQ-ROBOT-173,2026-01-11 00:00:00+00:00,temperature_c,58.16,°C,2026-S1,synthétique,PROC-GEN-SMOTE-V1
EQ-ROBOT-173,2026-01-11 06:00:00+00:00,temperature_c,60.5,°C,2026-S1,synthétique,PROC-GEN-SMOTE-V1
EQ-ROBOT-173,2026-01-11 12:00:00+00:00,temperature_c,55.08,°C,2026-S1,synthétique,PROC-GEN-SMOTE-V1
EQ-ROBOT-173,2026-01-11 18:00:00+00:00,temperature_c,52.18,°C,2026-S1,synthétique,PROC-GEN-SMOTE-V1
EQ-ROBOT-173,2026-01-12 00:00:00+00:00,temperature_c,64.08,°C,2026-S1,synthétique,PROC-GEN-SMOTE-V1
EQ-ROBOT-173,2026-01-12 06:00:00+00:00,temperature_c,58.87,°C,2026-S1,synthétique,PROC-GEN-SMOTE-V1
EQ-ROBOT-173,2026-01-12 12:00:00+00:00,temperature_c,56.6,°C,2026-S1,synthétique,PROC-GEN-SMOTE-V1
EQ-ROBOT-173,2026-01-12 18:00:00+00:00,temperature_c,56.3,°C,2026-S1,synthétique,PROC-GEN-SMOTE-V1
EQ-ROBOT-173,2026-01-13 00:00:00+00:00,temperature_c,55.93,°C,2026-S1,synthétique,PROC-GEN-SMOTE-V1
EQ-ROBOT-173,2026-01-13 06:00:00+00:00,temperature_c,63.59,°C,2026-S1,synthétique,PROC-GEN-SMOTE-V1
EQ-ROBOT-173,2026-01-13 12:00:00+00:00,temperature_c,57.24,°C,2026-S1,synthétique,PROC-GEN-SMOTE-V1
EQ-ROBOT-173,2026-01-13 18:00:00+00:00,temperature_c,55.06,°C,2026-S1,synthétique,PROC-GEN-SMOTE-V1
EQ-ROBOT-173,2026-01-14 00:00:00+00:00,temperature_c,57.17,°C,2026-S1,synthétique,PROC-GEN-SMOTE-V1
EQ-ROBOT-173,2026-01-14 06:00:00+00:00,temperature_c,61.43,°C,2026-S1,synthétique,PROC-GEN-SMOTE-V1
EQ-ROBOT-173,2026-01-14 12:00:00+00:00,temperature_c,55.82,°C,2026-S1,synthétique,PROC-GEN-SMOTE-V1
EQ-ROBOT-173,2026-01-14 18:00:00+00:00,temperature_c,54.98,°C,2026-S1,synthétique,PROC-GEN-SMOTE-V1
EQ-ROBOT-173,2026-01-15 00:00:00+00:00,temperature_c,63.08,°C,2026-S1,synthétique,PROC-GEN-SMOTE-V1
EQ-ROBOT-173,2026-01-15 06:00:00+00:00,temperature_c,64.54,°C,2026-S1,synthétique,PROC-GEN-SMOTE-V1
EQ-ROBOT-173,2026-01-15 12:00:00+00:00,temperature_c,57.12,°C,2026-S1,synthétique,PROC-GEN-SMOTE-V1
EQ-ROBOT-173,2026-01-15 18:00:00+00:00,temperature_c,51.98,°C,2026-S1,synthétique,PROC-GEN-SMOTE-V1
EQ-ROBOT-173,2026-01-16 00:00:00+00:00,temperature_c,59.22,°C,2026-S1,synthétique,PROC-GEN-SMOTE-V1
EQ-ROBOT-173,2026-01-16 06:00:00+00:00,temperature_c,63.05,°C,2026-S1,synthétique,PROC-GEN-SMOTE-V1
EQ-ROBOT-173,2026-01-16 12:00:00+00:00,temperature_c,57.25,°C,2026-S1,synthétique,PROC-GEN-SMOTE-V1
EQ-ROBOT-173,2026-01-16 18:00:00+00:00,temperature_c,54.74,°C,2026-S1,synthétique,PROC-GEN-SMOTE-V1
EQ-ROBOT-173,2026-01-17 00:00:00+00:00,temperature_c,56.09,°C,2026-S1,synthétique,PROC-GEN-SMOTE-V1
EQ-ROBOT-173,2026-01-17 06:00:00+00:00,temperature_c,60.2,°C,2026-S1,synthétique,PROC-GEN-SMOTE-V1
EQ-ROBOT-173,2026-01-17 12:00:00+00:00,temperature_c,54.02,°C,2026-S1,synthétique,PROC-GEN-SMOTE-V1
EQ-ROBOT-173,2026-01-17 18:00:00+00:00,temperature_c,52.64,°C,2026-S1,synthétique,PROC-GEN-SMOTE-V1
EQ-ROBOT-173,2026-01-18 00:00:00+00:00,temperature_c,59.02,°C,2026-S1,synthétique,PROC-GEN-SMOTE-V1
EQ-ROBOT-173,2026-01-18 06:00:00+00:00,temperature_c,59.73,°C,2026-S1,synthétique,PROC-GEN-SMOTE-V1
EQ-ROBOT-173,2026-01-18 12:00:00+00:00,temperature_c,55.5,°C,2026-S1,synthétique,PROC-GEN-SMOTE-V1
EQ-ROBOT-173,2026-01-18 18:00:00+00:00,temperature_c,56.9,°C,2026-S1,synthétique,PROC-GEN-SMOTE-V1
EQ-ROBOT-173,2026-01-19 00:00:00+00:00,temperature_c,61.94,°C,2026-S1,synthétique,PROC-GEN-SMOTE-V1
EQ-ROBOT-173,2026-01-19 06:00:00+00:00,temperature_c,61.81,°C,2026-S1,synthétique,PROC-GEN-SMOTE-V1
EQ-ROBOT-173,2026-01-19 12:00:00+00:00,temperature_c,56.16,°C,2026-S1,synthétique,PROC-GEN-SMOTE-V1
EQ-ROBOT-173,2026-01-19 18:00:00+00:00,temperature_c,52.13,°C,2026-S1,synthétique,PROC-GEN-SMOTE-V1
EQ-ROBOT-173,2026-01-20 00:00:00+00:00,temperature_c,59.6,°C,2026-S1,synthétique,PROC-GEN-SMOTE-V1
EQ-ROBOT-173,2026-01-20 06:00:00+00:00,temperature_c,60.04,°C,2026-S1,synthétique,PROC-GEN-SMOTE-V1
EQ-ROBOT-173,2026-01-20 12:00:00+00:00,temperature_c,56.56,°C,2026-S1,synthétique,PROC-GEN-SMOTE-V1
EQ-ROBOT-173,2026-01-20 18:00:00+00:00,temperature_c,55.19,°C,2026-S1,synthétique,PROC-GEN-SMOTE-V1
EQ-ROBOT-173,2026-01-21 00:00:00+00:00,temperature_c,61.8,°C,2026-S1,synthétique,PROC-GEN-SMOTE-V1
EQ-ROBOT-173,2026-01-21 06:00:00+00:00,temperature_c,61.69,°C,2026-S1,synthétique,PROC-GEN-SMOTE-V1
EQ-ROBOT-173,2026-01-21 12:00:00+00:00,temperature_c,57.91,°C,2026-S1,synthétique,PROC-GEN-SMOTE-V1
EQ-ROBOT-173,2026-01-21 18:00:00+00:00,temperature_c,53.16,°C,2026-S1,synthétique,PROC-GEN-SMOTE-V1
EQ-ROBOT-173,2026-01-22 00:00:00+00:00,temperature_c,61.83,°C,2026-S1,synthétique,PROC-GEN-SMOTE-V1
EQ-ROBOT-173,2026-01-22 06:00:00+00:00,temperature_c,62.33,°C,2026-S1,synthétique,PROC-GEN-SMOTE-V1
EQ-ROBOT-173,2026-01-22 12:00:00+00:00,temperature_c,57.25,°C,2026-S1,synthétique,PROC-GEN-SMOTE-V1
EQ-ROBOT-173,2026-01-22 18:00:00+00:00,temperature_c,54.49,°C,2026-S1,synthétique,PROC-GEN-SMOTE-V1
EQ-ROBOT-173,2026-01-23 00:00:00+00:00,temperature_c,59.94,°C,2026-S1,synthétique,PROC-GEN-SMOTE-V1
EQ-ROBOT-173,2026-01-23 06:00:00+00:00,temperature_c,62.32,°C,2026-S1,synthétique,PROC-GEN-SMOTE-V1
EQ-ROBOT-173,2026-01-23 12:00:00+00:00,temperature_c,57.23,°C,2026-S1,synthétique,PROC-GEN-SMOTE-V1
EQ-ROBOT-173,2026-01-23 18:00:00+00:00,temperature_c,54.72,°C,2026-S1,synthétique,PROC-GEN-SMOTE-V1
EQ-ROBOT-173,2026-01-24 00:00:00+00:00,temperature_c,56.39,°C,2026-S1,synthétique,PROC-GEN-SMOTE-V1
EQ-ROBOT-173,2026-01-24 06:00:00+00:00,temperature_c,61.37,°C,2026-S1,synthétique,PROC-GEN-SMOTE-V1
EQ-ROBOT-173,2026-01-24 12:00:00+00:00,temperature_c,53.94,°C,2026-S1,synthétique,PROC-GEN-SMOTE-V1
EQ-ROBOT-173,2026-01-24 18:00:00+00:00,temperature_c,55.07,°C,2026-S1,synthétique,PROC-GEN-SMOTE-V1
EQ-ROBOT-173,2026-01-25 00:00:00+00:00,temperature_c,59.01,°C,2026-S1,synthétique,PROC-GEN-SMOTE-V1
EQ-ROBOT-173,2026-01-25 06:00:00+00:00,temperature_c,59.52,°C,2026-S1,synthétique,PROC-GEN-SMOTE-V1
EQ-ROBOT-173,2026-01-25 12:00:00+00:00,temperature_c,55.25,°C,2026-S1,synthétique,PROC-GEN-SMOTE-V1
EQ-ROBOT-173,2026-01-25 18:00:00+00:00,temperature_c,56.79,°C,2026-S1,synthétique,PROC-GEN-SMOTE-V1
EQ-ROBOT-173,2026-01-26 00:00:00+00:00,temperature_c,61.78,°C,2026-S1,synthétique,PROC-GEN-SMOTE-V1
EQ-ROBOT-173,2026-01-26 06:00:00+00:00,temperature_c,62.24,°C,2026-S1,synthétique,PROC-GEN-SMOTE-V1
EQ-ROBOT-173,2026-01-26 12:00:00+00:00,temperature_c,58.33,°C,2026-S1,synthétique,PROC-GEN-SMOTE-V1
EQ-ROBOT-173,2026-01-26 18:00:00+00:00,temperature_c,53.79,°C,2026-S1,synthétique,PROC-GEN-SMOTE-V1
EQ-ROBOT-173,2026-01-27 00:00:00+00:00,temperature_c,60.86,°C,2026-S1,synthétique,PROC-GEN-SMOTE-V1
EQ-ROBOT-173,2026-01-27 06:00:00+00:00,temperature_c,60.74,°C,2026-S1,synthétique,PROC-GEN-SMOTE-V1
EQ-ROBOT-173,2026-01-27 12:00:00+00:00,temperature_c,56.89,°C,2026-S1,synthétique,PROC-GEN-SMOTE-V1
EQ-ROBOT-173,2026-01-27 18:00:00+00:00,temperature_c,58.94,°C,2026-S1,synthétique,PROC-GEN-SMOTE-V1
EQ-ROBOT-173,2026-01-28 00:00:00+00:00,temperature_c,62.64,°C,2026-S1,synthétique,PROC-GEN-SMOTE-V1
EQ-ROBOT-173,2026-01-28 06:00:00+00:00,temperature_c,62.32,°C,2026-S1,synthétique,PROC-GEN-SMOTE-V1
EQ-ROBOT-173,2026-01-28 12:00:00+00:00,temperature_c,58.61,°C,2026-S1,synthétique,PROC-GEN-SMOTE-V1
EQ-ROBOT-173,2026-01-28 18:00:00+00:00,temperature_c,54.32,°C,2026-S1,synthétique,PROC-GEN-SMOTE-V1
EQ-ROBOT-173,2026-01-29 00:00:00+00:00,temperature_c,60.42,°C,2026-S1,synthétique,PROC-GEN-SMOTE-V1
EQ-ROBOT-173,2026-01-29 06:00:00+00:00,temperature_c,63.39,°C,2026-S1,synthétique,PROC-GEN-SMOTE-V1
EQ-ROBOT-173,2026-01-29 12:00:00+00:00,temperature_c,55.23,°C,2026-S1,synthétique,PROC-GEN-SMOTE-V1
EQ-ROBOT-173,2026-01-29 18:00:00+00:00,temperature_c,54.71,°C,2026-S1,synthétique,PROC-GEN-SMOTE-V1
EQ-ROBOT-173,2026-01-30 00:00:00+00:00,temperature_c,60.09,°C,2026-S1,synthétique,PROC-GEN-SMOTE-V1
EQ-ROBOT-173,2026-01-30 06:00:00+00:00,temperature_c,60.83,°C,2026-S1,synthétique,PROC-GEN-SMOTE-V1
EQ-ROBOT-173,2026-01-30 12:00:00+00:00,temperature_c,56.13,°C,2026-S1,synthétique,PROC-GEN-SMOTE-V1
EQ-ROBOT-173,2026-01-30 18:00:00+00:00,temperature_c,54.48,°C,2026-S1,synthétique,PROC-GEN-SMOTE-V1
EQ-ROBOT-173,2026-01-31 00:00:00+00:00,temperature_c,59.58,°C,2026-S1,synthétique,PROC-GEN-SMOTE-V1
EQ-ROBOT-173,2026-01-31 06:00:00+00:00,temperature_c,60.88,°C,2026-S1,synthétique,PROC-GEN-SMOTE-V1
EQ-ROBOT-173,2026-01-31 12:00:00+00:00,temperature_c,52.21,°C,2026-S1,synthétique,PROC-GEN-SMOTE-V1
EQ-ROBOT-173,2026-01-31 18:00:00+00:00,temperature_c,50.29,°C,2026-S1,synthétique,PROC-GEN-SMOTE-V1
