equipment_id,timestamp,sensor_name,value,unit,period,provenance,procedure_id
EQ-COMP-189,2026-01-01 00:00:00+00:00,vibration_mm_s,3.11,mm/s,2026-S1,synthétique,PROC-GEN-MARG-V1
EQ-COMP-189,2026-01-01 06:00:00+00:00,vibration_mm_s,2.94,mm/s,2026-S1,synthétique,PROC-GEN-MARG-V1
EQ-COMP-189,2026-01-01 12:00:00+00:00,vibration_mm_s,3.42,mm/s,2026-S1,synthétique,PROC-GEN-MARG-V1
EQ-COMP-189,2026-01-01 18:00:00+00:00,vibration_mm_s,2.45,mm/s,2026-S1,synthétique,PROC-GEN-MARG-V1
EQ-COMP-189,2026-01-02 00:00:00+00:00,vibration_mm_s,2.56,mm/s,2026-S1,synthétique,PROC-GEN-MARG-V1
EQ-COMP-189,2026-01-02 06:00:00+00:00,vibration_mm_s,2.33,mm/s,2026-S1,synthétique,PROC-GEN-MARG-V1
EQ-COMP-189,2026-01-02 12:00:00+00:00,vibration_mm_s,2.32,mm/s,2026-S1,synthétique,PROC-GEN-MARG-V1
EQ-COMP-189,2026-01-02 18:00:00+00:00,vibration_mm_s,2.75,mm/s,2026-S1,synthétique,PROC-GEN-MARG-V1
EQ-COMP-189,2026-01-03 00:00:00+00:00,vibration_mm_s,3.13,mm/s,2026-S1,synthétique,PROC-GEN-MARG-V1
EQ-COMP-189,2026-01-03 06:00:00+00:00,vibration_mm_s,2.82,mm/s,2026-S1,synthétique,PROC-GEN-MARG-V1
EQ-COMP-189,2026-01-03 12:00:00+00:00,vibration_mm_s,2.78,mm/s,2026-S1,synthétique,PROC-GEN-MARG-V1
EQ-COMP-189,2026-01-03 18:00:00+00:00,vibration_mm_s,2.59,mm/s,2026-S1,synthétique,PROC-GEN-MARG-V1
EQ-COMP-189,2026-01-04 00:00:00+00:00,vibration_mm_s,3.33,mm/s,2026-S1,synthétique,PROC-GEN-MARG-V1
EQ-COMP-189,2026-01-04 06:00:00+00:00,vibration_mm_s,3.48,mm/s,2026-S1,synthétique,PROC-GEN-MARG-V1
EQ-COMP-189,2026-01-04 12:00:00+00:00,vibration_mm_s,2.79,mm/s,2026-S1,synthétique,PROC-GEN-MARG-V1
EQ-COMP-189,2026-01-04 18:00:00+00:00,vibration_mm_s,3.04,mm/s,2026-S1,synthétique,PROC-GEN-MARG-V1
EQ-COMP-189,2026-01-05 00:00:00+00:00,vibration_mm_s,2.43,mm/s,2026-S1,synthétique,PROC-GEN-MARG-V1
EQ-COMP-189,2026-01-05 06:00:00+00:00,vibration_mm_s,2.95,mm/s,2026-S1,synthétique,PROC-GEN-MARG-V1
EQ-COMP-189,2026-01-05 12:00:00+00:00,vibration_mm_s,2.65,mm/s,2026-S1,synthétique,PROC-GEN-MARG-V1
EQ-COMP-189,2026-01-05 18:00:00+00:00,vibration_mm_s,2.91,mm/s,2026-S1,synthétique,PROC-GEN-MARG-V1
EQ-COMP-189,2026-01-06 00:00:00+00:00,vibration_mm_s,3.42,mm/s,2026-S1,synthétique,PROC-GEN-MARG-V1
EQ-COMP-189,2026-01-06 06:00:00+00:00,vibration_mm_s,2.88,mm/s,2026-S1,synthétique,PROC-GEN-MARG-V1
EQ-COMP-189,2026-01-06 12:00:00+00:00,vibration_mm_s,2.71,mm/s,2026-S1,synthétique,PROC-GEN-MARG-V1
EQ-COMP-189,2026-01-06 18:00:00+00:00,vibration_mm_s,2.67,mm/s,2026-S1,synthétique,PROC-GEN-MARG-V1
EQ-COMP-189,2026-01-07 00:00:00+00:00,vibration_mm_s,3.37,mm/s,2026-S1,synthétique,PROC-GEN-MARG-V1
EQ-COMP-189,2026-01-07 06:00:00+00:00,vibration_mm_s,4.63,mm/s,2026-S1,synthétique,PROC-GEN-MARG-V1
EQ-COMP-189,2026-01-07 12:00:00+00:00,vibration_mm_s,3.08,mm/s,2026-S1,synthétique,PROC-GEN-MARG-V1
EQ-COMP-189,2026-01-07 18:00:00+00:00,vibration_mm_s,2.7,mm/s,2026-S1,synthétique,PROC-GEN-MARG-V1
EQ-COMP-189,2026-01-08 00:00:00+00:00,vibration_mm_s,3.65,mm/s,2026-S1,synthétique,PROC-GEN-MARG-V1
EQ-COMP-189,2026-01-08 06:00:00+00:00,vibration_mm_s,2.78,mm/s,2026-S1,synthétique,PROC-GEN-MARG-V1
EQ-COMP-189,2026-01-08 12:00:00+00:00,vibration_mm_s,3.08,mm/s,2026-S1,synthétique,PROC-GEN-MARG-V1
EQ-COMP-189,2026-01-08 18:00:00+00:00,vibration_mm_s,2.68,mm/s,2026-S1,synthétique,PROC-GEN-MARG-V1
EQ-COMP-189,2026-01-09 00:00:00+00:00,vibration_mm_s,2.76,mm/s,2026-S1,synthétique,PROC-GEN-MARG-V1
EQ-COMP-189,2026-01-09 06:00:00+00:00,vibration_mm_s,3.2,mm/s,2026-S1,synthétique,PROC-GEN-MARG-V1
EQ-COMP-189,2026-01-09 12:00:00+00:00,vibration_mm_s,2.86,mm/s,2026-S1,synthétique,PROC-GEN-MARG-V1
EQ-COMP-189,2026-01-09 18:00:00+00:00,vibration_mm_s,2.6,mm/s,2026-S1,synthétique,PROC-GEN-MARG-V1
EQ-COMP-189,2026-01-10 00:00:00+00:00,vibration_mm_s,3.22,mm/s,2026-S1,synthétique,PROC-GEN-MARG-V1
EQ-COMP-189,2026-01-10 06:00:00+00:00,vibration_mm_s,2.88,mm/s,2026-S1,synthétique,PROC-GEN-MARG-V1
EQ-COMP-189,2026-01-10 12:00:00+00:00,vibration_mm_s,2.84,mm/s,2026-S1,synthétique,PROC-GEN-MARG-V1
EQ-COMP-189,2026-01-10 18:00:00+00:00,vibration_mm_s,2.65,mm/s,2026-S1,synthétique,PROC-GEN-MARG-V1
EQ-COMP-189,2026-01-11 00:00:00+00:00,vibration_mm_s,3.39,mm/s,2026-S1,synthétique,PROC-GEN-MARG-V1
EQ-COMP-189,2026-01-11 06:00:00+00:00,vibration_mm_s,2.9,mm/s,2026-S1,synthétique,PROC-GEN-MARG-V1
EQ-COMP-189,2026-01-11 12:00:00+00:00,vibration_mm_s,2.96,mm/s,2026-S1,synthétique,PROC-GEN-MARG-V1
EQ-COMP-189,2026-01-11 18:00:00+00:00,vibration_mm_s,2.69,mm/s,2026-S1,synthétique,PROC-GEN-MARG-V1
EQ-COMP-189,2026-01-12 00:00:00+00:00,vibration_mm_s,2.62,mm/s,2026-S1,synthétique,PROC-GEN-MARG-V1
EQ-COMP-189,2026-01-12 06:00:00+00:00,vibration_mm_s,2.33,mm/s,2026-S1,synthétique,PROC-GEN-MARG-V1
EQ-COMP-189,2026-01-12 12:00:00+00:00,vibration_mm_s,3.29,mm/s,2026-S1,synthétique,PROC-GEN-MARG-V1
EQ-COMP-189,2026-01-12 18:00:00+00:00,vibration_mm_s,2.58,mm/s,2026-S1,synthétique,PROC-GEN-MARG-V1
EQ-COMP-189,2026-01-13 00:00:00+00:00,vibration_mm_s,2.5,mm/s,2026-S1,synthétique,PROC-GEN-MARG-V1
EQ-COMP-189,2026-01-13 06:00:00+00:00,vibration_mm_s,3.13,mm/s,2026-S1,synthétique,PROC-GEN-MARG-V1
EQ-COMP-189,2026-01-13 12:00:00+00:00,vibration_mm_s,3.06,mm/s,2026-S1,synthétique,PROC-GEN-MARG-V1
EQ-COMP-189,2026-01-13 18:00:00+00:00,vibration_mm_s,3.17,mm/s,2026-S1,synthétique,PROC-GEN-MARG-V1
EQ-COMP-189,2026-01-14 00:00:00+00:00,vibration_mm_s,3.04,mm/s,2026-S1,synthétique,PROC-GEN-MARG-V1
EQ-COMP-189,2026-01-14 06:00:00+00:00,vibration_mm_s,2.72,mm/s,2026-S1,synthétique,PROC-GEN-MARG-V1
EQ-COMP-189,2026-01-14 12:00:00+00:00,vibration_mm_s,2.39,mm/s,2026-S1,synthétique,PROC-GEN-MARG-V1
EQ-COMP-189,2026-01-14 18:00:00+00:00,vibration_mm_s,2.69,mm/s,2026-S1,synthétique,PROC-GEN-MARG-V1
EQ-COMP-189,2026-01-15 00:00:00+00:00,vibration_mm_s,3.24,mm/s,2026-S1,synthétique,PROC-GEN-MARG-V1
EQ-COMP-189,2026-01-15 06:00:00+00:00,vibration_mm_s,2.17,mm/s,2026-S1,synthétique,PROC-GEN-MARG-V1
EQ-COMP-189,2026-01-15 12:00:00+00:00,vibration_mm_s,3.27,mm/s,2026-S1,synthétique,PROC-GEN-MARG-V1
EQ-COMP-189,2026-01-15 18:00:00+00:00,vibration_mm_s,2.51,mm/s,2026-S1,synthétique,PROC-GEN-MARG-V1
EQ-COMP-189,2026-01-16 00:00:00+00:00,vibration_mm_s,2.66,mm/s,2026-S1,synthétique,PROC-GEN-MARG-V1
EQ-COMP-189,2026-01-16 06:00:00+00:00,vibration_mm_s,2.43,mm/s,2026-S1,synthétique,PROC-GEN-MARG-V1
EQ-COMP-189,2026-01-16 12:00:00+00:00,vibration_mm_s,2.59,mm/s,2026-S1,synthétique,PROC-GEN-MARG-V1
EQ-COMP-189,2026-01-16 18:00:00+00:00,vibration_mm_s,2.87,mm/s,2026-S1,synthétique,PROC-GEN-MARG-V1
EQ-COMP-189,2026-01-17 00:00:00+00:00,vibration_mm_s,3.01,mm/s,2026-S1,synthétique,PROC-GEN-MARG-V1
EQ-COMP-189,2026-01-17 06:00:00+00:00,vibration_mm_s,3.41,mm/s,2026-S1,synthétique,PROC-GEN-MARG-V1
EQ-COMP-189,2026-01-17 12:00:00+00:00,vibration_mm_s,3.24,mm/s,2026-S1,synthétique,PROC-GEN-MARG-V1
EQ-COMP-189,2026-01-17 18:00:00+00:00,vibration_mm_s,2.85,mm/s,2026-S1,synthétique,PROC-GEN-MARG-V1
EQ-COMP-189,2026-01-18 00:00:00+00:00,vibration_mm_s,3.66,mm/s,2026-S1,synthétique,PROC-GEN-MARG-V1
EQ-COMP-189,2026-01-18 06:00:00+00:00,vibration_mm_s,3.14,mm/s,2026-S1,synthétique,PROC-GEN-MARG-V1
EQ-COMP-189,2026-01-18 12:00:00+00:00,vibration_mm_s,2.58,mm/s,2026-S1,synthétique,PROC-GEN-MARG-V1
EQ-COMP-189,2026-01-18 18:00:00+00:00,vibration_mm_s,3.35,mm/s,2026-S1,synthétique,PROC-GEN-MARG-V1
EQ-COMP-189,2026-01-19 00:00:00+00:00,vibration_mm_s,2.71,mm/s,2026-S1,synthétique,PROC-GEN-MARG-V1
EQ-COMP-189,2026-01-19 06:00:00+00:00,vibration_mm_s,3.11,mm/s,2026-S1,synthétique,PROC-GEN-MARG-V1
EQ-COMP-189,2026-01-19 12:00:00+00:00,vibration_mm_s,2.99,mm/s,2026-S1,synthétique,PROC-GEN-MARG-V1
EQ-COMP-189,2026-01-19 18:00:00+00:00,vibration_mm_s,3.05,mm/s,2026-S1,synthétique,PROC-GEN-MARG-V1
EQ-COMP-189,2026-01-20 00:00:00+00:00,vibration_mm_s,3.39,mm/s,2026-S1,synthétique,PROC-GEN-MARG-V1
EQ-COMP-189,2026-01-20 06:00:00+00:00,vibration_mm_s,3.5,mm/s,2026-S1,synthétique,PROC-GEN-MARG-V1
EQ-COMP-189,2026-01-20 12:00:00+00:00,vibration_mm_s,2.71,mm/s,2026-S1,synthétique,PROC-GEN-MARG-V1
EQ-COMP-189,2026-01-20 18:00:00+00:00,vibration_mm_s,2.35,mm/s,2026-S1,synthétique,PROC-GEN-MARG-V1
EQ-COMP-189,2026-01-21 00:00:00+00:00,vibration_mm_s,3.25,mm/s,2026-S1,synthétique,PROC-GEN-MARG-V1
EQ-COMP-189,2026-01-21 06:00:00+00:00,vibration_mm_s,2.65,mm/s,2026-S1,synthétique,PROC-GEN-MARG-V1
EQ-COMP-189,2026-01-21 12:00:00+00:00,vibration_mm_s,2.82,mm/s,2026-S1,synthétique,PROC-GEN-MARG-V1
EQ-COMP-189,2026-01-21 18:00:00+00:00,vibration_mm_s,2.86,mm/s,2026-S1,synthétique,PROC-GEN-MARG-V1
EQ-COMP-189,2026-01-22 00:00:00+00:00,vibration_mm_s,3.68,mm/s,2026-S1,synthétique,PROC-GEN-MARG-V1
EQ-COMP-189,2026-01-22 06:00:00+00:00,vibration_mm_s,3.41,mm/s,2026-S1,synthétique,PROC-GEN-MARG-V1
EQ-COMP-189,2026-01-22 12:00:00+00:00,vibration_mm_s,2.53,mm/s,2026-S1,synthétique,PROC-GEN-MARG-V1
EQ-COMP-189,2026-01-22 18:00:00+00:00,vibration_mm_s,2.81,mm/s,2026-S1,synthétique,PROC-GEN-MARG-V1
EQ-COMP-189,2026-01-23 00:00:00+00:00,vibration_mm_s,2.14,mm/s,2026-S1,synthétique,PROC-GEN-MARG-V1
EQ-COMP-189,2026-01-23 06:00:00+00:00,vibration_mm_s,2.59,mm/s,2026-S1,synthétique,PROC-GEN-MARG-V1
EQ-COMP-189,2026-01-23 12:00:00+00:00,vibration_mm_s,3.43,mm/s,2026-S1,synthétique,PROC-GEN-MARG-V1
EQ-COMP-189,2026-01-23 18:00:00+00:00,vibration_mm_s,2.24,mm/s,2026-S1,synthétique,PROC-GEN-MARG-V1
EQ-COMP-189,2026-01-24 00:00:00+00:00,vibration_mm_s,3.51,mm/s,2026-S1,synthétique,PROC-GEN-MARG-V1
EQ-COMP-189,2026-01-24 06:00:00+00:00,vibration_mm_s,2.12,mm/s,2026-S1,synthétique,PROC-GEN-MARG-V1
EQ-COMP-189,2026-01-24 12:00:00+00:00,vibration_mm_s,2.93,mm/s,2026-S1,synthétique,PROC-GEN-MARG-V1
EQ-COMP-189,2026-01-24 18:00:00+00:00,vibration_mm_s,2.52,mm/s,2026-S1,synthétique,PROC-GEN-MARG-V1
EQ-COMP-189,2026-01-25 00:00:00+00:00,vibration_mm_s,2.82,mm/s,2026-S1,synthétique,PROC-GEN-MARG-V1
EQ-COMP-189,2026-01-25 06:00:00+00:00,vibration_mm_s,3.51,mm/s,2026-S1,synthétique,PROC-GEN-MARG-V1
EQ-COMP-189,2026-01-25 12:00:00+00:00,vibration_mm_s,3.07,mm/s,2026-S1,synthétique,PROC-GEN-MARG-V1
EQ-COMP-189,2026-01-25 18:00:00+00:00,vibration_mm_s,3.38,mm/s,2026-S1,synthétique,PROC-GEN-MARG-V1
EQ-COMP-189,2026-01-26 00:00:00+00:00,vibration_mm_s,2.65,mm/s,2026-S1,synthétique,PROC-GEN-MARG-V1
EQ-COMP-189,2026-01-26 06:00:00+00:00,vibration_mm_s,3.31,mm/s,2026-S1,synthétique,PROC-GEN-MARG-V1
EQ-COMP-189,2026-01-26 12:00:00+00:00,vibration_mm_s,2.71,mm/s,2026-S1,synthétique,PROC-GEN-MARG-V1
EQ-COMP-189,2026-01-26 18:00:00+00:00,vibration_mm_s,2.73,mm/s,2026-S1,synthétique,PROC-GEN-MARG-V1
EQ-COMP-189,2026-01-27 00:00:00+00:00,vibration_mm_s,2.07,mm/s,2026-S1,synthétique,PROC-GEN-MARG-V1
EQ-COMP-189,2026-01-27 06:00:00+00:00,vibration_mm_s,2.68,mm/s,2026-S1,synthétique,PROC-GEN-MARG-V1
EQ-COMP-189,2026-01-27 12:00:00+00:00,vibration_mm_s,2.58,mm/s,2026-S1,synthétique,PROC-GEN-MARG-V1
EQ-COMP-189,2026-01-27 18:00:00+00:00,vibration_mm_s,2.41,mm/s,2026-S1,synthétique,PROC-GEN-MARG-V1
EQ-COMP-189,2026-01-28 00:00:00+00:00,vibration_mm_s,3.06,mm/s,2026-S1,synthétique,PROC-GEN-MARG-V1
EQ-COMP-189,2026-01-28 06:00:00+00:00,vibration_mm_s,2.8,mm/s,2026-S1,synthétique,PROC-GEN-MARG-V1
EQ-COMP-189,2026-01-28 12:00:00+00:00,vibration_mm_s,2.67,mm/s,2026-S1,synthétique,PROC-GEN-MARG-V1
EQ-COMP-189,2026-01-28 18:00:00+00:00,vibration_mm_s,2.69,mm/s,2026-S1,synthétique,PROC-GEN-MARG-V1
EQ-COMP-189,2026-01-29 00:00:00+00:00,vibration_mm_s,2.98,mm/s,2026-S1,synthétique,PROC-GEN-MARG-V1
EQ-COMP-189,2026-01-29 06:00:00+00:00,vibration_mm_s,2.04,mm/s,2026-S1,synthétique,PROC-GEN-MARG-V1
EQ-COMP-189,2026-01-29 12:00:00+00:00,vibration_mm_s,2.43,mm/s,2026-S1,synthétique,PROC-GEN-MARG-V1
EQ-COMP-189,2026-01-29 18:00:00+00:00,vibration_mm_s,2.5,mm/s,2026-S1,synthétique,PROC-GEN-MARG-V1
EQ-COMP-189,2026-01-30 00:00:00+00:00,vibration_mm_s,3.36,mm/s,2026-S1,synthétique,PROC-GEN-MARG-V1
EQ-COMP-189,2026-01-30 06:00:00+00:00,vibration_mm_s,3.16,mm/s,2026-S1,synthétique,PROC-GEN-MARG-V1
EQ-COMP-189,2026-01-30 12:00:00+00:00,vibration_mm_s,2.71,mm/s,2026-S1,synthétique,PROC-GEN-MARG-V1
EQ-COMP-189,2026-01-30 18:00:00+00:00,vibration_mm_s,2.38,mm/s,2026-S1,synthétique,PROC-GEN-MARG-V1
EQ-COMP-189,2026-01-31 00:00:00+00:00,vibration_mm_s,2.4,mm/s,2026-S1,synthétique,PROC-GEN-MARG-V1
EQ-COMP-189,2026-01-31 06:00:00+00:00,vibration_mm_s,2.71,mm/s,2026-S1,synthétique,PROC-GEN-MARG-V1
EQ-COMP-189,2026-01-31 12:00:00+00:00,vibration_mm_s,3.04,mm/s,2026-S1,synthétique,PROC-GEN-MARG-V1
EQ-COMP-189,2026-01-31 18:00:00+00:00,vibration_mm_s,2.99,mm/s,2026-S1,synthétique,PROC-GEN-MARG-V1
EQ-DRYER-264,2026-01-01 00:00:00+00:00,vibration_mm_s,2.98,mm/s,2026-S1,synthétique,PROC-GEN-MARG-V1
EQ-DRYER-264,2026-01-01 06:00:00+00:00,vibration_mm_s,2.49,mm/s,2026-S1,synthétique,PROC-GEN-MARG-V1
EQ-DRYER-264,2026-01-01 12:00:00+00:00,vibration_mm_s,2.7,mm/s,2026-S1,synthétique,PROC-GEN-MARG-V1
EQ-DRYER-264,2026-01-01 18:00:00+00:00,vibration_mm_s,2.26,mm/s,2026-S1,synthétique,PROC-GEN-MARG-V1
EQ-DRYER-264,2026-01-02 00:00:00+00:00,vibration_mm_s,2.63,mm/s,2026-S1,synthétique,PROC-GEN-MARG-V1
EQ-DRYER-264,2026-01-02 06:00:00+00:00,vibration_mm_s,3.29,mm/s,2026-S1,synthétique,PROC-GEN-MARG-V1
EQ-DRYER-264,2026-01-02 12:00:00+00:00,vibration_mm_s,3.45,mm/s,2026-S1,synthétique,PROC-GEN-MARG-V1
EQ-DRYER-264,2026-01-02 18:00:00+00:00,vibration_mm_s,3.24,mm/s,2026-S1,synthétique,PROC-GEN-MARG-V1
EQ-DRYER-264,2026-01-03 00:00:00+00:00,vibration_mm_s,3.28,mm/s,2026-S1,synthétique,PROC-GEN-MARG-V1
EQ-DRYER-264,2026-01-03 06:00:00+00:00,vibration_mm_s,3.44,mm/s,2026-S1,synthétique,PROC-GEN-MARG-V1
EQ-DRYER-264,2026-01-03 12:00:00+00:00,vibration_mm_s,3.33,mm/s,2026-S1,synthétique,PROC-GEN-MARG-V1
EQ-DRYER-264,2026-01-03 18:00:00+00:00,vibration_mm_s,2.66,mm/s,2026-S1,synthétique,PROC-GEN-MARG-V1
EQ-DRYER-264,2026-01-04 00:00:00+00:00,vibration_mm_s,3.04,mm/s,2026-S1,synthétique,PROC-GEN-MARG-V1
EQ-DRYER-264,2026-01-04 06:00:00+00:00,vibration_mm_s,2.95,mm/s,2026-S1,synthétique,PROC-GEN-MARG-V1
EQ-DRYER-264,2026-01-04 12:00:00+00:00,vibration_mm_s,2.82,mm/s,2026-S1,synthétique,PROC-GEN-MARG-V1
EQ-DRYER-264,2026-01-04 18:00:00+00:00,vibration_mm_s,2.81,mm/s,2026-S1,synthétique,PROC-GEN-MARG-V1
EQ-DRYER-264,2026-01-05 00:00:00+00:00,vibration_mm_s,2.74,mm/s,2026-S1,synthétique,PROC-GEN-MARG-V1
EQ-DRYER-264,2026-01-05 06:00:00+00:00,vibration_mm_s,3.09,mm/s,2026-S1,synthétique,PROC-GEN-MARG-V1
EQ-DRYER-264,2026-01-05 12:00:00+00:00,vibration_mm_s,3.26,mm/s,2026-S1,synthétique,PROC-GEN-MARG-V1
EQ-DRYER-264,2026-01-05 18:00:00+00:00,vibration_mm_s,2.68,mm/s,2026-S1,synthétique,PROC-GEN-MARG-V1
EQ-DRYER-264,2026-01-06 00:00:00+00:00,vibration_mm_s,2.87,mm/s,2026-S1,synthétique,PROC-GEN-MARG-V1
EQ-DRYER-264,2026-01-06 06:00:00+00:00,vibration_mm_s,2.93,mm/s,2026-S1,synthétique,PROC-GEN-MARG-V1
EQ-DRYER-264,2026-01-06 12:00:00+00:00,vibration_mm_s,3.31,mm/s,2026-S1,synthétique,PROC-GEN-MARG-V1
EQ-DRYER-264,2026-01-06 18:00:00+00:00,vibration_mm_s,3.61,mm/s,2026-S1,synthétique,PROC-GEN-MARG-V1
EQ-DRYER-264,2026-01-07 00:00:00+00:00,vibration_mm_s,3.33,mm/s,2026-S1,synthétique,PROC-GEN-MARG-V1
EQ-DRYER-264,2026-01-07 06:00:00+00:00,vibration_mm_s,2.87,mm/s,2026-S1,synthétique,PROC-GEN-MARG-V1
EQ-DRYER-264,2026-01-07 12:00:00+00:00,vibration_mm_s,3.12,mm/s,2026-S1,synthétique,PROC-GEN-MARG-V1
EQ-DRYER-264,2026-01-07 18:00:00+00:00,vibration_mm_s,2.61,mm/s,2026-S1,synthétique,PROC-GEN-MARG-V1
EQ-DRYER-264,2026-01-08 00:00:00+00:00,vibration_mm_s,2.45,mm/s,2026-S1,synthétique,PROC-GEN-MARG-V1
EQ-DRYER-264,2026-01-08 06:00:00+00:00,vibration_mm_s,2.36,mm/s,2026-S1,synthétique,PROC-GEN-MARG-V1
EQ-DRYER-264,2026-01-08 12:00:00+00:00,vibration_mm_s,3.48,mm/s,2026-S1,synthétique,PROC-GEN-MARG-V1
EQ-DRYER-264,2026-01-08 18:00:00+00:00,vibration_mm_s,3.08,mm/s,2026-S1,synthétique,PROC-GEN-MARG-V1
EQ-DRYER-264,2026-01-09 00:00:00+00:00,vibration_mm_s,2.56,mm/s,2026-S1,synthétique,PROC-GEN-MARG-V1
EQ-DRYER-264,2026-01-09 06:00:00+00:00,vibration_mm_s,2.66,mm/s,2026-S1,synthétique,PROC-GEN-MARG-V1
EQ-DRYER-264,2026-01-09 12:00:00+00:00,vibration_mm_s,2.89,mm/s,2026-S1,synthétique,PROC-GEN-MARG-V1
EQ-DRYER-264,2026-01-09 18:00:00+00:00,vibration_mm_s,2.0,mm/s,2026-S1,synthétique,PROC-GEN-MARG-V1
EQ-DRYER-264,2026-01-10 00:00:00+00:00,vibration_mm_s,2.46,mm/s,2026-S1,synthétique,PROC-GEN-MARG-V1
EQ-DRYER-264,2026-01-10 06:00:00+00:00,vibration_mm_s,2.92,mm/s,2026-S1,synthétique,PROC-GEN-MARG-V1
EQ-DRYER-264,2026-01-10 12:00:00+00:00,vibration_mm_s,3.18,mm/s,2026-S1,synthétique,PROC-GEN-MARG-V1
EQ-DRYER-264,2026-01-10 18:00:00+00:00,vibration_mm_s,3.47,mm/s,2026-S1,synthétique,PROC-GEN-MARG-V1
EQ-DRYER-264,2026-01-11 00:00:00+00:00,vibration_mm_s,2.52,mm/s,2026-S1,synthétique,PROC-GEN-MARG-V1
EQ-DRYER-264,2026-01-11 06:00:00+00:00,vibration_mm_s,3.04,mm/s,2026-S1,synthétique,PROC-GEN-MARG-V1
EQ-DRYER-264,2026-01-11 12:00:00+00:00,vibration_mm_s,2.93,mm/s,2026-S1,synthétique,PROC-GEN-MARG-V1
EQ-DRYER-264,2026-01-11 18:00:00+00:00,vibration_mm_s,2.27,mm/s,2026-S1,synthétique,PROC-GEN-MARG-V1
EQ-DRYER-264,2026-01-12 00:00:00+00:00,vibration_mm_s,3.11,mm/s,2026-S1,synthétique,PROC-GEN-MARG-V1
EQ-DRYER-264,2026-01-12 06:00:00+00:00,vibration_mm_s,2.55,mm/s,2026-S1,synthétique,PROC-GEN-MARG-V1
EQ-DRYER-264,2026-01-12 12:00:00+00:00,vibration_mm_s,2.41,mm/s,2026-S1,synthétique,PROC-GEN-MARG-V1
EQ-DRYER-264,2026-01-12 18:00:00+00:00,vibration_mm_s,2.46,mm/s,2026-S1,synthétique,PROC-GEN-MARG-V1
EQ-DRYER-264,2026-01-13 00:00:00+00:00,vibration_mm_s,2.56,mm/s,2026-S1,synthétique,PROC-GEN-MARG-V1
EQ-DRYER-264,2026-01-13 06:00:00+00:00,vibration_mm_s,2.78,mm/s,2026-S1,synthétique,PROC-GEN-MARG-V1
EQ-DRYER-264,2026-01-13 12:00:00+00:00,vibration_mm_s,3.15,mm/s,2026-S1,synthétique,PROC-GEN-MARG-V1
EQ-DRYER-264,2026-01-13 18:00:00+00:00,vibration_mm_s,2.69,mm/s,2026-S1,synthétique,PROC-GEN-MARG-V1
EQ-DRYER-264,2026-01-14 00:00:00+00:00,vibration_mm_s,3.09,mm/s,2026-S1,synthétique,PROC-GEN-MARG-V1
EQ-DRYER-264,2026-01-14 06:00:00+00:00,vibration_mm_s,2.65,mm/s,2026-S1,synthétique,PROC-GEN-MARG-V1
EQ-DRYER-264,2026-01-14 12:00:00+00:00,vibration_mm_s,3.16,mm/s,2026-S1,synthétique,PROC-GEN-MARG-V1
EQ-DRYER-264,2026-01-14 18:00:00+00:00,vibration_mm_s,2.36,mm/s,2026-S1,synthétique,PROC-GEN-MARG-V1
EQ-DRYER-264,2026-01-15 00:00:00+00:00,vibration_mm_s,3.12,mm/s,2026-S1,synthétique,PROC-GEN-MARG-V1
EQ-DRYER-264,2026-01-15 06:00:00+00:00,vibration_mm_s,2.66,mm/s,2026-S1,synthétique,PROC-GEN-MARG-V1
EQ-DRYER-264,2026-01-15 12:00:00+00:00,vibration_mm_s,3.33,mm/s,2026-S1,synthétique,PROC-GEN-MARG-V1
EQ-DRYER-264,2026-01-15 18:00:00+00:00,vibration_mm_s,2.84,mm/s,2026-S1,synthétique,PROC-GEN-MARG-V1
EQ-DRYER-264,2026-01-16 00:00:00+00:00,vibration_mm_s,2.44,mm/s,2026-S1,synthétique,PROC-GEN-MARG-V1
EQ-DRYER-264,2026-01-16 06:00:00+00:00,vibration_mm_s,2.52,mm/s,2026-S1,synthétique,PROC-GEN-MARG-V1
EQ-DRYER-264,2026-01-16 12:00:00+00:00,vibration_mm_s,2.66,mm/s,2026-S1,synthétique,PROC-GEN-MARG-V1
EQ-DRYER-264,2026-01-16 18:00:00+00:00,vibration_mm_s,1.96,mm/s,2026-S1,synthétique,PROC-GEN-MARG-V1
EQ-DRYER-264,2026-01-17 00:00:00+00:00,vibration_mm_s,2.83,mm/s,2026-S1,synthétique,PROC-GEN-MARG-V1
EQ-DRYER-264,2026-01-17 06:00:00+00:00,vibration_mm_s,3.12,mm/s,2026-S1,synthétique,PROC-GEN-MARG-V1
EQ-DRYER-264,2026-01-17 12:00:00+00:00,vibration_mm_s,3.31,mm/s,2026-S1,synthétique,PROC-GEN-MARG-V1
EQ-DRYER-264,2026-01-17 18:00:00+00:00,vibration_mm_s,2.57,mm/s,2026-S1,synthétique,PROC-GEN-MARG-V1
EQ-DRYER-264,2026-01-18 00:00:00+00:00,vibration_mm_s,2.88,mm/s,2026-S1,synthétique,PROC-GEN-MARG-V1
EQ-DRYER-264,2026-01-18 06:00:00+00:00,vibration_mm_s,3.29,mm/s,2026-S1,synthétique,PROC-GEN-MARG-V1
EQ-DRYER-264,2026-01-18 12:00:00+00:00,vibration_mm_s,3.07,mm/s,2026-S1,synthétique,PROC-GEN-MARG-V1
EQ-DRYER-264,2026-01-18 18:00:00+00:00,vibration_mm_s,2.97,mm/s,2026-S1,synthétique,PROC-GEN-MARG-V1
EQ-DRYER-264,2026-01-19 00:00:00+00:00,vibration_mm_s,2.77,mm/s,2026-S1,synthétique,PROC-GEN-MARG-V1
EQ-DRYER-264,2026-01-19 06:00:00+00:00,vibration_mm_s,2.87,mm/s,2026-S1,synthétique,PROC-GEN-MARG-V1
EQ-DRYER-264,2026-01-19 12:00:00+00:00,vibration_mm_s,3.05,mm/s,2026-S1,synthétique,PROC-GEN-MARG-V1
EQ-DRYER-264,2026-01-19 18:00:00+00:00,vibration_mm_s,2.81,mm/s,2026-S1,synthétique,PROC-GEN-MARG-V1
EQ-DRYER-264,2026-01-20 00:00:00+00:00,vibration_mm_s,3.28,mm/s,2026-S1,synthétique,PROC-GEN-MARG-V1
EQ-DRYER-264,2026-01-20 06:00:00+00:00,vibration_mm_s,2.46,mm/s,2026-S1,synthétique,PROC-GEN-MARG-V1
EQ-DRYER-264,2026-01-20 12:00:00+00:00,vibration_mm_s,3.0,mm/s,2026-S1,synthétique,PROC-GEN-MARG-V1
EQ-DRYER-264,2026-01-20 18:00:00+00:00,vibration_mm_s,3.32,mm/s,2026-S1,synthétique,PROC-GEN-MARG-V1
EQ-DRYER-264,2026-01-21 00:00:00+00:00,vibration_mm_s,2.53,mm/s,2026-S1,synthétique,PROC-GEN-MARG-V1
EQ-DRYER-264,2026-01-21 06:00:00+00:00,vibration_mm_s,2.74,mm/s,2026-S1,synthétique,PROC-GEN-MARG-V1
EQ-DRYER-264,2026-01-21 12:00:00+00:00,vibration_mm_s,2.46,mm/s,2026-S1,synthétique,PROC-GEN-MARG-V1
EQ-DRYER-264,2026-01-21 18:00:00+00:00,vibration_mm_s,2.34,mm/s,2026-S1,synthétique,PROC-GEN-MARG-V1
EQ-DRYER-264,2026-01-22 00:00:00+00:00,vibration_mm_s,3.46,mm/s,2026-S1,synthétique,PROC-GEN-MARG-V1
EQ-DRYER-264,2026-01-22 06:00:00+00:00,vibration_mm_s,2.87,mm/s,2026-S1,synthétique,PROC-GEN-MARG-V1
EQ-DRYER-264,2026-01-22 12:00:00+00:00,vibration_mm_s,2.65,mm/s,2026-S1,synthétique,PROC-GEN-MARG-V1
EQ-DRYER-264,2026-01-22 18:00:00+00:00,vibration_mm_s,2.89,mm/s,2026-S1,synthétique,PROC-GEN-MARG-V1
EQ-DRYER-264,2026-01-23 00:00:00+00:00,vibration_mm_s,2.13,mm/s,2026-S1,synthétique,PROC-GEN-MARG-V1
EQ-DRYER-264,2026-01-23 06:00:00+00:00,vibration_mm_s,2.58,mm/s,2026-S1,synthétique,PROC-GEN-MARG-V1
EQ-DRYER-264,2026-01-23 12:00:00+00:00,vibration_mm_s,2.62,mm/s,2026-S1,synthétique,PROC-GEN-MARG-V1
EQ-DRYER-264,2026-01-23 18:00:00+00:00,vibration_mm_s,3.09,mm/s,2026-S1,synthétique,PROC-GEN-MARG-V1
EQ-DRYER-264,2026-01-24 00:00:00+00:00,vibration_mm_s,3.08,mm/s,2026-S1,synthétique,PROC-GEN-MARG-V1
EQ-DRYER-264,2026-01-24 06:00:00+00:00,vibration_mm_s,2.72,mm/s,2026-S1,synthétique,PROC-GEN-MARG-V1
EQ-DRYER-264,2026-01-24 12:00:00+00:00,vibration_mm_s,3.3,mm/s,2026-S1,synthétique,PROC-GEN-MARG-V1
EQ-DRYER-264,2026-01-24 18:00:00+00:00,vibration_mm_s,3.16,mm/s,2026-S1,synthétique,PROC-GEN-MARG-V1
EQ-DRYER-264,2026-01-25 00:00:00+00:00,vibration_mm_s,2.64,mm/s,2026-S1,synthétique,PROC-GEN-MARG-V1
EQ-DRYER-264,2026-01-25 06:00:00+00:00,vibration_mm_s,3.27,mm/s,2026-S1,synthétique,PROC-GEN-MARG-V1
EQ-DRYER-264,2026-01-25 12:00:00+00:00,vibration_mm_s,2.63,mm/s,2026-S1,synthétique,PROC-GEN-MARG-V1
EQ-DRYER-264,2026-01-25 18:00:00+00:00,vibration_mm_s,2.73,mm/s,2026-S1,synthétique,PROC-GEN-MARG-V1
EQ-DRYER-264,2026-01-26 00:00:00+00:00,vibration_mm_s,3.04,mm/s,2026-S1,synthétique,PROC-GEN-MARG-V1
EQ-DRYER-264,2026-01-26 06:00:00+00:00,vibration_mm_s,2.63,mm/s,2026-S1,synthétique,PROC-GEN-MARG-V1
EQ-DRYER-264,2026-01-26 12:00:00+00:00,vibration_mm_s,2.72,mm/s,2026-S1,synthétique,PROC-GEN-MARG-V1
EQ-DRYER-264,2026-01-26 18:00:00+00:00,vibration_mm_s,2.9,mm/s,2026-S1,synthétique,PROC-GEN-MARG-V1
EQ-DRYER-264,2026-01-27 00:00:00+00:00,vibration_mm_s,3.1,mm/s,2026-S1,synthétique,PROC-GEN-MARG-V1
EQ-DRYER-264,2026-01-27 06:00:00+00:00,vibration_mm_s,2.6,mm/s,2026-S1,synthétique,PROC-GEN-MARG-V1
EQ-DRYER-264,2026-01-27 12:00:00+00:00,vibration_mm_s,2.9,mm/s,2026-S1,synthétique,PROC-GEN-MARG-V1
EQ-DRYER-264,2026-01-27 18:00:00+00:00,vibration_mm_s,2.53,mm/s,2026-S1,synthétique,PROC-GEN-MARG-V1
EQ-DRYER-264,2026-01-28 00:00:00+00:00,vibration_mm_s,3.24,mm/s,2026-S1,synthétique,PROC-GEN-MARG-V1
EQ-DRYER-264,2026-01-28 06:00:00+00:00,vibration_mm_s,2.79,mm/s,2026-S1,synthétique,PROC-GEN-MARG-V1
EQ-DRYER-264,2026-01-28 12:00:00+00:00,vibration_mm_s,3.45,mm/s,2026-S1,synthétique,PROC-GEN-MARG-V1
EQ-DRYER-264,2026-01-28 18:00:00+00:00,vibration_mm_s,2.81,mm/s,2026-S1,synthétique,PROC-GEN-MARG-V1
EQ-DRYER-264,2026-01-29 00:00:00+00:00,vibration_mm_s,2.67,mm/s,2026-S1,synthétique,PROC-GEN-MARG-V1
EQ-DRYER-264,2026-01-29 06:00:00+00:00,vibration_mm_s,2.82,mm/s,2026-S1,synthétique,PROC-GEN-MARG-V1
EQ-DRYER-264,2026-01-29 12:00:00+00:00,vibration_mm_s,3.06,mm/s,2026-S1,synthétique,PROC-GEN-MARG-V1
EQ-DRYER-264,2026-01-29 18:00:00+00:00,vibration_mm_s,3.04,mm/s,2026-S1,synthétique,PROC-GEN-MARG-V1
EQ-DRYER-264,2026-01-30 00:00:00+00:00,vibration_mm_s,2.82,mm/s,2026-S1,synthétique,PROC-GEN-MARG-V1
EQ-DRYER-264,2026-01-30 06:00:00+00:00,vibration_mm_s,3.23,mm/s,2026-S1,synthétique,PROC-GEN-MARG-V1
EQ-DRYER-264,2026-01-30 12:00:00+00:00,vibration_mm_s,3.36,mm/s,2026-S1,synthétique,PROC-GEN-MARG-V1
EQ-DRYER-264,2026-01-30 18:00:00+00:00,vibration_mm_s,2.83,mm/s,2026-S1,synthétique,PROC-GEN-MARG-V1
EQ-DRYER-264,2026-01-31 00:00:00+00:00,vibration_mm_s,2.45,mm/s,2026-S1,synthétique,PROC-GEN-MARG-V1
EQ-DRYER-264,2026-01-31 06:00:00+00:00,vibration_mm_s,2.76,mm/s,2026-S1,synthétique,PROC-GEN-MARG-V1
EQ-DRYER-264,2026-01-31 12:00:00+00:00,vibration_mm_s,2.37,mm/s,2026-S1,synthétique,PROC-GEN-MARG-V1
EQ-DRYER-264,2026-01-31 18:00:00+00:00,vibration_mm_s,3.27,mm/s,2026-S1,synthétique,PROC-GEN-MARG-V1
EQ-FAN-104,2026-01-01 00:00:00+00:00,vibration_mm_s,2.95,mm/s,2026-S1,synthétique,PROC-GEN-MARG-V1
EQ-FAN-104,2026-01-01 06:00:00+00:00,vibration_mm_s,1.96,mm/s,2026-S1,synthétique,PROC-GEN-MARG-V1
EQ-FAN-104,2026-01-01 12:00:00+00:00,vibration_mm_s,3.18,mm/s,2026-S1,synthétique,PROC-GEN-MARG-V1
EQ-FAN-104,2026-01-01 18:00:00+00:00,vibration_mm_s,2.82,mm/s,2026-S1,synthétique,PROC-GEN-MARG-V1
EQ-FAN-104,2026-01-02 00:00:00+00:00,vibration_mm_s,2.73,mm/s,2026-S1,synthétique,PROC-GEN-MARG-V1
EQ-FAN-104,2026-01-02 06:00:00+00:00,vibration_mm_s,3.05,mm/s,2026-S1,synthétique,PROC-GEN-MARG-V1
EQ-FAN-104,2026-01-02 12:00:00+00:00,vibration_mm_s,2.5,mm/s,2026-S1,synthétique,PROC-GEN-MARG-V1
EQ-FAN-104,2026-01-02 18:00:00+00:00,vibration_mm_s,2.31,mm/s,2026-S1,synthétique,PROC-GEN-MARG-V1
EQ-FAN-104,2026-01-03 00:00:00+00:00,vibration_mm_s,2.99,mm/s,2026-S1,synthétique,PROC-GEN-MARG-V1
EQ-FAN-104,2026-01-03 06:00:00+00:00,vibration_mm_s,2.56,mm/s,2026-S1,synthétique,PROC-GEN-MARG-V1
EQ-FAN-104,2026-01-03 12:00:00+00:00,vibration_mm_s,3.36,mm/s,2026-S1,synthétique,PROC-GEN-MARG-V1
EQ-FAN-104,2026-01-03 18:00:00+00:00,vibration_mm_s,2.86,mm/s,2026-S1,synthétique,PROC-GEN-MARG-V1
EQ-FAN-104,2026-01-04 00:00:00+00:00,vibration_mm_s,2.71,mm/s,2026-S1,synthétique,PROC-GEN-MARG-V1
EQ-FAN-104,2026-01-04 06:00:00+00:00,vibration_mm_s,2.86,mm/s,2026-S1,synthétique,PROC-GEN-MARG-V1
EQ-FAN-104,2026-01-04 12:00:00+00:00,vibration_mm_s,2.43,mm/s,2026-S1,synthétique,PROC-GEN-MARG-V1
EQ-FAN-104,2026-01-04 18:00:00+00:00,vibration_mm_s,3.18,mm/s,2026-S1,synthétique,PROC-GEN-MARG-V1
EQ-FAN-104,2026-01-05 00:00:00+00:00,vibration_mm_s,2.26,mm/s,2026-S1,synthétique,PROC-GEN-MARG-V1
EQ-FAN-104,2026-01-05 06:00:00+00:00,vibration_mm_s,2.94,mm/s,2026-S1,synthétique,PROC-GEN-MARG-V1
EQ-FAN-104,2026-01-05 12:00:00+00:00,vibration_mm_s,2.42,mm/s,2026-S1,synthétique,PROC-GEN-MARG-V1
EQ-FAN-104,2026-01-05 18:00:00+00:00,vibration_mm_s,2.58,mm/s,2026-S1,synthétique,PROC-GEN-MARG-V1
EQ-FAN-104,2026-01-06 00:00:00+00:00,vibration_mm_s,3.2,mm/s,2026-S1,synthétique,PROC-GEN-MARG-V1
EQ-FAN-104,2026-01-06 06:00:00+00:00,vibration_mm_s,3.05,mm/s,2026-S1,synthétique,PROC-GEN-MARG-V1
EQ-FAN-104,2026-01-06 12:00:00+00:00,vibration_mm_s,2.39,mm/s,2026-S1,synthétique,PROC-GEN-MARG-V1
EQ-FAN-104,2026-01-06 18:00:00+00:00,vibration_mm_s,2.37,mm/s,2026-S1,synthétique,PROC-GEN-MARG-V1
EQ-FAN-104,2026-01-07 00:00:00+00:00,vibration_mm_s,2.61,mm/s,2026-S1,synthétique,PROC-GEN-MARG-V1
EQ-FAN-104,2026-01-07 06:00:00+00:00,vibration_mm_s,3.03,mm/s,2026-S1,synthétique,PROC-GEN-MARG-V1
EQ-FAN-104,2026-01-07 12:00:00+00:00,vibration_mm_s,2.75,mm/s,2026-S1,synthétique,PROC-GEN-MARG-V1
EQ-FAN-104,2026-01-07 18:00:00+00:00,vibration_mm_s,2.43,mm/s,2026-S1,synthétique,PROC-GEN-MARG-V1
EQ-FAN-104,2026-01-08 00:00:00+00:00,vibration_mm_s,3.56,mm/s,2026-S1,synthétique,PROC-GEN-MARG-V1
EQ-FAN-104,2026-01-08 06:00:00+00:00,vibration_mm_s,3.03,mm/s,2026-S1,synthétique,PROC-GEN-MARG-V1
EQ-FAN-104,2026-01-08 12:00:00+00:00,vibration_mm_s,2.58,mm/s,2026-S1,synthétique,PROC-GEN-MARG-V1
EQ-FAN-104,2026-01-08 18:00:00+00:00,vibration_mm_s,3.3,mm/s,2026-S1,synthétique,PROC-GEN-MARG-V1
EQ-FAN-104,2026-01-09 00:00:00+00:00,vibration_mm_s,3.01,mm/s,2026-S1,synthétique,PROC-GEN-MARG-V1
EQ-FAN-104,2026-01-09 06:00:00+00:00,vibration_mm_s,2.66,mm/s,2026-S1,synthétique,PROC-GEN-MARG-V1
EQ-FAN-104,2026-01-09 12:00:00+00:00,vibration_mm_s,2.72,mm/s,2026-S1,synthétique,PROC-GEN-MARG-V1
EQ-FAN-104,2026-01-09 18:00:00+00:00,vibration_mm_s,3.27,mm/s,2026-S1,synthétique,PROC-GEN-MARG-V1
EQ-FAN-104,2026-01-10 00:00:00+00:00,vibration_mm_s,2.57,mm/s,2026-S1,synthétique,PROC-GEN-MARG-V1
EQ-FAN-104,2026-01-10 06:00:00+00:00,vibration_mm_s,2.81,mm/s,2026-S1,synthétique,PROC-GEN-MARG-V1
EQ-FAN-104,2026-01-10 12:00:00+00:00,vibration_mm_s,2.39,mm/s,2026-S1,synthétique,PROC-GEN-MARG-V1
EQ-FAN-104,2026-01-10 18:00:00+00:00,vibration_mm_s,2.64,mm/s,2026-S1,synthétique,PROC-GEN-MARG-V1
EQ-FAN-104,2026-01-11 00:00:00+00:00,vibration_mm_s,3.24,mm/s,2026-S1,synthétique,PROC-GEN-MARG-V1
EQ-FAN-104,2026-01-11 06:00:00+00:00,vibration_mm_s,2.52,mm/s,2026-S1,synthétique,PROC-GEN-MARG-V1
EQ-FAN-104,2026-01-11 12:00:00+00:00,vibration_mm_s,2.84,mm/s,2026-S1,synthétique,PROC-GEN-MARG-V1
EQ-FAN-104,2026-01-11 18:00:00+00:00,vibration_mm_s,3.12,mm/s,2026-S1,synthétique,PROC-GEN-MARG-V1
EQ-FAN-104,2026-01-12 00:00:00+00:00,vibration_mm_s,3.27,mm/s,2026-S1,synthétique,PROC-GEN-MARG-V1
EQ-FAN-104,2026-01-12 06:00:00+00:00,vibration_mm_s,3.11,mm/s,2026-S1,synthétique,PROC-GEN-MARG-V1
EQ-FAN-104,2026-01-12 12:00:00+00:00,vibration_mm_s,2.78,mm/s,2026-S1,synthétique,PROC-GEN-MARG-V1
EQ-FAN-104,2026-01-12 18:00:00+00:00,vibration_mm_s,3.23,mm/s,2026-S1,synthétique,PROC-GEN-MARG-V1
EQ-FAN-104,2026-01-13 00:00:00+00:00,vibration_mm_s,3.13,mm/s,2026-S1,synthétique,PROC-GEN-MARG-V1
EQ-FAN-104,2026-01-13 06:00:00+00:00,vibration_mm_s,2.44,mm/s,2026-S1,synthétique,PROC-GEN-MARG-V1
EQ-FAN-104,2026-01-13 12:00:00+00:00,vibration_mm_s,3.72,mm/s,2026-S1,synthétique,PROC-GEN-MARG-V1
EQ-FAN-104,2026-01-13 18:00:00+00:00,vibration_mm_s,2.94,mm/s,2026-S1,synthétique,PROC-GEN-MARG-V1
EQ-FAN-104,2026-01-14 00:00:00+00:00,vibration_mm_s,2.86,mm/s,2026-S1,synthétique,PROC-GEN-MARG-V1
EQ-FAN-104,2026-01-14 06:00:00+00:00,vibration_mm_s,2.6,mm/s,2026-S1,synthétique,PROC-GEN-MARG-V1
EQ-FAN-104,2026-01-14 12:00:00+00:00,vibration_mm_s,3.5,mm/s,2026-S1,synthétique,PROC-GEN-MARG-V1
EQ-FAN-104,2026-01-14 18:00:00+00:00,vibration_mm_s,2.7,mm/s,2026-S1,synthétique,PROC-GEN-MARG-V1
EQ-FAN-104,2026-01-15 00:00:00+00:00,vibration_mm_s,2.84,mm/s,2026-S1,synthétique,PROC-GEN-MARG-V1
EQ-FAN-104,2026-01-15 06:00:00+00:00,vibration_mm_s,2.56,mm/s,2026-S1,synthétique,PROC-GEN-MARG-V1
EQ-FAN-104,2026-01-15 12:00:00+00:00,vibration_mm_s,2.85,mm/s,2026-S1,synthétique,PROC-GEN-MARG-V1
EQ-FAN-104,2026-01-15 18:00:00+00:00,vibration_mm_s,3.12,mm/s,2026-S1,synthétique,PROC-GEN-MARG-V1
EQ-FAN-104,2026-01-16 00:00:00+00:00,vibration_mm_s,3.16,mm/s,2026-S1,synthétique,PROC-GEN-MARG-V1
EQ-FAN-104,2026-01-16 06:00:00+00:00,vibration_mm_s,3.0,mm/s,2026-S1,synthétique,PROC-GEN-MARG-V1
EQ-FAN-104,2026-01-16 12:00:00+00:00,vibration_mm_s,2.74,mm/s,2026-S1,synthétique,PROC-GEN-MARG-V1
EQ-FAN-104,2026-01-16 18:00:00+00:00,vibration_mm_s,2.97,mm/s,2026-S1,synthétique,PROC-GEN-MARG-V1
EQ-FAN-104,2026-01-17 00:00:00+00:00,vibration_mm_s,2.11,mm/s,2026-S1,synthétique,PROC-GEN-MARG-V1
EQ-FAN-104,2026-01-17 06:00:00+00:00,vibration_mm_s,2.59,mm/s,2026-S1,synthétique,PROC-GEN-MARG-V1
EQ-FAN-104,2026-01-17 12:00:00+00:00,vibration_mm_s,2.11,mm/s,2026-S1,synthétique,PROC-GEN-MARG-V1
EQ-FAN-104,2026-01-17 18:00:00+00:00,vibration_mm_s,2.8,mm/s,2026-S1,synthétique,PROC-GEN-MARG-V1
EQ-FAN-104,2026-01-18 00:00:00+00:00,vibration_mm_s,2.98,mm/s,2026-S1,synthétique,PROC-GEN-MARG-V1
EQ-FAN-104,2026-01-18 06:00:00+00:00,vibration_mm_s,2.81,mm/s,2026-S1,synthétique,PROC-GEN-MARG-V1
EQ-FAN-104,2026-01-18 12:00:00+00:00,vibration_mm_s,3.73,mm/s,2026-S1,synthétique,PROC-GEN-MARG-V1
EQ-FAN-104,2026-01-18 18:00:00+00:00,vibration_mm_s,2.7,mm/s,2026-S1,synthétique,PROC-GEN-MARG-V1
EQ-FAN-104,2026-01-19 00:00:00+00:00,vibration_mm_s,2.32,mm/s,2026-S1,synthétique,PROC-GEN-MARG-V1
EQ-FAN-104,2026-01-19 06:00:00+00:00,vibration_mm_s,2.73,mm/s,2026-S1,synthétique,PROC-GEN-MARG-V1
EQ-FAN-104,2026-01-19 12:00:00+00:00,vibration_mm_s,2.69,mm/s,2026-S1,synthétique,PROC-GEN-MARG-V1
EQ-FAN-104,2026-01-19 18:00:00+00:00,vibration_mm_s,2.9,mm/s,2026-S1,synthétique,PROC-GEN-MARG-V1
EQ-FAN-104,2026-01-20 00:00:00+00:00,vibration_mm_s,3.12,mm/s,2026-S1,synthétique,PROC-GEN-MARG-V1
EQ-FAN-104,2026-01-20 06:00:00+00:00,vibration_mm_s,2.26,mm/s,2026-S1,synthétique,PROC-GEN-MARG-V1
EQ-FAN-104,2026-01-20 12:00:00+00:00,vibration_mm_s,2.62,mm/s,2026-S1,synthétique,PROC-GEN-MARG-V1
EQ-FAN-104,2026-01-20 18:00:00+00:00,vibration_mm_s,3.24,mm/s,2026-S1,synthétique,PROC-GEN-MARG-V1
EQ-FAN-104,2026-01-21 00:00:00+00:00,vibration_mm_s,2.67,mm/s,2026-S1,synthétique,PROC-GEN-MARG-V1
EQ-FAN-104,2026-01-21 06:00:00+00:00,vibration_mm_s,3.34,mm/s,2026-S1,synthétique,PROC-GEN-MARG-V1
EQ-FAN-104,2026-01-21 12:00:00+00:00,vibration_mm_s,2.41,mm/s,2026-S1,synthétique,PROC-GEN-MARG-V1
EQ-FAN-104,2026-01-21 18:00:00+00:00,vibration_mm_s,2.19,mm/s,2026-S1,synthétique,PROC-GEN-MARG-V1
EQ-FAN-104,2026-01-22 00:00:00+00:00,vibration_mm_s,2.57,mm/s,2026-S1,synthétique,PROC-GEN-MARG-V1
EQ-FAN-104,2026-01-22 06:00:00+00:00,vibration_mm_s,2.98,mm/s,2026-S1,synthétique,PROC-GEN-MARG-V1
EQ-FAN-104,2026-01-22 12:00:00+00:00,vibration_mm_s,2.62,mm/s,2026-S1,synthétique,PROC-GEN-MARG-V1
EQ-FAN-104,2026-01-22 18:00:00+00:00,vibration_mm_s,3.49,mm/s,2026-S1,synthétique,PROC-GEN-MARG-V1
EQ-FAN-104,2026-01-23 00:00:00+00:00,vibration_mm_s,2.6,mm/s,2026-S1,synthétique,PROC-GEN-MARG-V1
EQ-FAN-104,2026-01-23 06:00:00+00:00,vibration_mm_s,3.02,mm/s,2026-S1,synthétique,PROC-GEN-MARG-V1
EQ-FAN-104,2026-01-23 12:00:00+00:00,vibration_mm_s,2.32,mm/s,2026-S1,synthétique,PROC-GEN-MARG-V1
EQ-FAN-104,2026-01-23 18:00:00+00:00,vibration_mm_s,3.06,mm/s,2026-S1,synthétique,PROC-GEN-MARG-V1
EQ-FAN-104,2026-01-24 00:00:00+00:00,vibration_mm_s,2.26,mm/s,2026-S1,synthétique,PROC-GEN-MARG-V1
EQ-FAN-104,2026-01-24 06:00:00+00:00,vibration_mm_s,3.14,mm/s,2026-S1,synthétique,PROC-GEN-MARG-V1
EQ-FAN-104,2026-01-24 12:00:00+00:00,vibration_mm_s,2.2,mm/s,2026-S1,synthétique,PROC-GEN-MARG-V1
EQ-FAN-104,2026-01-24 18:00:00+00:00,vibration_mm_s,2.63,mm/s,2026-S1,synthétique,PROC-GEN-MARG-V1
EQ-FAN-104,2026-01-25 00:00:00+00:00,vibration_mm_s,3.05,mm/s,2026-S1,synthétique,PROC-GEN-MARG-V1
EQ-FAN-104,2026-01-25 06:00:00+00:00,vibration_mm_s,2.81,mm/s,2026-S1,synthétique,PROC-GEN-MARG-V1
EQ-FAN-104,2026-01-25 12:00:00+00:00,vibration_mm_s,2.9,mm/s,2026-S1,synthétique,PROC-GEN-MARG-V1
EQ-FAN-104,2026-01-25 18:00:00+00:00,vibration_mm_s,3.49,mm/s,2026-S1,synthétique,PROC-GEN-MARG-V1
EQ-FAN-104,2026-01-26 00:00:00+00:00,vibration_mm_s,2.64,mm/s,2026-S1,synthétique,PROC-GEN-MARG-V1
EQ-FAN-104,2026-01-26 06:00:00+00:00,vibration_mm_s,2.95,mm/s,2026-S1,synthétique,PROC-GEN-MARG-V1
EQ-FAN-104,2026-01-26 12:00:00+00:00,vibration_mm_s,3.12,mm/s,2026-S1,synthétique,PROC-GEN-MARG-V1
EQ-FAN-104,2026-01-26 18:00:00+00:00,vibration_mm_s,2.87,mm/s,2026-S1,synthétique,PROC-GEN-MARG-V1
EQ-FAN-104,2026-01-27 00:00:00+00:00,vibration_mm_s,3.43,mm/s,2026-S1,synthétique,PROC-GEN-MARG-V1
EQ-FAN-104,2026-01-27 06:00:00+00:00,vibration_mm_s,2.84,mm/s,2026-S1,synthétique,PROC-GEN-MARG-V1
EQ-FAN-104,2026-01-27 12:00:00+00:00,vibration_mm_s,3.34,mm/s,2026-S1,synthétique,PROC-GEN-MARG-V1
EQ-FAN-104,2026-01-27 18:00:00+00:00,vibration_mm_s,2.48,mm/s,2026-S1,synthétique,PROC-GEN-MARG-V1
EQ-FAN-104,2026-01-28 00:00:00+00:00,vibration_mm_s,3.03,mm/s,2026-S1,synthétique,PROC-GEN-MARG-V1
EQ-FAN-104,2026-01-28 06:00:00+00:00,vibration_mm_s,2.88,mm/s,2026-S1,synthétique,PROC-GEN-MARG-V1
EQ-FAN-104,2026-01-28 12:00:00+00:00,vibration_mm_s,2.54,mm/s,2026-S1,synthétique,PROC-GEN-MARG-V1
EQ-FAN-104,2026-01-28 18:00:00+00:00,vibration_mm_s,3.27,mm/s,2026-S1,synthétique,PROC-GEN-MARG-V1
EQ-FAN-104,2026-01-29 00:00:00+00:00,vibration_mm_s,2.65,mm/s,2026-S1,synthétique,PROC-GEN-MARG-V1
EQ-FAN-104,2026-01-29 06:00:00+00:00,vibration_mm_s,3.12,mm/s,2026-S1,synthétique,PROC-GEN-MARG-V1
EQ-FAN-104,2026-01-29 12:00:00+00:00,vibration_mm_s,3.69,mm/s,2026-S1,synthétique,PROC-GEN-MARG-V1
EQ-FAN-104,2026-01-29 18:00:00+00:00,vibration_mm_s,2.86,mm/s,2026-S1,synthétique,PROC-GEN-MARG-V1
EQ-FAN-104,2026-01-30 00:00:00+00:00,vibration_mm_s,3.09,mm/s,2026-S1,synthétique,PROC-GEN-MARG-V1
EQ-FAN-104,2026-01-30 06:00:00+00:00,vibration_mm_s,3.34,mm/s,2026-S1,synthétique,PROC-GEN-MARG-V1
EQ-FAN-104,2026-01-30 12:00:00+00:00,vibration_mm_s,2.85,mm/s,2026-S1,synthétique,PROC-GEN-MARG-V1
EQ-FAN-104,2026-01-30 18:00:00+00:00,vibration_mm_s,2.51,mm/s,2026-S1,synthétique,PROC-GEN-MARG-V1
EQ-FAN-104,2026-01-31 00:00:00+00:00,vibration_mm_s,2.68,mm/s,2026-S1,synthétique,PROC-GEN-MARG-V1
EQ-FAN-104,2026-01-31 06:00:00+00:00,vibration_mm_s,2.63,mm/s,2026-S1,synthétique,PROC-GEN-MARG-V1
EQ-FAN-104,2026-01-31 12:00:00+00:00,vibration_mm_s,3.2,mm/s,2026-S1,synthétique,PROC-GEN-MARG-V1
EQ-FAN-104,2026-01-31 18:00:00+00:00,vibration_mm_s,2.38,mm/s,2026-S1,synthétique,PROC-GEN-MARG-V1
EQ-FAN-120,2026-01-01 00:00:00+00:00,vibration_mm_s,2.74,mm/s,2026-S1,synthétique,PROC-GEN-MARG-V1
EQ-FAN-120,2026-01-01 06:00:00+00:00,vibration_mm_s,3.24,mm/s,2026-S1,synthétique,PROC-GEN-MARG-V1
EQ-FAN-120,2026-01-01 12:00:00+00:00,vibration_mm_s,2.54,mm/s,2026-S1,synthétique,PROC-GEN-MARG-V1
EQ-FAN-120,2026-01-01 18:00:00+00:00,vibration_mm_s,2.72,mm/s,2026-S1,synthétique,PROC-GEN-MARG-V1
EQ-FAN-120,2026-01-02 00:00:00+00:00,vibration_mm_s,2.12,mm/s,2026-S1,synthétique,PROC-GEN-MARG-V1
EQ-FAN-120,2026-01-02 06:00:00+00:00,vibration_mm_s,2.5,mm/s,2026-S1,synthétique,PROC-GEN-MARG-V1
EQ-FAN-120,2026-01-02 12:00:00+00:00,vibration_mm_s,2.26,mm/s,2026-S1,synthétique,PROC-GEN-MARG-V1
EQ-FAN-120,2026-01-02 18:00:00+00:00,vibration_mm_s,2.41,mm/s,2026-S1,synthétique,PROC-GEN-MARG-V1
EQ-FAN-120,2026-01-03 00:00:00+00:00,vibration_mm_s,2.83,mm/s,2026-S1,synthétique,PROC-GEN-MARG-V1
EQ-FAN-120,2026-01-03 06:00:00+00:00,vibration_mm_s,3.08,mm/s,2026-S1,synthétique,PROC-GEN-MARG-V1
EQ-FAN-120,2026-01-03 12:00:00+00:00,vibration_mm_s,3.03,mm/s,2026-S1,synthétique,PROC-GEN-MARG-V1
EQ-FAN-120,2026-01-03 18:00:00+00:00,vibration_mm_s,3.17,mm/s,2026-S1,synthétique,PROC-GEN-MARG-V1
EQ-FAN-120,2026-01-04 00:00:00+00:00,vibration_mm_s,2.33,mm/s,2026-S1,synthétique,PROC-GEN-MARG-V1
EQ-FAN-120,2026-01-04 06:00:00+00:00,vibration_mm_s,2.55,mm/s,2026-S1,synthétique,PROC-GEN-MARG-V1
EQ-FAN-120,2026-01-04 12:00:00+00:00,vibration_mm_s,3.07,mm/s,2026-S1,synthétique,PROC-GEN-MARG-V1
EQ-FAN-120,2026-01-04 18:00:00+00:00,vibration_mm_s,3.34,mm/s,2026-S1,synthétique,PROC-GEN-MARG-V1
EQ-FAN-120,2026-01-05 00:00:00+00:00,vibration_mm_s,2.81,mm/s,2026-S1,synthétique,PROC-GEN-MARG-V1
EQ-FAN-120,2026-01-05 06:00:00+00:00,vibration_mm_s,2.96,mm/s,2026-S1,synthétique,PROC-GEN-MARG-V1
EQ-FAN-120,2026-01-05 12:00:00+00:00,vibration_mm_s,2.15,mm/s,2026-S1,synthétique,PROC-GEN-MARG-V1
EQ-FAN-120,2026-01-05 18:00:00+00:00,vibration_mm_s,2.5,mm/s,2026-S1,synthétique,PROC-GEN-MARG-V1
EQ-FAN-120,2026-01-06 00:00:00+00:00,vibration_mm_s,2.53,mm/s,2026-S1,synthétique,PROC-GEN-MARG-V1
EQ-FAN-120,2026-01-06 06:00:00+00:00,vibration_mm_s,2.24,mm/s,2026-S1,synthétique,PROC-GEN-MARG-V1
EQ-FAN-120,2026-01-06 12:00:00+00:00,vibration_mm_s,2.87,mm/s,2026-S1,synthétique,PROC-GEN-MARG-V1
EQ-FAN-120,2026-01-06 18:00:00+00:00,vibration_mm_s,3.06,mm/s,2026-S1,synthétique,PROC-GEN-MARG-V1
EQ-FAN-120,2026-01-07 00:00:00+00:00,vibration_mm_s,2.72,mm/s,2026-S1,synthétique,PROC-GEN-MARG-V1
EQ-FAN-120,2026-01-07 06:00:00+00:00,vibration_mm_s,2.5,mm/s,2026-S1,synthétique,PROC-GEN-MARG-V1
EQ-FAN-120,2026-01-07 12:00:00+00:00,vibration_mm_s,2.26,mm/s,2026-S1,synthétique,PROC-GEN-MARG-V1
EQ-FAN-120,2026-01-07 18:00:00+00:00,vibration_mm_s,3.1,mm/s,2026-S1,synthétique,PROC-GEN-MARG-V1
EQ-FAN-120,2026-01-08 00:00:00+00:00,vibration_mm_s,3.2,mm/s,2026-S1,synthétique,PROC-GEN-MARG-V1
EQ-FAN-120,2026-01-08 06:00:00+00:00,vibration_mm_s,3.07,mm/s,2026-S1,synthétique,PROC-GEN-MARG-V1
EQ-FAN-120,2026-01-08 12:00:00+00:00,vibration_mm_s,2.72,mm/s,2026-S1,synthétique,PROC-GEN-MARG-V1
EQ-FAN-120,2026-01-08 18:00:00+00:00,vibration_mm_s,2.71,mm/s,2026-S1,synthétique,PROC-GEN-MARG-V1
EQ-FAN-120,2026-01-09 00:00:00+00:00,vibration_mm_s,2.15,mm/s,2026-S1,synthétique,PROC-GEN-MARG-V1
EQ-FAN-120,2026-01-09 06:00:00+00:00,vibration_mm_s,2.94,mm/s,2026-S1,synthétique,PROC-GEN-MARG-V1
EQ-FAN-120,2026-01-09 12:00:00+00:00,vibration_mm_s,2.96,mm/s,2026-S1,synthétique,PROC-GEN-MARG-V1
EQ-FAN-120,2026-01-09 18:00:00+00:00,vibration_mm_s,3.09,mm/s,2026-S1,synthétique,PROC-GEN-MARG-V1
EQ-FAN-120,2026-01-10 00:00:00+00:00,vibration_mm_s,2.75,mm/s,2026-S1,synthétique,PROC-GEN-MARG-V1
EQ-FAN-120,2026-01-10 06:00:00+00:00,vibration_mm_s,2.7,mm/s,2026-S1,synthétique,PROC-GEN-MARG-V1
EQ-FAN-120,2026-01-10 12:00:00+00:00,vibration_mm_s,3.07,mm/s,2026-S1,synthétique,PROC-GEN-MARG-V1
EQ-FAN-120,2026-01-10 18:00:00+00:00,vibration_mm_s,3.7,mm/s,2026-S1,synthétique,PROC-GEN-MARG-V1
EQ-FAN-120,2026-01-11 00:00:00+00:00,vibration_mm_s,2.94,mm/s,2026-S1,synthétique,PROC-GEN-MARG-V1
EQ-FAN-120,2026-01-11 06:00:00+00:00,vibration_mm_s,3.28,mm/s,2026-S1,synthétique,PROC-GEN-MARG-V1
EQ-FAN-120,2026-01-11 12:00:00+00:00,vibration_mm_s,3.08,mm/s,2026-S1,synthétique,PROC-GEN-MARG-V1
EQ-FAN-120,2026-01-11 18:00:00+00:00,vibration_mm_s,2.93,mm/s,2026-S1,synthétique,PROC-GEN-MARG-V1
EQ-FAN-120,2026-01-12 00:00:00+00:00,vibration_mm_s,3.51,mm/s,2026-S1,synthétique,PROC-GEN-MARG-V1
EQ-FAN-120,2026-01-12 06:00:00+00:00,vibration_mm_s,3.2,mm/s,2026-S1,synthétique,PROC-GEN-MARG-V1
EQ-FAN-120,2026-01-12 12:00:00+00:00,vibration_mm_s,2.66,mm/s,2026-S1,synthétique,PROC-GEN-MARG-V1
EQ-FAN-120,2026-01-12 18:00:00+00:00,vibration_mm_s,2.73,mm/s,2026-S1,synthétique,PROC-GEN-MARG-V1
EQ-FAN-120,2026-01-13 00:00:00+00:00,vibration_mm_s,2.67,mm/s,2026-S1,synthétique,PROC-GEN-MARG-V1
EQ-FAN-120,2026-01-13 06:00:00+00:00,vibration_mm_s,2.94,mm/s,2026-S1,synthétique,PROC-GEN-MARG-V1
EQ-FAN-120,2026-01-13 12:00:00+00:00,vibration_mm_s,3.41,mm/s,2026-S1,synthétique,PROC-GEN-MARG-V1
EQ-FAN-120,2026-01-13 18:00:00+00:00,vibration_mm_s,2.69,mm/s,2026-S1,synthétique,PROC-GEN-MARG-V1
EQ-FAN-120,2026-01-14 00:00:00+00:00,vibration_mm_s,2.91,mm/s,2026-S1,synthétique,PROC-GEN-MARG-V1
EQ-FAN-120,2026-01-14 06:00:00+00:00,vibration_mm_s,2.85,mm/s,2026-S1,synthétique,PROC-GEN-MARG-V1
EQ-FAN-120,2026-01-14 12:00:00+00:00,vibration_mm_s,3.07,mm/s,2026-S1,synthétique,PROC-GEN-MARG-V1
EQ-FAN-120,2026-01-14 18:00:00+00:00,vibration_mm_s,2.87,mm/s,2026-S1,synthétique,PROC-GEN-MARG-V1
EQ-FAN-120,2026-01-15 00:00:00+00:00,vibration_mm_s,2.6,mm/s,2026-S1,synthétique,PROC-GEN-MARG-V1
EQ-FAN-120,2026-01-15 06:00:00+00:00,vibration_mm_s,2.79,mm/s,2026-S1,synthétique,PROC-GEN-MARG-V1
EQ-FAN-120,2026-01-15 12:00:00+00:00,vibration_mm_s,3.22,mm/s,2026-S1,synthétique,PROC-GEN-MARG-V1
EQ-FAN-120,2026-01-15 18:00:00+00:00,vibration_mm_s,3.06,mm/s,2026-S1,synthétique,PROC-GEN-MARG-V1
EQ-FAN-120,2026-01-16 00:00:00+00:00,vibration_mm_s,2.59,mm/s,2026-S1,synthétique,PROC-GEN-MARG-V1
EQ-FAN-120,2026-01-16 06:00:00+00:00,vibration_mm_s,1.83,mm/s,2026-S1,synthétique,PROC-GEN-MARG-V1
EQ-FAN-120,2026-01-16 12:00:00+00:00,vibration_mm_s,2.87,mm/s,2026-S1,synthétique,PROC-GEN-MARG-V1
EQ-FAN-120,2026-01-16 18:00:00+00:00,vibration_mm_s,4.93,mm/s,2026-S1,synthétique,PROC-GEN-MARG-V1
EQ-FAN-120,2026-01-17 00:00:00+00:00,vibration_mm_s,2.6,mm/s,2026-S1,synthétique,PROC-GEN-MARG-V1
EQ-FAN-120,2026-01-17 06:00:00+00:00,vibration_mm_s,3.04,mm/s,2026-S1,synthétique,PROC-GEN-MARG-V1
EQ-FAN-120,2026-01-17 12:00:00+00:00,vibration_mm_s,2.02,mm/s,2026-S1,synthétique,PROC-GEN-MARG-V1
EQ-FAN-120,2026-01-17 18:00:00+00:00,vibration_mm_s,3.19,mm/s,2026-S1,synthétique,PROC-GEN-MARG-V1
EQ-FAN-120,2026-01-18 00:00:00+00:00,vibration_mm_s,2.93,mm/s,2026-S1,synthétique,PROC-GEN-MARG-V1
EQ-FAN-120,2026-01-18 06:00:00+00:00,vibration_mm_s,3.16,mm/s,2026-S1,synthétique,PROC-GEN-MARG-V1
EQ-FAN-120,2026-01-18 12:00:00+00:00,vibration_mm_s,3.1,mm/s,2026-S1,synthétique,PROC-GEN-MARG-V1
EQ-FAN-120,2026-01-18 18:00:00+00:00,vibration_mm_s,3.25,mm/s,2026-S1,synthétique,PROC-GEN-MARG-V1
EQ-FAN-120,2026-01-19 00:00:00+00:00,vibration_mm_s,3.43,mm/s,2026-S1,synthétique,PROC-GEN-MARG-V1
EQ-FAN-120,2026-01-19 06:00:00+00:00,vibration_mm_s,2.92,mm/s,2026-S1,synthétique,PROC-GEN-MARG-V1
EQ-FAN-120,2026-01-19 12:00:00+00:00,vibration_mm_s,2.47,mm/s,2026-S1,synthétique,PROC-GEN-MARG-V1
EQ-FAN-120,2026-01-19 18:00:00+00:00,vibration_mm_s,3.17,mm/s,2026-S1,synthétique,PROC-GEN-MARG-V1
EQ-FAN-120,2026-01-20 00:00:00+00:00,vibration_mm_s,3.2,mm/s,2026-S1,synthétique,PROC-GEN-MARG-V1
EQ-FAN-120,2026-01-20 06:00:00+00:00,vibration_mm_s,2.72,mm/s,2026-S1,synthétique,PROC-GEN-MARG-V1
EQ-FAN-120,2026-01-20 12:00:00+00:00,vibration_mm_s,3.12,mm/s,2026-S1,synthétique,PROC-GEN-MARG-V1
EQ-FAN-120,2026-01-20 18:00:00+00:00,vibration_mm_s,2.52,mm/s,2026-S1,synthétique,PROC-GEN-MARG-V1
EQ-FAN-120,2026-01-21 00:00:00+00:00,vibration_mm_s,2.6,mm/s,2026-S1,synthétique,PROC-GEN-MARG-V1
EQ-FAN-120,2026-01-21 06:00:00+00:00,vibration_mm_s,2.96,mm/s,2026-S1,synthétique,PROC-GEN-MARG-V1
EQ-FAN-120,2026-01-21 12:00:00+00:00,vibration_mm_s,2.81,mm/s,2026-S1,synthétique,PROC-GEN-MARG-V1
EQ-FAN-120,2026-01-21 18:00:00+00:00,vibration_mm_s,3.66,mm/s,2026-S1,synthétique,PROC-GEN-MARG-V1
EQ-FAN-120,2026-01-22 00:00:00+00:00,vibration_mm_s,2.91,mm/s,2026-S1,synthétique,PROC-GEN-MARG-V1
EQ-FAN-120,2026-01-22 06:00:00+00:00,vibration_mm_s,2.38,mm/s,2026-S1,synthétique,PROC-GEN-MARG-V1
EQ-FAN-120,2026-01-22 12:00:00+00:00,vibration_mm_s,3.11,mm/s,2026-S1,synthétique,PROC-GEN-MARG-V1
EQ-FAN-120,2026-01-22 18:00:00+00:00,vibration_mm_s,2.97,mm/s,2026-S1,synthétique,PROC-GEN-MARG-V1
EQ-FAN-120,2026-01-23 00:00:00+00:00,vibration_mm_s,2.88,mm/s,2026-S1,synthétique,PROC-GEN-MARG-V1
EQ-FAN-120,2026-01-23 06:00:00+00:00,vibration_mm_s,2.92,mm/s,2026-S1,synthétique,PROC-GEN-MARG-V1
EQ-FAN-120,2026-01-23 12:00:00+00:00,vibration_mm_s,3.27,mm/s,2026-S1,synthétique,PROC-GEN-MARG-V1
EQ-FAN-120,2026-01-23 18:00:00+00:00,vibration_mm_s,2.38,mm/s,2026-S1,synthétique,PROC-GEN-MARG-V1
EQ-FAN-120,2026-01-24 00:00:00+00:00,vibration_mm_s,2.24,mm/s,2026-S1,synthétique,PROC-GEN-MARG-V1
EQ-FAN-120,2026-01-24 06:00:00+00:00,vibration_mm_s,3.07,mm/s,2026-S1,synthétique,PROC-GEN-MARG-V1
EQ-FAN-120,2026-01-24 12:00:00+00:00,vibration_mm_s,2.37,mm/s,2026-S1,synthétique,PROC-GEN-MARG-V1
EQ-FAN-120,2026-01-24 18:00:00+00:00,vibration_mm_s,2.88,mm/s,2026-S1,synthétique,PROC-GEN-MARG-V1
EQ-FAN-120,2026-01-25 00:00:00+00:00,vibration_mm_s,3.49,mm/s,2026-S1,synthétique,PROC-GEN-MARG-V1
EQ-FAN-120,2026-01-25 06:00:00+00:00,vibration_mm_s,3.48,mm/s,2026-S1,synthétique,PROC-GEN-MARG-V1
EQ-FAN-120,2026-01-25 12:00:00+00:00,vibration_mm_s,2.59,mm/s,2026-S1,synthétique,PROC-GEN-MARG-V1
EQ-FAN-120,2026-01-25 18:00:00+00:00,vibration_mm_s,2.74,mm/s,2026-S1,synthétique,PROC-GEN-MARG-V1
EQ-FAN-120,2026-01-26 00:00:00+00:00,vibration_mm_s,3.17,mm/s,2026-S1,synthétique,PROC-GEN-MARG-V1
EQ-FAN-120,2026-01-26 06:00:00+00:00,vibration_mm_s,2.09,mm/s,2026-S1,synthétique,PROC-GEN-MARG-V1
EQ-FAN-120,2026-01-26 12:00:00+00:00,vibration_mm_s,2.79,mm/s,2026-S1,synthétique,PROC-GEN-MARG-V1
EQ-FAN-120,2026-01-26 18:00:00+00:00,vibration_mm_s,2.9,mm/s,2026-S1,synthétique,PROC-GEN-MARG-V1
EQ-FAN-120,2026-01-27 00:00:00+00:00,vibration_mm_s,2.56,mm/s,2026-S1,synthétique,PROC-GEN-MARG-V1
EQ-FAN-120,2026-01-27 06:00:00+00:00,vibration_mm_s,2.11,mm/s,2026-S1,synthétique,PROC-GEN-MARG-V1
EQ-FAN-120,2026-01-27 12:00:00+00:00,vibration_mm_s,2.75,mm/s,2026-S1,synthétique,PROC-GEN-MARG-V1
EQ-FAN-120,2026-01-27 18:00:00+00:00,vibration_mm_s,2.59,mm/s,2026-S1,synthétique,PROC-GEN-MARG-V1
EQ-FAN-120,2026-01-28 00:00:00+00:00,vibration_mm_s,3.83,mm/s,2026-S1,synthétique,PROC-GEN-MARG-V1
EQ-FAN-120,2026-01-28 06:00:00+00:00,vibration_mm_s,2.86,mm/s,2026-S1,synthétique,PROC-GEN-MARG-V1
EQ-FAN-120,2026-01-28 12:00:00+00:00,vibration_mm_s,3.32,mm/s,2026-S1,synthétique,PROC-GEN-MARG-V1
EQ-FAN-120,2026-01-28 18:00:00+00:00,vibration_mm_s,3.07,mm/s,2026-S1,synthétique,PROC-GEN-MARG-V1
EQ-FAN-120,2026-01-29 00:00:00+00:00,vibration_mm_s,2.56,mm/s,2026-S1,synthétique,PROC-GEN-MARG-V1
EQ-FAN-120,2026-01-29 06:00:00+00:00,vibration_mm_s,2.61,mm/s,2026-S1,synthétique,PROC-GEN-MARG-V1
EQ-FAN-120,2026-01-29 12:00:00+00:00,vibration_mm_s,1.84,mm/s,2026-S1,synthétique,PROC-GEN-MARG-V1
EQ-FAN-120,2026-01-29 18:00:00+00:00,vibration_mm_s,2.89,mm/s,2026-S1,synthétique,PROC-GEN-MARG-V1
EQ-FAN-120,2026-01-30 00:00:00+00:00,vibration_mm_s,3.41,mm/s,2026-S1,synthétique,PROC-GEN-MARG-V1
EQ-FAN-120,2026-01-30 06:00:00+00:00,vibration_mm_s,2.56,mm/s,2026-S1,synthétique,PROC-GEN-MARG-V1
EQ-FAN-120,2026-01-30 12:00:00+00:00,vibration_mm_s,1.96,mm/s,2026-S1,synthétique,PROC-GEN-MARG-V1
EQ-FAN-120,2026-01-30 18:00:00+00:00,vibration_mm_s,2.62,mm/s,2026-S1,synthétique,PROC-GEN-MARG-V1
EQ-FAN-120,2026-01-31 00:00:00+00:00,vibration_mm_s,3.12,mm/s,2026-S1,synthétique,PROC-GEN-MARG-V1
EQ-FAN-120,2026-01-31 06:00:00+00:00,vibration_mm_s,2.8,mm/s,2026-S1,synthétique,PROC-GEN-MARG-V1
EQ-FAN-120,2026-01-31 12:00:00+00:00,vibration_mm_s,2.91,mm/s,2026-S1,synthétique,PROC-GEN-MARG-V1
EQ-FAN-120,2026-01-31 18:00:00+00:00,vibration_mm_s,2.88,mm/s,2026-S1,synthétique,PROC-GEN-MARG-V1
EQ-OVEN-203,2026-01-01 00:00:00+00:00,vibration_mm_s,2.59,mm/s,2026-S1,synthétique,PROC-GEN-MARG-V1
EQ-OVEN-203,2026-01-01 06:00:00+00:00,vibration_mm_s,3.65,mm/s,2026-S1,synthétique,PROC-GEN-MARG-V1
EQ-OVEN-203,2026-01-01 12:00:00+00:00,vibration_mm_s,3.2,mm/s,2026-S1,synthétique,PROC-GEN-MARG-V1
EQ-OVEN-203,2026-01-01 18:00:00+00:00,vibration_mm_s,2.8,mm/s,2026-S1,synthétique,PROC-GEN-MARG-V1
EQ-OVEN-203,2026-01-02 00:00:00+00:00,vibration_mm_s,2.88,mm/s,2026-S1,synthétique,PROC-GEN-MARG-V1
EQ-OVEN-203,2026-01-02 06:00:00+00:00,vibration_mm_s,2.82,mm/s,2026-S1,synthétique,PROC-GEN-MARG-V1
EQ-OVEN-203,2026-01-02 12:00:00+00:00,vibration_mm_s,2.13,mm/s,2026-S1,synthétique,PROC-GEN-MARG-V1
EQ-OVEN-203,2026-01-02 18:00:00+00:00,vibration_mm_s,2.33,mm/s,2026-S1,synthétique,PROC-GEN-MARG-V1
EQ-OVEN-203,2026-01-03 00:00:00+00:00,vibration_mm_s,3.07,mm/s,2026-S1,synthétique,PROC-GEN-MARG-V1
EQ-OVEN-203,2026-01-03 06:00:00+00:00,vibration_mm_s,2.85,mm/s,2026-S1,synthétique,PROC-GEN-MARG-V1
EQ-OVEN-203,2026-01-03 12:00:00+00:00,vibration_mm_s,3.23,mm/s,2026-S1,synthétique,PROC-GEN-MARG-V1
EQ-OVEN-203,2026-01-03 18:00:00+00:00,vibration_mm_s,2.28,mm/s,2026-S1,synthétique,PROC-GEN-MARG-V1
EQ-OVEN-203,2026-01-04 00:00:00+00:00,vibration_mm_s,2.17,mm/s,2026-S1,synthétique,PROC-GEN-MARG-V1
EQ-OVEN-203,2026-01-04 06:00:00+00:00,vibration_mm_s,3.06,mm/s,2026-S1,synthétique,PROC-GEN-MARG-V1
EQ-OVEN-203,2026-01-04 12:00:00+00:00,vibration_mm_s,1.99,mm/s,2026-S1,synthétique,PROC-GEN-MARG-V1
EQ-OVEN-203,2026-01-04 18:00:00+00:00,vibration_mm_s,2.84,mm/s,2026-S1,synthétique,PROC-GEN-MARG-V1
EQ-OVEN-203,2026-01-05 00:00:00+00:00,vibration_mm_s,2.78,mm/s,2026-S1,synthétique,PROC-GEN-MARG-V1
EQ-OVEN-203,2026-01-05 06:00:00+00:00,vibration_mm_s,2.95,mm/s,2026-S1,synthétique,PROC-GEN-MARG-V1
EQ-OVEN-203,2026-01-05 12:00:00+00:00,vibration_mm_s,2.95,mm/s,2026-S1,synthétique,PROC-GEN-MARG-V1
EQ-OVEN-203,2026-01-05 18:00:00+00:00,vibration_mm_s,3.07,mm/s,2026-S1,synthétique,PROC-GEN-MARG-V1
EQ-OVEN-203,2026-01-06 00:00:00+00:00,vibration_mm_s,3.14,mm/s,2026-S1,synthétique,PROC-GEN-MARG-V1
EQ-OVEN-203,2026-01-06 06:00:00+00:00,vibration_mm_s,3.05,mm/s,2026-S1,synthétique,PROC-GEN-MARG-V1
EQ-OVEN-203,2026-01-06 12:00:00+00:00,vibration_mm_s,2.71,mm/s,2026-S1,synthétique,PROC-GEN-MARG-V1
EQ-OVEN-203,2026-01-06 18:00:00+00:00,vibration_mm_s,3.03,mm/s,2026-S1,synthétique,PROC-GEN-MARG-V1
EQ-OVEN-203,2026-01-07 00:00:00+00:00,vibration_mm_s,3.57,mm/s,2026-S1,synthétique,PROC-GEN-MARG-V1
EQ-OVEN-203,2026-01-07 06:00:00+00:00,vibration_mm_s,2.67,mm/s,2026-S1,synthétique,PROC-GEN-MARG-V1
EQ-OVEN-203,2026-01-07 12:00:00+00:00,vibration_mm_s,3.37,mm/s,2026-S1,synthétique,PROC-GEN-MARG-V1
EQ-OVEN-203,2026-01-07 18:00:00+00:00,vibration_mm_s,3.16,mm/s,2026-S1,synthétique,PROC-GEN-MARG-V1
EQ-OVEN-203,2026-01-08 00:00:00+00:00,vibration_mm_s,2.75,mm/s,2026-S1,synthétique,PROC-GEN-MARG-V1
EQ-OVEN-203,2026-01-08 06:00:00+00:00,vibration_mm_s,2.67,mm/s,2026-S1,synthétique,PROC-GEN-MARG-V1
EQ-OVEN-203,2026-01-08 12:00:00+00:00,vibration_mm_s,2.05,mm/s,2026-S1,synthétique,PROC-GEN-MARG-V1
EQ-OVEN-203,2026-01-08 18:00:00+00:00,vibration_mm_s,3.19,mm/s,2026-S1,synthétique,PROC-GEN-MARG-V1
EQ-OVEN-203,2026-01-09 00:00:00+00:00,vibration_mm_s,3.3,mm/s,2026-S1,synthétique,PROC-GEN-MARG-V1
EQ-OVEN-203,2026-01-09 06:00:00+00:00,vibration_mm_s,3.43,mm/s,2026-S1,synthétique,PROC-GEN-MARG-V1
EQ-OVEN-203,2026-01-09 12:00:00+00:00,vibration_mm_s,2.9,mm/s,2026-S1,synthétique,PROC-GEN-MARG-V1
EQ-OVEN-203,2026-01-09 18:00:00+00:00,vibration_mm_s,2.06,mm/s,2026-S1,synthétique,PROC-GEN-MARG-V1
EQ-OVEN-203,2026-01-10 00:00:00+00:00,vibration_mm_s,3.05,mm/s,2026-S1,synthétique,PROC-GEN-MARG-V1
EQ-OVEN-203,2026-01-10 06:00:00+00:00,vibration_mm_s,2.56,mm/s,2026-S1,synthétique,PROC-GEN-MARG-V1
EQ-OVEN-203,2026-01-10 12:00:00+00:00,vibration_mm_s,2.86,mm/s,2026-S1,synthétique,PROC-GEN-MARG-V1
EQ-OVEN-203,2026-01-10 18:00:00+00:00,vibration_mm_s,2.75,mm/s,2026-S1,synthétique,PROC-GEN-MARG-V1
EQ-OVEN-203,2026-01-11 00:00:00+00:00,vibration_mm_s,3.14,mm/s,2026-S1,synthétique,PROC-GEN-MARG-V1
EQ-OVEN-203,2026-01-11 06:00:00+00:00,vibration_mm_s,3.22,mm/s,2026-S1,synthétique,PROC-GEN-MARG-V1
EQ-OVEN-203,2026-01-11 12:00:00+00:00,vibration_mm_s,2.62,mm/s,2026-S1,synthétique,PROC-GEN-MARG-V1
EQ-OVEN-203,2026-01-11 18:00:00+00:00,vibration_mm_s,2.39,mm/s,2026-S1,synthétique,PROC-GEN-MARG-V1
EQ-OVEN-203,2026-01-12 00:00:00+00:00,vibration_mm_s,2.84,mm/s,2026-S1,synthétique,PROC-GEN-MARG-V1
EQ-OVEN-203,2026-01-12 06:00:00+00:00,vibration_mm_s,2.35,mm/s,2026-S1,synthétique,PROC-GEN-MARG-V1
EQ-OVEN-203,2026-01-12 12:00:00+00:00,vibration_mm_s,2.9,mm/s,2026-S1,synthétique,PROC-GEN-MARG-V1
EQ-OVEN-203,2026-01-12 18:00:00+00:00,vibration_mm_s,2.89,mm/s,2026-S1,synthétique,PROC-GEN-MARG-V1
EQ-OVEN-203,2026-01-13 00:00:00+00:00,vibration_mm_s,3.05,mm/s,2026-S1,synthétique,PROC-GEN-MARG-V1
EQ-OVEN-203,2026-01-13 06:00:00+00:00,vibration_mm_s,2.26,mm/s,2026-S1,synthétique,PROC-GEN-MARG-V1
EQ-OVEN-203,2026-01-13 12:00:00+00:00,vibration_mm_s,2.43,mm/s,2026-S1,synthétique,PROC-GEN-MARG-V1
EQ-OVEN-203,2026-01-13 18:00:00+00:00,vibration_mm_s,2.77,mm/s,2026-S1,synthétique,PROC-GEN-MARG-V1
EQ-OVEN-203,2026-01-14 00:00:00+00:00,vibration_mm_s,2.73,mm/s,2026-S1,synthétique,PROC-GEN-MARG-V1
EQ-OVEN-203,2026-01-14 06:00:00+00:00,vibration_mm_s,2.88,mm/s,2026-S1,synthétique,PROC-GEN-MARG-V1
EQ-OVEN-203,2026-01-14 12:00:00+00:00,vibration_mm_s,2.46,mm/s,2026-S1,synthétique,PROC-GEN-MARG-V1
EQ-OVEN-203,2026-01-14 18:00:00+00:00,vibration_mm_s,2.69,mm/s,2026-S1,synthétique,PROC-GEN-MARG-V1
EQ-OVEN-203,2026-01-15 00:00:00+00:00,vibration_mm_s,2.37,mm/s,2026-S1,synthétique,PROC-GEN-MARG-V1
EQ-OVEN-203,2026-01-15 06:00:00+00:00,vibration_mm_s,2.53,mm/s,2026-S1,synthétique,PROC-GEN-MARG-V1
EQ-OVEN-203,2026-01-15 12:00:00+00:00,vibration_mm_s,3.02,mm/s,2026-S1,synthétique,PROC-GEN-MARG-V1
EQ-OVEN-203,2026-01-15 18:00:00+00:00,vibration_mm_s,3.09,mm/s,2026-S1,synthétique,PROC-GEN-MARG-V1
EQ-OVEN-203,2026-01-16 00:00:00+00:00,vibration_mm_s,2.48,mm/s,2026-S1,synthétique,PROC-GEN-MARG-V1
EQ-OVEN-203,2026-01-16 06:00:00+00:00,vibration_mm_s,2.97,mm/s,2026-S1,synthétique,PROC-GEN-MARG-V1
EQ-OVEN-203,2026-01-16 12:00:00+00:00,vibration_mm_s,2.73,mm/s,2026-S1,synthétique,PROC-GEN-MARG-V1
EQ-OVEN-203,2026-01-16 18:00:00+00:00,vibration_mm_s,3.66,mm/s,2026-S1,synthétique,PROC-GEN-MARG-V1
EQ-OVEN-203,2026-01-17 00:00:00+00:00,vibration_mm_s,2.82,mm/s,2026-S1,synthétique,PROC-GEN-MARG-V1
EQ-OVEN-203,2026-01-17 06:00:00+00:00,vibration_mm_s,2.36,mm/s,2026-S1,synthétique,PROC-GEN-MARG-V1
EQ-OVEN-203,2026-01-17 12:00:00+00:00,vibration_mm_s,3.5,mm/s,2026-S1,synthétique,PROC-GEN-MARG-V1
EQ-OVEN-203,2026-01-17 18:00:00+00:00,vibration_mm_s,3.1,mm/s,2026-S1,synthétique,PROC-GEN-MARG-V1
EQ-OVEN-203,2026-01-18 00:00:00+00:00,vibration_mm_s,3.33,mm/s,2026-S1,synthétique,PROC-GEN-MARG-V1
EQ-OVEN-203,2026-01-18 06:00:00+00:00,vibration_mm_s,3.11,mm/s,2026-S1,synthétique,PROC-GEN-MARG-V1
EQ-OVEN-203,2026-01-18 12:00:00+00:00,vibration_mm_s,2.5,mm/s,2026-S1,synthétique,PROC-GEN-MARG-V1
EQ-OVEN-203,2026-01-18 18:00:00+00:00,vibration_mm_s,3.12,mm/s,2026-S1,synthétique,PROC-GEN-MARG-V1
EQ-OVEN-203,2026-01-19 00:00:00+00:00,vibration_mm_s,3.03,mm/s,2026-S1,synthétique,PROC-GEN-MARG-V1
EQ-OVEN-203,2026-01-19 06:00:00+00:00,vibration_mm_s,2.93,mm/s,2026-S1,synthétique,PROC-GEN-MARG-V1
EQ-OVEN-203,2026-01-19 12:00:00+00:00,vibration_mm_s,2.6,mm/s,2026-S1,synthétique,PROC-GEN-MARG-V1
EQ-OVEN-203,2026-01-19 18:00:00+00:00,vibration_mm_s,3.19,mm/s,2026-S1,synthétique,PROC-GEN-MARG-V1
EQ-OVEN-203,2026-01-20 00:00:00+00:00,vibration_mm_s,2.64,mm/s,2026-S1,synthétique,PROC-GEN-MARG-V1
EQ-OVEN-203,2026-01-20 06:00:00+00:00,vibration_mm_s,2.66,mm/s,2026-S1,synthétique,PROC-GEN-MARG-V1
EQ-OVEN-203,2026-01-20 12:00:00+00:00,vibration_mm_s,2.55,mm/s,2026-S1,synthétique,PROC-GEN-MARG-V1
EQ-OVEN-203,2026-01-20 18:00:00+00:00,vibration_mm_s,3.14,mm/s,2026-S1,synthétique,PROC-GEN-MARG-V1
EQ-OVEN-203,2026-01-21 00:00:00+00:00,vibration_mm_s,3.55,mm/s,2026-S1,synthétique,PROC-GEN-MARG-V1
EQ-OVEN-203,2026-01-21 06:00:00+00:00,vibration_mm_s,2.54,mm/s,2026-S1,synthétique,PROC-GEN-MARG-V1
EQ-OVEN-203,2026-01-21 12:00:00+00:00,vibration_mm_s,3.38,mm/s,2026-S1,synthétique,PROC-GEN-MARG-V1
EQ-OVEN-203,2026-01-21 18:00:00+00:00,vibration_mm_s,2.58,mm/s,2026-S1,synthétique,PROC-GEN-MARG-V1
EQ-OVEN-203,2026-01-22 00:00:00+00:00,vibration_mm_s,3.47,mm/s,2026-S1,synthétique,PROC-GEN-MARG-V1
EQ-OVEN-203,2026-01-22 06:00:00+00:00,vibration_mm_s,3.33,mm/s,2026-S1,synthétique,PROC-GEN-MARG-V1
EQ-OVEN-203,2026-01-22 12:00:00+00:00,vibration_mm_s,3.53,mm/s,2026-S1,synthétique,PROC-GEN-MARG-V1
EQ-OVEN-203,2026-01-22 18:00:00+00:00,vibration_mm_s,2.64,mm/s,2026-S1,synthétique,PROC-GEN-MARG-V1
EQ-OVEN-203,2026-01-23 00:00:00+00:00,vibration_mm_s,2.55,mm/s,2026-S1,synthétique,PROC-GEN-MARG-V1
EQ-OVEN-203,2026-01-23 06:00:00+00:00,vibration_mm_s,2.44,mm/s,2026-S1,synthétique,PROC-GEN-MARG-V1
EQ-OVEN-203,2026-01-23 12:00:00+00:00,vibration_mm_s,3.1,mm/s,2026-S1,synthétique,PROC-GEN-MARG-V1
EQ-OVEN-203,2026-01-23 18:00:00+00:00,vibration_mm_s,3.45,mm/s,2026-S1,synthétique,PROC-GEN-MARG-V1
EQ-OVEN-203,2026-01-24 00:00:00+00:00,vibration_mm_s,2.75,mm/s,2026-S1,synthétique,PROC-GEN-MARG-V1
EQ-OVEN-203,2026-01-24 06:00:00+00:00,vibration_mm_s,2.95,mm/s,2026-S1,synthétique,PROC-GEN-MARG-V1
EQ-OVEN-203,2026-01-24 12:00:00+00:00,vibration_mm_s,2.97,mm/s,2026-S1,synthétique,PROC-GEN-MARG-V1
EQ-OVEN-203,2026-01-24 18:00:00+00:00,vibration_mm_s,2.66,mm/s,2026-S1,synthétique,PROC-GEN-MARG-V1
EQ-OVEN-203,2026-01-25 00:00:00+00:00,vibration_mm_s,2.87,mm/s,2026-S1,synthétique,PROC-GEN-MARG-V1
EQ-OVEN-203,2026-01-25 06:00:00+00:00,vibration_mm_s,2.9,mm/s,2026-S1,synthétique,PROC-GEN-MARG-V1
EQ-OVEN-203,2026-01-25 12:00:00+00:00,vibration_mm_s,3.04,mm/s,2026-S1,synthétique,PROC-GEN-MARG-V1
EQ-OVEN-203,2026-01-25 18:00:00+00:00,vibration_mm_s,2.91,mm/s,2026-S1,synthétique,PROC-GEN-MARG-V1
EQ-OVEN-203,2026-01-26 00:00:00+00:00,vibration_mm_s,2.79,mm/s,2026-S1,synthétique,PROC-GEN-MARG-V1
EQ-OVEN-203,2026-01-26 06:00:00+00:00,vibration_mm_s,2.69,mm/s,2026-S1,synthétique,PROC-GEN-MARG-V1
EQ-OVEN-203,2026-01-26 12:00:00+00:00,vibration_mm_s,3.12,mm/s,2026-S1,synthétique,PROC-GEN-MARG-V1
EQ-OVEN-203,2026-01-26 18:00:00+00:00,vibration_mm_s,2.77,mm/s,2026-S1,synthétique,PROC-GEN-MARG-V1
EQ-OVEN-203,2026-01-27 00:00:00+00:00,vibration_mm_s,2.79,mm/s,2026-S1,synthétique,PROC-GEN-MARG-V1
EQ-OVEN-203,2026-01-27 06:00:00+00:00,vibration_mm_s,2.84,mm/s,2026-S1,synthétique,PROC-GEN-MARG-V1
EQ-OVEN-203,2026-01-27 12:00:00+00:00,vibration_mm_s,2.43,mm/s,2026-S1,synthétique,PROC-GEN-MARG-V1
EQ-OVEN-203,2026-01-27 18:00:00+00:00,vibration_mm_s,2.96,mm/s,2026-S1,synthétique,PROC-GEN-MARG-V1
EQ-OVEN-203,2026-01-28 00:00:00+00:00,vibration_mm_s,3.55,mm/s,2026-S1,synthétique,PROC-GEN-MARG-V1
EQ-OVEN-203,2026-01-28 06:00:00+00:00,vibration_mm_s,2.88,mm/s,2026-S1,synthétique,PROC-GEN-MARG-V1
EQ-OVEN-203,2026-01-28 12:00:00+00:00,vibration_mm_s,2.8,mm/s,2026-S1,synthétique,PROC-GEN-MARG-V1
EQ-OVEN-203,2026-01-28 18:00:00+00:00,vibration_mm_s,3.19,mm/s,2026-S1,synthétique,PROC-GEN-MARG-V1
EQ-OVEN-203,2026-01-29 00:00:00+00:00,vibration_mm_s,2.37,mm/s,2026-S1,synthétique,PROC-GEN-MARG-V1
EQ-OVEN-203,2026-01-29 06:00:00+00:00,vibration_mm_s,3.15,mm/s,2026-S1,synthétique,PROC-GEN-MARG-V1
EQ-OVEN-203,2026-01-29 12:00:00+00:00,vibration_mm_s,2.75,mm/s,2026-S1,synthétique,PROC-GEN-MARG-V1
EQ-OVEN-203,2026-01-29 18:00:00+00:00,vibration_mm_s,2.84,mm/s,2026-S1,synthétique,PROC-GEN-MARG-V1
EQ-OVEN-203,2026-01-30 00:00:00+00:00,vibration_mm_s,3.01,mm/s,2026-S1,synthétique,PROC-GEN-MARG-V1
EQ-OVEN-203,2026-01-30 06:00:00+00:00,vibration_mm_s,2.68,mm/s,2026-S1,synthétique,PROC-GEN-MARG-V1
EQ-OVEN-203,2026-01-30 12:00:00+00:00,vibration_mm_s,2.46,mm/s,2026-S1,synthétique,PROC-GEN-MARG-V1
EQ-OVEN-203,2026-01-30 18:00:00+00:00,vibration_mm_s,2.91,mm/s,2026-S1,synthétique,PROC-GEN-MARG-V1
EQ-OVEN-203,2026-01-31 00:00:00+00:00,vibration_mm_s,2.65,mm/s,2026-S1,synthétique,PROC-GEN-MARG-V1
EQ-OVEN-203,2026-01-31 06:00:00+00:00,vibration_mm_s,3.03,mm/s,2026-S1,synthétique,PROC-GEN-MARG-V1
EQ-OVEN-203,2026-01-31 12:00:00+00:00,vibration_mm_s,2.79,mm/s,2026-S1,synthétique,PROC-GEN-MARG-V1
EQ-OVEN-203,2026-01-31 18:00:00+00:00,vibration_mm_s,2.16,mm/s,2026-S1,synthétique,PROC-GEN-MARG-V1
EQ-PUMP-002,2026-01-01 00:00:00+00:00,vibration_mm_s,2.53,mm/s,2026-S1,synthétique,PROC-GEN-MARG-V1
EQ-PUMP-002,2026-01-01 06:00:00+00:00,vibration_mm_s,2.19,mm/s,2026-S1,synthétique,PROC-GEN-MARG-V1
EQ-PUMP-002,2026-01-01 12:00:00+00:00,vibration_mm_s,3.45,mm/s,2026-S1,synthétique,PROC-GEN-MARG-V1
EQ-PUMP-002,2026-01-01 18:00:00+00:00,vibration_mm_s,3.74,mm/s,2026-S1,synthétique,PROC-GEN-MARG-V1
EQ-PUMP-002,2026-01-02 00:00:00+00:00,vibration_mm_s,3.06,mm/s,2026-S1,synthétique,PROC-GEN-MARG-V1
EQ-PUMP-002,2026-01-02 06:00:00+00:00,vibration_mm_s,3.01,mm/s,2026-S1,synthétique,PROC-GEN-MARG-V1
EQ-PUMP-002,2026-01-02 12:00:00+00:00,vibration_mm_s,2.54,mm/s,2026-S1,synthétique,PROC-GEN-MARG-V1
EQ-PUMP-002,2026-01-02 18:00:00+00:00,vibration_mm_s,3.61,mm/s,2026-S1,synthétique,PROC-GEN-MARG-V1
EQ-PUMP-002,2026-01-03 00:00:00+00:00,vibration_mm_s,2.62,mm/s,2026-S1,synthétique,PROC-GEN-MARG-V1
EQ-PUMP-002,2026-01-03 06:00:00+00:00,vibration_mm_s,3.18,mm/s,2026-S1,synthétique,PROC-GEN-MARG-V1
EQ-PUMP-002,2026-01-03 12:00:00+00:00,vibration_mm_s,3.5,mm/s,2026-S1,synthétique,PROC-GEN-MARG-V1
EQ-PUMP-002,2026-01-03 18:00:00+00:00,vibration_mm_s,2.19,mm/s,2026-S1,synthétique,PROC-GEN-MARG-V1
EQ-PUMP-002,2026-01-04 00:00:00+00:00,vibration_mm_s,2.84,mm/s,2026-S1,synthétique,PROC-GEN-MARG-V1
EQ-PUMP-002,2026-01-04 06:00:00+00:00,vibration_mm_s,2.85,mm/s,2026-S1,synthétique,PROC-GEN-MARG-V1
EQ-PUMP-002,2026-01-04 12:00:00+00:00,vibration_mm_s,2.67,mm/s,2026-S1,synthétique,PROC-GEN-MARG-V1
EQ-PUMP-002,2026-01-04 18:00:00+00:00,vibration_mm_s,3.2,mm/s,2026-S1,synthétique,PROC-GEN-MARG-V1
EQ-PUMP-002,2026-01-05 00:00:00+00:00,vibration_mm_s,2.53,mm/s,2026-S1,synthétique,PROC-GEN-MARG-V1
EQ-PUMP-002,2026-01-05 06:00:00+00:00,vibration_mm_s,2.41,mm/s,2026-S1,synthétique,PROC-GEN-MARG-V1
EQ-PUMP-002,2026-01-05 12:00:00+00:00,vibration_mm_s,3.04,mm/s,2026-S1,synthétique,PROC-GEN-MARG-V1
EQ-PUMP-002,2026-01-05 18:00:00+00:00,vibration_mm_s,2.72,mm/s,2026-S1,synthétique,PROC-GEN-MARG-V1
EQ-PUMP-002,2026-01-06 00:00:00+00:00,vibration_mm_s,3.02,mm/s,2026-S1,synthétique,PROC-GEN-MARG-V1
EQ-PUMP-002,2026-01-06 06:00:00+00:00,vibration_mm_s,2.45,mm/s,2026-S1,synthétique,PROC-GEN-MARG-V1
EQ-PUMP-002,2026-01-06 12:00:00+00:00,vibration_mm_s,2.89,mm/s,2026-S1,synthétique,PROC-GEN-MARG-V1
EQ-PUMP-002,2026-01-06 18:00:00+00:00,vibration_mm_s,3.42,mm/s,2026-S1,synthétique,PROC-GEN-MARG-V1
EQ-PUMP-002,2026-01-07 00:00:00+00:00,vibration_mm_s,3.2,mm/s,2026-S1,synthétique,PROC-GEN-MARG-V1
EQ-PUMP-002,2026-01-07 06:00:00+00:00,vibration_mm_s,3.41,mm/s,2026-S1,synthétique,PROC-GEN-MARG-V1
EQ-PUMP-002,2026-01-07 12:00:00+00:00,vibration_mm_s,2.67,mm/s,2026-S1,synthétique,PROC-GEN-MARG-V1
EQ-PUMP-002,2026-01-07 18:00:00+00:00,vibration_mm_s,2.85,mm/s,2026-S1,synthétique,PROC-GEN-MARG-V1
EQ-PUMP-002,2026-01-08 00:00:00+00:00,vibration_mm_s,3.03,mm/s,2026-S1,synthétique,PROC-GEN-MARG-V1
EQ-PUMP-002,2026-01-08 06:00:00+00:00,vibration_mm_s,2.85,mm/s,2026-S1,synthétique,PROC-GEN-MARG-V1
EQ-PUMP-002,2026-01-08 12:00:00+00:00,vibration_mm_s,2.76,mm/s,2026-S1,synthétique,PROC-GEN-MARG-V1
EQ-PUMP-002,2026-01-08 18:00:00+00:00,vibration_mm_s,2.6,mm/s,2026-S1,synthétique,PROC-GEN-MARG-V1
EQ-PUMP-002,2026-01-09 00:00:00+00:00,vibration_mm_s,3.22,mm/s,2026-S1,synthétique,PROC-GEN-MARG-V1
EQ-PUMP-002,2026-01-09 06:00:00+00:00,vibration_mm_s,3.31,mm/s,2026-S1,synthétique,PROC-GEN-MARG-V1
EQ-PUMP-002,2026-01-09 12:00:00+00:00,vibration_mm_s,3.31,mm/s,2026-S1,synthétique,PROC-GEN-MARG-V1
EQ-PUMP-002,2026-01-09 18:00:00+00:00,vibration_mm_s,2.77,mm/s,2026-S1,synthétique,PROC-GEN-MARG-V1
EQ-PUMP-002,2026-01-10 00:00:00+00:00,vibration_mm_s,2.58,mm/s,2026-S1,synthétique,PROC-GEN-MARG-V1
EQ-PUMP-002,2026-01-10 06:00:00+00:00,vibration_mm_s,2.96,mm/s,2026-S1,synthétique,PROC-GEN-MARG-V1
EQ-PUMP-002,2026-01-10 12:00:00+00:00,vibration_mm_s,2.49,mm/s,2026-S1,synthétique,PROC-GEN-MARG-V1
EQ-PUMP-002,2026-01-10 18:00:00+00:00,vibration_mm_s,2.26,mm/s,2026-S1,synthétique,PROC-GEN-MARG-V1
EQ-PUMP-002,2026-01-11 00:00:00+00:00,vibration_mm_s,3.04,mm/s,2026-S1,synthétique,PROC-GEN-MARG-V1
EQ-PUMP-002,2026-01-11 06:00:00+00:00,vibration_mm_s,2.78,mm/s,2026-S1,synthétique,PROC-GEN-MARG-V1
EQ-PUMP-002,2026-01-11 12:00:00+00:00,vibration_mm_s,2.85,mm/s,2026-S1,synthétique,PROC-GEN-MARG-V1
EQ-PUMP-002,2026-01-11 18:00:00+00:00,vibration_mm_s,3.28,mm/s,2026-S1,synthétique,PROC-GEN-MARG-V1
EQ-PUMP-002,2026-01-12 00:00:00+00:00,vibration_mm_s,3.84,mm/s,2026-S1,synthétique,PROC-GEN-MARG-V1
EQ-PUMP-002,2026-01-12 06:00:00+00:00,vibration_mm_s,2.57,mm/s,2026-S1,synthétique,PROC-GEN-MARG-V1
EQ-PUMP-002,2026-01-12 12:00:00+00:00,vibration_mm_s,3.67,mm/s,2026-S1,synthétique,PROC-GEN-MARG-V1
EQ-PUMP-002,2026-01-12 18:00:00+00:00,vibration_mm_s,2.72,mm/s,2026-S1,synthétique,PROC-GEN-MARG-V1
EQ-PUMP-002,2026-01-13 00:00:00+00:00,vibration_mm_s,2.83,mm/s,2026-S1,synthétique,PROC-GEN-MARG-V1
EQ-PUMP-002,2026-01-13 06:00:00+00:00,vibration_mm_s,3.03,mm/s,2026-S1,synthétique,PROC-GEN-MARG-V1
EQ-PUMP-002,2026-01-13 12:00:00+00:00,vibration_mm_s,2.75,mm/s,2026-S1,synthétique,PROC-GEN-MARG-V1
EQ-PUMP-002,2026-01-13 18:00:00+00:00,vibration_mm_s,2.53,mm/s,2026-S1,synthétique,PROC-GEN-MARG-V1
EQ-PUMP-002,2026-01-14 00:00:00+00:00,vibration_mm_s,2.72,mm/s,2026-S1,synthétique,PROC-GEN-MARG-V1
EQ-PUMP-002,2026-01-14 06:00:00+00:00,vibration_mm_s,3.12,mm/s,2026-S1,synthétique,PROC-GEN-MARG-V1
EQ-PUMP-002,2026-01-14 12:00:00+00:00,vibration_mm_s,2.95,mm/s,2026-S1,synthétique,PROC-GEN-MARG-V1
EQ-PUMP-002,2026-01-14 18:00:00+00:00,vibration_mm_s,2.49,mm/s,2026-S1,synthétique,PROC-GEN-MARG-V1
EQ-PUMP-002,2026-01-15 00:00:00+00:00,vibration_mm_s,1.92,mm/s,2026-S1,synthétique,PROC-GEN-MARG-V1
EQ-PUMP-002,2026-01-15 06:00:00+00:00,vibration_mm_s,2.47,mm/s,2026-S1,synthétique,PROC-GEN-MARG-V1
EQ-PUMP-002,2026-01-15 12:00:00+00:00,vibration_mm_s,2.6,mm/s,2026-S1,synthétique,PROC-GEN-MARG-V1
EQ-PUMP-002,2026-01-15 18:00:00+00:00,vibration_mm_s,2.43,mm/s,2026-S1,synthétique,PROC-GEN-MARG-V1
EQ-PUMP-002,2026-01-16 00:00:00+00:00,vibration_mm_s,2.67,mm/s,2026-S1,synthétique,PROC-GEN-MARG-V1
EQ-PUMP-002,2026-01-16 06:00:00+00:00,vibration_mm_s,3.0,mm/s,2026-S1,synthétique,PROC-GEN-MARG-V1
EQ-PUMP-002,2026-01-16 12:00:00+00:00,vibration_mm_s,2.52,mm/s,2026-S1,synthétique,PROC-GEN-MARG-V1
EQ-PUMP-002,2026-01-16 18:00:00+00:00,vibration_mm_s,3.11,mm/s,2026-S1,synthétique,PROC-GEN-MARG-V1
EQ-PUMP-002,2026-01-17 00:00:00+00:00,vibration_mm_s,2.39,mm/s,2026-S1,synthétique,PROC-GEN-MARG-V1
EQ-PUMP-002,2026-01-17 06:00:00+00:00,vibration_mm_s,2.85,mm/s,2026-S1,synthétique,PROC-GEN-MARG-V1
EQ-PUMP-002,2026-01-17 12:00:00+00:00,vibration_mm_s,3.64,mm/s,2026-S1,synthétique,PROC-GEN-MARG-V1
EQ-PUMP-002,2026-01-17 18:00:00+00:00,vibration_mm_s,3.48,mm/s,2026-S1,synthétique,PROC-GEN-MARG-V1
EQ-PUMP-002,2026-01-18 00:00:00+00:00,vibration_mm_s,3.28,mm/s,2026-S1,synthétique,PROC-GEN-MARG-V1
EQ-PUMP-002,2026-01-18 06:00:00+00:00,vibration_mm_s,3.21,mm/s,2026-S1,synthétique,PROC-GEN-MARG-V1
EQ-PUMP-002,2026-01-18 12:00:00+00:00,vibration_mm_s,2.55,mm/s,2026-S1,synthétique,PROC-GEN-MARG-V1
EQ-PUMP-002,2026-01-18 18:00:00+00:00,vibration_mm_s,2.87,mm/s,2026-S1,synthétique,PROC-GEN-MARG-V1
EQ-PUMP-002,2026-01-19 00:00:00+00:00,vibration_mm_s,3.2,mm/s,2026-S1,synthétique,PROC-GEN-MARG-V1
EQ-PUMP-002,2026-01-19 06:00:00+00:00,vibration_mm_s,2.77,mm/s,2026-S1,synthétique,PROC-GEN-MARG-V1
EQ-PUMP-002,2026-01-19 12:00:00+00:00,vibration_mm_s,3.44,mm/s,2026-S1,synthétique,PROC-GEN-MARG-V1
EQ-PUMP-002,2026-01-19 18:00:00+00:00,vibration_mm_s,3.07,mm/s,2026-S1,synthétique,PROC-GEN-MARG-V1
EQ-PUMP-002,2026-01-20 00:00:00+00:00,vibration_mm_s,2.62,mm/s,2026-S1,synthétique,PROC-GEN-MARG-V1
EQ-PUMP-002,2026-01-20 06:00:00+00:00,vibration_mm_s,2.72,mm/s,2026-S1,synthétique,PROC-GEN-MARG-V1
EQ-PUMP-002,2026-01-20 12:00:00+00:00,vibration_mm_s,2.4,mm/s,2026-S1,synthétique,PROC-GEN-MARG-V1
EQ-PUMP-002,2026-01-20 18:00:00+00:00,vibration_mm_s,2.72,mm/s,2026-S1,synthétique,PROC-GEN-MARG-V1
EQ-PUMP-002,2026-01-21 00:00:00+00:00,vibration_mm_s,3.44,mm/s,2026-S1,synthétique,PROC-GEN-MARG-V1
EQ-PUMP-002,2026-01-21 06:00:00+00:00,vibration_mm_s,3.09,mm/s,2026-S1,synthétique,PROC-GEN-MARG-V1
EQ-PUMP-002,2026-01-21 12:00:00+00:00,vibration_mm_s,3.29,mm/s,2026-S1,synthétique,PROC-GEN-MARG-V1
EQ-PUMP-002,2026-01-21 18:00:00+00:00,vibration_mm_s,2.66,mm/s,2026-S1,synthétique,PROC-GEN-MARG-V1
EQ-PUMP-002,2026-01-22 00:00:00+00:00,vibration_mm_s,3.36,mm/s,2026-S1,synthétique,PROC-GEN-MARG-V1
EQ-PUMP-002,2026-01-22 06:00:00+00:00,vibration_mm_s,2.8,mm/s,2026-S1,synthétique,PROC-GEN-MARG-V1
EQ-PUMP-002,2026-01-22 12:00:00+00:00,vibration_mm_s,3.63,mm/s,2026-S1,synthétique,PROC-GEN-MARG-V1
EQ-PUMP-002,2026-01-22 18:00:00+00:00,vibration_mm_s,2.84,mm/s,2026-S1,synthétique,PROC-GEN-MARG-V1
EQ-PUMP-002,2026-01-23 00:00:00+00:00,vibration_mm_s,2.25,mm/s,2026-S1,synthétique,PROC-GEN-MARG-V1
EQ-PUMP-002,2026-01-23 06:00:00+00:00,vibration_mm_s,2.47,mm/s,2026-S1,synthétique,PROC-GEN-MARG-V1
EQ-PUMP-002,2026-01-23 12:00:00+00:00,vibration_mm_s,3.45,mm/s,2026-S1,synthétique,PROC-GEN-MARG-V1
EQ-PUMP-002,2026-01-23 18:00:00+00:00,vibration_mm_s,2.42,mm/s,2026-S1,synthétique,PROC-GEN-MARG-V1
EQ-PUMP-002,2026-01-24 00:00:00+00:00,vibration_mm_s,3.23,mm/s,2026-S1,synthétique,PROC-GEN-MARG-V1
EQ-PUMP-002,2026-01-24 06:00:00+00:00,vibration_mm_s,3.22,mm/s,2026-S1,synthétique,PROC-GEN-MARG-V1
EQ-PUMP-002,2026-01-24 12:00:00+00:00,vibration_mm_s,2.89,mm/s,2026-S1,synthétique,PROC-GEN-MARG-V1
EQ-PUMP-002,2026-01-24 18:00:00+00:00,vibration_mm_s,3.13,mm/s,2026-S1,synthétique,PROC-GEN-MARG-V1
EQ-PUMP-002,2026-01-25 00:00:00+00:00,vibration_mm_s,3.14,mm/s,2026-S1,synthétique,PROC-GEN-MARG-V1
EQ-PUMP-002,2026-01-25 06:00:00+00:00,vibration_mm_s,2.52,mm/s,2026-S1,synthétique,PROC-GEN-MARG-V1
EQ-PUMP-002,2026-01-25 12:00:00+00:00,vibration_mm_s,3.08,mm/s,2026-S1,synthétique,PROC-GEN-MARG-V1
EQ-PUMP-002,2026-01-25 18:00:00+00:00,vibration_mm_s,3.27,mm/s,2026-S1,synthétique,PROC-GEN-MARG-V1
EQ-PUMP-002,2026-01-26 00:00:00+00:00,vibration_mm_s,2.99,mm/s,2026-S1,synthétique,PROC-GEN-MARG-V1
EQ-PUMP-002,2026-01-26 06:00:00+00:00,vibration_mm_s,3.4,mm/s,2026-S1,synthétique,PROC-GEN-MARG-V1
EQ-PUMP-002,2026-01-26 12:00:00+00:00,vibration_mm_s,2.75,mm/s,2026-S1,synthétique,PROC-GEN-MARG-V1
EQ-PUMP-002,2026-01-26 18:00:00+00:00,vibration_mm_s,3.37,mm/s,2026-S1,synthétique,PROC-GEN-MARG-V1
EQ-PUMP-002,2026-01-27 00:00:00+00:00,vibration_mm_s,2.38,mm/s,2026-S1,synthétique,PROC-GEN-MARG-V1
EQ-PUMP-002,2026-01-27 06:00:00+00:00,vibration_mm_s,3.22,mm/s,2026-S1,synthétique,PROC-GEN-MARG-V1
EQ-PUMP-002,2026-01-27 12:00:00+00:00,vibration_mm_s,3.21,mm/s,2026-S1,synthétique,PROC-GEN-MARG-V1
EQ-PUMP-002,2026-01-27 18:00:00+00:00,vibration_mm_s,2.97,mm/s,2026-S1,synthétique,PROC-GEN-MARG-V1
EQ-PUMP-002,2026-01-28 00:00:00+00:00,vibration_mm_s,2.9,mm/s,2026-S1,synthétique,PROC-GEN-MARG-V1
EQ-PUMP-002,2026-01-28 06:00:00+00:00,vibration_mm_s,2.53,mm/s,2026-S1,synthétique,PROC-GEN-MARG-V1
EQ-PUMP-002,2026-01-28 12:00:00+00:00,vibration_mm_s,3.05,mm/s,2026-S1,synthétique,PROC-GEN-MARG-V1
EQ-PUMP-002,2026-01-28 18:00:00+00:00,vibration_mm_s,2.33,mm/s,2026-S1,synthétique,PROC-GEN-MARG-V1
EQ-PUMP-002,2026-01-29 00:00:00+00:00,vibration_mm_s,2.61,mm/s,2026-S1,synthétique,PROC-GEN-MARG-V1
EQ-PUMP-002,2026-01-29 06:00:00+00:00,vibration_mm_s,2.74,mm/s,2026-S1,synthétique,PROC-GEN-MARG-V1
EQ-PUMP-002,2026-01-29 12:00:00+00:00,vibration_mm_s,2.98,mm/s,2026-S1,synthétique,PROC-GEN-MARG-V1
EQ-PUMP-002,2026-01-29 18:00:00+00:00,vibration_mm_s,3.2,mm/s,2026-S1,synthétique,PROC-GEN-MARG-V1
EQ-PUMP-002,2026-01-30 00:00:00+00:00,vibration_mm_s,2.62,mm/s,2026-S1,synthétique,PROC-GEN-MARG-V1
EQ-PUMP-002,2026-01-30 06:00:00+00:00,vibration_mm_s,2.37,mm/s,2026-S1,synthétique,PROC-GEN-MARG-V1
EQ-PUMP-002,2026-01-30 12:00:00+00:00,vibration_mm_s,3.16,mm/s,2026-S1,synthétique,PROC-GEN-MARG-V1
EQ-PUMP-002,2026-01-30 18:00:00+00:00,vibration_mm_s,2.5,mm/s,2026-S1,synthétique,PROC-GEN-MARG-V1
EQ-PUMP-002,2026-01-31 00:00:00+00:00,vibration_mm_s,3.26,mm/s,2026-S1,synthétique,PROC-GEN-MARG-V1
EQ-PUMP-002,2026-01-31 06:00:00+00:00,vibration_mm_s,2.99,mm/s,2026-S1,synthétique,PROC-GEN-MARG-V1
EQ-PUMP-002,2026-01-31 12:00:00+00:00,vibration_mm_s,2.86,mm/s,2026-S1,synthétique,PROC-GEN-MARG-V1
EQ-PUMP-002,2026-01-31 18:00:00+00:00,vibration_mm_s,2.56,mm/s,2026-S1,synthétique,PROC-GEN-MARG-V1
EQ-PUMP-230,2026-01-01 00:00:00+00:00,vibration_mm_s,2.79,mm/s,2026-S1,synthétique,PROC-GEN-MARG-V1
EQ-PUMP-230,2026-01-01 06:00:00+00:00,vibration_mm_s,2.94,mm/s,2026-S1,synthétique,PROC-GEN-MARG-V1
EQ-PUMP-230,2026-01-01 12:00:00+00:00,vibration_mm_s,2.85,mm/s,2026-S1,synthétique,PROC-GEN-MARG-V1
EQ-PUMP-230,2026-01-01 18:00:00+00:00,vibration_mm_s,2.57,mm/s,2026-S1,synthétique,PROC-GEN-MARG-V1
EQ-PUMP-230,2026-01-02 00:00:00+00:00,vibration_mm_s,2.73,mm/s,2026-S1,synthétique,PROC-GEN-MARG-V1
EQ-PUMP-230,2026-01-02 06:00:00+00:00,vibration_mm_s,3.06,mm/s,2026-S1,synthétique,PROC-GEN-MARG-V1
EQ-PUMP-230,2026-01-02 12:00:00+00:00,vibration_mm_s,2.9,mm/s,2026-S1,synthétique,PROC-GEN-MARG-V1
EQ-PUMP-230,2026-01-02 18:00:00+00:00,vibration_mm_s,3.48,mm/s,2026-S1,synthétique,PROC-GEN-MARG-V1
EQ-PUMP-230,2026-01-03 00:00:00+00:00,vibration_mm_s,2.63,mm/s,2026-S1,synthétique,PROC-GEN-MARG-V1
EQ-PUMP-230,2026-01-03 06:00:00+00:00,vibration_mm_s,3.12,mm/s,2026-S1,synthétique,PROC-GEN-MARG-V1
EQ-PUMP-230,2026-01-03 12:00:00+00:00,vibration_mm_s,2.85,mm/s,2026-S1,synthétique,PROC-GEN-MARG-V1
EQ-PUMP-230,2026-01-03 18:00:00+00:00,vibration_mm_s,2.28,mm/s,2026-S1,synthétique,PROC-GEN-MARG-V1
EQ-PUMP-230,2026-01-04 00:00:00+00:00,vibration_mm_s,2.52,mm/s,2026-S1,synthétique,PROC-GEN-MARG-V1
EQ-PUMP-230,2026-01-04 06:00:00+00:00,vibration_mm_s,3.22,mm/s,2026-S1,synthétique,PROC-GEN-MARG-V1
EQ-PUMP-230,2026-01-04 12:00:00+00:00,vibration_mm_s,2.69,mm/s,2026-S1,synthétique,PROC-GEN-MARG-V1
EQ-PUMP-230,2026-01-04 18:00:00+00:00,vibration_mm_s,1.83,mm/s,2026-S1,synthétique,PROC-GEN-MARG-V1
EQ-PUMP-230,2026-01-05 00:00:00+00:00,vibration_mm_s,3.21,mm/s,2026-S1,synthétique,PROC-GEN-MARG-V1
EQ-PUMP-230,2026-01-05 06:00:00+00:00,vibration_mm_s,3.32,mm/s,2026-S1,synthétique,PROC-GEN-MARG-V1
EQ-PUMP-230,2026-01-05 12:00:00+00:00,vibration_mm_s,3.41,mm/s,2026-S1,synthétique,PROC-GEN-MARG-V1
EQ-PUMP-230,2026-01-05 18:00:00+00:00,vibration_mm_s,2.44,mm/s,2026-S1,synthétique,PROC-GEN-MARG-V1
EQ-PUMP-230,2026-01-06 00:00:00+00:00,vibration_mm_s,2.92,mm/s,2026-S1,synthétique,PROC-GEN-MARG-V1
EQ-PUMP-230,2026-01-06 06:00:00+00:00,vibration_mm_s,3.1,mm/s,2026-S1,synthétique,PROC-GEN-MARG-V1
EQ-PUMP-230,2026-01-06 12:00:00+00:00,vibration_mm_s,2.58,mm/s,2026-S1,synthétique,PROC-GEN-MARG-V1
EQ-PUMP-230,2026-01-06 18:00:00+00:00,vibration_mm_s,3.08,mm/s,2026-S1,synthétique,PROC-GEN-MARG-V1
EQ-PUMP-230,2026-01-07 00:00:00+00:00,vibration_mm_s,2.51,mm/s,2026-S1,synthétique,PROC-GEN-MARG-V1
EQ-PUMP-230,2026-01-07 06:00:00+00:00,vibration_mm_s,4.93,mm/s,2026-S1,synthétique,PROC-GEN-MARG-V1
EQ-PUMP-230,2026-01-07 12:00:00+00:00,vibration_mm_s,3.14,mm/s,2026-S1,synthétique,PROC-GEN-MARG-V1
EQ-PUMP-230,2026-01-07 18:00:00+00:00,vibration_mm_s,2.31,mm/s,2026-S1,synthétique,PROC-GEN-MARG-V1
EQ-PUMP-230,2026-01-08 00:00:00+00:00,vibration_mm_s,3.46,mm/s,2026-S1,synthétique,PROC-GEN-MARG-V1
EQ-PUMP-230,2026-01-08 06:00:00+00:00,vibration_mm_s,3.37,mm/s,2026-S1,synthétique,PROC-GEN-MARG-V1
EQ-PUMP-230,2026-01-08 12:00:00+00:00,vibration_mm_s,3.02,mm/s,2026-S1,synthétique,PROC-GEN-MARG-V1
EQ-PUMP-230,2026-01-08 18:00:00+00:00,vibration_mm_s,2.47,mm/s,2026-S1,synthétique,PROC-GEN-MARG-V1
EQ-PUMP-230,2026-01-09 00:00:00+00:00,vibration_mm_s,2.84,mm/s,2026-S1,synthétique,PROC-GEN-MARG-V1
EQ-PUMP-230,2026-01-09 06:00:00+00:00,vibration_mm_s,2.53,mm/s,2026-S1,synthétique,PROC-GEN-MARG-V1
EQ-PUMP-230,2026-01-09 12:00:00+00:00,vibration_mm_s,3.2,mm/s,2026-S1,synthétique,PROC-GEN-MARG-V1
EQ-PUMP-230,2026-01-09 18:00:00+00:00,vibration_mm_s,3.06,mm/s,2026-S1,synthétique,PROC-GEN-MARG-V1
EQ-PUMP-230,2026-01-10 00:00:00+00:00,vibration_mm_s,2.67,mm/s,2026-S1,synthétique,PROC-GEN-MARG-V1
EQ-PUMP-230,2026-01-10 06:00:00+00:00,vibration_mm_s,3.38,mm/s,2026-S1,synthétique,PROC-GEN-MARG-V1
EQ-PUMP-230,2026-01-10 12:00:00+00:00,vibration_mm_s,3.38,mm/s,2026-S1,synthétique,PROC-GEN-MARG-V1
EQ-PUMP-230,2026-01-10 18:00:00+00:00,vibration_mm_s,2.29,mm/s,2026-S1,synthétique,PROC-GEN-MARG-V1
EQ-PUMP-230,2026-01-11 00:00:00+00:00,vibration_mm_s,2.69,mm/s,2026-S1,synthétique,PROC-GEN-MARG-V1
EQ-PUMP-230,2026-01-11 06:00:00+00:00,vibration_mm_s,3.13,mm/s,2026-S1,synthétique,PROC-GEN-MARG-V1
EQ-PUMP-230,2026-01-11 12:00:00+00:00,vibration_mm_s,2.29,mm/s,2026-S1,synthétique,PROC-GEN-MARG-V1
EQ-PUMP-230,2026-01-11 18:00:00+00:00,vibration_mm_s,3.22,mm/s,2026-S1,synthétique,PROC-GEN-MARG-V1
EQ-PUMP-230,2026-01-12 00:00:00+00:00,vibration_mm_s,2.49,mm/s,2026-S1,synthétique,PROC-GEN-MARG-V1
EQ-PUMP-230,2026-01-12 06:00:00+00:00,vibration_mm_s,2.77,mm/s,2026-S1,synthétique,PROC-GEN-MARG-V1
EQ-PUMP-230,2026-01-12 12:00:00+00:00,vibration_mm_s,3.02,mm/s,2026-S1,synthétique,PROC-GEN-MARG-V1
EQ-PUMP-230,2026-01-12 18:00:00+00:00,vibration_mm_s,2.87,mm/s,2026-S1,synthétique,PROC-GEN-MARG-V1
EQ-PUMP-230,2026-01-13 00:00:00+00:00,vibration_mm_s,2.48,mm/s,2026-S1,synthétique,PROC-GEN-MARG-V1
EQ-PUMP-230,2026-01-13 06:00:00+00:00,vibration_mm_s,2.42,mm/s,2026-S1,synthétique,PROC-GEN-MARG-V1
EQ-PUMP-230,2026-01-13 12:00:00+00:00,vibration_mm_s,2.99,mm/s,2026-S1,synthétique,PROC-GEN-MARG-V1
EQ-PUMP-230,2026-01-13 18:00:00+00:00,vibration_mm_s,3.36,mm/s,2026-S1,synthétique,PROC-GEN-MARG-V1
EQ-PUMP-230,2026-01-14 00:00:00+00:00,vibration_mm_s,2.63,mm/s,2026-S1,synthétique,PROC-GEN-MARG-V1
EQ-PUMP-230,2026-01-14 06:00:00+00:00,vibration_mm_s,2.93,mm/s,2026-S1,synthétique,PROC-GEN-MARG-V1
EQ-PUMP-230,2026-01-14 12:00:00+00:00,vibration_mm_s,3.48,mm/s,2026-S1,synthétique,PROC-GEN-MARG-V1
EQ-PUMP-230,2026-01-14 18:00:00+00:00,vibration_mm_s,2.41,mm/s,2026-S1,synthétique,PROC-GEN-MARG-V1
EQ-PUMP-230,2026-01-15 00:00:00+00:00,vibration_mm_s,3.26,mm/s,2026-S1,synthétique,PROC-GEN-MARG-V1
EQ-PUMP-230,2026-01-15 06:00:00+00:00,vibration_mm_s,2.65,mm/s,2026-S1,synthétique,PROC-GEN-MARG-V1
EQ-PUMP-230,2026-01-15 12:00:00+00:00,vibration_mm_s,2.73,mm/s,2026-S1,synthétique,PROC-GEN-MARG-V1
EQ-PUMP-230,2026-01-15 18:00:00+00:00,vibration_mm_s,3.41,mm/s,2026-S1,synthétique,PROC-GEN-MARG-V1
EQ-PUMP-230,2026-01-16 00:00:00+00:00,vibration_mm_s,3.05,mm/s,2026-S1,synthétique,PROC-GEN-MARG-V1
EQ-PUMP-230,2026-01-16 06:00:00+00:00,vibration_mm_s,2.4,mm/s,2026-S1,synthétique,PROC-GEN-MARG-V1
EQ-PUMP-230,2026-01-16 12:00:00+00:00,vibration_mm_s,2.94,mm/s,2026-S1,synthétique,PROC-GEN-MARG-V1
EQ-PUMP-230,2026-01-16 18:00:00+00:00,vibration_mm_s,3.14,mm/s,2026-S1,synthétique,PROC-GEN-MARG-V1
EQ-PUMP-230,2026-01-17 00:00:00+00:00,vibration_mm_s,2.86,mm/s,2026-S1,synthétique,PROC-GEN-MARG-V1
EQ-PUMP-230,2026-01-17 06:00:00+00:00,vibration_mm_s,3.14,mm/s,2026-S1,synthétique,PROC-GEN-MARG-V1
EQ-PUMP-230,2026-01-17 12:00:00+00:00,vibration_mm_s,3.16,mm/s,2026-S1,synthétique,PROC-GEN-MARG-V1
EQ-PUMP-230,2026-01-17 18:00:00+00:00,vibration_mm_s,2.65,mm/s,2026-S1,synthétique,PROC-GEN-MARG-V1
EQ-PUMP-230,2026-01-18 00:00:00+00:00,vibration_mm_s,2.46,mm/s,2026-S1,synthétique,PROC-GEN-MARG-V1
EQ-PUMP-230,2026-01-18 06:00:00+00:00,vibration_mm_s,3.04,mm/s,2026-S1,synthétique,PROC-GEN-MARG-V1
EQ-PUMP-230,2026-01-18 12:00:00+00:00,vibration_mm_s,2.34,mm/s,2026-S1,synthétique,PROC-GEN-MARG-V1
EQ-PUMP-230,2026-01-18 18:00:00+00:00,vibration_mm_s,2.92,mm/s,2026-S1,synthétique,PROC-GEN-MARG-V1
EQ-PUMP-230,2026-01-19 00:00:00+00:00,vibration_mm_s,3.45,mm/s,2026-S1,synthétique,PROC-GEN-MARG-V1
EQ-PUMP-230,2026-01-19 06:00:00+00:00,vibration_mm_s,2.78,mm/s,2026-S1,synthétique,PROC-GEN-MARG-V1
EQ-PUMP-230,2026-01-19 12:00:00+00:00,vibration_mm_s,2.88,mm/s,2026-S1,synthétique,PROC-GEN-MARG-V1
EQ-PUMP-230,2026-01-19 18:00:00+00:00,vibration_mm_s,3.19,mm/s,2026-S1,synthétique,PROC-GEN-MARG-V1
EQ-PUMP-230,2026-01-20 00:00:00+00:00,vibration_mm_s,3.2,mm/s,2026-S1,synthétique,PROC-GEN-MARG-V1
EQ-PUMP-230,2026-01-20 06:00:00+00:00,vibration_mm_s,3.2,mm/s,2026-S1,synthétique,PROC-GEN-MARG-V1
EQ-PUMP-230,2026-01-20 12:00:00+00:00,vibration_mm_s,2.75,mm/s,2026-S1,synthétique,PROC-GEN-MARG-V1
EQ-PUMP-230,2026-01-20 18:00:00+00:00,vibration_mm_s,3.19,mm/s,2026-S1,synthétique,PROC-GEN-MARG-V1
EQ-PUMP-230,2026-01-21 00:00:00+00:00,vibration_mm_s,3.59,mm/s,2026-S1,synthétique,PROC-GEN-MARG-V1
EQ-PUMP-230,2026-01-21 06:00:00+00:00,vibration_mm_s,2.57,mm/s,2026-S1,synthétique,PROC-GEN-MARG-V1
EQ-PUMP-230,2026-01-21 12:00:00+00:00,vibration_mm_s,2.94,mm/s,2026-S1,synthétique,PROC-GEN-MARG-V1
EQ-PUMP-230,2026-01-21 18:00:00+00:00,vibration_mm_s,2.94,mm/s,2026-S1,synthétique,PROC-GEN-MARG-V1
EQ-PUMP-230,2026-01-22 00:00:00+00:00,vibration_mm_s,2.97,mm/s,2026-S1,synthétique,PROC-GEN-MARG-V1
EQ-PUMP-230,2026-01-22 06:00:00+00:00,vibration_mm_s,3.79,mm/s,2026-S1,synthétique,PROC-GEN-MARG-V1
EQ-PUMP-230,2026-01-22 12:00:00+00:00,vibration_mm_s,2.72,mm/s,2026-S1,synthétique,PROC-GEN-MARG-V1
EQ-PUMP-230,2026-01-22 18:00:00+00:00,vibration_mm_s,3.24,mm/s,2026-S1,synthétique,PROC-GEN-MARG-V1
EQ-PUMP-230,2026-01-23 00:00:00+00:00,vibration_mm_s,2.72,mm/s,2026-S1,synthétique,PROC-GEN-MARG-V1
EQ-PUMP-230,2026-01-23 06:00:00+00:00,vibration_mm_s,2.74,mm/s,2026-S1,synthétique,PROC-GEN-MARG-V1
EQ-PUMP-230,2026-01-23 12:00:00+00:00,vibration_mm_s,2.85,mm/s,2026-S1,synthétique,PROC-GEN-MARG-V1
EQ-PUMP-230,2026-01-23 18:00:00+00:00,vibration_mm_s,2.78,mm/s,2026-S1,synthétique,PROC-GEN-MARG-V1
EQ-PUMP-230,2026-01-24 00:00:00+00:00,vibration_mm_s,3.83,mm/s,2026-S1,synthétique,PROC-GEN-MARG-V1
EQ-PUMP-230,2026-01-24 06:00:00+00:00,vibration_mm_s,2.7,mm/s,2026-S1,synthétique,PROC-GEN-MARG-V1
EQ-PUMP-230,2026-01-24 12:00:00+00:00,vibration_mm_s,2.55,mm/s,2026-S1,synthétique,PROC-GEN-MARG-V1
EQ-PUMP-230,2026-01-24 18:00:00+00:00,vibration_mm_s,2.7,mm/s,2026-S1,synthétique,PROC-GEN-MARG-V1
EQ-PUMP-230,2026-01-25 00:00:00+00:00,vibration_mm_s,2.91,mm/s,2026-S1,synthétique,PROC-GEN-MARG-V1
EQ-PUMP-230,2026-01-25 06:00:00+00:00,vibration_mm_s,2.52,mm/s,2026-S1,synthétique,PROC-GEN-MARG-V1
EQ-PUMP-230,2026-01-25 12:00:00+00:00,vibration_mm_s,2.78,mm/s,2026-S1,synthétique,PROC-GEN-MARG-V1
EQ-PUMP-230,2026-01-25 18:00:00+00:00,vibration_mm_s,2.23,mm/s,2026-S1,synthétique,PROC-GEN-MARG-V1
EQ-PUMP-230,2026-01-26 00:00:00+00:00,vibration_mm_s,2.7,mm/s,2026-S1,synthétique,PROC-GEN-MARG-V1
EQ-PUMP-230,2026-01-26 06:00:00+00:00,vibration_mm_s,3.04,mm/s,2026-S1,synthétique,PROC-GEN-MARG-V1
EQ-PUMP-230,2026-01-26 12:00:00+00:00,vibration_mm_s,2.69,mm/s,2026-S1,synthétique,PROC-GEN-MARG-V1
EQ-PUMP-230,2026-01-26 18:00:00+00:00,vibration_mm_s,3.07,mm/s,2026-S1,synthétique,PROC-GEN-MARG-V1
EQ-PUMP-230,2026-01-27 00:00:00+00:00,vibration_mm_s,3.24,mm/s,2026-S1,synthétique,PROC-GEN-MARG-V1
EQ-PUMP-230,2026-01-27 06:00:00+00:00,vibration_mm_s,2.75,mm/s,2026-S1,synthétique,PROC-GEN-MARG-V1
EQ-PUMP-230,2026-01-27 12:00:00+00:00,vibration_mm_s,2.86,mm/s,2026-S1,synthétique,PROC-GEN-MARG-V1
EQ-PUMP-230,2026-01-27 18:00:00+00:00,vibration_mm_s,3.06,mm/s,2026-S1,synthétique,PROC-GEN-MARG-V1
EQ-PUMP-230,2026-01-28 00:00:00+00:00,vibration_mm_s,3.21,mm/s,2026-S1,synthétique,PROC-GEN-MARG-V1
EQ-PUMP-230,2026-01-28 06:00:00+00:00,vibration_mm_s,2.38,mm/s,2026-S1,synthétique,PROC-GEN-MARG-V1
EQ-PUMP-230,2026-01-28 12:00:00+00:00,vibration_mm_s,2.87,mm/s,2026-S1,synthétique,PROC-GEN-MARG-V1
EQ-PUMP-230,2026-01-28 18:00:00+00:00,vibration_mm_s,2.75,mm/s,2026-S1,synthétique,PROC-GEN-MARG-V1
EQ-PUMP-230,2026-01-29 00:00:00+00:00,vibration_mm_s,3.31,mm/s,2026-S1,synthétique,PROC-GEN-MARG-V1
EQ-PUMP-230,2026-01-29 06:00:00+00:00,vibration_mm_s,2.76,mm/s,2026-S1,synthétique,PROC-GEN-MARG-V1
EQ-PUMP-230,2026-01-29 12:00:00+00:00,vibration_mm_s,2.2,mm/s,2026-S1,synthétique,PROC-GEN-MARG-V1
EQ-PUMP-230,2026-01-29 18:00:00+00:00,vibration_mm_s,2.11,mm/s,2026-S1,synthétique,PROC-GEN-MARG-V1
EQ-PUMP-230,2026-01-30 00:00:00+00:00,vibration_mm_s,2.84,mm/s,2026-S1,synthétique,PROC-GEN-MARG-V1
EQ-PUMP-230,2026-01-30 06:00:00+00:00,vibration_mm_s,2.7,mm/s,2026-S1,synthétique,PROC-GEN-MARG-V1
EQ-PUMP-230,2026-01-30 12:00:00+00:00,vibration_mm_s,2.61,mm/s,2026-S1,synthétique,PROC-GEN-MARG-V1
EQ-PUMP-230,2026-01-30 18:00:00+00:00,vibration_mm_s,2.52,mm/s,2026-S1,synthétique,PROC-GEN-MARG-V1
EQ-PUMP-230,2026-01-31 00:00:00+00:00,vibration_mm_s,2.85,mm/s,2026-S1,synthétique,PROC-GEN-MARG-V1
EQ-PUMP-230,2026-01-31 06:00:00+00:00,vibration_mm_s,2.56,mm/s,2026-S1,synthétique,PROC-GEN-MARG-V1
EQ-PUMP-230,2026-01-31 12:00:00+00:00,vibration_mm_s,3.05,mm/s,2026-S1,synthétique,PROC-GEN-MARG-V1
EQ-PUMP-230,2026-01-31 18:00:00+00:00,vibration_mm_s,3.37,mm/s,2026-S1,synthétique,PROC-GEN-MARG-V1
EQ-ROBOT-173,2026-01-01 00:00:00+00:00,vibration_mm_s,2.75,mm/s,2026-S1,synthétique,PROC-GEN-MARG-V1
EQ-ROBOT-173,2026-01-01 06:00:00+00:00,vibration_mm_s,2.63,mm/s,2026-S1,synthétique,PROC-GEN-MARG-V1
EQ-ROBOT-173,2026-01-01 12:00:00+00:00,vibration_mm_s,3.02,mm/s,2026-S1,synthétique,PROC-GEN-MARG-V1
EQ-ROBOT-173,2026-01-01 18:00:00+00:00,vibration_mm_s,2.96,mm/s,2026-S1,synthétique,PROC-GEN-MARG-V1
EQ-ROBOT-173,2026-01-02 00:00:00+00:00,vibration_mm_s,2.99,mm/s,2026-S1,synthétique,PROC-GEN-MARG-V1
EQ-ROBOT-173,2026-01-02 06:00:00+00:00,vibration_mm_s,2.31,mm/s,2026-S1,synthétique,PROC-GEN-MARG-V1
EQ-ROBOT-173,2026-01-02 12:00:00+00:00,vibration_mm_s,3.18,mm/s,2026-S1,synthétique,PROC-GEN-MARG-V1
EQ-ROBOT-173,2026-01-02 18:00:00+00:00,vibration_mm_s,2.61,mm/s,2026-S1,synthétique,PROC-GEN-MARG-V1
EQ-ROBOT-173,2026-01-03 00:00:00+00:00,vibration_mm_s,2.5,mm/s,2026-S1,synthétique,PROC-GEN-MARG-V1
EQ-ROBOT-173,2026-01-03 06:00:00+00:00,vibration_mm_s,3.46,mm/s,2026-S1,synthétique,PROC-GEN-MARG-V1
EQ-ROBOT-173,2026-01-03 12:00:00+00:00,vibration_mm_s,2.79,mm/s,2026-S1,synthétique,PROC-GEN-MARG-V1
EQ-ROBOT-173,2026-01-03 18:00:00+00:00,vibration_mm_s,2.4,mm/s,2026-S1,synthétique,PROC-GEN-MARG-V1
EQ-ROBOT-173,2026-01-04 00:00:00+00:00,vibration_mm_s,3.03,mm/s,2026-S1,synthétique,PROC-GEN-MARG-V1
EQ-ROBOT-173,2026-01-04 06:00:00+00:00,vibration_mm_s,3.07,mm/s,2026-S1,synthétique,PROC-GEN-MARG-V1
EQ-ROBOT-173,2026-01-04 12:00:00+00:00,vibration_mm_s,2.82,mm/s,2026-S1,synthétique,PROC-GEN-MARG-V1
EQ-ROBOT-173,2026-01-04 18:00:00+00:00,vibration_mm_s,2.5,mm/s,2026-S1,synthétique,PROC-GEN-MARG-V1
EQ-ROBOT-173,2026-01-05 00:00:00+00:00,vibration_mm_s,3.05,mm/s,2026-S1,synthétique,PROC-GEN-MARG-V1
EQ-ROBOT-173,2026-01-05 06:00:00+00:00,vibration_mm_s,3.24,mm/s,2026-S1,synthétique,PROC-GEN-MARG-V1
EQ-ROBOT-173,2026-01-05 12:00:00+00:00,vibration_mm_s,2.65,mm/s,2026-S1,synthétique,PROC-GEN-MARG-V1
EQ-ROBOT-173,2026-01-05 18:00:00+00:00,vibration_mm_s,3.25,mm/s,2026-S1,synthétique,PROC-GEN-MARG-V1
EQ-ROBOT-173,2026-01-06 00:00:00+00:00,vibration_mm_s,2.7,mm/s,2026-S1,synthétique,PROC-GEN-MARG-V1
EQ-ROBOT-173,2026-01-06 06:00:00+00:00,vibration_mm_s,2.35,mm/s,2026-S1,synthétique,PROC-GEN-MARG-V1
EQ-ROBOT-173,2026-01-06 12:00:00+00:00,vibration_mm_s,2.74,mm/s,2026-S1,synthétique,PROC-GEN-MARG-V1
EQ-ROBOT-173,2026-01-06 18:00:00+00:00,vibration_mm_s,2.54,mm/s,2026-S1,synthétique,PROC-GEN-MARG-V1
EQ-ROBOT-173,2026-01-07 00:00:00+00:00,vibration_mm_s,2.38,mm/s,2026-S1,synthétique,PROC-GEN-MARG-V1
EQ-ROBOT-173,2026-01-07 06:00:00+00:00,vibration_mm_s,2.42,mm/s,2026-S1,synthétique,PROC-GEN-MARG-V1
EQ-ROBOT-173,2026-01-07 12:00:00+00:00,vibration_mm_s,2.93,mm/s,2026-S1,synthétique,PROC-GEN-MARG-V1
EQ-ROBOT-173,2026-01-07 18:00:00+00:00,vibration_mm_s,2.9,mm/s,2026-S1,synthétique,PROC-GEN-MARG-V1
EQ-ROBOT-173,2026-01-08 00:00:00+00:00,vibration_mm_s,2.91,mm/s,2026-S1,synthétique,PROC-GEN-MARG-V1
EQ-ROBOT-173,2026-01-08 06:00:00+00:00,vibration_mm_s,2.87,mm/s,2026-S1,synthétique,PROC-GEN-MARG-V1
EQ-ROBOT-173,2026-01-08 12:00:00+00:00,vibration_mm_s,3.04,mm/s,2026-S1,synthétique,PROC-GEN-MARG-V1
EQ-ROBOT-173,2026-01-08 18:00:00+00:00,vibration_mm_s,3.26,mm/s,2026-S1,synthétique,PROC-GEN-MARG-V1
EQ-ROBOT-173,2026-01-09 00:00:00+00:00,vibration_mm_s,3.97,mm/s,2026-S1,synthétique,PROC-GEN-MARG-V1
EQ-ROBOT-173,2026-01-09 06:00:00+00:00,vibration_mm_s,3.3,mm/s,2026-S1,synthétique,PROC-GEN-MARG-V1
EQ-ROBOT-173,2026-01-09 12:00:00+00:00,vibration_mm_s,2.68,mm/s,2026-S1,synthétique,PROC-GEN-MARG-V1
EQ-ROBOT-173,2026-01-09 18:00:00+00:00,vibration_mm_s,2.71,mm/s,2026-S1,synthétique,PROC-GEN-MARG-V1
EQ-ROBOT-173,2026-01-10 00:00:00+00:00,vibration_mm_s,3.07,mm/s,2026-S1,synthétique,PROC-GEN-MARG-V1
EQ-ROBOT-173,2026-01-10 06:00:00+00:00,vibration_mm_s,2.87,mm/s,2026-S1,synthétique,PROC-GEN-MARG-V1
EQ-ROBOT-173,2026-01-10 12:00:00+00:00,vibration_mm_s,3.08,mm/s,2026-S1,synthétique,PROC-GEN-MARG-V1
EQ-ROBOT-173,2026-01-10 18:00:00+00:00,vibration_mm_s,2.8,mm/s,2026-S1,synthétique,PROC-GEN-MARG-V1
EQ-ROBOT-173,2026-01-11 00:00:00+00:00,vibration_mm_s,3.32,mm/s,2026-S1,synthétique,PROC-GEN-MARG-V1
EQ-ROBOT-173,2026-01-11 06:00:00+00:00,vibration_mm_s,3.0,mm/s,2026-S1,synthétique,PROC-GEN-MARG-V1
EQ-ROBOT-173,2026-01-11 12:00:00+00:00,vibration_mm_s,2.43,mm/s,2026-S1,synthétique,PROC-GEN-MARG-V1
EQ-ROBOT-173,2026-01-11 18:00:00+00:00,vibration_mm_s,3.21,mm/s,2026-S1,synthétique,PROC-GEN-MARG-V1
EQ-ROBOT-173,2026-01-12 00:00:00+00:00,vibration_mm_s,2.83,mm/s,2026-S1,synthétique,PROC-GEN-MARG-V1
EQ-ROBOT-173,2026-01-12 06:00:00+00:00,vibration_mm_s,3.03,mm/s,2026-S1,synthétique,PROC-GEN-MARG-V1
EQ-ROBOT-173,2026-01-12 12:00:00+00:00,vibration_mm_s,2.55,mm/s,2026-S1,synthétique,PROC-GEN-MARG-V1
EQ-ROBOT-173,2026-01-12 18:00:00+00:00,vibration_mm_s,3.22,mm/s,2026-S1,synthétique,PROC-GEN-MARG-V1
EQ-ROBOT-173,2026-01-13 00:00:00+00:00,vibration_mm_s,3.3,mm/s,2026-S1,synthétique,PROC-GEN-MARG-V1
EQ-ROBOT-173,2026-01-13 06:00:00+00:00,vibration_mm_s,3.39,mm/s,2026-S1,synthétique,PROC-GEN-MARG-V1
EQ-ROBOT-173,2026-01-13 12:00:00+00:00,vibration_mm_s,2.72,mm/s,2026-S1,synthétique,PROC-GEN-MARG-V1
EQ-ROBOT-173,2026-01-13 18:00:00+00:00,vibration_mm_s,2.38,mm/s,2026-S1,synthétique,PROC-GEN-MARG-V1
EQ-ROBOT-173,2026-01-14 00:00:00+00:00,vibration_mm_s,2.44,mm/s,2026-S1,synthétique,PROC-GEN-MARG-V1
EQ-ROBOT-173,2026-01-14 06:00:00+00:00,vibration_mm_s,2.81,mm/s,2026-S1,synthétique,PROC-GEN-MARG-V1
EQ-ROBOT-173,2026-01-14 12:00:00+00:00,vibration_mm_s,3.06,mm/s,2026-S1,synthétique,PROC-GEN-MARG-V1
EQ-ROBOT-173,2026-01-14 18:00:00+00:00,vibration_mm_s,2.93,mm/s,2026-S1,synthétique,PROC-GEN-MARG-V1
EQ-ROBOT-173,2026-01-15 00:00:00+00:00,vibration_mm_s,2.95,mm/s,2026-S1,synthétique,PROC-GEN-MARG-V1
EQ-ROBOT-173,2026-01-15 06:00:00+00:00,vibration_mm_s,3.22,mm/s,2026-S1,synthétique,PROC-GEN-MARG-V1
EQ-ROBOT-173,2026-01-15 12:00:00+00:00,vibration_mm_s,3.28,mm/s,2026-S1,synthétique,PROC-GEN-MARG-V1
EQ-ROBOT-173,2026-01-15 18:00:00+00:00,vibration_mm_s,2.0,mm/s,2026-S1,synthétique,PROC-GEN-MARG-V1
EQ-ROBOT-173,2026-01-16 00:00:00+00:00,vibration_mm_s,3.2,mm/s,2026-S1,synthétique,PROC-GEN-MARG-V1
EQ-ROBOT-173,2026-01-16 06:00:00+00:00,vibration_mm_s,3.05,mm/s,2026-S1,synthétique,PROC-GEN-MARG-V1
EQ-ROBOT-173,2026-01-16 12:00:00+00:00,vibration_mm_s,2.99,mm/s,2026-S1,synthétique,PROC-GEN-MARG-V1
EQ-ROBOT-173,2026-01-16 18:00:00+00:00,vibration_mm_s,2.21,mm/s,2026-S1,synthétique,PROC-GEN-MARG-V1
EQ-ROBOT-173,2026-01-17 00:00:00+00:00,vibration_mm_s,2.56,mm/s,2026-S1,synthétique,PROC-GEN-MARG-V1
EQ-ROBOT-173,2026-01-17 06:00:00+00:00,vibration_mm_s,2.72,mm/s,2026-S1,synthétique,PROC-GEN-MARG-V1
EQ-ROBOT-173,2026-01-17 12:00:00+00:00,vibration_mm_s,3.76,mm/s,2026-S1,synthétique,PROC-GEN-MARG-V1
EQ-ROBOT-173,2026-01-17 18:00:00+00:00,vibration_mm_s,2.95,mm/s,2026-S1,synthétique,PROC-GEN-MARG-V1
EQ-ROBOT-173,2026-01-18 00:00:00+00:00,vibration_mm_s,2.84,mm/s,2026-S1,synthétique,PROC-GEN-MARG-V1
EQ-ROBOT-173,2026-01-18 06:00:00+00:00,vibration_mm_s,3.15,mm/s,2026-S1,synthétique,PROC-GEN-MARG-V1
EQ-ROBOT-173,2026-01-18 12:00:00+00:00,vibration_mm_s,2.56,mm/s,2026-S1,synthétique,PROC-GEN-MARG-V1
EQ-ROBOT-173,2026-01-18 18:00:00+00:00,vibration_mm_s,2.62,mm/s,2026-S1,synthétique,PROC-GEN-MARG-V1
EQ-ROBOT-173,2026-01-19 00:00:00+00:00,vibration_mm_s,2.45,mm/s,2026-S1,synthétique,PROC-GEN-MARG-V1
EQ-ROBOT-173,2026-01-19 06:00:00+00:00,vibration_mm_s,3.21,mm/s,2026-S1,synthétique,PROC-GEN-MARG-V1
EQ-ROBOT-173,2026-01-19 12:00:00+00:00,vibration_mm_s,2.8,mm/s,2026-S1,synthétique,PROC-GEN-MARG-V1
EQ-ROBOT-173,2026-01-19 18:00:00+00:00,vibration_mm_s,2.56,mm/s,2026-S1,synthétique,PROC-GEN-MARG-V1
EQ-ROBOT-173,2026-01-20 00:00:00+00:00,vibration_mm_s,1.95,mm/s,2026-S1,synthétique,PROC-GEN-MARG-V1
EQ-ROBOT-173,2026-01-20 06:00:00+00:00,vibration_mm_s,3.4,mm/s,2026-S1,synthétique,PROC-GEN-MARG-V1
EQ-ROBOT-173,2026-01-20 12:00:00+00:00,vibration_mm_s,3.05,mm/s,2026-S1,synthétique,PROC-GEN-MARG-V1
EQ-ROBOT-173,2026-01-20 18:00:00+00:00,vibration_mm_s,2.63,mm/s,2026-S1,synthétique,PROC-GEN-MARG-V1
EQ-ROBOT-173,2026-01-21 00:00:00+00:00,vibration_mm_s,2.78,mm/s,2026-S1,synthétique,PROC-GEN-MARG-V1
EQ-ROBOT-173,2026-01-21 06:00:00+00:00,vibration_mm_s,4.3,mm/s,2026-S1,synthétique,PROC-GEN-MARG-V1
EQ-ROBOT-173,2026-01-21 12:00:00+00:00,vibration_mm_s,2.92,mm/s,2026-S1,synthétique,PROC-GEN-MARG-V1
EQ-ROBOT-173,2026-01-21 18:00:00+00:00,vibration_mm_s,2.82,mm/s,2026-S1,synthétique,PROC-GEN-MARG-V1
EQ-ROBOT-173,2026-01-22 00:00:00+00:00,vibration_mm_s,3.14,mm/s,2026-S1,synthétique,PROC-GEN-MARG-V1
EQ-ROBOT-173,2026-01-22 06:00:00+00:00,vibration_mm_s,2.86,mm/s,2026-S1,synthétique,PROC-GEN-MARG-V1
EQ-ROBOT-173,2026-01-22 12:00:00+00:00,vibration_mm_s,3.1,mm/s,2026-S1,synthétique,PROC-GEN-MARG-V1
EQ-ROBOT-173,2026-01-22 18:00:00+00:00,vibration_mm_s,3.3,mm/s,2026-S1,synthétique,PROC-GEN-MARG-V1
EQ-ROBOT-173,2026-01-23 00:00:00+00:00,vibration_mm_s,3.16,mm/s,2026-S1,synthétique,PROC-GEN-MARG-V1
EQ-ROBOT-173,2026-01-23 06:00:00+00:00,vibration_mm_s,2.95,mm/s,2026-S1,synthétique,PROC-GEN-MARG-V1
EQ-ROBOT-173,2026-01-23 12:00:00+00:00,vibration_mm_s,2.37,mm/s,2026-S1,synthétique,PROC-GEN-MARG-V1
EQ-ROBOT-173,2026-01-23 18:00:00+00:00,vibration_mm_s,2.84,mm/s,2026-S1,synthétique,PROC-GEN-MARG-V1
EQ-ROBOT-173,2026-01-24 00:00:00+00:00,vibration_mm_s,2.15,mm/s,2026-S1,synthétique,PROC-GEN-MARG-V1
EQ-ROBOT-173,2026-01-24 06:00:00+00:00,vibration_mm_s,2.77,mm/s,2026-S1,synthétique,PROC-GEN-MARG-V1
EQ-ROBOT-173,2026-01-24 12:00:00+00:00,vibration_mm_s,2.34,mm/s,2026-S1,synthétique,PROC-GEN-MARG-V1
EQ-ROBOT-173,2026-01-24 18:00:00+00:00,vibration_mm_s,2.65,mm/s,2026-S1,synthétique,PROC-GEN-MARG-V1
EQ-ROBOT-173,2026-01-25 00:00:00+00:00,vibration_mm_s,2.73,mm/s,2026-S1,synthétique,PROC-GEN-MARG-V1
EQ-ROBOT-173,2026-01-25 06:00:00+00:00,vibration_mm_s,2.74,mm/s,2026-S1,synthétique,PROC-GEN-MARG-V1
EQ-ROBOT-173,2026-01-25 12:00:00+00:00,vibration_mm_s,3.44,mm/s,2026-S1,synthétique,PROC-GEN-MARG-V1
EQ-ROBOT-173,2026-01-25 18:00:00+00:00,vibration_mm_s,3.64,mm/s,2026-S1,synthétique,PROC-GEN-MARG-V1
EQ-ROBOT-173,2026-01-26 00:00:00+00:00,vibration_mm_s,2.64,mm/s,2026-S1,synthétique,PROC-GEN-MARG-V1
EQ-ROBOT-173,2026-01-26 06:00:00+00:00,vibration_mm_s,3.44,mm/s,2026-S1,synthétique,PROC-GEN-MARG-V1
EQ-ROBOT-173,2026-01-26 12:00:00+00:00,vibration_mm_s,3.37,mm/s,2026-S1,synthétique,PROC-GEN-MARG-V1
EQ-ROBOT-173,2026-01-26 18:00:00+00:00,vibration_mm_s,2.24,mm/s,2026-S1,synthétique,PROC-GEN-MARG-V1
EQ-ROBOT-173,2026-01-27 00:00:00+00:00,vibration_mm_s,3.06,mm/s,2026-S1,synthétique,PROC-GEN-MARG-V1
EQ-ROBOT-173,2026-01-27 06:00:00+00:00,vibration_mm_s,3.3,mm/s,2026-S1,synthétique,PROC-GEN-MARG-V1
EQ-ROBOT-173,2026-01-27 12:00:00+00:00,vibration_mm_s,3.07,mm/s,2026-S1,synthétique,PROC-GEN-MARG-V1
EQ-ROBOT-173,2026-01-27 18:00:00+00:00,vibration_mm_s,2.62,mm/s,2026-S1,synthétique,PROC-GEN-MARG-V1
EQ-ROBOT-173,2026-01-28 00:00:00+00:00,vibration_mm_s,3.37,mm/s,2026-S1,synthétique,PROC-GEN-MARG-V1
EQ-ROBOT-173,2026-01-28 06:00:00+00:00,vibration_mm_s,3.0,mm/s,2026-S1,synthétique,PROC-GEN-MARG-V1
EQ-ROBOT-173,2026-01-28 12:00:00+00:00,vibration_mm_s,3.02,mm/s,2026-S1,synthétique,PROC-GEN-MARG-V1
EQ-ROBOT-173,2026-01-28 18:00:00+00:00,vibration_mm_s,2.17,mm/s,2026-S1,synthétique,PROC-GEN-MARG-V1
EQ-ROBOT-173,2026-01-29 00:00:00+00:00,vibration_mm_s,3.88,mm/s,2026-S1,synthétique,PROC-GEN-MARG-V1
EQ-ROBOT-173,2026-01-29 06:00:00+00:00,vibration_mm_s,3.28,mm/s,2026-S1,synthétique,PROC-GEN-MARG-V1
EQ-ROBOT-173,2026-01-29 12:00:00+00:00,vibration_mm_s,2.86,mm/s,2026-S1,synthétique,PROC-GEN-MARG-V1
EQ-ROBOT-173,2026-01-29 18:00:00+00:00,vibration_mm_s,3.69,mm/s,2026-S1,synthétique,PROC-GEN-MARG-V1
EQ-ROBOT-173,2026-01-30 00:00:00+00:00,vibration_mm_s,3.3,mm/s,2026-S1,synthétique,PROC-GEN-MARG-V1
EQ-ROBOT-173,2026-01-30 06:00:00+00:00,vibration_mm_s,2.27,mm/s,2026-S1,synthétique,PROC-GEN-MARG-V1
EQ-ROBOT-173,2026-01-30 12:00:00+00:00,vibration_mm_s,2.9,mm/s,2026-S1,synthétique,PROC-GEN-MARG-V1
EQ-ROBOT-173,2026-01-30 18:00:00+00:00,vibration_mm_s,2.85,mm/s,2026-S1,synthétique,PROC-GEN-MARG-V1
EQ-ROBOT-173,2026-01-31 00:00:00+00:00,vibration_mm_s,3.53,mm/s,2026-S1,synthétique,PROC-GEN-MARG-V1
EQ-ROBOT-173,2026-01-31 06:00:00+00:00,vibration_mm_s,2.29,mm/s,2026-S1,synthétique,PROC-GEN-MARG-V1
EQ-ROBOT-173,2026-01-31 12:00:00+00:00,vibration_mm_s,3.02,mm/s,2026-S1,synthétique,PROC-GEN-MARG-V1
EQ-ROBOT-173,2026-01-31 18:00:00+00:00,vibration_mm_s,2.39,mm/s,2026-S1,synthétique,PROC-GEN-MARG-V1
EQ-COMP-189,2026-01-01 00:00:00+00:00,temperature_c,54.49,°C,2026-S1,synthétique,PROC-GEN-MARG-V1
EQ-COMP-189,2026-01-01 06:00:00+00:00,temperature_c,53.33,°C,2026-S1,synthétique,PROC-GEN-MARG-V1
EQ-COMP-189,2026-01-01 12:00:00+00:00,temperature_c,59.47,°C,2026-S1,synthétique,PROC-GEN-MARG-V1
EQ-COMP-189,2026-01-01 18:00:00+00:00,temperature_c,67.9,°C,2026-S1,synthétique,PROC-GEN-MARG-V1
EQ-COMP-189,2026-01-02 00:00:00+00:00,temperature_c,52.63,°C,2026-S1,synthétique,PROC-GEN-MARG-V1
EQ-COMP-189,2026-01-02 06:00:00+00:00,temperature_c,57.01,°C,2026-S1,synthétique,PROC-GEN-MARG-V1
EQ-COMP-189,2026-01-02 12:00:00+00:00,temperature_c,58.73,°C,2026-S1,synthétique,PROC-GEN-MARG-V1
EQ-COMP-189,2026-01-02 18:00:00+00:00,temperature_c,64.56,°C,2026-S1,synthétique,PROC-GEN-MARG-V1
EQ-COMP-189,2026-01-03 00:00:00+00:00,temperature_c,65.88,°C,2026-S1,synthétique,PROC-GEN-MARG-V1
EQ-COMP-189,2026-01-03 06:00:00+00:00,temperature_c,63.5,°C,2026-S1,synthétique,PROC-GEN-MARG-V1
EQ-COMP-189,2026-01-03 12:00:00+00:00,temperature_c,63.55,°C,2026-S1,synthétique,PROC-GEN-MARG-V1
EQ-COMP-189,2026-01-03 18:00:00+00:00,temperature_c,61.56,°C,2026-S1,synthétique,PROC-GEN-MARG-V1
EQ-COMP-189,2026-01-04 00:00:00+00:00,temperature_c,55.86,°C,2026-S1,synthétique,PROC-GEN-MARG-V1
EQ-COMP-189,2026-01-04 06:00:00+00:00,temperature_c,64.95,°C,2026-S1,synthétique,PROC-GEN-MARG-V1
EQ-COMP-189,2026-01-04 12:00:00+00:00,temperature_c,51.89,°C,2026-S1,synthétique,PROC-GEN-MARG-V1
EQ-COMP-189,2026-01-04 18:00:00+00:00,temperature_c,50.9,°C,2026-S1,synthétique,PROC-GEN-MARG-V1
EQ-COMP-189,2026-01-05 00:00:00+00:00,temperature_c,54.52,°C,2026-S1,synthétique,PROC-GEN-MARG-V1
EQ-COMP-189,2026-01-05 06:00:00+00:00,temperature_c,54.52,°C,2026-S1,synthétique,PROC-GEN-MARG-V1
EQ-COMP-189,2026-01-05 12:00:00+00:00,temperature_c,54.29,°C,2026-S1,synthétique,PROC-GEN-MARG-V1
EQ-COMP-189,2026-01-05 18:00:00+00:00,temperature_c,48.39,°C,2026-S1,synthétique,PROC-GEN-MARG-V1
EQ-COMP-189,2026-01-06 00:00:00+00:00,temperature_c,52.38,°C,2026-S1,synthétique,PROC-GEN-MARG-V1
EQ-COMP-189,2026-01-06 06:00:00+00:00,temperature_c,47.76,°C,2026-S1,synthétique,PROC-GEN-MARG-V1
EQ-COMP-189,2026-01-06 12:00:00+00:00,temperature_c,54.45,°C,2026-S1,synthétique,PROC-GEN-MARG-V1
EQ-COMP-189,2026-01-06 18:00:00+00:00,temperature_c,50.22,°C,2026-S1,synthétique,PROC-GEN-MARG-V1
EQ-COMP-189,2026-01-07 00:00:00+00:00,temperature_c,59.62,°C,2026-S1,synthétique,PROC-GEN-MARG-V1
EQ-COMP-189,2026-01-07 06:00:00+00:00,temperature_c,45.01,°C,2026-S1,synthétique,PROC-GEN-MARG-V1
EQ-COMP-189,2026-01-07 12:00:00+00:00,temperature_c,50.27,°C,2026-S1,synthétique,PROC-GEN-MARG-V1
EQ-COMP-189,2026-01-07 18:00:00+00:00,temperature_c,54.89,°C,2026-S1,synthétique,PROC-GEN-MARG-V1
EQ-COMP-189,2026-01-08 00:00:00+00:00,temperature_c,61.52,°C,2026-S1,synthétique,PROC-GEN-MARG-V1
EQ-COMP-189,2026-01-08 06:00:00+00:00,temperature_c,59.79,°C,2026-S1,synthétique,PROC-GEN-MARG-V1
EQ-COMP-189,2026-01-08 12:00:00+00:00,temperature_c,57.43,°C,2026-S1,synthétique,PROC-GEN-MARG-V1
EQ-COMP-189,2026-01-08 18:00:00+00:00,temperature_c,50.49,°C,2026-S1,synthétique,PROC-GEN-MARG-V1
EQ-COMP-189,2026-01-09 00:00:00+00:00,temperature_c,58.89,°C,2026-S1,synthétique,PROC-GEN-MARG-V1
EQ-COMP-189,2026-01-09 06:00:00+00:00,temperature_c,65.03,°C,2026-S1,synthétique,PROC-GEN-MARG-V1
EQ-COMP-189,2026-01-09 12:00:00+00:00,temperature_c,56.8,°C,2026-S1,synthétique,PROC-GEN-MARG-V1
EQ-COMP-189,2026-01-09 18:00:00+00:00,temperature_c,56.99,°C,2026-S1,synthétique,PROC-GEN-MARG-V1
EQ-COMP-189,2026-01-10 00:00:00+00:00,temperature_c,53.6,°C,2026-S1,synthétique,PROC-GEN-MARG-V1
EQ-COMP-189,2026-01-10 06:00:00+00:00,temperature_c,57.94,°C,2026-S1,synthétique,PROC-GEN-MARG-V1
EQ-COMP-189,2026-01-10 12:00:00+00:00,temperature_c,55.19,°C,2026-S1,synthétique,PROC-GEN-MARG-V1
EQ-COMP-189,2026-01-10 18:00:00+00:00,temperature_c,56.92,°C,2026-S1,synthétique,PROC-GEN-MARG-V1
EQ-COMP-189,2026-01-11 00:00:00+00:00,temperature_c,53.36,°C,2026-S1,synthétique,PROC-GEN-MARG-V1
EQ-COMP-189,2026-01-11 06:00:00+00:00,temperature_c,57.26,°C,2026-S1,synthétique,PROC-GEN-MARG-V1
EQ-COMP-189,2026-01-11 12:00:00+00:00,temperature_c,60.13,°C,2026-S1,synthétique,PROC-GEN-MARG-V1
EQ-COMP-189,2026-01-11 18:00:00+00:00,temperature_c,51.2,°C,2026-S1,synthétique,PROC-GEN-MARG-V1
EQ-COMP-189,2026-01-12 00:00:00+00:00,temperature_c,57.81,°C,2026-S1,synthétique,PROC-GEN-MARG-V1
EQ-COMP-189,2026-01-12 06:00:00+00:00,temperature_c,57.47,°C,2026-S1,synthétique,PROC-GEN-MARG-V1
EQ-COMP-189,2026-01-12 12:00:00+00:00,temperature_c,54.42,°C,2026-S1,synthétique,PROC-GEN-MARG-V1
EQ-COMP-189,2026-01-12 18:00:00+00:00,temperature_c,62.72,°C,2026-S1,synthétique,PROC-GEN-MARG-V1
EQ-COMP-189,2026-01-13 00:00:00+00:00,temperature_c,66.28,°C,2026-S1,synthétique,PROC-GEN-MARG-V1
EQ-COMP-189,2026-01-13 06:00:00+00:00,temperature_c,58.0,°C,2026-S1,synthétique,PROC-GEN-MARG-V1
EQ-COMP-189,2026-01-13 12:00:00+00:00,temperature_c,61.24,°C,2026-S1,synthétique,PROC-GEN-MARG-V1
EQ-COMP-189,2026-01-13 18:00:00+00:00,temperature_c,68.07,°C,2026-S1,synthétique,PROC-GEN-MARG-V1
EQ-COMP-189,2026-01-14 00:00:00+00:00,temperature_c,58.88,°C,2026-S1,synthétique,PROC-GEN-MARG-V1
EQ-COMP-189,2026-01-14 06:00:00+00:00,temperature_c,58.82,°C,2026-S1,synthétique,PROC-GEN-MARG-V1
EQ-COMP-189,2026-01-14 12:00:00+00:00,temperature_c,59.62,°C,2026-S1,synthétique,PROC-GEN-MARG-V1
EQ-COMP-189,2026-01-14 18:00:00+00:00,temperature_c,59.82,°C,2026-S1,synthétique,PROC-GEN-MARG-V1
EQ-COMP-189,2026-01-15 00:00:00+00:00,temperature_c,47.56,°C,2026-S1,synthétique,PROC-GEN-MARG-V1
EQ-COMP-189,2026-01-15 06:00:00+00:00,temperature_c,62.36,°C,2026-S1,synthétique,PROC-GEN-MARG-V1
EQ-COMP-189,2026-01-15 12:00:00+00:00,temperature_c,52.57,°C,2026-S1,synthétique,PROC-GEN-MARG-V1
EQ-COMP-189,2026-01-15 18:00:00+00:00,temperature_c,55.78,°C,2026-S1,synthétique,PROC-GEN-MARG-V1
EQ-COMP-189,2026-01-16 00:00:00+00:00,temperature_c,52.53,°C,2026-S1,synthétique,PROC-GEN-MARG-V1
EQ-COMP-189,2026-01-16 06:00:00+00:00,temperature_c,57.3,°C,2026-S1,synthétique,PROC-GEN-MARG-V1
EQ-COMP-189,2026-01-16 12:00:00+00:00,temperature_c,61.54,°C,2026-S1,synthétique,PROC-GEN-MARG-V1
EQ-COMP-189,2026-01-16 18:00:00+00:00,temperature_c,61.95,°C,2026-S1,synthétique,PROC-GEN-MARG-V1
EQ-COMP-189,2026-01-17 00:00:00+00:00,temperature_c,56.1,°C,2026-S1,synthétique,PROC-GEN-MARG-V1
EQ-COMP-189,2026-01-17 06:00:00+00:00,temperature_c,69.24,°C,2026-S1,synthétique,PROC-GEN-MARG-V1
EQ-COMP-189,2026-01-17 12:00:00+00:00,temperature_c,54.24,°C,2026-S1,synthétique,PROC-GEN-MARG-V1
EQ-COMP-189,2026-01-17 18:00:00+00:00,temperature_c,54.54,°C,2026-S1,synthétique,PROC-GEN-MARG-V1
EQ-COMP-189,2026-01-18 00:00:00+00:00,temperature_c,60.82,°C,2026-S1,synthétique,PROC-GEN-MARG-V1
EQ-COMP-189,2026-01-18 06:00:00+00:00,temperature_c,63.96,°C,2026-S1,synthétique,PROC-GEN-MARG-V1
EQ-COMP-189,2026-01-18 12:00:00+00:00,temperature_c,63.39,°C,2026-S1,synthétique,PROC-GEN-MARG-V1
EQ-COMP-189,2026-01-18 18:00:00+00:00,temperature_c,55.5,°C,2026-S1,synthétique,PROC-GEN-MARG-V1
EQ-COMP-189,2026-01-19 00:00:00+00:00,temperature_c,62.98,°C,2026-S1,synthétique,PROC-GEN-MARG-V1
EQ-COMP-189,2026-01-19 06:00:00+00:00,temperature_c,59.19,°C,2026-S1,synthétique,PROC-GEN-MARG-V1
EQ-COMP-189,2026-01-19 12:00:00+00:00,temperature_c,61.5,°C,2026-S1,synthétique,PROC-GEN-MARG-V1
EQ-COMP-189,2026-01-19 18:00:00+00:00,temperature_c,51.9,°C,2026-S1,synthétique,PROC-GEN-MARG-V1
EQ-COMP-189,2026-01-20 00:00:00+00:00,temperature_c,57.24,°C,2026-S1,synthétique,PROC-GEN-MARG-V1
EQ-COMP-189,2026-01-20 06:00:00+00:00,temperature_c,49.58,°C,2026-S1,synthétique,PROC-GEN-MARG-V1
EQ-COMP-189,2026-01-20 12:00:00+00:00,temperature_c,61.89,°C,2026-S1,synthétique,PROC-GEN-MARG-V1
EQ-COMP-189,2026-01-20 18:00:00+00:00,temperature_c,58.6,°C,2026-S1,synthétique,PROC-GEN-MARG-V1
EQ-COMP-189,2026-01-21 00:00:00+00:00,temperature_c,61.45,°C,2026-S1,synthétique,PROC-GEN-MARG-V1
EQ-COMP-189,2026-01-21 06:00:00+00:00,temperature_c,58.36,°C,2026-S1,synthétique,PROC-GEN-MARG-V1
EQ-COMP-189,2026-01-21 12:00:00+00:00,temperature_c,50.61,°C,2026-S1,synthétique,PROC-GEN-MARG-V1
EQ-COMP-189,2026-01-21 18:00:00+00:00,temperature_c,60.44,°C,2026-S1,synthétique,PROC-GEN-MARG-V1
EQ-COMP-189,2026-01-22 00:00:00+00:00,temperature_c,60.95,°C,2026-S1,synthétique,PROC-GEN-MARG-V1
EQ-COMP-189,2026-01-22 06:00:00+00:00,temperature_c,61.19,°C,2026-S1,synthétique,PROC-GEN-MARG-V1
EQ-COMP-189,2026-01-22 12:00:00+00:00,temperature_c,52.74,°C,2026-S1,synthétique,PROC-GEN-MARG-V1
EQ-COMP-189,2026-01-22 18:00:00+00:00,temperature_c,57.86,°C,2026-S1,synthétique,PROC-GEN-MARG-V1
EQ-COMP-189,2026-01-23 00:00:00+00:00,temperature_c,64.18,°C,2026-S1,synthétique,PROC-GEN-MARG-V1
EQ-COMP-189,2026-01-23 06:00:00+00:00,temperature_c,63.26,°C,2026-S1,synthétique,PROC-GEN-MARG-V1
EQ-COMP-189,2026-01-23 12:00:00+00:00,temperature_c,60.55,°C,2026-S1,synthétique,PROC-GEN-MARG-V1
EQ-COMP-189,2026-01-23 18:00:00+00:00,temperature_c,59.83,°C,2026-S1,synthétique,PROC-GEN-MARG-V1
EQ-COMP-189,2026-01-24 00:00:00+00:00,temperature_c,56.72,°C,2026-S1,synthétique,PROC-GEN-MARG-V1
EQ-COMP-189,2026-01-24 06:00:00+00:00,temperature_c,53.96,°C,2026-S1,synthétique,PROC-GEN-MARG-V1
EQ-COMP-189,2026-01-24 12:00:00+00:00,temperature_c,57.89,°C,2026-S1,synthétique,PROC-GEN-MARG-V1
EQ-COMP-189,2026-01-24 18:00:00+00:00,temperature_c,51.73,°C,2026-S1,synthétique,PROC-GEN-MARG-V1
EQ-COMP-189,2026-01-25 00:00:00+00:00,temperature_c,53.33,°C,2026-S1,synthétique,PROC-GEN-MARG-V1
EQ-COMP-189,2026-01-25 06:00:00+00:00,temperature_c,65.5,°C,2026-S1,synthétique,PROC-GEN-MARG-V1
EQ-COMP-189,2026-01-25 12:00:00+00:00,temperature_c,57.91,°C,2026-S1,synthétique,PROC-GEN-MARG-V1
EQ-COMP-189,2026-01-25 18:00:00+00:00,temperature_c,62.62,°C,2026-S1,synthétique,PROC-GEN-MARG-V1
EQ-COMP-189,2026-01-26 00:00:00+00:00,temperature_c,62.94,°C,2026-S1,synthétique,PROC-GEN-MARG-V1
EQ-COMP-189,2026-01-26 06:00:00+00:00,temperature_c,54.49,°C,2026-S1,synthétique,PROC-GEN-MARG-V1
EQ-COMP-189,2026-01-26 12:00:00+00:00,temperature_c,54.11,°C,2026-S1,synthétique,PROC-GEN-MARG-V1
EQ-COMP-189,2026-01-26 18:00:00+00:00,temperature_c,53.82,°C,2026-S1,synthétique,PROC-GEN-MARG-V1
EQ-COMP-189,2026-01-27 00:00:00+00:00,temperature_c,57.9,°C,2026-S1,synthétique,PROC-GEN-MARG-V1
EQ-COMP-189,2026-01-27 06:00:00+00:00,temperature_c,61.52,°C,2026-S1,synthétique,PROC-GEN-MARG-V1
EQ-COMP-189,2026-01-27 12:00:00+00:00,temperature_c,56.94,°C,2026-S1,synthétique,PROC-GEN-MARG-V1
EQ-COMP-189,2026-01-27 18:00:00+00:00,temperature_c,58.65,°C,2026-S1,synthétique,PROC-GEN-MARG-V1
EQ-COMP-189,2026-01-28 00:00:00+00:00,temperature_c,57.77,°C,2026-S1,synthétique,PROC-GEN-MARG-V1
EQ-COMP-189,2026-01-28 06:00:00+00:00,temperature_c,53.69,°C,2026-S1,synthétique,PROC-GEN-MARG-V1
EQ-COMP-189,2026-01-28 12:00:00+00:00,temperature_c,56.19,°C,2026-S1,synthétique,PROC-GEN-MARG-V1
EQ-COMP-189,2026-01-28 18:00:00+00:00,temperature_c,53.83,°C,2026-S1,synthétique,PROC-GEN-MARG-V1
EQ-COMP-189,2026-01-29 00:00:00+00:00,temperature_c,54.02,°C,2026-S1,synthétique,PROC-GEN-MARG-V1
EQ-COMP-189,2026-01-29 06:00:00+00:00,temperature_c,55.93,°C,2026-S1,synthétique,PROC-GEN-MARG-V1
EQ-COMP-189,2026-01-29 12:00:00+00:00,temperature_c,64.06,°C,2026-S1,synthétique,PROC-GEN-MARG-V1
EQ-COMP-189,2026-01-29 18:00:00+00:00,temperature_c,52.58,°C,2026-S1,synthétique,PROC-GEN-MARG-V1
EQ-COMP-189,2026-01-30 00:00:00+00:00,temperature_c,59.88,°C,2026-S1,synthétique,PROC-GEN-MARG-V1
EQ-COMP-189,2026-01-30 06:00:00+00:00,temperature_c,53.61,°C,2026-S1,synthétique,PROC-GEN-MARG-V1
EQ-COMP-189,2026-01-30 12:00:00+00:00,temperature_c,64.72,°C,2026-S1,synthétique,PROC-GEN-MARG-V1
EQ-COMP-189,2026-01-30 18:00:00+00:00,temperature_c,63.06,°C,2026-S1,synthétique,PROC-GEN-MARG-V1
EQ-COMP-189,2026-01-31 00:00:00+00:00,temperature_c,54.66,°C,2026-S1,synthétique,PROC-GEN-MARG-V1
EQ-COMP-189,2026-01-31 06:00:00+00:00,temperature_c,57.99,°C,2026-S1,synthétique,PROC-GEN-MARG-V1
EQ-COMP-189,2026-01-31 12:00:00+00:00,temperature_c,52.78,°C,2026-S1,synthétique,PROC-GEN-MARG-V1
EQ-COMP-189,2026-01-31 18:00:00+00:00,temperature_c,67.33,°C,2026-S1,synthétique,PROC-GEN-MARG-V1
EQ-DRYER-264,2026-01-01 00:00:00+00:00,temperature_c,55.65,°C,2026-S1,synthétique,PROC-GEN-MARG-V1
EQ-DRYER-264,2026-01-01 06:00:00+00:00,temperature_c,55.45,°C,2026-S1,synthétique,PROC-GEN-MARG-V1
EQ-DRYER-264,2026-01-01 12:00:00+00:00,temperature_c,54.98,°C,2026-S1,synthétique,PROC-GEN-MARG-V1
EQ-DRYER-264,2026-01-01 18:00:00+00:00,temperature_c,60.06,°C,2026-S1,synthétique,PROC-GEN-MARG-V1
EQ-DRYER-264,2026-01-02 00:00:00+00:00,temperature_c,62.55,°C,2026-S1,synthétique,PROC-GEN-MARG-V1
EQ-DRYER-264,2026-01-02 06:00:00+00:00,temperature_c,64.5,°C,2026-S1,synthétique,PROC-GEN-MARG-V1
EQ-DRYER-264,2026-01-02 12:00:00+00:00,temperature_c,52.0,°C,2026-S1,synthétique,PROC-GEN-MARG-V1
EQ-DRYER-264,2026-01-02 18:00:00+00:00,temperature_c,53.78,°C,2026-S1,synthétique,PROC-GEN-MARG-V1
EQ-DRYER-264,2026-01-03 00:00:00+00:00,temperature_c,59.97,°C,2026-S1,synthétique,PROC-GEN-MARG-V1
EQ-DRYER-264,2026-01-03 06:00:00+00:00,temperature_c,53.24,°C,2026-S1,synthétique,PROC-GEN-MARG-V1
EQ-DRYER-264,2026-01-03 12:00:00+00:00,temperature_c,63.38,°C,2026-S1,synthétique,PROC-GEN-MARG-V1
EQ-DRYER-264,2026-01-03 18:00:00+00:00,temperature_c,64.52,°C,2026-S1,synthétique,PROC-GEN-MARG-V1
EQ-DRYER-264,2026-01-04 00:00:00+00:00,temperature_c,49.64,°C,2026-S1,synthétique,PROC-GEN-MARG-V1
EQ-DRYER-264,2026-01-04 06:00:00+00:00,temperature_c,58.88,°C,2026-S1,synthétique,PROC-GEN-MARG-V1
EQ-DRYER-264,2026-01-04 12:00:00+00:00,temperature_c,65.59,°C,2026-S1,synthétique,PROC-GEN-MARG-V1
EQ-DRYER-264,2026-01-04 18:00:00+00:00,temperature_c,58.42,°C,2026-S1,synthétique,PROC-GEN-MARG-V1
EQ-DRYER-264,2026-01-05 00:00:00+00:00,temperature_c,60.19,°C,2026-S1,synthétique,PROC-GEN-MARG-V1
EQ-DRYER-264,2026-01-05 06:00:00+00:00,temperature_c,52.12,°C,2026-S1,synthétique,PROC-GEN-MARG-V1
EQ-DRYER-264,2026-01-05 12:00:00+00:00,temperature_c,60.9,°C,2026-S1,synthétique,PROC-GEN-MARG-V1
EQ-DRYER-264,2026-01-05 18:00:00+00:00,temperature_c,63.52,°C,2026-S1,synthétique,PROC-GEN-MARG-V1
EQ-DRYER-264,2026-01-06 00:00:00+00:00,temperature_c,58.7,°C,2026-S1,synthétique,PROC-GEN-MARG-V1
EQ-DRYER-264,2026-01-06 06:00:00+00:00,temperature_c,61.88,°C,2026-S1,synthétique,PROC-GEN-MARG-V1
EQ-DRYER-264,2026-01-06 12:00:00+00:00,temperature_c,55.92,°C,2026-S1,synthétique,PROC-GEN-MARG-V1
EQ-DRYER-264,2026-01-06 18:00:00+00:00,temperature_c,57.52,°C,2026-S1,synthétique,PROC-GEN-MARG-V1
EQ-DRYER-264,2026-01-07 00:00:00+00:00,temperature_c,56.43,°C,2026-S1,synthétique,PROC-GEN-MARG-V1
EQ-DRYER-264,2026-01-07 06:00:00+00:00,temperature_c,52.0,°C,2026-S1,synthétique,PROC-GEN-MARG-V1
EQ-DRYER-264,2026-01-07 12:00:00+00:00,temperature_c,66.52,°C,2026-S1,synthétique,PROC-GEN-MARG-V1
EQ-DRYER-264,2026-01-07 18:00:00+00:00,temperature_c,60.72,°C,2026-S1,synthétique,PROC-GEN-MARG-V1
EQ-DRYER-264,2026-01-08 00:00:00+00:00,temperature_c,61.24,°C,2026-S1,synthétique,PROC-GEN-MARG-V1
EQ-DRYER-264,2026-01-08 06:00:00+00:00,temperature_c,54.49,°C,2026-S1,synthétique,PROC-GEN-MARG-V1
EQ-DRYER-264,2026-01-08 12:00:00+00:00,temperature_c,59.07,°C,2026-S1,synthétique,PROC-GEN-MARG-V1
EQ-DRYER-264,2026-01-08 18:00:00+00:00,temperature_c,53.67,°C,2026-S1,synthétique,PROC-GEN-MARG-V1
EQ-DRYER-264,2026-01-09 00:00:00+00:00,temperature_c,56.43,°C,2026-S1,synthétique,PROC-GEN-MARG-V1
EQ-DRYER-264,2026-01-09 06:00:00+00:00,temperature_c,62.87,°C,2026-S1,synthétique,PROC-GEN-MARG-V1
EQ-DRYER-264,2026-01-09 12:00:00+00:00,temperature_c,48.42,°C,2026-S1,synthétique,PROC-GEN-MARG-V1
EQ-DRYER-264,2026-01-09 18:00:00+00:00,temperature_c,62.6,°C,2026-S1,synthétique,PROC-GEN-MARG-V1
EQ-DRYER-264,2026-01-10 00:00:00+00:00,temperature_c,56.31,°C,2026-S1,synthétique,PROC-GEN-MARG-V1
EQ-DRYER-264,2026-01-10 06:00:00+00:00,temperature_c,51.93,°C,2026-S1,synthétique,PROC-GEN-MARG-V1
EQ-DRYER-264,2026-01-10 12:00:00+00:00,temperature_c,58.58,°C,2026-S1,synthétique,PROC-GEN-MARG-V1
EQ-DRYER-264,2026-01-10 18:00:00+00:00,temperature_c,60.95,°C,2026-S1,synthétique,PROC-GEN-MARG-V1
EQ-DRYER-264,2026-01-11 00:00:00+00:00,temperature_c,53.57,°C,2026-S1,synthétique,PROC-GEN-MARG-V1
EQ-DRYER-264,2026-01-11 06:00:00+00:00,temperature_c,59.01,°C,2026-S1,synthétique,PROC-GEN-MARG-V1
EQ-DRYER-264,2026-01-11 12:00:00+00:00,temperature_c,58.21,°C,2026-S1,synthétique,PROC-GEN-MARG-V1
EQ-DRYER-264,2026-01-11 18:00:00+00:00,temperature_c,59.49,°C,2026-S1,synthétique,PROC-GEN-MARG-V1
EQ-DRYER-264,2026-01-12 00:00:00+00:00,temperature_c,64.18,°C,2026-S1,synthétique,PROC-GEN-MARG-V1
EQ-DRYER-264,2026-01-12 06:00:00+00:00,temperature_c,55.28,°C,2026-S1,synthétique,PROC-GEN-MARG-V1
EQ-DRYER-264,2026-01-12 12:00:00+00:00,temperature_c,52.59,°C,2026-S1,synthétique,PROC-GEN-MARG-V1
EQ-DRYER-264,2026-01-12 18:00:00+00:00,temperature_c,56.27,°C,2026-S1,synthétique,PROC-GEN-MARG-V1
EQ-DRYER-264,2026-01-13 00:00:00+00:00,temperature_c,63.54,°C,2026-S1,synthétique,PROC-GEN-MARG-V1
EQ-DRYER-264,2026-01-13 06:00:00+00:00,temperature_c,53.74,°C,2026-S1,synthétique,PROC-GEN-MARG-V1
EQ-DRYER-264,2026-01-13 12:00:00+00:00,temperature_c,59.76,°C,2026-S1,synthétique,PROC-GEN-MARG-V1
EQ-DRYER-264,2026-01-13 18:00:00+00:00,temperature_c,53.68,°C,2026-S1,synthétique,PROC-GEN-MARG-V1
EQ-DRYER-264,2026-01-14 00:00:00+00:00,temperature_c,60.43,°C,2026-S1,synthétique,PROC-GEN-MARG-V1
EQ-DRYER-264,2026-01-14 06:00:00+00:00,temperature_c,61.42,°C,2026-S1,synthétique,PROC-GEN-MARG-V1
EQ-DRYER-264,2026-01-14 12:00:00+00:00,temperature_c,60.76,°C,2026-S1,synthétique,PROC-GEN-MARG-V1
EQ-DRYER-264,2026-01-14 18:00:00+00:00,temperature_c,57.27,°C,2026-S1,synthétique,PROC-GEN-MARG-V1
EQ-DRYER-264,2026-01-15 00:00:00+00:00,temperature_c,55.7,°C,2026-S1,synthétique,PROC-GEN-MARG-V1
EQ-DRYER-264,2026-01-15 06:00:00+00:00,temperature_c,53.08,°C,2026-S1,synthétique,PROC-GEN-MARG-V1
EQ-DRYER-264,2026-01-15 12:00:00+00:00,temperature_c,57.2,°C,2026-S1,synthétique,PROC-GEN-MARG-V1
EQ-DRYER-264,2026-01-15 18:00:00+00:00,temperature_c,59.91,°C,2026-S1,synthétique,PROC-GEN-MARG-V1
EQ-DRYER-264,2026-01-16 00:00:00+00:00,temperature_c,58.11,°C,2026-S1,synthétique,PROC-GEN-MARG-V1
EQ-DRYER-264,2026-01-16 06:00:00+00:00,temperature_c,57.57,°C,2026-S1,synthétique,PROC-GEN-MARG-V1
EQ-DRYER-264,2026-01-16 12:00:00+00:00,temperature_c,64.72,°C,2026-S1,synthétique,PROC-GEN-MARG-V1
EQ-DRYER-264,2026-01-16 18:00:00+00:00,temperature_c,56.6,°C,2026-S1,synthétique,PROC-GEN-MARG-V1
EQ-DRYER-264,2026-01-17 00:00:00+00:00,temperature_c,55.17,°C,2026-S1,synthétique,PROC-GEN-MARG-V1
EQ-DRYER-264,2026-01-17 06:00:00+00:00,temperature_c,60.27,°C,2026-S1,synthétique,PROC-GEN-MARG-V1
EQ-DRYER-264,2026-01-17 12:00:00+00:00,temperature_c,56.05,°C,2026-S1,synthétique,PROC-GEN-MARG-V1
EQ-DRYER-264,2026-01-17 18:00:00+00:00,temperature_c,60.25,°C,2026-S1,synthétique,PROC-GEN-MARG-V1
EQ-DRYER-264,2026-01-18 00:00:00+00:00,temperature_c,50.86,°C,2026-S1,synthétique,PROC-GEN-MARG-V1
EQ-DRYER-264,2026-01-18 06:00:00+00:00,temperature_c,55.55,°C,2026-S1,synthétique,PROC-GEN-MARG-V1
EQ-DRYER-264,2026-01-18 12:00:00+00:00,temperature_c,49.28,°C,2026-S1,synthétique,PROC-GEN-MARG-V1
EQ-DRYER-264,2026-01-18 18:00:00+00:00,temperature_c,52.5,°C,2026-S1,synthétique,PROC-GEN-MARG-V1
EQ-DRYER-264,2026-01-19 00:00:00+00:00,temperature_c,59.57,°C,2026-S1,synthétique,PROC-GEN-MARG-V1
EQ-DRYER-264,2026-01-19 06:00:00+00:00,temperature_c,62.61,°C,2026-S1,synthétique,PROC-GEN-MARG-V1
EQ-DRYER-264,2026-01-19 12:00:00+00:00,temperature_c,61.18,°C,2026-S1,synthétique,PROC-GEN-MARG-V1
EQ-DRYER-264,2026-01-19 18:00:00+00:00,temperature_c,56.21,°C,2026-S1,synthétique,PROC-GEN-MARG-V1
EQ-DRYER-264,2026-01-20 00:00:00+00:00,temperature_c,61.68,°C,2026-S1,synthétique,PROC-GEN-MARG-V1
EQ-DRYER-264,2026-01-20 06:00:00+00:00,temperature_c,54.81,°C,2026-S1,synthétique,PROC-GEN-MARG-V1
EQ-DRYER-264,2026-01-20 12:00:00+00:00,temperature_c,58.0,°C,2026-S1,synthétique,PROC-GEN-MARG-V1
EQ-DRYER-264,2026-01-20 18:00:00+00:00,temperature_c,57.84,°C,2026-S1,synthétique,PROC-GEN-MARG-V1
EQ-DRYER-264,2026-01-21 00:00:00+00:00,temperature_c,58.77,°C,2026-S1,synthétique,PROC-GEN-MARG-V1
EQ-DRYER-264,2026-01-21 06:00:00+00:00,temperature_c,65.07,°C,2026-S1,synthétique,PROC-GEN-MARG-V1
EQ-DRYER-264,2026-01-21 12:00:00+00:00,temperature_c,60.82,°C,2026-S1,synthétique,PROC-GEN-MARG-V1
EQ-DRYER-264,2026-01-21 18:00:00+00:00,temperature_c,65.17,°C,2026-S1,synthétique,PROC-GEN-MARG-V1
EQ-DRYER-264,2026-01-22 00:00:00+00:00,temperature_c,58.13,°C,2026-S1,synthétique,PROC-GEN-MARG-V1
EQ-DRYER-264,2026-01-22 06:00:00+00:00,temperature_c,56.39,°C,2026-S1,synthétique,PROC-GEN-MARG-V1
EQ-DRYER-264,2026-01-22 12:00:00+00:00,temperature_c,54.81,°C,2026-S1,synthétique,PROC-GEN-MARG-V1
EQ-DRYER-264,2026-01-22 18:00:00+00:00,temperature_c,64.76,°C,2026-S1,synthétique,PROC-GEN-MARG-V1
EQ-DRYER-264,2026-01-23 00:00:00+00:00,temperature_c,52.8,°C,2026-S1,synthétique,PROC-GEN-MARG-V1
EQ-DRYER-264,2026-01-23 06:00:00+00:00,temperature_c,52.51,°C,2026-S1,synthétique,PROC-GEN-MARG-V1
EQ-DRYER-264,2026-01-23 12:00:00+00:00,temperature_c,63.81,°C,2026-S1,synthétique,PROC-GEN-MARG-V1
EQ-DRYER-264,2026-01-23 18:00:00+00:00,temperature_c,51.12,°C,2026-S1,synthétique,PROC-GEN-MARG-V1
EQ-DRYER-264,2026-01-24 00:00:00+00:00,temperature_c,59.21,°C,2026-S1,synthétique,PROC-GEN-MARG-V1
EQ-DRYER-264,2026-01-24 06:00:00+00:00,temperature_c,63.3,°C,2026-S1,synthétique,PROC-GEN-MARG-V1
EQ-DRYER-264,2026-01-24 12:00:00+00:00,temperature_c,59.63,°C,2026-S1,synthétique,PROC-GEN-MARG-V1
EQ-DRYER-264,2026-01-24 18:00:00+00:00,temperature_c,61.68,°C,2026-S1,synthétique,PROC-GEN-MARG-V1
EQ-DRYER-264,2026-01-25 00:00:00+00:00,temperature_c,64.59,°C,2026-S1,synthétique,PROC-GEN-MARG-V1
EQ-DRYER-264,2026-01-25 06:00:00+00:00,temperature_c,61.78,°C,2026-S1,synthétique,PROC-GEN-MARG-V1
EQ-DRYER-264,2026-01-25 12:00:00+00:00,temperature_c,63.12,°C,2026-S1,synthétique,PROC-GEN-MARG-V1
EQ-DRYER-264,2026-01-25 18:00:00+00:00,temperature_c,50.82,°C,2026-S1,synthétique,PROC-GEN-MARG-V1
EQ-DRYER-264,2026-01-26 00:00:00+00:00,temperature_c,49.22,°C,2026-S1,synthétique,PROC-GEN-MARG-V1
EQ-DRYER-264,2026-01-26 06:00:00+00:00,temperature_c,57.73,°C,2026-S1,synthétique,PROC-GEN-MARG-V1
EQ-DRYER-264,2026-01-26 12:00:00+00:00,temperature_c,60.91,°C,2026-S1,synthétique,PROC-GEN-MARG-V1
EQ-DRYER-264,2026-01-26 18:00:00+00:00,temperature_c,56.04,°C,2026-S1,synthétique,PROC-GEN-MARG-V1
EQ-DRYER-264,2026-01-27 00:00:00+00:00,temperature_c,58.48,°C,2026-S1,synthétique,PROC-GEN-MARG-V1
EQ-DRYER-264,2026-01-27 06:00:00+00:00,temperature_c,50.54,°C,2026-S1,synthétique,PROC-GEN-MARG-V1
EQ-DRYER-264,2026-01-27 12:00:00+00:00,temperature_c,54.16,°C,2026-S1,synthétique,PROC-GEN-MARG-V1
EQ-DRYER-264,2026-01-27 18:00:00+00:00,temperature_c,57.97,°C,2026-S1,synthétique,PROC-GEN-MARG-V1
EQ-DRYER-264,2026-01-28 00:00:00+00:00,temperature_c,59.72,°C,2026-S1,synthétique,PROC-GEN-MARG-V1
EQ-DRYER-264,2026-01-28 06:00:00+00:00,temperature_c,55.91,°C,2026-S1,synthétique,PROC-GEN-MARG-V1
EQ-DRYER-264,2026-01-28 12:00:00+00:00,temperature_c,58.61,°C,2026-S1,synthétique,PROC-GEN-MARG-V1
EQ-DRYER-264,2026-01-28 18:00:00+00:00,temperature_c,49.65,°C,2026-S1,synthétique,PROC-GEN-MARG-V1
EQ-DRYER-264,2026-01-29 00:00:00+00:00,temperature_c,51.38,°C,2026-S1,synthétique,PROC-GEN-MARG-V1
EQ-DRYER-264,2026-01-29 06:00:00+00:00,temperature_c,47.12,°C,2026-S1,synthétique,PROC-GEN-MARG-V1
EQ-DRYER-264,2026-01-29 12:00:00+00:00,temperature_c,57.33,°C,2026-S1,synthétique,PROC-GEN-MARG-V1
EQ-DRYER-264,2026-01-29 18:00:00+00:00,temperature_c,49.43,°C,2026-S1,synthétique,PROC-GEN-MARG-V1
EQ-DRYER-264,2026-01-30 00:00:00+00:00,temperature_c,50.31,°C,2026-S1,synthétique,PROC-GEN-MARG-V1
EQ-DRYER-264,2026-01-30 06:00:00+00:00,temperature_c,49.0,°C,2026-S1,synthétique,PROC-GEN-MARG-V1
EQ-DRYER-264,2026-01-30 12:00:00+00:00,temperature_c,54.43,°C,2026-S1,synthétique,PROC-GEN-MARG-V1
EQ-DRYER-264,2026-01-30 18:00:00+00:00,temperature_c,62.56,°C,2026-S1,synthétique,PROC-GEN-MARG-V1
EQ-DRYER-264,2026-01-31 00:00:00+00:00,temperature_c,51.75,°C,2026-S1,synthétique,PROC-GEN-MARG-V1
EQ-DRYER-264,2026-01-31 06:00:00+00:00,temperature_c,57.77,°C,2026-S1,synthétique,PROC-GEN-MARG-V1
EQ-DRYER-264,2026-01-31 12:00:00+00:00,temperature_c,65.51,°C,2026-S1,synthétique,PROC-GEN-MARG-V1
EQ-DRYER-264,2026-01-31 18:00:00+00:00,temperature_c,59.65,°C,2026-S1,synthétique,PROC-GEN-MARG-V1
EQ-FAN-104,2026-01-01 00:00:00+00:00,temperature_c,62.65,°C,2026-S1,synthétique,PROC-GEN-MARG-V1
EQ-FAN-104,2026-01-01 06:00:00+00:00,temperature_c,48.18,°C,2026-S1,synthétique,PROC-GEN-MARG-V1
EQ-FAN-104,2026-01-01 12:00:00+00:00,temperature_c,63.58,°C,2026-S1,synthétique,PROC-GEN-MARG-V1
EQ-FAN-104,2026-01-01 18:00:00+00:00,temperature_c,62.88,°C,2026-S1,synthétique,PROC-GEN-MARG-V1
EQ-FAN-104,2026-01-02 00:00:00+00:00,temperature_c,54.27,°C,2026-S1,synthétique,PROC-GEN-MARG-V1
EQ-FAN-104,2026-01-02 06:00:00+00:00,temperature_c,65.32,°C,2026-S1,synthétique,PROC-GEN-MARG-V1
EQ-FAN-104,2026-01-02 12:00:00+00:00,temperature_c,54.79,°C,2026-S1,synthétique,PROC-GEN-MARG-V1
EQ-FAN-104,2026-01-02 18:00:00+00:00,temperature_c,43.62,°C,2026-S1,synthétique,PROC-GEN-MARG-V1
EQ-FAN-104,2026-01-03 00:00:00+00:00,temperature_c,59.89,°C,2026-S1,synthétique,PROC-GEN-MARG-V1
EQ-FAN-104,2026-01-03 06:00:00+00:00,temperature_c,63.38,°C,2026-S1,synthétique,PROC-GEN-MARG-V1
EQ-FAN-104,2026-01-03 12:00:00+00:00,temperature_c,54.51,°C,2026-S1,synthétique,PROC-GEN-MARG-V1
EQ-FAN-104,2026-01-03 18:00:00+00:00,temperature_c,58.2,°C,2026-S1,synthétique,PROC-GEN-MARG-V1
EQ-FAN-104,2026-01-04 00:00:00+00:00,temperature_c,45.65,°C,2026-S1,synthétique,PROC-GEN-MARG-V1
EQ-FAN-104,2026-01-04 06:00:00+00:00,temperature_c,57.66,°C,2026-S1,synthétique,PROC-GEN-MARG-V1
EQ-FAN-104,2026-01-04 12:00:00+00:00,temperature_c,60.73,°C,2026-S1,synthétique,PROC-GEN-MARG-V1
EQ-FAN-104,2026-01-04 18:00:00+00:00,temperature_c,60.71,°C,2026-S1,synthétique,PROC-GEN-MARG-V1
EQ-FAN-104,2026-01-05 00:00:00+00:00,temperature_c,57.03,°C,2026-S1,synthétique,PROC-GEN-MARG-V1
EQ-FAN-104,2026-01-05 06:00:00+00:00,temperature_c,55.76,°C,2026-S1,synthétique,PROC-GEN-MARG-V1
EQ-FAN-104,2026-01-05 12:00:00+00:00,temperature_c,52.04,°C,2026-S1,synthétique,PROC-GEN-MARG-V1
EQ-FAN-104,2026-01-05 18:00:00+00:00,temperature_c,61.23,°C,2026-S1,synthétique,PROC-GEN-MARG-V1
EQ-FAN-104,2026-01-06 00:00:00+00:00,temperature_c,55.96,°C,2026-S1,synthétique,PROC-GEN-MARG-V1
EQ-FAN-104,2026-01-06 06:00:00+00:00,temperature_c,60.74,°C,2026-S1,synthétique,PROC-GEN-MARG-V1
EQ-FAN-104,2026-01-06 12:00:00+00:00,temperature_c,56.62,°C,2026-S1,synthétique,PROC-GEN-MARG-V1
EQ-FAN-104,2026-01-06 18:00:00+00:00,temperature_c,53.39,°C,2026-S1,synthétique,PROC-GEN-MARG-V1
EQ-FAN-104,2026-01-07 00:00:00+00:00,temperature_c,49.84,°C,2026-S1,synthétique,PROC-GEN-MARG-V1
EQ-FAN-104,2026-01-07 06:00:00+00:00,temperature_c,55.44,°C,2026-S1,synthétique,PROC-GEN-MARG-V1
EQ-FAN-104,2026-01-07 12:00:00+00:00,temperature_c,57.1,°C,2026-S1,synthétique,PROC-GEN-MARG-V1
EQ-FAN-104,2026-01-07 18:00:00+00:00,temperature_c,56.37,°C,2026-S1,synthétique,PROC-GEN-MARG-V1
EQ-FAN-104,2026-01-08 00:00:00+00:00,temperature_c,63.22,°C,2026-S1,synthétique,PROC-GEN-MARG-V1
EQ-FAN-104,2026-01-08 06:00:00+00:00,temperature_c,53.35,°C,2026-S1,synthétique,PROC-GEN-MARG-V1
EQ-FAN-104,2026-01-08 12:00:00+00:00,temperature_c,58.81,°C,2026-S1,synthétique,PROC-GEN-MARG-V1
EQ-FAN-104,2026-01-08 18:00:00+00:00,temperature_c,63.0,°C,2026-S1,synthétique,PROC-GEN-MARG-V1
EQ-FAN-104,2026-01-09 00:00:00+00:00,temperature_c,57.71,°C,2026-S1,synthétique,PROC-GEN-MARG-V1
EQ-FAN-104,2026-01-09 06:00:00+00:00,temperature_c,60.54,°C,2026-S1,synthétique,PROC-GEN-MARG-V1
EQ-FAN-104,2026-01-09 12:00:00+00:00,temperature_c,70.12,°C,2026-S1,synthétique,PROC-GEN-MARG-V1
EQ-FAN-104,2026-01-09 18:00:00+00:00,temperature_c,55.33,°C,2026-S1,synthétique,PROC-GEN-MARG-V1
EQ-FAN-104,2026-01-10 00:00:00+00:00,temperature_c,61.25,°C,2026-S1,synthétique,PROC-GEN-MARG-V1
EQ-FAN-104,2026-01-10 06:00:00+00:00,temperature_c,59.28,°C,2026-S1,synthétique,PROC-GEN-MARG-V1
EQ-FAN-104,2026-01-10 12:00:00+00:00,temperature_c,59.89,°C,2026-S1,synthétique,PROC-GEN-MARG-V1
EQ-FAN-104,2026-01-10 18:00:00+00:00,temperature_c,50.73,°C,2026-S1,synthétique,PROC-GEN-MARG-V1
EQ-FAN-104,2026-01-11 00:00:00+00:00,temperature_c,63.72,°C,2026-S1,synthétique,PROC-GEN-MARG-V1
EQ-FAN-104,2026-01-11 06:00:00+00:00,temperature_c,63.26,°C,2026-S1,synthétique,PROC-GEN-MARG-V1
EQ-FAN-104,2026-01-11 12:00:00+00:00,temperature_c,53.19,°C,2026-S1,synthétique,PROC-GEN-MARG-V1
EQ-FAN-104,2026-01-11 18:00:00+00:00,temperature_c,66.34,°C,2026-S1,synthétique,PROC-GEN-MARG-V1
EQ-FAN-104,2026-01-12 00:00:00+00:00,temperature_c,63.59,°C,2026-S1,synthétique,PROC-GEN-MARG-V1
EQ-FAN-104,2026-01-12 06:00:00+00:00,temperature_c,65.9,°C,2026-S1,synthétique,PROC-GEN-MARG-V1
EQ-FAN-104,2026-01-12 12:00:00+00:00,temperature_c,62.33,°C,2026-S1,synthétique,PROC-GEN-MARG-V1
EQ-FAN-104,2026-01-12 18:00:00+00:00,temperature_c,62.53,°C,2026-S1,synthétique,PROC-GEN-MARG-V1
EQ-FAN-104,2026-01-13 00:00:00+00:00,temperature_c,53.45,°C,2026-S1,synthétique,PROC-GEN-MARG-V1
EQ-FAN-104,2026-01-13 06:00:00+00:00,temperature_c,63.27,°C,2026-S1,synthétique,PROC-GEN-MARG-V1
EQ-FAN-104,2026-01-13 12:00:00+00:00,temperature_c,60.78,°C,2026-S1,synthétique,PROC-GEN-MARG-V1
EQ-FAN-104,2026-01-13 18:00:00+00:00,temperature_c,50.37,°C,2026-S1,synthétique,PROC-GEN-MARG-V1
EQ-FAN-104,2026-01-14 00:00:00+00:00,temperature_c,54.02,°C,2026-S1,synthétique,PROC-GEN-MARG-V1
EQ-FAN-104,2026-01-14 06:00:00+00:00,temperature_c,52.31,°C,2026-S1,synthétique,PROC-GEN-MARG-V1
EQ-FAN-104,2026-01-14 12:00:00+00:00,temperature_c,58.6,°C,2026-S1,synthétique,PROC-GEN-MARG-V1
EQ-FAN-104,2026-01-14 18:00:00+00:00,temperature_c,53.41,°C,2026-S1,synthétique,PROC-GEN-MARG-V1
EQ-FAN-104,2026-01-15 00:00:00+00:00,temperature_c,57.99,°C,2026-S1,synthétique,PROC-GEN-MARG-V1
EQ-FAN-104,2026-01-15 06:00:00+00:00,temperature_c,56.42,°C,2026-S1,synthétique,PROC-GEN-MARG-V1
EQ-FAN-104,2026-01-15 12:00:00+00:00,temperature_c,50.7,°C,2026-S1,synthétique,PROC-GEN-MARG-V1
EQ-FAN-104,2026-01-15 18:00:00+00:00,temperature_c,46.24,°C,2026-S1,synthétique,PROC-GEN-MARG-V1
EQ-FAN-104,2026-01-16 00:00:00+00:00,temperature_c,59.56,°C,2026-S1,synthétique,PROC-GEN-MARG-V1
EQ-FAN-104,2026-01-16 06:00:00+00:00,temperature_c,61.21,°C,2026-S1,synthétique,PROC-GEN-MARG-V1
EQ-FAN-104,2026-01-16 12:00:00+00:00,temperature_c,59.5,°C,2026-S1,synthétique,PROC-GEN-MARG-V1
EQ-FAN-104,2026-01-16 18:00:00+00:00,temperature_c,52.21,°C,2026-S1,synthétique,PROC-GEN-MARG-V1
EQ-FAN-104,2026-01-17 00:00:00+00:00,temperature_c,56.37,°C,2026-S1,synthétique,PROC-GEN-MARG-V1
EQ-FAN-104,2026-01-17 06:00:00+00:00,temperature_c,63.41,°C,2026-S1,synthétique,PROC-GEN-MARG-V1
EQ-FAN-104,2026-01-17 12:00:00+00:00,temperature_c,58.08,°C,2026-S1,synthétique,PROC-GEN-MARG-V1
EQ-FAN-104,2026-01-17 18:00:00+00:00,temperature_c,62.22,°C,2026-S1,synthétique,PROC-GEN-MARG-V1
EQ-FAN-104,2026-01-18 00:00:00+00:00,temperature_c,61.37,°C,2026-S1,synthétique,PROC-GEN-MARG-V1
EQ-FAN-104,2026-01-18 06:00:00+00:00,temperature_c,49.98,°C,2026-S1,synthétique,PROC-GEN-MARG-V1
EQ-FAN-104,2026-01-18 12:00:00+00:00,temperature_c,53.29,°C,2026-S1,synthétique,PROC-GEN-MARG-V1
EQ-FAN-104,2026-01-18 18:00:00+00:00,temperature_c,65.7,°C,2026-S1,synthétique,PROC-GEN-MARG-V1
EQ-FAN-104,2026-01-19 00:00:00+00:00,temperature_c,64.98,°C,2026-S1,synthétique,PROC-GEN-MARG-V1
EQ-FAN-104,2026-01-19 06:00:00+00:00,temperature_c,62.23,°C,2026-S1,synthétique,PROC-GEN-MARG-V1
EQ-FAN-104,2026-01-19 12:00:00+00:00,temperature_c,60.23,°C,2026-S1,synthétique,PROC-GEN-MARG-V1
EQ-FAN-104,2026-01-19 18:00:00+00:00,temperature_c,53.26,°C,2026-S1,synthétique,PROC-GEN-MARG-V1
EQ-FAN-104,2026-01-20 00:00:00+00:00,temperature_c,58.02,°C,2026-S1,synthétique,PROC-GEN-MARG-V1
EQ-FAN-104,2026-01-20 06:00:00+00:00,temperature_c,58.97,°C,2026-S1,synthétique,PROC-GEN-MARG-V1
EQ-FAN-104,2026-01-20 12:00:00+00:00,temperature_c,56.54,°C,2026-S1,synthétique,PROC-GEN-MARG-V1
EQ-FAN-104,2026-01-20 18:00:00+00:00,temperature_c,63.33,°C,2026-S1,synthétique,PROC-GEN-MARG-V1
EQ-FAN-104,2026-01-21 00:00:00+00:00,temperature_c,60.23,°C,2026-S1,synthétique,PROC-GEN-MARG-V1
EQ-FAN-104,2026-01-21 06:00:00+00:00,temperature_c,53.25,°C,2026-S1,synthétique,PROC-GEN-MARG-V1
EQ-FAN-104,2026-01-21 12:00:00+00:00,temperature_c,53.82,°C,2026-S1,synthétique,PROC-GEN-MARG-V1
EQ-FAN-104,2026-01-21 18:00:00+00:00,temperature_c,64.3,°C,2026-S1,synthétique,PROC-GEN-MARG-V1
EQ-FAN-104,2026-01-22 00:00:00+00:00,temperature_c,60.61,°C,2026-S1,synthétique,PROC-GEN-MARG-V1
EQ-FAN-104,2026-01-22 06:00:00+00:00,temperature_c,56.88,°C,2026-S1,synthétique,PROC-GEN-MARG-V1
EQ-FAN-104,2026-01-22 12:00:00+00:00,temperature_c,61.18,°C,2026-S1,synthétique,PROC-GEN-MARG-V1
EQ-FAN-104,2026-01-22 18:00:00+00:00,temperature_c,61.52,°C,2026-S1,synthétique,PROC-GEN-MARG-V1
EQ-FAN-104,2026-01-23 00:00:00+00:00,temperature_c,67.87,°C,2026-S1,synthétique,PROC-GEN-MARG-V1
EQ-FAN-104,2026-01-23 06:00:00+00:00,temperature_c,58.92,°C,2026-S1,synthétique,PROC-GEN-MARG-V1
EQ-FAN-104,2026-01-23 12:00:00+00:00,temperature_c,55.05,°C,2026-S1,synthétique,PROC-GEN-MARG-V1
EQ-FAN-104,2026-01-23 18:00:00+00:00,temperature_c,57.07,°C,2026-S1,synthétique,PROC-GEN-MARG-V1
EQ-FAN-104,2026-01-24 00:00:00+00:00,temperature_c,57.06,°C,2026-S1,synthétique,PROC-GEN-MARG-V1
EQ-FAN-104,2026-01-24 06:00:00+00:00,temperature_c,62.72,°C,2026-S1,synthétique,PROC-GEN-MARG-V1
EQ-FAN-104,2026-01-24 12:00:00+00:00,temperature_c,44.85,°C,2026-S1,synthétique,PROC-GEN-MARG-V1
EQ-FAN-104,2026-01-24 18:00:00+00:00,temperature_c,56.98,°C,2026-S1,synthétique,PROC-GEN-MARG-V1
EQ-FAN-104,2026-01-25 00:00:00+00:00,temperature_c,53.07,°C,2026-S1,synthétique,PROC-GEN-MARG-V1
EQ-FAN-104,2026-01-25 06:00:00+00:00,temperature_c,62.75,°C,2026-S1,synthétique,PROC-GEN-MARG-V1
EQ-FAN-104,2026-01-25 12:00:00+00:00,temperature_c,60.36,°C,2026-S1,synthétique,PROC-GEN-MARG-V1
EQ-FAN-104,2026-01-25 18:00:00+00:00,temperature_c,62.12,°C,2026-S1,synthétique,PROC-GEN-MARG-V1
EQ-FAN-104,2026-01-26 00:00:00+00:00,temperature_c,62.99,°C,2026-S1,synthétique,PROC-GEN-MARG-V1
EQ-FAN-104,2026-01-26 06:00:00+00:00,temperature_c,65.13,°C,2026-S1,synthétique,PROC-GEN-MARG-V1
EQ-FAN-104,2026-01-26 12:00:00+00:00,temperature_c,61.53,°C,2026-S1,synthétique,PROC-GEN-MARG-V1
EQ-FAN-104,2026-01-26 18:00:00+00:00,temperature_c,59.9,°C,2026-S1,synthétique,PROC-GEN-MARG-V1
EQ-FAN-104,2026-01-27 00:00:00+00:00,temperature_c,66.03,°C,2026-S1,synthétique,PROC-GEN-MARG-V1
EQ-FAN-104,2026-01-27 06:00:00+00:00,temperature_c,51.97,°C,2026-S1,synthétique,PROC-GEN-MARG-V1
EQ-FAN-104,2026-01-27 12:00:00+00:00,temperature_c,62.74,°C,2026-S1,synthétique,PROC-GEN-MARG-V1
EQ-FAN-104,2026-01-27 18:00:00+00:00,temperature_c,60.83,°C,2026-S1,synthétique,PROC-GEN-MARG-V1
EQ-FAN-104,2026-01-28 00:00:00+00:00,temperature_c,58.11,°C,2026-S1,synthétique,PROC-GEN-MARG-V1
EQ-FAN-104,2026-01-28 06:00:00+00:00,temperature_c,54.58,°C,2026-S1,synthétique,PROC-GEN-MARG-V1
EQ-FAN-104,2026-01-28 12:00:00+00:00,temperature_c,53.79,°C,2026-S1,synthétique,PROC-GEN-MARG-V1
EQ-FAN-104,2026-01-28 18:00:00+00:00,temperature_c,61.81,°C,2026-S1,synthétique,PROC-GEN-MARG-V1
EQ-FAN-104,2026-01-29 00:00:00+00:00,temperature_c,50.86,°C,2026-S1,synthétique,PROC-GEN-MARG-V1
EQ-FAN-104,2026-01-29 06:00:00+00:00,temperature_c,59.35,°C,2026-S1,synthétique,PROC-GEN-MARG-V1
EQ-FAN-104,2026-01-29 12:00:00+00:00,temperature_c,57.04,°C,2026-S1,synthétique,PROC-GEN-MARG-V1
EQ-FAN-104,2026-01-29 18:00:00+00:00,temperature_c,64.78,°C,2026-S1,synthétique,PROC-GEN-MARG-V1
EQ-FAN-104,2026-01-30 00:00:00+00:00,temperature_c,58.93,°C,2026-S1,synthétique,PROC-GEN-MARG-V1
EQ-FAN-104,2026-01-30 06:00:00+00:00,temperature_c,65.01,°C,2026-S1,synthétique,PROC-GEN-MARG-V1
EQ-FAN-104,2026-01-30 12:00:00+00:00,temperature_c,60.09,°C,2026-S1,synthétique,PROC-GEN-MARG-V1
EQ-FAN-104,2026-01-30 18:00:00+00:00,temperature_c,59.79,°C,2026-S1,synthétique,PROC-GEN-MARG-V1
EQ-FAN-104,2026-01-31 00:00:00+00:00,temperature_c,58.54,°C,2026-S1,synthétique,PROC-GEN-MARG-V1
EQ-FAN-104,2026-01-31 06:00:00+00:00,temperature_c,54.19,°C,2026-S1,synthétique,PROC-GEN-MARG-V1
EQ-FAN-104,2026-01-31 12:00:00+00:00,temperature_c,49.31,°C,2026-S1,synthétique,PROC-GEN-MARG-V1
EQ-FAN-104,2026-01-31 18:00:00+00:00,temperature_c,56.5,°C,2026-S1,synthétique,PROC-GEN-MARG-V1
EQ-FAN-120,2026-01-01 00:00:00+00:00,temperature_c,57.05,°C,2026-S1,synthétique,PROC-GEN-MARG-V1
EQ-FAN-120,2026-01-01 06:00:00+00:00,temperature_c,59.07,°C,2026-S1,synthétique,PROC-GEN-MARG-V1
EQ-FAN-120,2026-01-01 12:00:00+00:00,temperature_c,60.44,°C,2026-S1,synthétique,PROC-GEN-MARG-V1
EQ-FAN-120,2026-01-01 18:00:00+00:00,temperature_c,65.35,°C,2026-S1,synthétique,PROC-GEN-MARG-V1
EQ-FAN-120,2026-01-02 00:00:00+00:00,temperature_c,55.09,°C,2026-S1,synthétique,PROC-GEN-MARG-V1
EQ-FAN-120,2026-01-02 06:00:00+00:00,temperature_c,58.51,°C,2026-S1,synthétique,PROC-GEN-MARG-V1
EQ-FAN-120,2026-01-02 12:00:00+00:00,temperature_c,56.34,°C,2026-S1,synthétique,PROC-GEN-MARG-V1
EQ-FAN-120,2026-01-02 18:00:00+00:00,temperature_c,62.95,°C,2026-S1,synthétique,PROC-GEN-MARG-V1
EQ-FAN-120,2026-01-03 00:00:00+00:00,temperature_c,63.63,°C,2026-S1,synthétique,PROC-GEN-MARG-V1
EQ-FAN-120,2026-01-03 06:00:00+00:00,temperature_c,58.46,°C,2026-S1,synthétique,PROC-GEN-MARG-V1
EQ-FAN-120,2026-01-03 12:00:00+00:00,temperature_c,51.68,°C,2026-S1,synthétique,PROC-GEN-MARG-V1
EQ-FAN-120,2026-01-03 18:00:00+00:00,temperature_c,52.69,°C,2026-S1,synthétique,PROC-GEN-MARG-V1
EQ-FAN-120,2026-01-04 00:00:00+00:00,temperature_c,60.39,°C,2026-S1,synthétique,PROC-GEN-MARG-V1
EQ-FAN-120,2026-01-04 06:00:00+00:00,temperature_c,51.91,°C,2026-S1,synthétique,PROC-GEN-MARG-V1
EQ-FAN-120,2026-01-04 12:00:00+00:00,temperature_c,59.84,°C,2026-S1,synthétique,PROC-GEN-MARG-V1
EQ-FAN-120,2026-01-04 18:00:00+00:00,temperature_c,54.57,°C,2026-S1,synthétique,PROC-GEN-MARG-V1
EQ-FAN-120,2026-01-05 00:00:00+00:00,temperature_c,57.31,°C,2026-S1,synthétique,PROC-GEN-MARG-V1
EQ-FAN-120,2026-01-05 06:00:00+00:00,temperature_c,54.16,°C,2026-S1,synthétique,PROC-GEN-MARG-V1
EQ-FAN-120,2026-01-05 12:00:00+00:00,temperature_c,55.42,°C,2026-S1,synthétique,PROC-GEN-MARG-V1
EQ-FAN-120,2026-01-05 18:00:00+00:00,temperature_c,56.17,°C,2026-S1,synthétique,PROC-GEN-MARG-V1
EQ-FAN-120,2026-01-06 00:00:00+00:00,temperature_c,62.65,°C,2026-S1,synthétique,PROC-GEN-MARG-V1
EQ-FAN-120,2026-01-06 06:00:00+00:00,temperature_c,56.69,°C,2026-S1,synthétique,PROC-GEN-MARG-V1
EQ-FAN-120,2026-01-06 12:00:00+00:00,temperature_c,62.29,°C,2026-S1,synthétique,PROC-GEN-MARG-V1
EQ-FAN-120,2026-01-06 18:00:00+00:00,temperature_c,56.36,°C,2026-S1,synthétique,PROC-GEN-MARG-V1
EQ-FAN-120,2026-01-07 00:00:00+00:00,temperature_c,67.55,°C,2026-S1,synthétique,PROC-GEN-MARG-V1
EQ-FAN-120,2026-01-07 06:00:00+00:00,temperature_c,63.46,°C,2026-S1,synthétique,PROC-GEN-MARG-V1
EQ-FAN-120,2026-01-07 12:00:00+00:00,temperature_c,59.89,°C,2026-S1,synthétique,PROC-GEN-MARG-V1
EQ-FAN-120,2026-01-07 18:00:00+00:00,temperature_c,54.58,°C,2026-S1,synthétique,PROC-GEN-MARG-V1
EQ-FAN-120,2026-01-08 00:00:00+00:00,temperature_c,54.11,°C,2026-S1,synthétique,PROC-GEN-MARG-V1
EQ-FAN-120,2026-01-08 06:00:00+00:00,temperature_c,49.59,°C,2026-S1,synthétique,PROC-GEN-MARG-V1
EQ-FAN-120,2026-01-08 12:00:00+00:00,temperature_c,60.06,°C,2026-S1,synthétique,PROC-GEN-MARG-V1
EQ-FAN-120,2026-01-08 18:00:00+00:00,temperature_c,65.67,°C,2026-S1,synthétique,PROC-GEN-MARG-V1
EQ-FAN-120,2026-01-09 00:00:00+00:00,temperature_c,56.59,°C,2026-S1,synthétique,PROC-GEN-MARG-V1
EQ-FAN-120,2026-01-09 06:00:00+00:00,temperature_c,63.27,°C,2026-S1,synthétique,PROC-GEN-MARG-V1
EQ-FAN-120,2026-01-09 12:00:00+00:00,temperature_c,62.74,°C,2026-S1,synthétique,PROC-GEN-MARG-V1
EQ-FAN-120,2026-01-09 18:00:00+00:00,temperature_c,60.5,°C,2026-S1,synthétique,PROC-GEN-MARG-V1
EQ-FAN-120,2026-01-10 00:00:00+00:00,temperature_c,61.43,°C,2026-S1,synthétique,PROC-GEN-MARG-V1
EQ-FAN-120,2026-01-10 06:00:00+00:00,temperature_c,59.09,°C,2026-S1,synthétique,PROC-GEN-MARG-V1
EQ-FAN-120,2026-01-10 12:00:00+00:00,temperature_c,54.91,°C,2026-S1,synthétique,PROC-GEN-MARG-V1
EQ-FAN-120,2026-01-10 18:00:00+00:00,temperature_c,55.05,°C,2026-S1,synthétique,PROC-GEN-MARG-V1
EQ-FAN-120,2026-01-11 00:00:00+00:00,temperature_c,51.39,°C,2026-S1,synthétique,PROC-GEN-MARG-V1
EQ-FAN-120,2026-01-11 06:00:00+00:00,temperature_c,53.62,°C,2026-S1,synthétique,PROC-GEN-MARG-V1
EQ-FAN-120,2026-01-11 12:00:00+00:00,temperature_c,57.58,°C,2026-S1,synthétique,PROC-GEN-MARG-V1
EQ-FAN-120,2026-01-11 18:00:00+00:00,temperature_c,62.83,°C,2026-S1,synthétique,PROC-GEN-MARG-V1
EQ-FAN-120,2026-01-12 00:00:00+00:00,temperature_c,54.7,°C,2026-S1,synthétique,PROC-GEN-MARG-V1
EQ-FAN-120,2026-01-12 06:00:00+00:00,temperature_c,62.2,°C,2026-S1,synthétique,PROC-GEN-MARG-V1
EQ-FAN-120,2026-01-12 12:00:00+00:00,temperature_c,58.33,°C,2026-S1,synthétique,PROC-GEN-MARG-V1
EQ-FAN-120,2026-01-12 18:00:00+00:00,temperature_c,56.34,°C,2026-S1,synthétique,PROC-GEN-MARG-V1
EQ-FAN-120,2026-01-13 00:00:00+00:00,temperature_c,47.73,°C,2026-S1,synthétique,PROC-GEN-MARG-V1
EQ-FAN-120,2026-01-13 06:00:00+00:00,temperature_c,56.45,°C,2026-S1,synthétique,PROC-GEN-MARG-V1
EQ-FAN-120,2026-01-13 12:00:00+00:00,temperature_c,56.83,°C,2026-S1,synthétique,PROC-GEN-MARG-V1
EQ-FAN-120,2026-01-13 18:00:00+00:00,temperature_c,62.71,°C,2026-S1,synthétique,PROC-GEN-MARG-V1
EQ-FAN-120,2026-01-14 00:00:00+00:00,temperature_c,55.46,°C,2026-S1,synthétique,PROC-GEN-MARG-V1
EQ-FAN-120,2026-01-14 06:00:00+00:00,temperature_c,55.04,°C,2026-S1,synthétique,PROC-GEN-MARG-V1
EQ-FAN-120,2026-01-14 12:00:00+00:00,temperature_c,59.94,°C,2026-S1,synthétique,PROC-GEN-MARG-V1
EQ-FAN-120,2026-01-14 18:00:00+00:00,temperature_c,54.66,°C,2026-S1,synthétique,PROC-GEN-MARG-V1
EQ-FAN-120,2026-01-15 00:00:00+00:00,temperature_c,60.51,°C,2026-S1,synthétique,PROC-GEN-MARG-V1
EQ-FAN-120,2026-01-15 06:00:00+00:00,temperature_c,53.03,°C,2026-S1,synthétique,PROC-GEN-MARG-V1
EQ-FAN-120,2026-01-15 12:00:00+00:00,temperature_c,60.52,°C,2026-S1,synthétique,PROC-GEN-MARG-V1
EQ-FAN-120,2026-01-15 18:00:00+00:00,temperature_c,49.21,°C,2026-S1,synthétique,PROC-GEN-MARG-V1
EQ-FAN-120,2026-01-16 00:00:00+00:00,temperature_c,58.43,°C,2026-S1,synthétique,PROC-GEN-MARG-V1
EQ-FAN-120,2026-01-16 06:00:00+00:00,temperature_c,60.05,°C,2026-S1,synthétique,PROC-GEN-MARG-V1
EQ-FAN-120,2026-01-16 12:00:00+00:00,temperature_c,56.32,°C,2026-S1,synthétique,PROC-GEN-MARG-V1
EQ-FAN-120,2026-01-16 18:00:00+00:00,temperature_c,58.43,°C,2026-S1,synthétique,PROC-GEN-MARG-V1
EQ-FAN-120,2026-01-17 00:00:00+00:00,temperature_c,63.7,°C,2026-S1,synthétique,PROC-GEN-MARG-V1
EQ-FAN-120,2026-01-17 06:00:00+00:00,temperature_c,49.29,°C,2026-S1,synthétique,PROC-GEN-MARG-V1
EQ-FAN-120,2026-01-17 12:00:00+00:00,temperature_c,62.56,°C,2026-S1,synthétique,PROC-GEN-MARG-V1
EQ-FAN-120,2026-01-17 18:00:00+00:00,temperature_c,64.47,°C,2026-S1,synthétique,PROC-GEN-MARG-V1
EQ-FAN-120,2026-01-18 00:00:00+00:00,temperature_c,61.14,°C,2026-S1,synthétique,PROC-GEN-MARG-V1
EQ-FAN-120,2026-01-18 06:00:00+00:00,temperature_c,53.28,°C,2026-S1,synthétique,PROC-GEN-MARG-V1
EQ-FAN-120,2026-01-18 12:00:00+00:00,temperature_c,57.42,°C,2026-S1,synthétique,PROC-GEN-MARG-V1
EQ-FAN-120,2026-01-18 18:00:00+00:00,temperature_c,51.96,°C,2026-S1,synthétique,PROC-GEN-MARG-V1
EQ-FAN-120,2026-01-19 00:00:00+00:00,temperature_c,67.48,°C,2026-S1,synthétique,PROC-GEN-MARG-V1
EQ-FAN-120,2026-01-19 06:00:00+00:00,temperature_c,55.49,°C,2026-S1,synthétique,PROC-GEN-MARG-V1
EQ-FAN-120,2026-01-19 12:00:00+00:00,temperature_c,59.92,°C,2026-S1,synthétique,PROC-GEN-MARG-V1
EQ-FAN-120,2026-01-19 18:00:00+00:00,temperature_c,66.74,°C,2026-S1,synthétique,PROC-GEN-MARG-V1
EQ-FAN-120,2026-01-20 00:00:00+00:00,temperature_c,55.13,°C,2026-S1,synthétique,PROC-GEN-MARG-V1
EQ-FAN-120,2026-01-20 06:00:00+00:00,temperature_c,62.07,°C,2026-S1,synthétique,PROC-GEN-MARG-V1
EQ-FAN-120,2026-01-20 12:00:00+00:00,temperature_c,53.16,°C,2026-S1,synthétique,PROC-GEN-MARG-V1
EQ-FAN-120,2026-01-20 18:00:00+00:00,temperature_c,59.65,°C,2026-S1,synthétique,PROC-GEN-MARG-V1
EQ-FAN-120,2026-01-21 00:00:00+00:00,temperature_c,56.35,°C,2026-S1,synthétique,PROC-GEN-MARG-V1
EQ-FAN-120,2026-01-21 06:00:00+00:00,temperature_c,56.34,°C,2026-S1,synthétique,PROC-GEN-MARG-V1
EQ-FAN-120,2026-01-21 12:00:00+00:00,temperature_c,55.68,°C,2026-S1,synthétique,PROC-GEN-MARG-V1
EQ-FAN-120,2026-01-21 18:00:00+00:00,temperature_c,51.31,°C,2026-S1,synthétique,PROC-GEN-MARG-V1
EQ-FAN-120,2026-01-22 00:00:00+00:00,temperature_c,53.2,°C,2026-S1,synthétique,PROC-GEN-MARG-V1
EQ-FAN-120,2026-01-22 06:00:00+00:00,temperature_c,64.24,°C,2026-S1,synthétique,PROC-GEN-MARG-V1
EQ-FAN-120,2026-01-22 12:00:00+00:00,temperature_c,59.17,°C,2026-S1,synthétique,PROC-GEN-MARG-V1
EQ-FAN-120,2026-01-22 18:00:00+00:00,temperature_c,63.79,°C,2026-S1,synthétique,PROC-GEN-MARG-V1
EQ-FAN-120,2026-01-23 00:00:00+00:00,temperature_c,57.16,°C,2026-S1,synthétique,PROC-GEN-MARG-V1
EQ-FAN-120,2026-01-23 06:00:00+00:00,temperature_c,55.82,°C,2026-S1,synthétique,PROC-GEN-MARG-V1
EQ-FAN-120,2026-01-23 12:00:00+00:00,temperature_c,63.17,°C,2026-S1,synthétique,PROC-GEN-MARG-V1
EQ-FAN-120,2026-01-23 18:00:00+00:00,temperature_c,64.9,°C,2026-S1,synthétique,PROC-GEN-MARG-V1
EQ-FAN-120,2026-01-24 00:00:00+00:00,temperature_c,49.07,°C,2026-S1,synthétique,PROC-GEN-MARG-V1
EQ-FAN-120,2026-01-24 06:00:00+00:00,temperature_c,48.48,°C,2026-S1,synthétique,PROC-GEN-MARG-V1
EQ-FAN-120,2026-01-24 12:00:00+00:00,temperature_c,58.28,°C,2026-S1,synthétique,PROC-GEN-MARG-V1
EQ-FAN-120,2026-01-24 18:00:00+00:00,temperature_c,57.22,°C,2026-S1,synthétique,PROC-GEN-MARG-V1
EQ-FAN-120,2026-01-25 00:00:00+00:00,temperature_c,60.42,°C,2026-S1,synthétique,PROC-GEN-MARG-V1
EQ-FAN-120,2026-01-25 06:00:00+00:00,temperature_c,52.91,°C,2026-S1,synthétique,PROC-GEN-MARG-V1
EQ-FAN-120,2026-01-25 12:00:00+00:00,temperature_c,54.63,°C,2026-S1,synthétique,PROC-GEN-MARG-V1
EQ-FAN-120,2026-01-25 18:00:00+00:00,temperature_c,53.73,°C,2026-S1,synthétique,PROC-GEN-MARG-V1
EQ-FAN-120,2026-01-26 00:00:00+00:00,temperature_c,55.07,°C,2026-S1,synthétique,PROC-GEN-MARG-V1
EQ-FAN-120,2026-01-26 06:00:00+00:00,temperature_c,58.32,°C,2026-S1,synthétique,PROC-GEN-MARG-V1
EQ-FAN-120,2026-01-26 12:00:00+00:00,temperature_c,58.4,°C,2026-S1,synthétique,PROC-GEN-MARG-V1
EQ-FAN-120,2026-01-26 18:00:00+00:00,temperature_c,62.56,°C,2026-S1,synthétique,PROC-GEN-MARG-V1
EQ-FAN-120,2026-01-27 00:00:00+00:00,temperature_c,58.96,°C,2026-S1,synthétique,PROC-GEN-MARG-V1
EQ-FAN-120,2026-01-27 06:00:00+00:00,temperature_c,62.06,°C,2026-S1,synthétique,PROC-GEN-MARG-V1
EQ-FAN-120,2026-01-27 12:00:00+00:00,temperature_c,59.63,°C,2026-S1,synthétique,PROC-GEN-MARG-V1
EQ-FAN-120,2026-01-27 18:00:00+00:00,temperature_c,57.64,°C,2026-S1,synthétique,PROC-GEN-MARG-V1
EQ-FAN-120,2026-01-28 00:00:00+00:00,temperature_c,59.05,°C,2026-S1,synthétique,PROC-GEN-MARG-V1
EQ-FAN-120,2026-01-28 06:00:00+00:00,temperature_c,63.45,°C,2026-S1,synthétique,PROC-GEN-MARG-V1
EQ-FAN-120,2026-01-28 12:00:00+00:00,temperature_c,66.6,°C,2026-S1,synthétique,PROC-GEN-MARG-V1
EQ-FAN-120,2026-01-28 18:00:00+00:00,temperature_c,51.91,°C,2026-S1,synthétique,PROC-GEN-MARG-V1
EQ-FAN-120,2026-01-29 00:00:00+00:00,temperature_c,60.5,°C,2026-S1,synthétique,PROC-GEN-MARG-V1
EQ-FAN-120,2026-01-29 06:00:00+00:00,temperature_c,47.14,°C,2026-S1,synthétique,PROC-GEN-MARG-V1
EQ-FAN-120,2026-01-29 12:00:00+00:00,temperature_c,49.28,°C,2026-S1,synthétique,PROC-GEN-MARG-V1
EQ-FAN-120,2026-01-29 18:00:00+00:00,temperature_c,65.39,°C,2026-S1,synthétique,PROC-GEN-MARG-V1
EQ-FAN-120,2026-01-30 00:00:00+00:00,temperature_c,64.65,°C,2026-S1,synthétique,PROC-GEN-MARG-V1
EQ-FAN-120,2026-01-30 06:00:00+00:00,temperature_c,62.36,°C,2026-S1,synthétique,PROC-GEN-MARG-V1
EQ-FAN-120,2026-01-30 12:00:00+00:00,temperature_c,58.62,°C,2026-S1,synthétique,PROC-GEN-MARG-V1
EQ-FAN-120,2026-01-30 18:00:00+00:00,temperature_c,57.63,°C,2026-S1,synthétique,PROC-GEN-MARG-V1
EQ-FAN-120,2026-01-31 00:00:00+00:00,temperature_c,56.97,°C,2026-S1,synthétique,PROC-GEN-MARG-V1
EQ-FAN-120,2026-01-31 06:00:00+00:00,temperature_c,59.43,°C,2026-S1,synthétique,PROC-GEN-MARG-V1
EQ-FAN-120,2026-01-31 12:00:00+00:00,temperature_c,56.44,°C,2026-S1,synthétique,PROC-GEN-MARG-V1
EQ-FAN-120,2026-01-31 18:00:00+00:00,temperature_c,68.07,°C,2026-S1,synthétique,PROC-GEN-MARG-V1
EQ-OVEN-203,2026-01-01 00:00:00+00:00,temperature_c,56.2,°C,2026-S1,synthétique,PROC-GEN-MARG-V1
EQ-OVEN-203,2026-01-01 06:00:00+00:00,temperature_c,57.46,°C,2026-S1,synthétique,PROC-GEN-MARG-V1
EQ-OVEN-203,2026-01-01 12:00:00+00:00,temperature_c,61.05,°C,2026-S1,synthétique,PROC-GEN-MARG-V1
EQ-OVEN-203,2026-01-01 18:00:00+00:00,temperature_c,57.45,°C,2026-S1,synthétique,PROC-GEN-MARG-V1
EQ-OVEN-203,2026-01-02 00:00:00+00:00,temperature_c,60.18,°C,2026-S1,synthétique,PROC-GEN-MARG-V1
EQ-OVEN-203,2026-01-02 06:00:00+00:00,temperature_c,62.69,°C,2026-S1,synthétique,PROC-GEN-MARG-V1
EQ-OVEN-203,2026-01-02 12:00:00+00:00,temperature_c,56.78,°C,2026-S1,synthétique,PROC-GEN-MARG-V1
EQ-OVEN-203,2026-01-02 18:00:00+00:00,temperature_c,53.81,°C,2026-S1,synthétique,PROC-GEN-MARG-V1
EQ-OVEN-203,2026-01-03 00:00:00+00:00,temperature_c,49.76,°C,2026-S1,synthétique,PROC-GEN-MARG-V1
EQ-OVEN-203,2026-01-03 06:00:00+00:00,temperature_c,53.96,°C,2026-S1,synthétique,PROC-GEN-MARG-V1
EQ-OVEN-203,2026-01-03 12:00:00+00:00,temperature_c,45.87,°C,2026-S1,synthétique,PROC-GEN-MARG-V1
EQ-OVEN-203,2026-01-03 18:00:00+00:00,temperature_c,57.32,°C,2026-S1,synthétique,PROC-GEN-MARG-V1
EQ-OVEN-203,2026-01-04 00:00:00+00:00,temperature_c,55.46,°C,2026-S1,synthétique,PROC-GEN-MARG-V1
EQ-OVEN-203,2026-01-04 06:00:00+00:00,temperature_c,49.55,°C,2026-S1,synthétique,PROC-GEN-MARG-V1
EQ-OVEN-203,2026-01-04 12:00:00+00:00,temperature_c,53.94,°C,2026-S1,synthétique,PROC-GEN-MARG-V1
EQ-OVEN-203,2026-01-04 18:00:00+00:00,temperature_c,56.36,°C,2026-S1,synthétique,PROC-GEN-MARG-V1
EQ-OVEN-203,2026-01-05 00:00:00+00:00,temperature_c,63.19,°C,2026-S1,synthétique,PROC-GEN-MARG-V1
EQ-OVEN-203,2026-01-05 06:00:00+00:00,temperature_c,60.28,°C,2026-S1,synthétique,PROC-GEN-MARG-V1
EQ-OVEN-203,2026-01-05 12:00:00+00:00,temperature_c,62.36,°C,2026-S1,synthétique,PROC-GEN-MARG-V1
EQ-OVEN-203,2026-01-05 18:00:00+00:00,temperature_c,55.33,°C,2026-S1,synthétique,PROC-GEN-MARG-V1
EQ-OVEN-203,2026-01-06 00:00:00+00:00,temperature_c,49.95,°C,2026-S1,synthétique,PROC-GEN-MARG-V1
EQ-OVEN-203,2026-01-06 06:00:00+00:00,temperature_c,62.91,°C,2026-S1,synthétique,PROC-GEN-MARG-V1
EQ-OVEN-203,2026-01-06 12:00:00+00:00,temperature_c,62.63,°C,2026-S1,synthétique,PROC-GEN-MARG-V1
EQ-OVEN-203,2026-01-06 18:00:00+00:00,temperature_c,59.29,°C,2026-S1,synthétique,PROC-GEN-MARG-V1
EQ-OVEN-203,2026-01-07 00:00:00+00:00,temperature_c,49.78,°C,2026-S1,synthétique,PROC-GEN-MARG-V1
EQ-OVEN-203,2026-01-07 06:00:00+00:00,temperature_c,55.82,°C,2026-S1,synthétique,PROC-GEN-MARG-V1
EQ-OVEN-203,2026-01-07 12:00:00+00:00,temperature_c,52.57,°C,2026-S1,synthétique,PROC-GEN-MARG-V1
EQ-OVEN-203,2026-01-07 18:00:00+00:00,temperature_c,61.81,°C,2026-S1,synthétique,PROC-GEN-MARG-V1
EQ-OVEN-203,2026-01-08 00:00:00+00:00,temperature_c,57.1,°C,2026-S1,synthétique,PROC-GEN-MARG-V1
EQ-OVEN-203,2026-01-08 06:00:00+00:00,temperature_c,60.09,°C,2026-S1,synthétique,PROC-GEN-MARG-V1
EQ-OVEN-203,2026-01-08 12:00:00+00:00,temperature_c,61.46,°C,2026-S1,synthétique,PROC-GEN-MARG-V1
EQ-OVEN-203,2026-01-08 18:00:00+00:00,temperature_c,60.35,°C,2026-S1,synthétique,PROC-GEN-MARG-V1
EQ-OVEN-203,2026-01-09 00:00:00+00:00,temperature_c,58.28,°C,2026-S1,synthétique,PROC-GEN-MARG-V1
EQ-OVEN-203,2026-01-09 06:00:00+00:00,temperature_c,60.93,°C,2026-S1,synthétique,PROC-GEN-MARG-V1
EQ-OVEN-203,2026-01-09 12:00:00+00:00,temperature_c,62.93,°C,2026-S1,synthétique,PROC-GEN-MARG-V1
EQ-OVEN-203,2026-01-09 18:00:00+00:00,temperature_c,53.72,°C,2026-S1,synthétique,PROC-GEN-MARG-V1
EQ-OVEN-203,2026-01-10 00:00:00+00:00,temperature_c,57.9,°C,2026-S1,synthétique,PROC-GEN-MARG-V1
EQ-OVEN-203,2026-01-10 06:00:00+00:00,temperature_c,48.1,°C,2026-S1,synthétique,PROC-GEN-MARG-V1
EQ-OVEN-203,2026-01-10 12:00:00+00:00,temperature_c,61.49,°C,2026-S1,synthétique,PROC-GEN-MARG-V1
EQ-OVEN-203,2026-01-10 18:00:00+00:00,temperature_c,48.13,°C,2026-S1,synthétique,PROC-GEN-MARG-V1
EQ-OVEN-203,2026-01-11 00:00:00+00:00,temperature_c,64.49,°C,2026-S1,synthétique,PROC-GEN-MARG-V1
EQ-OVEN-203,2026-01-11 06:00:00+00:00,temperature_c,54.39,°C,2026-S1,synthétique,PROC-GEN-MARG-V1
EQ-OVEN-203,2026-01-11 12:00:00+00:00,temperature_c,62.6,°C,2026-S1,synthétique,PROC-GEN-MARG-V1
EQ-OVEN-203,2026-01-11 18:00:00+00:00,temperature_c,57.65,°C,2026-S1,synthétique,PROC-GEN-MARG-V1
EQ-OVEN-203,2026-01-12 00:00:00+00:00,temperature_c,59.3,°C,2026-S1,synthétique,PROC-GEN-MARG-V1
EQ-OVEN-203,2026-01-12 06:00:00+00:00,temperature_c,51.59,°C,2026-S1,synthétique,PROC-GEN-MARG-V1
EQ-OVEN-203,2026-01-12 12:00:00+00:00,temperature_c,67.76,°C,2026-S1,synthétique,PROC-GEN-MARG-V1
EQ-OVEN-203,2026-01-12 18:00:00+00:00,temperature_c,67.3,°C,2026-S1,synthétique,PROC-GEN-MARG-V1
EQ-OVEN-203,2026-01-13 00:00:00+00:00,temperature_c,58.94,°C,2026-S1,synthétique,PROC-GEN-MARG-V1
EQ-OVEN-203,2026-01-13 06:00:00+00:00,temperature_c,56.29,°C,2026-S1,synthétique,PROC-GEN-MARG-V1
EQ-OVEN-203,2026-01-13 12:00:00+00:00,temperature_c,53.44,°C,2026-S1,synthétique,PROC-GEN-MARG-V1
EQ-OVEN-203,2026-01-13 18:00:00+00:00,temperature_c,65.34,°C,2026-S1,synthétique,PROC-GEN-MARG-V1
EQ-OVEN-203,2026-01-14 00:00:00+00:00,temperature_c,62.38,°C,2026-S1,synthétique,PROC-GEN-MARG-V1
EQ-OVEN-203,2026-01-14 06:00:00+00:00,temperature_c,67.43,°C,2026-S1,synthétique,PROC-GEN-MARG-V1
EQ-OVEN-203,2026-01-14 12:00:00+00:00,temperature_c,55.5,°C,2026-S1,synthétique,PROC-GEN-MARG-V1
EQ-OVEN-203,2026-01-14 18:00:00+00:00,temperature_c,53.11,°C,2026-S1,synthétique,PROC-GEN-MARG-V1
EQ-OVEN-203,2026-01-15 00:00:00+00:00,temperature_c,59.51,°C,2026-S1,synthétique,PROC-GEN-MARG-V1
EQ-OVEN-203,2026-01-15 06:00:00+00:00,temperature_c,61.79,°C,2026-S1,synthétique,PROC-GEN-MARG-V1
EQ-OVEN-203,2026-01-15 12:00:00+00:00,temperature_c,63.69,°C,2026-S1,synthétique,PROC-GEN-MARG-V1
EQ-OVEN-203,2026-01-15 18:00:00+00:00,temperature_c,51.07,°C,2026-S1,synthétique,PROC-GEN-MARG-V1
EQ-OVEN-203,2026-01-16 00:00:00+00:00,temperature_c,55.53,°C,2026-S1,synthétique,PROC-GEN-MARG-V1
EQ-OVEN-203,2026-01-16 06:00:00+00:00,temperature_c,58.64,°C,2026-S1,synthétique,PROC-GEN-MARG-V1
EQ-OVEN-203,2026-01-16 12:00:00+00:00,temperature_c,55.96,°C,2026-S1,synthétique,PROC-GEN-MARG-V1
EQ-OVEN-203,2026-01-16 18:00:00+00:00,temperature_c,53.85,°C,2026-S1,synthétique,PROC-GEN-MARG-V1
EQ-OVEN-203,2026-01-17 00:00:00+00:00,temperature_c,54.95,°C,2026-S1,synthétique,PROC-GEN-MARG-V1
EQ-OVEN-203,2026-01-17 06:00:00+00:00,temperature_c,46.93,°C,2026-S1,synthétique,PROC-GEN-MARG-V1
EQ-OVEN-203,2026-01-17 12:00:00+00:00,temperature_c,65.28,°C,2026-S1,synthétique,PROC-GEN-MARG-V1
EQ-OVEN-203,2026-01-17 18:00:00+00:00,temperature_c,57.51,°C,2026-S1,synthétique,PROC-GEN-MARG-V1
EQ-OVEN-203,2026-01-18 00:00:00+00:00,temperature_c,54.36,°C,2026-S1,synthétique,PROC-GEN-MARG-V1
EQ-OVEN-203,2026-01-18 06:00:00+00:00,temperature_c,50.78,°C,2026-S1,synthétique,PROC-GEN-MARG-V1
EQ-OVEN-203,2026-01-18 12:00:00+00:00,temperature_c,62.56,°C,2026-S1,synthétique,PROC-GEN-MARG-V1
EQ-OVEN-203,2026-01-18 18:00:00+00:00,temperature_c,66.68,°C,2026-S1,synthétique,PROC-GEN-MARG-V1
EQ-OVEN-203,2026-01-19 00:00:00+00:00,temperature_c,52.07,°C,2026-S1,synthétique,PROC-GEN-MARG-V1
EQ-OVEN-203,2026-01-19 06:00:00+00:00,temperature_c,51.59,°C,2026-S1,synthétique,PROC-GEN-MARG-V1
EQ-OVEN-203,2026-01-19 12:00:00+00:00,temperature_c,58.03,°C,2026-S1,synthétique,PROC-GEN-MARG-V1
EQ-OVEN-203,2026-01-19 18:00:00+00:00,temperature_c,45.15,°C,2026-S1,synthétique,PROC-GEN-MARG-V1
EQ-OVEN-203,2026-01-20 00:00:00+00:00,temperature_c,56.43,°C,2026-S1,synthétique,PROC-GEN-MARG-V1
EQ-OVEN-203,2026-01-20 06:00:00+00:00,temperature_c,52.4,°C,2026-S1,synthétique,PROC-GEN-MARG-V1
EQ-OVEN-203,2026-01-20 12:00:00+00:00,temperature_c,67.24,°C,2026-S1,synthétique,PROC-GEN-MARG-V1
EQ-OVEN-203,2026-01-20 18:00:00+00:00,temperature_c,55.47,°C,2026-S1,synthétique,PROC-GEN-MARG-V1
EQ-OVEN-203,2026-01-21 00:00:00+00:00,temperature_c,63.52,°C,2026-S1,synthétique,PROC-GEN-MARG-V1
EQ-OVEN-203,2026-01-21 06:00:00+00:00,temperature_c,58.01,°C,2026-S1,synthétique,PROC-GEN-MARG-V1
EQ-OVEN-203,2026-01-21 12:00:00+00:00,temperature_c,60.68,°C,2026-S1,synthétique,PROC-GEN-MARG-V1
EQ-OVEN-203,2026-01-21 18:00:00+00:00,temperature_c,56.82,°C,2026-S1,synthétique,PROC-GEN-MARG-V1
EQ-OVEN-203,2026-01-22 00:00:00+00:00,temperature_c,50.99,°C,2026-S1,synthétique,PROC-GEN-MARG-V1
EQ-OVEN-203,2026-01-22 06:00:00+00:00,temperature_c,50.45,°C,2026-S1,synthétique,PROC-GEN-MARG-V1
EQ-OVEN-203,2026-01-22 12:00:00+00:00,temperature_c,51.01,°C,2026-S1,synthétique,PROC-GEN-MARG-V1
EQ-OVEN-203,2026-01-22 18:00:00+00:00,temperature_c,58.7,°C,2026-S1,synthétique,PROC-GEN-MARG-V1
EQ-OVEN-203,2026-01-23 00:00:00+00:00,temperature_c,52.91,°C,2026-S1,synthétique,PROC-GEN-MARG-V1
EQ-OVEN-203,2026-01-23 06:00:00+00:00,temperature_c,60.84,°C,2026-S1,synthétique,PROC-GEN-MARG-V1
EQ-OVEN-203,2026-01-23 12:00:00+00:00,temperature_c,52.16,°C,2026-S1,synthétique,PROC-GEN-MARG-V1
EQ-OVEN-203,2026-01-23 18:00:00+00:00,temperature_c,58.91,°C,2026-S1,synthétique,PROC-GEN-MARG-V1
EQ-OVEN-203,2026-01-24 00:00:00+00:00,temperature_c,56.38,°C,2026-S1,synthétique,PROC-GEN-MARG-V1
EQ-OVEN-203,2026-01-24 06:00:00+00:00,temperature_c,62.55,°C,2026-S1,synthétique,PROC-GEN-MARG-V1
EQ-OVEN-203,2026-01-24 12:00:00+00:00,temperature_c,62.35,°C,2026-S1,synthétique,PROC-GEN-MARG-V1
EQ-OVEN-203,2026-01-24 18:00:00+00:00,temperature_c,58.6,°C,2026-S1,synthétique,PROC-GEN-MARG-V1
EQ-OVEN-203,2026-01-25 00:00:00+00:00,temperature_c,61.91,°C,2026-S1,synthétique,PROC-GEN-MARG-V1
EQ-OVEN-203,2026-01-25 06:00:00+00:00,temperature_c,52.73,°C,2026-S1,synthétique,PROC-GEN-MARG-V1
EQ-OVEN-203,2026-01-25 12:00:00+00:00,temperature_c,54.12,°C,2026-S1,synthétique,PROC-GEN-MARG-V1
EQ-OVEN-203,2026-01-25 18:00:00+00:00,temperature_c,50.37,°C,2026-S1,synthétique,PROC-GEN-MARG-V1
EQ-OVEN-203,2026-01-26 00:00:00+00:00,temperature_c,64.27,°C,2026-S1,synthétique,PROC-GEN-MARG-V1
EQ-OVEN-203,2026-01-26 06:00:00+00:00,temperature_c,44.09,°C,2026-S1,synthétique,PROC-GEN-MARG-V1
EQ-OVEN-203,2026-01-26 12:00:00+00:00,temperature_c,50.48,°C,2026-S1,synthétique,PROC-GEN-MARG-V1
EQ-OVEN-203,2026-01-26 18:00:00+00:00,temperature_c,55.13,°C,2026-S1,synthétique,PROC-GEN-MARG-V1
EQ-OVEN-203,2026-01-27 00:00:00+00:00,temperature_c,52.58,°C,2026-S1,synthétique,PROC-GEN-MARG-V1
EQ-OVEN-203,2026-01-27 06:00:00+00:00,temperature_c,65.37,°C,2026-S1,synthétique,PROC-GEN-MARG-V1
EQ-OVEN-203,2026-01-27 12:00:00+00:00,temperature_c,61.27,°C,2026-S1,synthétique,PROC-GEN-MARG-V1
EQ-OVEN-203,2026-01-27 18:00:00+00:00,temperature_c,61.52,°C,2026-S1,synthétique,PROC-GEN-MARG-V1
EQ-OVEN-203,2026-01-28 00:00:00+00:00,temperature_c,50.02,°C,2026-S1,synthétique,PROC-GEN-MARG-V1
EQ-OVEN-203,2026-01-28 06:00:00+00:00,temperature_c,56.63,°C,2026-S1,synthétique,PROC-GEN-MARG-V1
EQ-OVEN-203,2026-01-28 12:00:00+00:00,temperature_c,56.77,°C,2026-S1,synthétique,PROC-GEN-MARG-V1
EQ-OVEN-203,2026-01-28 18:00:00+00:00,temperature_c,55.58,°C,2026-S1,synthétique,PROC-GEN-MARG-V1
EQ-OVEN-203,2026-01-29 00:00:00+00:00,temperature_c,58.12,°C,2026-S1,synthétique,PROC-GEN-MARG-V1
EQ-OVEN-203,2026-01-29 06:00:00+00:00,temperature_c,52.08,°C,2026-S1,synthétique,PROC-GEN-MARG-V1
EQ-OVEN-203,2026-01-29 12:00:00+00:00,temperature_c,66.31,°C,2026-S1,synthétique,PROC-GEN-MARG-V1
EQ-OVEN-203,2026-01-29 18:00:00+00:00,temperature_c,60.18,°C,2026-S1,synthétique,PROC-GEN-MARG-V1
EQ-OVEN-203,2026-01-30 00:00:00+00:00,temperature_c,50.93,°C,2026-S1,synthétique,PROC-GEN-MARG-V1
EQ-OVEN-203,2026-01-30 06:00:00+00:00,temperature_c,66.22,°C,2026-S1,synthétique,PROC-GEN-MARG-V1
EQ-OVEN-203,2026-01-30 12:00:00+00:00,temperature_c,60.94,°C,2026-S1,synthétique,PROC-GEN-MARG-V1
EQ-OVEN-203,2026-01-30 18:00:00+00:00,temperature_c,54.28,°C,2026-S1,synthétique,PROC-GEN-MARG-V1
EQ-OVEN-203,2026-01-31 00:00:00+00:00,temperature_c,57.91,°C,2026-S1,synthétique,PROC-GEN-MARG-V1
EQ-OVEN-203,2026-01-31 06:00:00+00:00,temperature_c,51.17,°C,2026-S1,synthétique,PROC-GEN-MARG-V1
EQ-OVEN-203,2026-01-31 12:00:00+00:00,temperature_c,58.62,°C,2026-S1,synthétique,PROC-GEN-MARG-V1
EQ-OVEN-203,2026-01-31 18:00:00+00:00,temperature_c,53.78,°C,2026-S1,synthétique,PROC-GEN-MARG-V1
EQ-PUMP-002,2026-01-01 00:00:00+00:00,temperature_c,57.66,°C,2026-S1,synthétique,PROC-GEN-MARG-V1
EQ-PUMP-002,2026-01-01 06:00:00+00:00,temperature_c,59.61,°C,2026-S1,synthétique,PROC-GEN-MARG-V1
EQ-PUMP-002,2026-01-01 12:00:00+00:00,temperature_c,61.78,°C,2026-S1,synthétique,PROC-GEN-MARG-V1
EQ-PUMP-002,2026-01-01 18:00:00+00:00,temperature_c,61.91,°C,2026-S1,synthétique,PROC-GEN-MARG-V1
EQ-PUMP-002,2026-01-02 00:00:00+00:00,temperature_c,62.55,°C,2026-S1,synthétique,PROC-GEN-MARG-V1
EQ-PUMP-002,2026-01-02 06:00:00+00:00,temperature_c,56.69,°C,2026-S1,synthétique,PROC-GEN-MARG-V1
EQ-PUMP-002,2026-01-02 12:00:00+00:00,temperature_c,63.12,°C,2026-S1,synthétique,PROC-GEN-MARG-V1
EQ-PUMP-002,2026-01-02 18:00:00+00:00,temperature_c,51.5,°C,2026-S1,synthétique,PROC-GEN-MARG-V1
EQ-PUMP-002,2026-01-03 00:00:00+00:00,temperature_c,52.78,°C,2026-S1,synthétique,PROC-GEN-MARG-V1
EQ-PUMP-002,2026-01-03 06:00:00+00:00,temperature_c,56.92,°C,2026-S1,synthétique,PROC-GEN-MARG-V1
EQ-PUMP-002,2026-01-03 12:00:00+00:00,temperature_c,60.21,°C,2026-S1,synthétique,PROC-GEN-MARG-V1
EQ-PUMP-002,2026-01-03 18:00:00+00:00,temperature_c,60.35,°C,2026-S1,synthétique,PROC-GEN-MARG-V1
EQ-PUMP-002,2026-01-04 00:00:00+00:00,temperature_c,49.56,°C,2026-S1,synthétique,PROC-GEN-MARG-V1
EQ-PUMP-002,2026-01-04 06:00:00+00:00,temperature_c,48.77,°C,2026-S1,synthétique,PROC-GEN-MARG-V1
EQ-PUMP-002,2026-01-04 12:00:00+00:00,temperature_c,48.93,°C,2026-S1,synthétique,PROC-GEN-MARG-V1
EQ-PUMP-002,2026-01-04 18:00:00+00:00,temperature_c,59.77,°C,2026-S1,synthétique,PROC-GEN-MARG-V1
EQ-PUMP-002,2026-01-05 00:00:00+00:00,temperature_c,55.02,°C,2026-S1,synthétique,PROC-GEN-MARG-V1
EQ-PUMP-002,2026-01-05 06:00:00+00:00,temperature_c,59.94,°C,2026-S1,synthétique,PROC-GEN-MARG-V1
EQ-PUMP-002,2026-01-05 12:00:00+00:00,temperature_c,55.94,°C,2026-S1,synthétique,PROC-GEN-MARG-V1
EQ-PUMP-002,2026-01-05 18:00:00+00:00,temperature_c,63.48,°C,2026-S1,synthétique,PROC-GEN-MARG-V1
EQ-PUMP-002,2026-01-06 00:00:00+00:00,temperature_c,57.43,°C,2026-S1,synthétique,PROC-GEN-MARG-V1
EQ-PUMP-002,2026-01-06 06:00:00+00:00,temperature_c,60.99,°C,2026-S1,synthétique,PROC-GEN-MARG-V1
EQ-PUMP-002,2026-01-06 12:00:00+00:00,temperature_c,63.42,°C,2026-S1,synthétique,PROC-GEN-MARG-V1
EQ-PUMP-002,2026-01-06 18:00:00+00:00,temperature_c,59.79,°C,2026-S1,synthétique,PROC-GEN-MARG-V1
EQ-PUMP-002,2026-01-07 00:00:00+00:00,temperature_c,51.8,°C,2026-S1,synthétique,PROC-GEN-MARG-V1
EQ-PUMP-002,2026-01-07 06:00:00+00:00,temperature_c,67.51,°C,2026-S1,synthétique,PROC-GEN-MARG-V1
EQ-PUMP-002,2026-01-07 12:00:00+00:00,temperature_c,56.69,°C,2026-S1,synthétique,PROC-GEN-MARG-V1
EQ-PUMP-002,2026-01-07 18:00:00+00:00,temperature_c,57.14,°C,2026-S1,synthétique,PROC-GEN-MARG-V1
EQ-PUMP-002,2026-01-08 00:00:00+00:00,temperature_c,65.27,°C,2026-S1,synthétique,PROC-GEN-MARG-V1
EQ-PUMP-002,2026-01-08 06:00:00+00:00,temperature_c,58.31,°C,2026-S1,synthétique,PROC-GEN-MARG-V1
EQ-PUMP-002,2026-01-08 12:00:00+00:00,temperature_c,59.18,°C,2026-S1,synthétique,PROC-GEN-MARG-V1
EQ-PUMP-002,2026-01-08 18:00:00+00:00,temperature_c,53.31,°C,2026-S1,synthétique,PROC-GEN-MARG-V1
EQ-PUMP-002,2026-01-09 00:00:00+00:00,temperature_c,59.76,°C,2026-S1,synthétique,PROC-GEN-MARG-V1
EQ-PUMP-002,2026-01-09 06:00:00+00:00,temperature_c,57.72,°C,2026-S1,synthétique,PROC-GEN-MARG-V1
EQ-PUMP-002,2026-01-09 12:00:00+00:00,temperature_c,51.85,°C,2026-S1,synthétique,PROC-GEN-MARG-V1
EQ-PUMP-002,2026-01-09 18:00:00+00:00,temperature_c,52.55,°C,2026-S1,synthétique,PROC-GEN-MARG-V1
EQ-PUMP-002,2026-01-10 00:00:00+00:00,temperature_c,60.33,°C,2026-S1,synthétique,PROC-GEN-MARG-V1
EQ-PUMP-002,2026-01-10 06:00:00+00:00,temperature_c,55.05,°C,2026-S1,synthétique,PROC-GEN-MARG-V1
EQ-PUMP-002,2026-01-10 12:00:00+00:00,temperature_c,62.04,°C,2026-S1,synthétique,PROC-GEN-MARG-V1
EQ-PUMP-002,2026-01-10 18:00:00+00:00,temperature_c,62.31,°C,2026-S1,synthétique,PROC-GEN-MARG-V1
EQ-PUMP-002,2026-01-11 00:00:00+00:00,temperature_c,52.73,°C,2026-S1,synthétique,PROC-GEN-MARG-V1
EQ-PUMP-002,2026-01-11 06:00:00+00:00,temperature_c,47.52,°C,2026-S1,synthétique,PROC-GEN-MARG-V1
EQ-PUMP-002,2026-01-11 12:00:00+00:00,temperature_c,65.99,°C,2026-S1,synthétique,PROC-GEN-MARG-V1
EQ-PUMP-002,2026-01-11 18:00:00+00:00,temperature_c,64.05,°C,2026-S1,synthétique,PROC-GEN-MARG-V1
EQ-PUMP-002,2026-01-12 00:00:00+00:00,temperature_c,55.26,°C,2026-S1,synthétique,PROC-GEN-MARG-V1
EQ-PUMP-002,2026-01-12 06:00:00+00:00,temperature_c,59.24,°C,2026-S1,synthétique,PROC-GEN-MARG-V1
EQ-PUMP-002,2026-01-12 12:00:00+00:00,temperature_c,64.11,°C,2026-S1,synthétique,PROC-GEN-MARG-V1
EQ-PUMP-002,2026-01-12 18:00:00+00:00,temperature_c,62.17,°C,2026-S1,synthétique,PROC-GEN-MARG-V1
EQ-PUMP-002,2026-01-13 00:00:00+00:00,temperature_c,56.83,°C,2026-S1,synthétique,PROC-GEN-MARG-V1
EQ-PUMP-002,2026-01-13 06:00:00+00:00,temperature_c,60.97,°C,2026-S1,synthétique,PROC-GEN-MARG-V1
EQ-PUMP-002,2026-01-13 12:00:00+00:00,temperature_c,54.71,°C,2026-S1,synthétique,PROC-GEN-MARG-V1
EQ-PUMP-002,2026-01-13 18:00:00+00:00,temperature_c,57.16,°C,2026-S1,synthétique,PROC-GEN-MARG-V1
EQ-PUMP-002,2026-01-14 00:00:00+00:00,temperature_c,52.29,°C,2026-S1,synthétique,PROC-GEN-MARG-V1
EQ-PUMP-002,2026-01-14 06:00:00+00:00,temperature_c,64.64,°C,2026-S1,synthétique,PROC-GEN-MARG-V1
EQ-PUMP-002,2026-01-14 12:00:00+00:00,temperature_c,62.75,°C,2026-S1,synthétique,PROC-GEN-MARG-V1
EQ-PUMP-002,2026-01-14 18:00:00+00:00,temperature_c,56.62,°C,2026-S1,synthétique,PROC-GEN-MARG-V1
EQ-PUMP-002,2026-01-15 00:00:00+00:00,temperature_c,52.32,°C,2026-S1,synthétique,PROC-GEN-MARG-V1
EQ-PUMP-002,2026-01-15 06:00:00+00:00,temperature_c,59.07,°C,2026-S1,synthétique,PROC-GEN-MARG-V1
EQ-PUMP-002,2026-01-15 12:00:00+00:00,temperature_c,57.11,°C,2026-S1,synthétique,PROC-GEN-MARG-V1
EQ-PUMP-002,2026-01-15 18:00:00+00:00,temperature_c,61.87,°C,2026-S1,synthétique,PROC-GEN-MARG-V1
EQ-PUMP-002,2026-01-16 00:00:00+00:00,temperature_c,62.16,°C,2026-S1,synthétique,PROC-GEN-MARG-V1
EQ-PUMP-002,2026-01-16 06:00:00+00:00,temperature_c,61.84,°C,2026-S1,synthétique,PROC-GEN-MARG-V1
EQ-PUMP-002,2026-01-16 12:00:00+00:00,temperature_c,65.08,°C,2026-S1,synthétique,PROC-GEN-MARG-V1
EQ-PUMP-002,2026-01-16 18:00:00+00:00,temperature_c,53.6,°C,2026-S1,synthétique,PROC-GEN-MARG-V1
EQ-PUMP-002,2026-01-17 00:00:00+00:00,temperature_c,57.74,°C,2026-S1,synthétique,PROC-GEN-MARG-V1
EQ-PUMP-002,2026-01-17 06:00:00+00:00,temperature_c,53.79,°C,2026-S1,synthétique,PROC-GEN-MARG-V1
EQ-PUMP-002,2026-01-17 12:00:00+00:00,temperature_c,63.5,°C,2026-S1,synthétique,PROC-GEN-MARG-V1
EQ-PUMP-002,2026-01-17 18:00:00+00:00,temperature_c,64.74,°C,2026-S1,synthétique,PROC-GEN-MARG-V1
EQ-PUMP-002,2026-01-18 00:00:00+00:00,temperature_c,61.24,°C,2026-S1,synthétique,PROC-GEN-MARG-V1
EQ-PUMP-002,2026-01-18 06:00:00+00:00,temperature_c,63.66,°C,2026-S1,synthétique,PROC-GEN-MARG-V1
EQ-PUMP-002,2026-01-18 12:00:00+00:00,temperature_c,51.18,°C,2026-S1,synthétique,PROC-GEN-MARG-V1
EQ-PUMP-002,2026-01-18 18:00:00+00:00,temperature_c,50.31,°C,2026-S1,synthétique,PROC-GEN-MARG-V1
EQ-PUMP-002,2026-01-19 00:00:00+00:00,temperature_c,47.82,°C,2026-S1,synthétique,PROC-GEN-MARG-V1
EQ-PUMP-002,2026-01-19 06:00:00+00:00,temperature_c,52.87,°C,2026-S1,synthétique,PROC-GEN-MARG-V1
EQ-PUMP-002,2026-01-19 12:00:00+00:00,temperature_c,59.95,°C,2026-S1,synthétique,PROC-GEN-MARG-V1
EQ-PUMP-002,2026-01-19 18:00:00+00:00,temperature_c,63.68,°C,2026-S1,synthétique,PROC-GEN-MARG-V1
EQ-PUMP-002,2026-01-20 00:00:00+00:00,temperature_c,64.47,°C,2026-S1,synthétique,PROC-GEN-MARG-V1
EQ-PUMP-002,2026-01-20 06:00:00+00:00,temperature_c,52.84,°C,2026-S1,synthétique,PROC-GEN-MARG-V1
EQ-PUMP-002,2026-01-20 12:00:00+00:00,temperature_c,55.08,°C,2026-S1,synthétique,PROC-GEN-MARG-V1
EQ-PUMP-002,2026-01-20 18:00:00+00:00,temperature_c,62.8,°C,2026-S1,synthétique,PROC-GEN-MARG-V1
EQ-PUMP-002,2026-01-21 00:00:00+00:00,temperature_c,61.64,°C,2026-S1,synthétique,PROC-GEN-MARG-V1
EQ-PUMP-002,2026-01-21 06:00:00+00:00,temperature_c,55.64,°C,2026-S1,synthétique,PROC-GEN-MARG-V1
EQ-PUMP-002,2026-01-21 12:00:00+00:00,temperature_c,54.16,°C,2026-S1,synthétique,PROC-GEN-MARG-V1
EQ-PUMP-002,2026-01-21 18:00:00+00:00,temperature_c,54.04,°C,2026-S1,synthétique,PROC-GEN-MARG-V1
EQ-PUMP-002,2026-01-22 00:00:00+00:00,temperature_c,54.17,°C,2026-S1,synthétique,PROC-GEN-MARG-V1
EQ-PUMP-002,2026-01-22 06:00:00+00:00,temperature_c,59.97,°C,2026-S1,synthétique,PROC-GEN-MARG-V1
EQ-PUMP-002,2026-01-22 12:00:00+00:00,temperature_c,60.92,°C,2026-S1,synthétique,PROC-GEN-MARG-V1
EQ-PUMP-002,2026-01-22 18:00:00+00:00,temperature_c,56.69,°C,2026-S1,synthétique,PROC-GEN-MARG-V1
EQ-PUMP-002,2026-01-23 00:00:00+00:00,temperature_c,64.81,°C,2026-S1,synthétique,PROC-GEN-MARG-V1
EQ-PUMP-002,2026-01-23 06:00:00+00:00,temperature_c,56.11,°C,2026-S1,synthétique,PROC-GEN-MARG-V1
EQ-PUMP-002,2026-01-23 12:00:00+00:00,temperature_c,63.31,°C,2026-S1,synthétique,PROC-GEN-MARG-V1
EQ-PUMP-002,2026-01-23 18:00:00+00:00,temperature_c,56.82,°C,2026-S1,synthétique,PROC-GEN-MARG-V1
EQ-PUMP-002,2026-01-24 00:00:00+00:00,temperature_c,64.65,°C,2026-S1,synthétique,PROC-GEN-MARG-V1
EQ-PUMP-002,2026-01-24 06:00:00+00:00,temperature_c,52.2,°C,2026-S1,synthétique,PROC-GEN-MARG-V1
EQ-PUMP-002,2026-01-24 12:00:00+00:00,temperature_c,52.59,°C,2026-S1,synthétique,PROC-GEN-MARG-V1
EQ-PUMP-002,2026-01-24 18:00:00+00:00,temperature_c,57.04,°C,2026-S1,synthétique,PROC-GEN-MARG-V1
EQ-PUMP-002,2026-01-25 00:00:00+00:00,temperature_c,57.03,°C,2026-S1,synthétique,PROC-GEN-MARG-V1
EQ-PUMP-002,2026-01-25 06:00:00+00:00,temperature_c,58.43,°C,2026-S1,synthétique,PROC-GEN-MARG-V1
EQ-PUMP-002,2026-01-25 12:00:00+00:00,temperature_c,59.66,°C,2026-S1,synthétique,PROC-GEN-MARG-V1
EQ-PUMP-002,2026-01-25 18:00:00+00:00,temperature_c,49.92,°C,2026-S1,synthétique,PROC-GEN-MARG-V1
EQ-PUMP-002,2026-01-26 00:00:00+00:00,temperature_c,55.52,°C,2026-S1,synthétique,PROC-GEN-MARG-V1
EQ-PUMP-002,2026-01-26 06:00:00+00:00,temperature_c,54.78,°C,2026-S1,synthétique,PROC-GEN-MARG-V1
EQ-PUMP-002,2026-01-26 12:00:00+00:00,temperature_c,54.45,°C,2026-S1,synthétique,PROC-GEN-MARG-V1
EQ-PUMP-002,2026-01-26 18:00:00+00:00,temperature_c,54.91,°C,2026-S1,synthétique,PROC-GEN-MARG-V1
EQ-PUMP-002,2026-01-27 00:00:00+00:00,temperature_c,60.42,°C,2026-S1,synthétique,PROC-GEN-MARG-V1
EQ-PUMP-002,2026-01-27 06:00:00+00:00,temperature_c,58.05,°C,2026-S1,synthétique,PROC-GEN-MARG-V1
EQ-PUMP-002,2026-01-27 12:00:00+00:00,temperature_c,62.66,°C,2026-S1,synthétique,PROC-GEN-MARG-V1
EQ-PUMP-002,2026-01-27 18:00:00+00:00,temperature_c,57.38,°C,2026-S1,synthétique,PROC-GEN-MARG-V1
EQ-PUMP-002,2026-01-28 00:00:00+00:00,temperature_c,59.11,°C,2026-S1,synthétique,PROC-GEN-MARG-V1
EQ-PUMP-002,2026-01-28 06:00:00+00:00,temperature_c,65.94,°C,2026-S1,synthétique,PROC-GEN-MARG-V1
EQ-PUMP-002,2026-01-28 12:00:00+00:00,temperature_c,56.55,°C,2026-S1,synthétique,PROC-GEN-MARG-V1
EQ-PUMP-002,2026-01-28 18:00:00+00:00,temperature_c,62.21,°C,2026-S1,synthétique,PROC-GEN-MARG-V1
EQ-PUMP-002,2026-01-29 00:00:00+00:00,temperature_c,61.92,°C,2026-S1,synthétique,PROC-GEN-MARG-V1
EQ-PUMP-002,2026-01-29 06:00:00+00:00,temperature_c,58.32,°C,2026-S1,synthétique,PROC-GEN-MARG-V1
EQ-PUMP-002,2026-01-29 12:00:00+00:00,temperature_c,61.59,°C,2026-S1,synthétique,PROC-GEN-MARG-V1
EQ-PUMP-002,2026-01-29 18:00:00+00:00,temperature_c,56.34,°C,2026-S1,synthétique,PROC-GEN-MARG-V1
EQ-PUMP-002,2026-01-30 00:00:00+00:00,temperature_c,55.07,°C,2026-S1,synthétique,PROC-GEN-MARG-V1
EQ-PUMP-002,2026-01-30 06:00:00+00:00,temperature_c,59.29,°C,2026-S1,synthétique,PROC-GEN-MARG-V1
EQ-PUMP-002,2026-01-30 12:00:00+00:00,temperature_c,51.71,°C,2026-S1,synthétique,PROC-GEN-MARG-V1
EQ-PUMP-002,2026-01-30 18:00:00+00:00,temperature_c,57.19,°C,2026-S1,synthétique,PROC-GEN-MARG-V1
EQ-PUMP-002,2026-01-31 00:00:00+00:00,temperature_c,57.64,°C,2026-S1,synthétique,PROC-GEN-MARG-V1
EQ-PUMP-002,2026-01-31 06:00:00+00:00,temperature_c,61.4,°C,2026-S1,synthétique,PROC-GEN-MARG-V1
EQ-PUMP-002,2026-01-31 12:00:00+00:00,temperature_c,60.91,°C,2026-S1,synthétique,PROC-GEN-MARG-V1
EQ-PUMP-002,2026-01-31 18:00:00+00:00,temperature_c,58.36,°C,2026-S1,synthétique,PROC-GEN-MARG-V1
EQ-PUMP-230,2026-01-01 00:00:00+00:00,temperature_c,58.95,°C,2026-S1,synthétique,PROC-GEN-MARG-V1
EQ-PUMP-230,2026-01-01 06:00:00+00:00,temperature_c,61.81,°C,2026-S1,synthétique,PROC-GEN-MARG-V1
EQ-PUMP-230,2026-01-01 12:00:00+00:00,temperature_c,54.5,°C,2026-S1,synthétique,PROC-GEN-MARG-V1
EQ-PUMP-230,2026-01-01 18:00:00+00:00,temperature_c,57.46,°C,2026-S1,synthétique,PROC-GEN-MARG-V1
EQ-PUMP-230,2026-01-02 00:00:00+00:00,temperature_c,52.67,°C,2026-S1,synthétique,PROC-GEN-MARG-V1
EQ-PUMP-230,2026-01-02 06:00:00+00:00,temperature_c,56.33,°C,2026-S1,synthétique,PROC-GEN-MARG-V1
EQ-PUMP-230,2026-01-02 12:00:00+00:00,temperature_c,65.31,°C,2026-S1,synthétique,PROC-GEN-MARG-V1
EQ-PUMP-230,2026-01-02 18:00:00+00:00,temperature_c,50.9,°C,2026-S1,synthétique,PROC-GEN-MARG-V1
EQ-PUMP-230,2026-01-03 00:00:00+00:00,temperature_c,56.31,°C,2026-S1,synthétique,PROC-GEN-MARG-V1
EQ-PUMP-230,2026-01-03 06:00:00+00:00,temperature_c,63.95,°C,2026-S1,synthétique,PROC-GEN-MARG-V1
EQ-PUMP-230,2026-01-03 12:00:00+00:00,temperature_c,54.3,°C,2026-S1,synthétique,PROC-GEN-MARG-V1
EQ-PUMP-230,2026-01-03 18:00:00+00:00,temperature_c,55.42,°C,2026-S1,synthétique,PROC-GEN-MARG-V1
EQ-PUMP-230,2026-01-04 00:00:00+00:00,temperature_c,53.33,°C,2026-S1,synthétique,PROC-GEN-MARG-V1
EQ-PUMP-230,2026-01-04 06:00:00+00:00,temperature_c,61.99,°C,2026-S1,synthétique,PROC-GEN-MARG-V1
EQ-PUMP-230,2026-01-04 12:00:00+00:00,temperature_c,62.52,°C,2026-S1,synthétique,PROC-GEN-MARG-V1
EQ-PUMP-230,2026-01-04 18:00:00+00:00,temperature_c,57.48,°C,2026-S1,synthétique,PROC-GEN-MARG-V1
EQ-PUMP-230,2026-01-05 00:00:00+00:00,temperature_c,67.49,°C,2026-S1,synthétique,PROC-GEN-MARG-V1
EQ-PUMP-230,2026-01-05 06:00:00+00:00,temperature_c,59.62,°C,2026-S1,synthétique,PROC-GEN-MARG-V1
EQ-PUMP-230,2026-01-05 12:00:00+00:00,temperature_c,61.09,°C,2026-S1,synthétique,PROC-GEN-MARG-V1
EQ-PUMP-230,2026-01-05 18:00:00+00:00,temperature_c,57.06,°C,2026-S1,synthétique,PROC-GEN-MARG-V1
EQ-PUMP-230,2026-01-06 00:00:00+00:00,temperature_c,58.0,°C,2026-S1,synthétique,PROC-GEN-MARG-V1
EQ-PUMP-230,2026-01-06 06:00:00+00:00,temperature_c,62.08,°C,2026-S1,synthétique,PROC-GEN-MARG-V1
EQ-PUMP-230,2026-01-06 12:00:00+00:00,temperature_c,58.88,°C,2026-S1,synthétique,PROC-GEN-MARG-V1
EQ-PUMP-230,2026-01-06 18:00:00+00:00,temperature_c,59.64,°C,2026-S1,synthétique,PROC-GEN-MARG-V1
EQ-PUMP-230,2026-01-07 00:00:00+00:00,temperature_c,59.13,°C,2026-S1,synthétique,PROC-GEN-MARG-V1
EQ-PUMP-230,2026-01-07 06:00:00+00:00,temperature_c,55.44,°C,2026-S1,synthétique,PROC-GEN-MARG-V1
EQ-PUMP-230,2026-01-07 12:00:00+00:00,temperature_c,58.17,°C,2026-S1,synthétique,PROC-GEN-MARG-V1
EQ-PUMP-230,2026-01-07 18:00:00+00:00,temperature_c,67.96,°C,2026-S1,synthétique,PROC-GEN-MARG-V1
EQ-PUMP-230,2026-01-08 00:00:00+00:00,temperature_c,55.31,°C,2026-S1,synthétique,PROC-GEN-MARG-V1
EQ-PUMP-230,2026-01-08 06:00:00+00:00,temperature_c,59.27,°C,2026-S1,synthétique,PROC-GEN-MARG-V1
EQ-PUMP-230,2026-01-08 12:00:00+00:00,temperature_c,58.59,°C,2026-S1,synthétique,PROC-GEN-MARG-V1
EQ-PUMP-230,2026-01-08 18:00:00+00:00,temperature_c,63.57,°C,2026-S1,synthétique,PROC-GEN-MARG-V1
EQ-PUMP-230,2026-01-09 00:00:00+00:00,temperature_c,57.23,°C,2026-S1,synthétique,PROC-GEN-MARG-V1
EQ-PUMP-230,2026-01-09 06:00:00+00:00,temperature_c,61.56,°C,2026-S1,synthétique,PROC-GEN-MARG-V1
EQ-PUMP-230,2026-01-09 12:00:00+00:00,temperature_c,66.71,°C,2026-S1,synthétique,PROC-GEN-MARG-V1
EQ-PUMP-230,2026-01-09 18:00:00+00:00,temperature_c,62.63,°C,2026-S1,synthétique,PROC-GEN-MARG-V1
EQ-PUMP-230,2026-01-10 00:00:00+00:00,temperature_c,62.16,°C,2026-S1,synthétique,PROC-GEN-MARG-V1
EQ-PUMP-230,2026-01-10 06:00:00+00:00,temperature_c,52.12,°C,2026-S1,synthétique,PROC-GEN-MARG-V1
EQ-PUMP-230,2026-01-10 12:00:00+00:00,temperature_c,51.11,°C,2026-S1,synthétique,PROC-GEN-MARG-V1
EQ-PUMP-230,2026-01-10 18:00:00+00:00,temperature_c,64.95,°C,2026-S1,synthétique,PROC-GEN-MARG-V1
EQ-PUMP-230,2026-01-11 00:00:00+00:00,temperature_c,47.82,°C,2026-S1,synthétique,PROC-GEN-MARG-V1
EQ-PUMP-230,2026-01-11 06:00:00+00:00,temperature_c,58.41,°C,2026-S1,synthétique,PROC-GEN-MARG-V1
EQ-PUMP-230,2026-01-11 12:00:00+00:00,temperature_c,66.09,°C,2026-S1,synthétique,PROC-GEN-MARG-V1
EQ-PUMP-230,2026-01-11 18:00:00+00:00,temperature_c,62.66,°C,2026-S1,synthétique,PROC-GEN-MARG-V1
EQ-PUMP-230,2026-01-12 00:00:00+00:00,temperature_c,55.98,°C,2026-S1,synthétique,PROC-GEN-MARG-V1
EQ-PUMP-230,2026-01-12 06:00:00+00:00,temperature_c,54.99,°C,2026-S1,synthétique,PROC-GEN-MARG-V1
EQ-PUMP-230,2026-01-12 12:00:00+00:00,temperature_c,64.86,°C,2026-S1,synthétique,PROC-GEN-MARG-V1
EQ-PUMP-230,2026-01-12 18:00:00+00:00,temperature_c,57.01,°C,2026-S1,synthétique,PROC-GEN-MARG-V1
EQ-PUMP-230,2026-01-13 00:00:00+00:00,temperature_c,55.52,°C,2026-S1,synthétique,PROC-GEN-MARG-V1
EQ-PUMP-230,2026-01-13 06:00:00+00:00,temperature_c,56.98,°C,2026-S1,synthétique,PROC-GEN-MARG-V1
EQ-PUMP-230,2026-01-13 12:00:00+00:00,temperature_c,58.61,°C,2026-S1,synthétique,PROC-GEN-MARG-V1
EQ-PUMP-230,2026-01-13 18:00:00+00:00,temperature_c,60.0,°C,2026-S1,synthétique,PROC-GEN-MARG-V1
EQ-PUMP-230,2026-01-14 00:00:00+00:00,temperature_c,58.19,°C,2026-S1,synthétique,PROC-GEN-MARG-V1
EQ-PUMP-230,2026-01-14 06:00:00+00:00,temperature_c,54.24,°C,2026-S1,synthétique,PROC-GEN-MARG-V1
EQ-PUMP-230,2026-01-14 12:00:00+00:00,temperature_c,63.81,°C,2026-S1,synthétique,PROC-GEN-MARG-V1
EQ-PUMP-230,2026-01-14 18:00:00+00:00,temperature_c,60.74,°C,2026-S1,synthétique,PROC-GEN-MARG-V1
EQ-PUMP-230,2026-01-15 00:00:00+00:00,temperature_c,60.57,°C,2026-S1,synthétique,PROC-GEN-MARG-V1
EQ-PUMP-230,2026-01-15 06:00:00+00:00,temperature_c,59.71,°C,2026-S1,synthétique,PROC-GEN-MARG-V1
EQ-PUMP-230,2026-01-15 12:00:00+00:00,temperature_c,63.47,°C,2026-S1,synthétique,PROC-GEN-MARG-V1
EQ-PUMP-230,2026-01-15 18:00:00+00:00,temperature_c,52.46,°C,2026-S1,synthétique,PROC-GEN-MARG-V1
EQ-PUMP-230,2026-01-16 00:00:00+00:00,temperature_c,58.37,°C,2026-S1,synthétique,PROC-GEN-MARG-V1
EQ-PUMP-230,2026-01-16 06:00:00+00:00,temperature_c,59.85,°C,2026-S1,synthétique,PROC-GEN-MARG-V1
EQ-PUMP-230,2026-01-16 12:00:00+00:00,temperature_c,58.06,°C,2026-S1,synthétique,PROC-GEN-MARG-V1
EQ-PUMP-230,2026-01-16 18:00:00+00:00,temperature_c,54.27,°C,2026-S1,synthétique,PROC-GEN-MARG-V1
EQ-PUMP-230,2026-01-17 00:00:00+00:00,temperature_c,57.58,°C,2026-S1,synthétique,PROC-GEN-MARG-V1
EQ-PUMP-230,2026-01-17 06:00:00+00:00,temperature_c,65.5,°C,2026-S1,synthétique,PROC-GEN-MARG-V1
EQ-PUMP-230,2026-01-17 12:00:00+00:00,temperature_c,43.87,°C,2026-S1,synthétique,PROC-GEN-MARG-V1
EQ-PUMP-230,2026-01-17 18:00:00+00:00,temperature_c,52.64,°C,2026-S1,synthétique,PROC-GEN-MARG-V1
EQ-PUMP-230,2026-01-18 00:00:00+00:00,temperature_c,54.09,°C,2026-S1,synthétique,PROC-GEN-MARG-V1
EQ-PUMP-230,2026-01-18 06:00:00+00:00,temperature_c,50.57,°C,2026-S1,synthétique,PROC-GEN-MARG-V1
EQ-PUMP-230,2026-01-18 12:00:00+00:00,temperature_c,61.27,°C,2026-S1,synthétique,PROC-GEN-MARG-V1
EQ-PUMP-230,2026-01-18 18:00:00+00:00,temperature_c,51.43,°C,2026-S1,synthétique,PROC-GEN-MARG-V1
EQ-PUMP-230,2026-01-19 00:00:00+00:00,temperature_c,63.9,°C,2026-S1,synthétique,PROC-GEN-MARG-V1
EQ-PUMP-230,2026-01-19 06:00:00+00:00,temperature_c,59.37,°C,2026-S1,synthétique,PROC-GEN-MARG-V1
EQ-PUMP-230,2026-01-19 12:00:00+00:00,temperature_c,62.58,°C,2026-S1,synthétique,PROC-GEN-MARG-V1
EQ-PUMP-230,2026-01-19 18:00:00+00:00,temperature_c,50.85,°C,2026-S1,synthétique,PROC-GEN-MARG-V1
EQ-PUMP-230,2026-01-20 00:00:00+00:00,temperature_c,59.34,°C,2026-S1,synthétique,PROC-GEN-MARG-V1
EQ-PUMP-230,2026-01-20 06:00:00+00:00,temperature_c,53.47,°C,2026-S1,synthétique,PROC-GEN-MARG-V1
EQ-PUMP-230,2026-01-20 12:00:00+00:00,temperature_c,63.98,°C,2026-S1,synthétique,PROC-GEN-MARG-V1
EQ-PUMP-230,2026-01-20 18:00:00+00:00,temperature_c,59.67,°C,2026-S1,synthétique,PROC-GEN-MARG-V1
EQ-PUMP-230,2026-01-21 00:00:00+00:00,temperature_c,56.7,°C,2026-S1,synthétique,PROC-GEN-MARG-V1
EQ-PUMP-230,2026-01-21 06:00:00+00:00,temperature_c,54.7,°C,2026-S1,synthétique,PROC-GEN-MARG-V1
EQ-PUMP-230,2026-01-21 12:00:00+00:00,temperature_c,53.11,°C,2026-S1,synthétique,PROC-GEN-MARG-V1
EQ-PUMP-230,2026-01-21 18:00:00+00:00,temperature_c,50.66,°C,2026-S1,synthétique,PROC-GEN-MARG-V1
EQ-PUMP-230,2026-01-22 00:00:00+00:00,temperature_c,61.55,°C,2026-S1,synthétique,PROC-GEN-MARG-V1
EQ-PUMP-230,2026-01-22 06:00:00+00:00,temperature_c,58.49,°C,2026-S1,synthétique,PROC-GEN-MARG-V1
EQ-PUMP-230,2026-01-22 12:00:00+00:00,temperature_c,68.19,°C,2026-S1,synthétique,PROC-GEN-MARG-V1
EQ-PUMP-230,2026-01-22 18:00:00+00:00,temperature_c,55.46,°C,2026-S1,synthétique,PROC-GEN-MARG-V1
EQ-PUMP-230,2026-01-23 00:00:00+00:00,temperature_c,52.84,°C,2026-S1,synthétique,PROC-GEN-MARG-V1
EQ-PUMP-230,2026-01-23 06:00:00+00:00,temperature_c,55.19,°C,2026-S1,synthétique,PROC-GEN-MARG-V1
EQ-PUMP-230,2026-01-23 12:00:00+00:00,temperature_c,60.31,°C,2026-S1,synthétique,PROC-GEN-MARG-V1
EQ-PUMP-230,2026-01-23 18:00:00+00:00,temperature_c,66.46,°C,2026-S1,synthétique,PROC-GEN-MARG-V1
EQ-PUMP-230,2026-01-24 00:00:00+00:00,temperature_c,66.72,°C,2026-S1,synthétique,PROC-GEN-MARG-V1
EQ-PUMP-230,2026-01-24 06:00:00+00:00,temperature_c,49.94,°C,2026-S1,synthétique,PROC-GEN-MARG-V1
EQ-PUMP-230,2026-01-24 12:00:00+00:00,temperature_c,56.64,°C,2026-S1,synthétique,PROC-GEN-MARG-V1
EQ-PUMP-230,2026-01-24 18:00:00+00:00,temperature_c,53.07,°C,2026-S1,synthétique,PROC-GEN-MARG-V1
EQ-PUMP-230,2026-01-25 00:00:00+00:00,temperature_c,57.26,°C,2026-S1,synthétique,PROC-GEN-MARG-V1
EQ-PUMP-230,2026-01-25 06:00:00+00:00,temperature_c,59.68,°C,2026-S1,synthétique,PROC-GEN-MARG-V1
EQ-PUMP-230,2026-01-25 12:00:00+00:00,temperature_c,43.67,°C,2026-S1,synthétique,PROC-GEN-MARG-V1
EQ-PUMP-230,2026-01-25 18:00:00+00:00,temperature_c,56.29,°C,2026-S1,synthétique,PROC-GEN-MARG-V1
EQ-PUMP-230,2026-01-26 00:00:00+00:00,temperature_c,54.48,°C,2026-S1,synthétique,PROC-GEN-MARG-V1
EQ-PUMP-230,2026-01-26 06:00:00+00:00,temperature_c,54.34,°C,2026-S1,synthétique,PROC-GEN-MARG-V1
EQ-PUMP-230,2026-01-26 12:00:00+00:00,temperature_c,57.22,°C,2026-S1,synthétique,PROC-GEN-MARG-V1
EQ-PUMP-230,2026-01-26 18:00:00+00:00,temperature_c,53.86,°C,2026-S1,synthétique,PROC-GEN-MARG-V1
EQ-PUMP-230,2026-01-27 00:00:00+00:00,temperature_c,54.92,°C,2026-S1,synthétique,PROC-GEN-MARG-V1
EQ-PUMP-230,2026-01-27 06:00:00+00:00,temperature_c,61.63,°C,2026-S1,synthétique,PROC-GEN-MARG-V1
EQ-PUMP-230,2026-01-27 12:00:00+00:00,temperature_c,63.72,°C,2026-S1,synthétique,PROC-GEN-MARG-V1
EQ-PUMP-230,2026-01-27 18:00:00+00:00,temperature_c,65.95,°C,2026-S1,synthétique,PROC-GEN-MARG-V1
EQ-PUMP-230,2026-01-28 00:00:00+00:00,temperature_c,54.31,°C,2026-S1,synthétique,PROC-GEN-MARG-V1
EQ-PUMP-230,2026-01-28 06:00:00+00:00,temperature_c,65.45,°C,2026-S1,synthétique,PROC-GEN-MARG-V1
EQ-PUMP-230,2026-01-28 12:00:00+00:00,temperature_c,56.86,°C,2026-S1,synthétique,PROC-GEN-MARG-V1
EQ-PUMP-230,2026-01-28 18:00:00+00:00,temperature_c,57.82,°C,2026-S1,synthétique,PROC-GEN-MARG-V1
EQ-PUMP-230,2026-01-29 00:00:00+00:00,temperature_c,65.7,°C,2026-S1,synthétique,PROC-GEN-MARG-V1
EQ-PUMP-230,2026-01-29 06:00:00+00:00,temperature_c,58.33,°C,2026-S1,synthétique,PROC-GEN-MARG-V1
EQ-PUMP-230,2026-01-29 12:00:00+00:00,temperature_c,55.48,°C,2026-S1,synthétique,PROC-GEN-MARG-V1
EQ-PUMP-230,2026-01-29 18:00:00+00:00,temperature_c,62.83,°C,2026-S1,synthétique,PROC-GEN-MARG-V1
EQ-PUMP-230,2026-01-30 00:00:00+00:00,temperature_c,56.84,°C,2026-S1,synthétique,PROC-GEN-MARG-V1
EQ-PUMP-230,2026-01-30 06:00:00+00:00,temperature_c,63.41,°C,2026-S1,synthétique,PROC-GEN-MARG-V1
EQ-PUMP-230,2026-01-30 12:00:00+00:00,temperature_c,54.32,°C,2026-S1,synthétique,PROC-GEN-MARG-V1
EQ-PUMP-230,2026-01-30 18:00:00+00:00,temperature_c,62.76,°C,2026-S1,synthétique,PROC-GEN-MARG-V1
EQ-PUMP-230,2026-01-31 00:00:00+00:00,temperature_c,57.81,°C,2026-S1,synthétique,PROC-GEN-MARG-V1
EQ-PUMP-230,2026-01-31 06:00:00+00:00,temperature_c,57.91,°C,2026-S1,synthétique,PROC-GEN-MARG-V1
EQ-PUMP-230,2026-01-31 12:00:00+00:00,temperature_c,65.03,°C,2026-S1,synthétique,PROC-GEN-MARG-V1
EQ-PUMP-230,2026-01-31 18:00:00+00:00,temperature_c,53.98,°C,2026-S1,synthétique,PROC-GEN-MARG-V1
EQ-ROBOT-173,2026-01-01 00:00:00+00:00,temperature_c,60.82,°C,2026-S1,synthétique,PROC-GEN-MARG-V1
EQ-ROBOT-173,2026-01-01 06:00:00+00:00,temperature_c,56.73,°C,2026-S1,synthétique,PROC-GEN-MARG-V1
EQ-ROBOT-173,2026-01-01 12:00:00+00:00,temperature_c,63.16,°C,2026-S1,synthétique,PROC-GEN-MARG-V1
EQ-ROBOT-173,2026-01-01 18:00:00+00:00,temperature_c,61.03,°C,2026-S1,synthétique,PROC-GEN-MARG-V1
EQ-ROBOT-173,2026-01-02 00:00:00+00:00,temperature_c,54.78,°C,2026-S1,synthétique,PROC-GEN-MARG-V1
EQ-ROBOT-173,2026-01-02 06:00:00+00:00,temperature_c,55.88,°C,2026-S1,synthétique,PROC-GEN-MARG-V1
EQ-ROBOT-173,2026-01-02 12:00:00+00:00,temperature_c,56.77,°C,2026-S1,synthétique,PROC-GEN-MARG-V1
EQ-ROBOT-173,2026-01-02 18:00:00+00:00,temperature_c,60.42,°C,2026-S1,synthétique,PROC-GEN-MARG-V1
EQ-ROBOT-173,2026-01-03 00:00:00+00:00,temperature_c,63.94,°C,2026-S1,synthétique,PROC-GEN-MARG-V1
EQ-ROBOT-173,2026-01-03 06:00:00+00:00,temperature_c,60.74,°C,2026-S1,synthétique,PROC-GEN-MARG-V1
EQ-ROBOT-173,2026-01-03 12:00:00+00:00,temperature_c,50.3,°C,2026-S1,synthétique,PROC-GEN-MARG-V1
EQ-ROBOT-173,2026-01-03 18:00:00+00:00,temperature_c,54.31,°C,2026-S1,synthétique,PROC-GEN-MARG-V1
EQ-ROBOT-173,2026-01-04 00:00:00+00:00,temperature_c,54.19,°C,2026-S1,synthétique,PROC-GEN-MARG-V1
EQ-ROBOT-173,2026-01-04 06:00:00+00:00,temperature_c,58.95,°C,2026-S1,synthétique,PROC-GEN-MARG-V1
EQ-ROBOT-173,2026-01-04 12:00:00+00:00,temperature_c,57.65,°C,2026-S1,synthétique,PROC-GEN-MARG-V1
EQ-ROBOT-173,2026-01-04 18:00:00+00:00,temperature_c,62.04,°C,2026-S1,synthétique,PROC-GEN-MARG-V1
EQ-ROBOT-173,2026-01-05 00:00:00+00:00,temperature_c,54.08,°C,2026-S1,synthétique,PROC-GEN-MARG-V1
EQ-ROBOT-173,2026-01-05 06:00:00+00:00,temperature_c,56.4,°C,2026-S1,synthétique,PROC-GEN-MARG-V1
EQ-ROBOT-173,2026-01-05 12:00:00+00:00,temperature_c,49.07,°C,2026-S1,synthétique,PROC-GEN-MARG-V1
EQ-ROBOT-173,2026-01-05 18:00:00+00:00,temperature_c,51.72,°C,2026-S1,synthétique,PROC-GEN-MARG-V1
EQ-ROBOT-173,2026-01-06 00:00:00+00:00,temperature_c,52.67,°C,2026-S1,synthétique,PROC-GEN-MARG-V1
EQ-ROBOT-173,2026-01-06 06:00:00+00:00,temperature_c,53.0,°C,2026-S1,synthétique,PROC-GEN-MARG-V1
EQ-ROBOT-173,2026-01-06 12:00:00+00:00,temperature_c,51.28,°C,2026-S1,synthétique,PROC-GEN-MARG-V1
EQ-ROBOT-173,2026-01-06 18:00:00+00:00,temperature_c,55.17,°C,2026-S1,synthétique,PROC-GEN-MARG-V1
EQ-ROBOT-173,2026-01-07 00:00:00+00:00,temperature_c,54.29,°C,2026-S1,synthétique,PROC-GEN-MARG-V1
EQ-ROBOT-173,2026-01-07 06:00:00+00:00,temperature_c,62.49,°C,2026-S1,synthétique,PROC-GEN-MARG-V1
EQ-ROBOT-173,2026-01-07 12:00:00+00:00,temperature_c,64.96,°C,2026-S1,synthétique,PROC-GEN-MARG-V1
EQ-ROBOT-173,2026-01-07 18:00:00+00:00,temperature_c,61.5,°C,2026-S1,synthétique,PROC-GEN-MARG-V1
EQ-ROBOT-173,2026-01-08 00:00:00+00:00,temperature_c,51.64,°C,2026-S1,synthétique,PROC-GEN-MARG-V1
EQ-ROBOT-173,2026-01-08 06:00:00+00:00,temperature_c,62.89,°C,2026-S1,synthétique,PROC-GEN-MARG-V1
EQ-ROBOT-173,2026-01-08 12:00:00+00:00,temperature_c,57.93,°C,2026-S1,synthétique,PROC-GEN-MARG-V1
EQ-ROBOT-173,2026-01-08 18:00:00+00:00,temperature_c,60.42,°C,2026-S1,synthétique,PROC-GEN-MARG-V1
EQ-ROBOT-173,2026-01-09 00:00:00+00:00,temperature_c,66.06,°C,2026-S1,synthétique,PROC-GEN-MARG-V1
EQ-ROBOT-173,2026-01-09 06:00:00+00:00,temperature_c,63.81,°C,2026-S1,synthétique,PROC-GEN-MARG-V1
EQ-ROBOT-173,2026-01-09 12:00:00+00:00,temperature_c,58.22,°C,2026-S1,synthétique,PROC-GEN-MARG-V1
EQ-ROBOT-173,2026-01-09 18:00:00+00:00,temperature_c,58.6,°C,2026-S1,synthétique,PROC-GEN-MARG-V1
EQ-ROBOT-173,2026-01-10 00:00:00+00:00,temperature_c,62.98,°C,2026-S1,synthétique,PROC-GEN-MARG-V1
EQ-ROBOT-173,2026-01-10 06:00:00+00:00,temperature_c,60.13,°C,2026-S1,synthétique,PROC-GEN-MARG-V1
EQ-ROBOT-173,2026-01-10 12:00:00+00:00,temperature_c,63.37,°C,2026-S1,synthétique,PROC-GEN-MARG-V1
EQ-ROBOT-173,2026-01-10 18:00:00+00:00,temperature_c,55.32,°C,2026-S1,synthétique,PROC-GEN-MARG-V1
EQ-ROBOT-173,2026-01-11 00:00:00+00:00,temperature_c,57.31,°C,2026-S1,synthétique,PROC-GEN-MARG-V1
EQ-ROBOT-173,2026-01-11 06:00:00+00:00,temperature_c,63.08,°C,2026-S1,synthétique,PROC-GEN-MARG-V1
EQ-ROBOT-173,2026-01-11 12:00:00+00:00,temperature_c,50.1,°C,2026-S1,synthétique,PROC-GEN-MARG-V1
EQ-ROBOT-173,2026-01-11 18:00:00+00:00,temperature_c,55.91,°C,2026-S1,synthétique,PROC-GEN-MARG-V1
EQ-ROBOT-173,2026-01-12 00:00:00+00:00,temperature_c,59.46,°C,2026-S1,synthétique,PROC-GEN-MARG-V1
EQ-ROBOT-173,2026-01-12 06:00:00+00:00,temperature_c,54.19,°C,2026-S1,synthétique,PROC-GEN-MARG-V1
EQ-ROBOT-173,2026-01-12 12:00:00+00:00,temperature_c,57.13,°C,2026-S1,synthétique,PROC-GEN-MARG-V1
EQ-ROBOT-173,2026-01-12 18:00:00+00:00,temperature_c,63.99,°C,2026-S1,synthétique,PROC-GEN-MARG-V1
EQ-ROBOT-173,2026-01-13 00:00:00+00:00,temperature_c,53.91,°C,2026-S1,synthétique,PROC-GEN-MARG-V1
EQ-ROBOT-173,2026-01-13 06:00:00+00:00,temperature_c,54.14,°C,2026-S1,synthétique,PROC-GEN-MARG-V1
EQ-ROBOT-173,2026-01-13 12:00:00+00:00,temperature_c,61.45,°C,2026-S1,synthétique,PROC-GEN-MARG-V1
EQ-ROBOT-173,2026-01-13 18:00:00+00:00,temperature_c,63.31,°C,2026-S1,synthétique,PROC-GEN-MARG-V1
EQ-ROBOT-173,2026-01-14 00:00:00+00:00,temperature_c,59.74,°C,2026-S1,synthétique,PROC-GEN-MARG-V1
EQ-ROBOT-173,2026-01-14 06:00:00+00:00,temperature_c,60.94,°C,2026-S1,synthétique,PROC-GEN-MARG-V1
EQ-ROBOT-173,2026-01-14 12:00:00+00:00,temperature_c,59.55,°C,2026-S1,synthétique,PROC-GEN-MARG-V1
EQ-ROBOT-173,2026-01-14 18:00:00+00:00,temperature_c,66.45,°C,2026-S1,synthétique,PROC-GEN-MARG-V1
EQ-ROBOT-173,2026-01-15 00:00:00+00:00,temperature_c,61.78,°C,2026-S1,synthétique,PROC-GEN-MARG-V1
EQ-ROBOT-173,2026-01-15 06:00:00+00:00,temperature_c,59.91,°C,2026-S1,synthétique,PROC-GEN-MARG-V1
EQ-ROBOT-173,2026-01-15 12:00:00+00:00,temperature_c,55.52,°C,2026-S1,synthétique,PROC-GEN-MARG-V1
EQ-ROBOT-173,2026-01-15 18:00:00+00:00,temperature_c,44.49,°C,2026-S1,synthétique,PROC-GEN-MARG-V1
EQ-ROBOT-173,2026-01-16 00:00:00+00:00,temperature_c,64.76,°C,2026-S1,synthétique,PROC-GEN-MARG-V1
EQ-ROBOT-173,2026-01-16 06:00:00+00:00,temperature_c,59.8,°C,2026-S1,synthétique,PROC-GEN-MARG-V1
EQ-ROBOT-173,2026-01-16 12:00:00+00:00,temperature_c,60.45,°C,2026-S1,synthétique,PROC-GEN-MARG-V1
EQ-ROBOT-173,2026-01-16 18:00:00+00:00,temperature_c,53.15,°C,2026-S1,synthétique,PROC-GEN-MARG-V1
EQ-ROBOT-173,2026-01-17 00:00:00+00:00,temperature_c,49.46,°C,2026-S1,synthétique,PROC-GEN-MARG-V1
EQ-ROBOT-173,2026-01-17 06:00:00+00:00,temperature_c,54.6,°C,2026-S1,synthétique,PROC-GEN-MARG-V1
EQ-ROBOT-173,2026-01-17 12:00:00+00:00,temperature_c,52.37,°C,2026-S1,synthétique,PROC-GEN-MARG-V1
EQ-ROBOT-173,2026-01-17 18:00:00+00:00,temperature_c,68.52,°C,2026-S1,synthétique,PROC-GEN-MARG-V1
EQ-ROBOT-173,2026-01-18 00:00:00+00:00,temperature_c,57.54,°C,2026-S1,synthétique,PROC-GEN-MARG-V1
EQ-ROBOT-173,2026-01-18 06:00:00+00:00,temperature_c,51.4,°C,2026-S1,synthétique,PROC-GEN-MARG-V1
EQ-ROBOT-173,2026-01-18 12:00:00+00:00,temperature_c,62.78,°C,2026-S1,synthétique,PROC-GEN-MARG-V1
EQ-ROBOT-173,2026-01-18 18:00:00+00:00,temperature_c,47.01,°C,2026-S1,synthétique,PROC-GEN-MARG-V1
EQ-ROBOT-173,2026-01-19 00:00:00+00:00,temperature_c,61.05,°C,2026-S1,synthétique,PROC-GEN-MARG-V1
EQ-ROBOT-173,2026-01-19 06:00:00+00:00,temperature_c,52.71,°C,2026-S1,synthétique,PROC-GEN-MARG-V1
EQ-ROBOT-173,2026-01-19 12:00:00+00:00,temperature_c,59.58,°C,2026-S1,synthétique,PROC-GEN-MARG-V1
EQ-ROBOT-173,2026-01-19 18:00:00+00:00,temperature_c,49.51,°C,2026-S1,synthétique,PROC-GEN-MARG-V1
EQ-ROBOT-173,2026-01-20 00:00:00+00:00,temperature_c,66.0,°C,2026-S1,synthétique,PROC-GEN-MARG-V1
EQ-ROBOT-173,2026-01-20 06:00:00+00:00,temperature_c,57.4,°C,2026-S1,synthétique,PROC-GEN-MARG-V1
EQ-ROBOT-173,2026-01-20 12:00:00+00:00,temperature_c,60.84,°C,2026-S1,synthétique,PROC-GEN-MARG-V1
EQ-ROBOT-173,2026-01-20 18:00:00+00:00,temperature_c,62.63,°C,2026-S1,synthétique,PROC-GEN-MARG-V1
EQ-ROBOT-173,2026-01-21 00:00:00+00:00,temperature_c,64.31,°C,2026-S1,synthétique,PROC-GEN-MARG-V1
EQ-ROBOT-173,2026-01-21 06:00:00+00:00,temperature_c,55.37,°C,2026-S1,synthétique,PROC-GEN-MARG-V1
EQ-ROBOT-173,2026-01-21 12:00:00+00:00,temperature_c,48.22,°C,2026-S1,synthétique,PROC-GEN-MARG-V1
EQ-ROBOT-173,2026-01-21 18:00:00+00:00,temperature_c,64.54,°C,2026-S1,synthétique,PROC-GEN-MARG-V1
EQ-ROBOT-173,2026-01-22 00:00:00+00:00,temperature_c,61.11,°C,2026-S1,synthétique,PROC-GEN-MARG-V1
EQ-ROBOT-173,2026-01-22 06:00:00+00:00,temperature_c,60.77,°C,2026-S1,synthétique,PROC-GEN-MARG-V1
EQ-ROBOT-173,2026-01-22 12:00:00+00:00,temperature_c,63.84,°C,2026-S1,synthétique,PROC-GEN-MARG-V1
EQ-ROBOT-173,2026-01-22 18:00:00+00:00,temperature_c,58.97,°C,2026-S1,synthétique,PROC-GEN-MARG-V1
EQ-ROBOT-173,2026-01-23 00:00:00+00:00,temperature_c,58.46,°C,2026-S1,synthétique,PROC-GEN-MARG-V1
EQ-ROBOT-173,2026-01-23 06:00:00+00:00,temperature_c,57.25,°C,2026-S1,synthétique,PROC-GEN-MARG-V1
EQ-ROBOT-173,2026-01-23 12:00:00+00:00,temperature_c,50.85,°C,2026-S1,synthétique,PROC-GEN-MARG-V1
EQ-ROBOT-173,2026-01-23 18:00:00+00:00,temperature_c,64.38,°C,2026-S1,synthétique,PROC-GEN-MARG-V1
EQ-ROBOT-173,2026-01-24 00:00:00+00:00,temperature_c,54.0,°C,2026-S1,synthétique,PROC-GEN-MARG-V1
EQ-ROBOT-173,2026-01-24 06:00:00+00:00,temperature_c,51.28,°C,2026-S1,synthétique,PROC-GEN-MARG-V1
EQ-ROBOT-173,2026-01-24 12:00:00+00:00,temperature_c,58.21,°C,2026-S1,synthétique,PROC-GEN-MARG-V1
EQ-ROBOT-173,2026-01-24 18:00:00+00:00,temperature_c,61.46,°C,2026-S1,synthétique,PROC-GEN-MARG-V1
EQ-ROBOT-173,2026-01-25 00:00:00+00:00,temperature_c,50.27,°C,2026-S1,synthétique,PROC-GEN-MARG-V1
EQ-ROBOT-173,2026-01-25 06:00:00+00:00,temperature_c,51.93,°C,2026-S1,synthétique,PROC-GEN-MARG-V1
EQ-ROBOT-173,2026-01-25 12:00:00+00:00,temperature_c,56.55,°C,2026-S1,synthétique,PROC-GEN-MARG-V1
EQ-ROBOT-173,2026-01-25 18:00:00+00:00,temperature_c,58.78,°C,2026-S1,synthétique,PROC-GEN-MARG-V1
EQ-ROBOT-173,2026-01-26 00:00:00+00:00,temperature_c,48.68,°C,2026-S1,synthétique,PROC-GEN-MARG-V1
EQ-ROBOT-173,2026-01-26 06:00:00+00:00,temperature_c,61.01,°C,2026-S1,synthétique,PROC-GEN-MARG-V1
EQ-ROBOT-173,2026-01-26 12:00:00+00:00,temperature_c,51.17,°C,2026-S1,synthétique,PROC-GEN-MARG-V1
EQ-ROBOT-173,2026-01-26 18:00:00+00:00,temperature_c,52.96,°C,2026-S1,synthétique,PROC-GEN-MARG-V1
EQ-ROBOT-173,2026-01-27 00:00:00+00:00,temperature_c,51.16,°C,2026-S1,synthétique,PROC-GEN-MARG-V1
EQ-ROBOT-173,2026-01-27 06:00:00+00:00,temperature_c,53.71,°C,2026-S1,synthétique,PROC-GEN-MARG-V1
EQ-ROBOT-173,2026-01-27 12:00:00+00:00,temperature_c,55.15,°C,2026-S1,synthétique,PROC-GEN-MARG-V1
EQ-ROBOT-173,2026-01-27 18:00:00+00:00,temperature_c,56.38,°C,2026-S1,synthétique,PROC-GEN-MARG-V1
EQ-ROBOT-173,2026-01-28 00:00:00+00:00,temperature_c,66.48,°C,2026-S1,synthétique,PROC-GEN-MARG-V1
EQ-ROBOT-173,2026-01-28 06:00:00+00:00,temperature_c,63.55,°C,2026-S1,synthétique,PROC-GEN-MARG-V1
EQ-ROBOT-173,2026-01-28 12:00:00+00:00,temperature_c,53.32,°C,2026-S1,synthétique,PROC-GEN-MARG-V1
EQ-ROBOT-173,2026-01-28 18:00:00+00:00,temperature_c,52.29,°C,2026-S1,synthétique,PROC-GEN-MARG-V1
EQ-ROBOT-173,2026-01-29 00:00:00+00:00,temperature_c,45.54,°C,2026-S1,synthétique,PROC-GEN-MARG-V1
EQ-ROBOT-173,2026-01-29 06:00:00+00:00,temperature_c,62.14,°C,2026-S1,synthétique,PROC-GEN-MARG-V1
EQ-ROBOT-173,2026-01-29 12:00:00+00:00,temperature_c,56.8,°C,2026-S1,synthétique,PROC-GEN-MARG-V1
EQ-ROBOT-173,2026-01-29 18:00:00+00:00,temperature_c,56.16,°C,2026-S1,synthétique,PROC-GEN-MARG-V1
EQ-ROBOT-173,2026-01-30 00:00:00+00:00,temperature_c,63.11,°C,2026-S1,synthétique,PROC-GEN-MARG-V1
EQ-ROBOT-173,2026-01-30 06:00:00+00:00,temperature_c,68.54,°C,2026-S1,synthétique,PROC-GEN-MARG-V1
EQ-ROBOT-173,2026-01-30 12:00:00+00:00,temperature_c,64.51,°C,2026-S1,synthétique,PROC-GEN-MARG-V1
EQ-ROBOT-173,2026-01-30 18:00:00+00:00,temperature_c,65.87,°C,2026-S1,synthétique,PROC-GEN-MARG-V1
EQ-ROBOT-173,2026-01-31 00:00:00+00:00,temperature_c,59.7,°C,2026-S1,synthétique,PROC-GEN-MARG-V1
EQ-ROBOT-173,2026-01-31 06:00:00+00:00,temperature_c,55.32,°C,2026-S1,synthétique,PROC-GEN-MARG-V1
EQ-ROBOT-173,2026-01-31 12:00:00+00:00,temperature_c,63.22,°C,2026-S1,synthétique,PROC-GEN-MARG-V1
EQ-ROBOT-173,2026-01-31 18:00:00+00:00,temperature_c,55.75,°C,2026-S1,synthétique,PROC-GEN-MARG-V1
