event_id,equipment_id,sensor_name,timestamp,value,unit,row_identifier,event_type,severity,window_start,window_end
EVT-2026S1-0013,EQ-CHILL-001,pressure_bar,2026-01-02 00:00:00+00:00,5.77,bar,EQ-CHILL-001|2026-01-02T00:00:00Z|pressure_bar,incident,high,2025-12-31 12:53:00+00:00,2026-01-03 14:20:00+00:00
EVT-2026S1-0013,EQ-CHILL-001,temperature_c,2026-01-02 00:00:00+00:00,56.39,°C,EQ-CHILL-001|2026-01-02T00:00:00Z|temperature_c,incident,high,2025-12-31 12:53:00+00:00,2026-01-03 14:20:00+00:00
EVT-2026S1-0013,EQ-CHILL-001,pressure_bar,2026-01-02 06:00:00+00:00,5.66,bar,EQ-CHILL-001|2026-01-02T06:00:00Z|pressure_bar,incident,high,2025-12-31 12:53:00+00:00,2026-01-03 14:20:00+00:00
EVT-2026S1-0013,EQ-CHILL-001,temperature_c,2026-01-02 06:00:00+00:00,66.35,°C,EQ-CHILL-001|2026-01-02T06:00:00Z|temperature_c,incident,high,2025-12-31 12:53:00+00:00,2026-01-03 14:20:00+00:00
EVT-2026S1-0013,EQ-CHILL-001,pressure_bar,2026-01-02 12:00:00+00:00,5.32,bar,EQ-CHILL-001|2026-01-02T12:00:00Z|pressure_bar,incident,high,2025-12-31 12:53:00+00:00,2026-01-03 14:20:00+00:00
EVT-2026S1-0013,EQ-CHILL-001,temperature_c,2026-01-02 12:00:00+00:00,64.85,°C,EQ-CHILL-001|2026-01-02T12:00:00Z|temperature_c,incident,high,2025-12-31 12:53:00+00:00,2026-01-03 14:20:00+00:00
EVT-2026S1-0013,EQ-CHILL-001,pressure_bar,2026-01-02 18:00:00+00:00,5.72,bar,EQ-CHILL-001|2026-01-02T18:00:00Z|pressure_bar,incident,high,2025-12-31 12:53:00+00:00,2026-01-03 14:20:00+00:00
EVT-2026S1-0013,EQ-CHILL-001,temperature_c,2026-01-02 18:00:00+00:00,57.22,°C,EQ-CHILL-001|2026-01-02T18:00:00Z|temperature_c,incident,high,2025-12-31 12:53:00+00:00,2026-01-03 14:20:00+00:00
EVT-2026S1-0013,EQ-CHILL-001,pressure_bar,2026-01-03 00:00:00+00:00,5.69,bar,EQ-CHILL-001|2026-01-03T00:00:00Z|pressure_bar,incident,high,2025-12-31 12:53:00+00:00,2026-01-03 14:20:00+00:00
EVT-2026S1-0013,EQ-CHILL-001,temperature_c,2026-01-03 00:00:00+00:00,53.95,°C,EQ-CHILL-001|2026-01-03T00:00:00Z|temperature_c,incident,high,2025-12-31 12:53:00+00:00,2026-01-03 14:20:00+00:00
EVT-2026S1-0013,EQ-CHILL-001,pressure_bar,2026-01-03 06:00:00+00:00,5.43,bar,EQ-CHILL-001|2026-01-03T06:00:00Z|pressure_bar,incident,high,2025-12-31 12:53:00+00:00,2026-01-03 14:20:00+00:00
EVT-2026S1-0013,EQ-CHILL-001,temperature_c,2026-01-03 06:00:00+00:00,61.0,°C,EQ-CHILL-001|2026-01-03T06:00:00Z|temperature_c,incident,high,2025-12-31 12:53:00+00:00,2026-01-03 14:20:00+00:00
EVT-2026S1-0013,EQ-CHILL-001,pressure_bar,2026-01-03 12:00:00+00:00,5.35,bar,EQ-CHILL-001|2026-01-03T12:00:00Z|pressure_bar,incident,high,2025-12-31 12:53:00+00:00,2026-01-03 14:20:00+00:00
EVT-2026S1-0013,EQ-CHILL-001,temperature_c,2026-01-03 12:00:00+00:00,60.06,°C,EQ-CHILL-001|2026-01-03T12:00:00Z|temperature_c,incident,high,2025-12-31 12:53:00+00:00,2026-01-03 14:20:00+00:00
EVT-2026S1-0069,EQ-MIX-259,current_a,2026-01-05 18:00:00+00:00,22.28,A,EQ-MIX-259|2026-01-05T18:00:00Z|current_a,incident,medium,2026-01-05 15:48:00+00:00,2026-01-08 19:59:00+00:00
EVT-2026S1-0069,EQ-MIX-259,vibration_mm_s,2026-01-05 18:00:00+00:00,3.32,mm/s,EQ-MIX-259|2026-01-05T18:00:00Z|vibration_mm_s,incident,medium,2026-01-05 15:48:00+00:00,2026-01-08 19:59:00+00:00
EVT-2026S1-0069,EQ-MIX-259,current_a,2026-01-06 00:00:00+00:00,23.14,A,EQ-MIX-259|2026-01-06T00:00:00Z|current_a,incident,medium,2026-01-05 15:48:00+00:00,2026-01-08 19:59:00+00:00
EVT-2026S1-0069,EQ-MIX-259,vibration_mm_s,2026-01-06 00:00:00+00:00,2.67,mm/s,EQ-MIX-259|2026-01-06T00:00:00Z|vibration_mm_s,incident,medium,2026-01-05 15:48:00+00:00,2026-01-08 19:59:00+00:00
EVT-2026S1-0069,EQ-MIX-259,current_a,2026-01-06 06:00:00+00:00,22.24,A,EQ-MIX-259|2026-01-06T06:00:00Z|current_a,incident,medium,2026-01-05 15:48:00+00:00,2026-01-08 19:59:00+00:00
EVT-2026S1-0069,EQ-MIX-259,vibration_mm_s,2026-01-06 06:00:00+00:00,2.67,mm/s,EQ-MIX-259|2026-01-06T06:00:00Z|vibration_mm_s,incident,medium,2026-01-05 15:48:00+00:00,2026-01-08 19:59:00+00:00
EVT-2026S1-0069,EQ-MIX-259,current_a,2026-01-06 12:00:00+00:00,19.77,A,EQ-MIX-259|2026-01-06T12:00:00Z|current_a,incident,medium,2026-01-05 15:48:00+00:00,2026-01-08 19:59:00+00:00
EVT-2026S1-0069,EQ-MIX-259,vibration_mm_s,2026-01-06 12:00:00+00:00,2.79,mm/s,EQ-MIX-259|2026-01-06T12:00:00Z|vibration_mm_s,incident,medium,2026-01-05 15:48:00+00:00,2026-01-08 19:59:00+00:00
EVT-2026S1-0069,EQ-MIX-259,current_a,2026-01-06 18:00:00+00:00,22.01,A,EQ-MIX-259|2026-01-06T18:00:00Z|current_a,incident,medium,2026-01-05 15:48:00+00:00,2026-01-08 19:59:00+00:00
EVT-2026S1-0069,EQ-MIX-259,vibration_mm_s,2026-01-06 18:00:00+00:00,2.8,mm/s,EQ-MIX-259|2026-01-06T18:00:00Z|vibration_mm_s,incident,medium,2026-01-05 15:48:00+00:00,2026-01-08 19:59:00+00:00
EVT-2026S1-0069,EQ-MIX-259,current_a,2026-01-07 00:00:00+00:00,24.41,A,EQ-MIX-259|2026-01-07T00:00:00Z|current_a,incident,medium,2026-01-05 15:48:00+00:00,2026-01-08 19:59:00+00:00
EVT-2026S1-0069,EQ-MIX-259,vibration_mm_s,2026-01-07 00:00:00+00:00,2.64,mm/s,EQ-MIX-259|2026-01-07T00:00:00Z|vibration_mm_s,incident,medium,2026-01-05 15:48:00+00:00,2026-01-08 19:59:00+00:00
EVT-2026S1-X036,EQ-PUMP-001,temperature_c,2026-01-07 00:00:00+00:00,61.26,°C,EQ-PUMP-001|2026-01-07T00:00:00Z|TEMPERATURE_C ,incident,low,2026-01-06 22:23:00+00:00,2026-01-10 05:13:00+00:00
EVT-2026S1-X036,EQ-PUMP-001,pressure_bar,2026-01-07 00:00:00+00:00,6.42,bar,EQ-PUMP-001|2026-01-07T00:00:00Z|pressure_bar,incident,low,2026-01-06 22:23:00+00:00,2026-01-10 05:13:00+00:00
EVT-2026S1-X036,EQ-PUMP-001,vibration_mm_s,2026-01-07 02:00:00+00:00,2.85,mm/s,EQ-PUMP-001|2026-01-07T02:00:00Z|vibration_mm_s,incident,low,2026-01-06 22:23:00+00:00,2026-01-10 05:13:00+00:00
EVT-2026S1-0069,EQ-MIX-259,current_a,2026-01-07 06:00:00+00:00,20.8,A,EQ-MIX-259|2026-01-07T06:00:00Z|current_a,incident,medium,2026-01-05 15:48:00+00:00,2026-01-08 19:59:00+00:00
EVT-2026S1-0069,EQ-MIX-259,vibration_mm_s,2026-01-07 06:00:00+00:00,2.3,mm/s,EQ-MIX-259|2026-01-07T06:00:00Z|vibration_mm_s,incident,medium,2026-01-05 15:48:00+00:00,2026-01-08 19:59:00+00:00
EVT-2026S1-X036,EQ-PUMP-001,temperature_c,2026-01-07 06:00:00+00:00,64.02,°C,EQ-PUMP-001|2026-01-07T06:00:00Z|TEMPERATURE_C ,incident,low,2026-01-06 22:23:00+00:00,2026-01-10 05:13:00+00:00
EVT-2026S1-X036,EQ-PUMP-001,pressure_bar,2026-01-07 06:00:00+00:00,6.1,bar,EQ-PUMP-001|2026-01-07T06:00:00Z|pressure_bar,incident,low,2026-01-06 22:23:00+00:00,2026-01-10 05:13:00+00:00
EVT-2026S1-X036,EQ-PUMP-001,vibration_mm_s,2026-01-07 08:00:00+00:00,2.74,mm/s,EQ-PUMP-001|2026-01-07T08:00:00Z|vibration_mm_s,incident,low,2026-01-06 22:23:00+00:00,2026-01-10 05:13:00+00:00
EVT-2026S1-0069,EQ-MIX-259,current_a,2026-01-07 12:00:00+00:00,19.89,A,EQ-MIX-259|2026-01-07T12:00:00Z|current_a,incident,medium,2026-01-05 15:48:00+00:00,2026-01-08 19:59:00+00:00
EVT-2026S1-0069,EQ-MIX-259,vibration_mm_s,2026-01-07 12:00:00+00:00,2.77,mm/s,EQ-MIX-259|2026-01-07T12:00:00Z|vibration_mm_s,incident,medium,2026-01-05 15:48:00+00:00,2026-01-08 19:59:00+00:00
EVT-2026S1-X036,EQ-PUMP-001,temperature_c,2026-01-07 12:00:00+00:00,57.65,°C,EQ-PUMP-001|2026-01-07T12:00:00Z|TEMPERATURE_C ,incident,low,2026-01-06 22:23:00+00:00,2026-01-10 05:13:00+00:00
EVT-2026S1-X036,EQ-PUMP-001,pressure_bar,2026-01-07 12:00:00+00:00,5.87,bar,EQ-PUMP-001|2026-01-07T12:00:00Z|pressure_bar,incident,low,2026-01-06 22:23:00+00:00,2026-01-10 05:13:00+00:00
EVT-2026S1-X036,EQ-PUMP-001,vibration_mm_s,2026-01-07 14:00:00+00:00,2.72,mm/s,EQ-PUMP-001|2026-01-07T14:00:00Z|vibration_mm_s,incident,low,2026-01-06 22:23:00+00:00,2026-01-10 05:13:00+00:00
EVT-2026S1-0069,EQ-MIX-259,current_a,2026-01-07 18:00:00+00:00,22.84,A,EQ-MIX-259|2026-01-07T18:00:00Z|current_a,incident,medium,2026-01-05 15:48:00+00:00,2026-01-08 19:59:00+00:00
EVT-2026S1-0069,EQ-MIX-259,vibration_mm_s,2026-01-07 18:00:00+00:00,2.79,mm/s,EQ-MIX-259|2026-01-07T18:00:00Z|vibration_mm_s,incident,medium,2026-01-05 15:48:00+00:00,2026-01-08 19:59:00+00:00
EVT-2026S1-X036,EQ-PUMP-001,temperature_c,2026-01-07 18:00:00+00:00,54.99,°C,EQ-PUMP-001|2026-01-07T18:00:00Z|TEMPERATURE_C ,incident,low,2026-01-06 22:23:00+00:00,2026-01-10 05:13:00+00:00
EVT-2026S1-X036,EQ-PUMP-001,pressure_bar,2026-01-07 18:00:00+00:00,5.97,bar,EQ-PUMP-001|2026-01-07T18:00:00Z|pressure_bar,incident,low,2026-01-06 22:23:00+00:00,2026-01-10 05:13:00+00:00
EVT-2026S1-X036,EQ-PUMP-001,vibration_mm_s,2026-01-07 20:00:00+00:00,2.76,mm/s,EQ-PUMP-001|2026-01-07T20:00:00Z|vibration_mm_s,incident,low,2026-01-06 22:23:00+00:00,2026-01-10 05:13:00+00:00
EVT-2026S1-0069,EQ-MIX-259,current_a,2026-01-08 00:00:00+00:00,24.88,A,EQ-MIX-259|2026-01-08T00:00:00Z|current_a,incident,medium,2026-01-05 15:48:00+00:00,2026-01-08 19:59:00+00:00
EVT-2026S1-0069,EQ-MIX-259,vibration_mm_s,2026-01-08 00:00:00+00:00,2.65,mm/s,EQ-MIX-259|2026-01-08T00:00:00Z|vibration_mm_s,incident,medium,2026-01-05 15:48:00+00:00,2026-01-08 19:59:00+00:00
EVT-2026S1-X036,EQ-PUMP-001,temperature_c,2026-01-08 00:00:00+00:00,58.51,°C,EQ-PUMP-001|2026-01-08T00:00:00Z|TEMPERATURE_C ,incident,low,2026-01-06 22:23:00+00:00,2026-01-10 05:13:00+00:00
EVT-2026S1-X036,EQ-PUMP-001,pressure_bar,2026-01-08 00:00:00+00:00,6.25,bar,EQ-PUMP-001|2026-01-08T00:00:00Z|pressure_bar,incident,low,2026-01-06 22:23:00+00:00,2026-01-10 05:13:00+00:00
EVT-2026S1-X036,EQ-PUMP-001,vibration_mm_s,2026-01-08 02:00:00+00:00,2.52,mm/s,EQ-PUMP-001|2026-01-08T02:00:00Z|vibration_mm_s,incident,low,2026-01-06 22:23:00+00:00,2026-01-10 05:13:00+00:00
EVT-2026S1-0069,EQ-MIX-259,current_a,2026-01-08 06:00:00+00:00,21.28,A,EQ-MIX-259|2026-01-08T06:00:00Z|current_a,incident,medium,2026-01-05 15:48:00+00:00,2026-01-08 19:59:00+00:00
EVT-2026S1-0069,EQ-MIX-259,vibration_mm_s,2026-01-08 06:00:00+00:00,2.52,mm/s,EQ-MIX-259|2026-01-08T06:00:00Z|vibration_mm_s,incident,medium,2026-01-05 15:48:00+00:00,2026-01-08 19:59:00+00:00
EVT-2026S1-X036,EQ-PUMP-001,temperature_c,2026-01-08 06:00:00+00:00,62.1,°C,EQ-PUMP-001|2026-01-08T06:00:00Z|TEMPERATURE_C ,incident,low,2026-01-06 22:23:00+00:00,2026-01-10 05:13:00+00:00
EVT-2026S1-X036,EQ-PUMP-001,pressure_bar,2026-01-08 06:00:00+00:00,6.29,bar,EQ-PUMP-001|2026-01-08T06:00:00Z|pressure_bar,incident,low,2026-01-06 22:23:00+00:00,2026-01-10 05:13:00+00:00
EVT-2026S1-X036,EQ-PUMP-001,vibration_mm_s,2026-01-08 08:00:00+00:00,3.47,mm/s,EQ-PUMP-001|2026-01-08T08:00:00Z|vibration_mm_s,incident,low,2026-01-06 22:23:00+00:00,2026-01-10 05:13:00+00:00
EVT-2026S1-0344,EQ-FAN-284,rpm,2026-01-08 12:00:00+00:00,1690.43,rpm,EQ-FAN-284|2026-01-08T12:00:00Z|rpm,alert,critical,2026-01-08 10:34:00+00:00,2026-01-12 15:39:00+00:00
EVT-2026S1-0344,EQ-FAN-284,vibration_mm_s,2026-01-08 12:00:00+00:00,2.83,mm/s,EQ-FAN-284|2026-01-08T12:00:00Z|vibration_mm_s,alert,critical,2026-01-08 10:34:00+00:00,2026-01-12 15:39:00+00:00
EVT-2026S1-0069,EQ-MIX-259,current_a,2026-01-08 12:00:00+00:00,20.48,A,EQ-MIX-259|2026-01-08T12:00:00Z|current_a,incident,medium,2026-01-05 15:48:00+00:00,2026-01-08 19:59:00+00:00
EVT-2026S1-0069,EQ-MIX-259,vibration_mm_s,2026-01-08 12:00:00+00:00,3.26,mm/s,EQ-MIX-259|2026-01-08T12:00:00Z|vibration_mm_s,incident,medium,2026-01-05 15:48:00+00:00,2026-01-08 19:59:00+00:00
EVT-2026S1-X036,EQ-PUMP-001,temperature_c,2026-01-08 12:00:00+00:00,57.28,°C,EQ-PUMP-001|2026-01-08T12:00:00Z|TEMPERATURE_C ,incident,low,2026-01-06 22:23:00+00:00,2026-01-10 05:13:00+00:00
EVT-2026S1-X036,EQ-PUMP-001,pressure_bar,2026-01-08 12:00:00+00:00,5.84,bar,EQ-PUMP-001|2026-01-08T12:00:00Z|pressure_bar,incident,low,2026-01-06 22:23:00+00:00,2026-01-10 05:13:00+00:00
EVT-2026S1-X036,EQ-PUMP-001,vibration_mm_s,2026-01-08 14:00:00+00:00,3.09,mm/s,EQ-PUMP-001|2026-01-08T14:00:00Z|vibration_mm_s,incident,low,2026-01-06 22:23:00+00:00,2026-01-10 05:13:00+00:00
EVT-2026S1-0344,EQ-FAN-284,rpm,2026-01-08 18:00:00+00:00,1563.63,rpm,EQ-FAN-284|2026-01-08T18:00:00Z|rpm,alert,critical,2026-01-08 10:34:00+00:00,2026-01-12 15:39:00+00:00
EVT-2026S1-0344,EQ-FAN-284,vibration_mm_s,2026-01-08 18:00:00+00:00,2.73,mm/s,EQ-FAN-284|2026-01-08T18:00:00Z|vibration_mm_s,alert,critical,2026-01-08 10:34:00+00:00,2026-01-12 15:39:00+00:00
EVT-2026S1-0069,EQ-MIX-259,current_a,2026-01-08 18:00:00+00:00,21.62,A,EQ-MIX-259|2026-01-08T18:00:00Z|current_a,incident,medium,2026-01-05 15:48:00+00:00,2026-01-08 19:59:00+00:00
EVT-2026S1-0069,EQ-MIX-259,vibration_mm_s,2026-01-08 18:00:00+00:00,2.62,mm/s,EQ-MIX-259|2026-01-08T18:00:00Z|vibration_mm_s,incident,medium,2026-01-05 15:48:00+00:00,2026-01-08 19:59:00+00:00
EVT-2026S1-X036,EQ-PUMP-001,temperature_c,2026-01-08 18:00:00+00:00,51.95,°C,EQ-PUMP-001|2026-01-08T18:00:00Z|TEMPERATURE_C ,incident,low,2026-01-06 22:23:00+00:00,2026-01-10 05:13:00+00:00
EVT-2026S1-X036,EQ-PUMP-001,pressure_bar,2026-01-08 18:00:00+00:00,5.87,bar,EQ-PUMP-001|2026-01-08T18:00:00Z|pressure_bar,incident,low,2026-01-06 22:23:00+00:00,2026-01-10 05:13:00+00:00
EVT-2026S1-X036,EQ-PUMP-001,vibration_mm_s,2026-01-08 20:00:00+00:00,1.92,mm/s,EQ-PUMP-001|2026-01-08T20:00:00Z|vibration_mm_s,incident,low,2026-01-06 22:23:00+00:00,2026-01-10 05:13:00+00:00
EVT-2026S1-0344,EQ-FAN-284,rpm,2026-01-09 00:00:00+00:00,1547.57,rpm,EQ-FAN-284|2026-01-09T00:00:00Z|rpm,alert,critical,2026-01-08 10:34:00+00:00,2026-01-12 15:39:00+00:00
EVT-2026S1-0344,EQ-FAN-284,vibration_mm_s,2026-01-09 00:00:00+00:00,2.46,mm/s,EQ-FAN-284|2026-01-09T00:00:00Z|vibration_mm_s,alert,critical,2026-01-08 10:34:00+00:00,2026-01-12 15:39:00+00:00
EVT-2026S1-X036,EQ-PUMP-001,temperature_c,2026-01-09 00:00:00+00:00,59.65,°C,EQ-PUMP-001|2026-01-09T00:00:00Z|TEMPERATURE_C ,incident,low,2026-01-06 22:23:00+00:00,2026-01-10 05:13:00+00:00
EVT-2026S1-X036,EQ-PUMP-001,pressure_bar,2026-01-09 00:00:00+00:00,6.14,bar,EQ-PUMP-001|2026-01-09T00:00:00Z|pressure_bar,incident,low,2026-01-06 22:23:00+00:00,2026-01-10 05:13:00+00:00
EVT-2026S1-X036,EQ-PUMP-001,vibration_mm_s,2026-01-09 02:00:00+00:00,3.17,mm/s,EQ-PUMP-001|2026-01-09T02:00:00Z|vibration_mm_s,incident,low,2026-01-06 22:23:00+00:00,2026-01-10 05:13:00+00:00
EVT-2026S1-0344,EQ-FAN-284,rpm,2026-01-09 06:00:00+00:00,1627.2,rpm,EQ-FAN-284|2026-01-09T06:00:00Z|rpm,alert,critical,2026-01-08 10:34:00+00:00,2026-01-12 15:39:00+00:00
EVT-2026S1-0344,EQ-FAN-284,vibration_mm_s,2026-01-09 06:00:00+00:00,3.38,mm/s,EQ-FAN-284|2026-01-09T06:00:00Z|vibration_mm_s,alert,critical,2026-01-08 10:34:00+00:00,2026-01-12 15:39:00+00:00
EVT-2026S1-X036,EQ-PUMP-001,temperature_c,2026-01-09 06:00:00+00:00,64.9,°C,EQ-PUMP-001|2026-01-09T06:00:00Z|TEMPERATURE_C ,incident,low,2026-01-06 22:23:00+00:00,2026-01-10 05:13:00+00:00
EVT-2026S1-X036,EQ-PUMP-001,pressure_bar,2026-01-09 06:00:00+00:00,6.32,bar,EQ-PUMP-001|2026-01-09T06:00:00Z|pressure_bar,incident,low,2026-01-06 22:23:00+00:00,2026-01-10 05:13:00+00:00
EVT-2026S1-X036,EQ-PUMP-001,vibration_mm_s,2026-01-09 08:00:00+00:00,3.28,mm/s,EQ-PUMP-001|2026-01-09T08:00:00Z|vibration_mm_s,incident,low,2026-01-06 22:23:00+00:00,2026-01-10 05:13:00+00:00
EVT-2026S1-0344,EQ-FAN-284,rpm,2026-01-09 12:00:00+00:00,1633.63,rpm,EQ-FAN-284|2026-01-09T12:00:00Z|rpm,alert,critical,2026-01-08 10:34:00+00:00,2026-01-12 15:39:00+00:00
EVT-2026S1-0344,EQ-FAN-284,vibration_mm_s,2026-01-09 12:00:00+00:00,3.79,mm/s,EQ-FAN-284|2026-01-09T12:00:00Z|vibration_mm_s,alert,critical,2026-01-08 10:34:00+00:00,2026-01-12 15:39:00+00:00
EVT-2026S1-X036,EQ-PUMP-001,temperature_c,2026-01-09 12:00:00+00:00,54.79,°C,EQ-PUMP-001|2026-01-09T12:00:00Z|TEMPERATURE_C ,incident,low,2026-01-06 22:23:00+00:00,2026-01-10 05:13:00+00:00
EVT-2026S1-X036,EQ-PUMP-001,pressure_bar,2026-01-09 12:00:00+00:00,5.86,bar,EQ-PUMP-001|2026-01-09T12:00:00Z|pressure_bar,incident,low,2026-01-06 22:23:00+00:00,2026-01-10 05:13:00+00:00
EVT-2026S1-X036,EQ-PUMP-001,vibration_mm_s,2026-01-09 14:00:00+00:00,2.83,mm/s,EQ-PUMP-001|2026-01-09T14:00:00Z|vibration_mm_s,incident,low,2026-01-06 22:23:00+00:00,2026-01-10 05:13:00+00:00
EVT-2026S1-0076,EQ-CONV-336,current_a,2026-01-09 18:00:00+00:00,24.07,A,EQ-CONV-336|2026-01-09T18:00:00Z|current_a,incident,high,2026-01-09 13:31:00+00:00,2026-01-13 08:18:00+00:00
EVT-2026S1-0076,EQ-CONV-336,rpm,2026-01-09 18:00:00+00:00,1306.59,rpm,EQ-CONV-336|2026-01-09T18:00:00Z|rpm,incident,high,2026-01-09 13:31:00+00:00,2026-01-13 08:18:00+00:00
EVT-2026S1-0344,EQ-FAN-284,rpm,2026-01-09 18:00:00+00:00,1563.67,rpm,EQ-FAN-284|2026-01-09T18:00:00Z|rpm,alert,critical,2026-01-08 10:34:00+00:00,2026-01-12 15:39:00+00:00
EVT-2026S1-0344,EQ-FAN-284,vibration_mm_s,2026-01-09 18:00:00+00:00,3.56,mm/s,EQ-FAN-284|2026-01-09T18:00:00Z|vibration_mm_s,alert,critical,2026-01-08 10:34:00+00:00,2026-01-12 15:39:00+00:00
EVT-2026S1-X036,EQ-PUMP-001,temperature_c,2026-01-09 18:00:00+00:00,55.22,°C,EQ-PUMP-001|2026-01-09T18:00:00Z|TEMPERATURE_C ,incident,low,2026-01-06 22:23:00+00:00,2026-01-10 05:13:00+00:00
EVT-2026S1-X036,EQ-PUMP-001,pressure_bar,2026-01-09 18:00:00+00:00,5.86,bar,EQ-PUMP-001|2026-01-09T18:00:00Z|pressure_bar,incident,low,2026-01-06 22:23:00+00:00,2026-01-10 05:13:00+00:00
EVT-2026S1-X036,EQ-PUMP-001,vibration_mm_s,2026-01-09 20:00:00+00:00,2.74,mm/s,EQ-PUMP-001|2026-01-09T20:00:00Z|vibration_mm_s,incident,low,2026-01-06 22:23:00+00:00,2026-01-10 05:13:00+00:00
EVT-2026S1-0076,EQ-CONV-336,current_a,2026-01-10 00:00:00+00:00,25.77,A,EQ-CONV-336|2026-01-10T00:00:00Z|current_a,incident,high,2026-01-09 13:31:00+00:00,2026-01-13 08:18:00+00:00
EVT-2026S1-0076,EQ-CONV-336,rpm,2026-01-10 00:00:00+00:00,1304.9,rpm,EQ-CONV-336|2026-01-10T00:00:00Z|rpm,incident,high,2026-01-09 13:31:00+00:00,2026-01-13 08:18:00+00:00
EVT-2026S1-0344,EQ-FAN-284,rpm,2026-01-10 00:00:00+00:00,1457.01,rpm,EQ-FAN-284|2026-01-10T00:00:00Z|rpm,alert,critical,2026-01-08 10:34:00+00:00,2026-01-12 15:39:00+00:00
EVT-2026S1-0344,EQ-FAN-284,vibration_mm_s,2026-01-10 00:00:00+00:00,3.3,mm/s,EQ-FAN-284|2026-01-10T00:00:00Z|vibration_mm_s,alert,critical,2026-01-08 10:34:00+00:00,2026-01-12 15:39:00+00:00
EVT-2026S1-0292,EQ-MIX-259,current_a,2026-01-10 00:00:00+00:00,23.67,A,EQ-MIX-259|2026-01-10T00:00:00Z|current_a,alert,low,2026-01-09 23:38:00+00:00,2026-01-13 16:03:00+00:00
EVT-2026S1-0292,EQ-MIX-259,vibration_mm_s,2026-01-10 00:00:00+00:00,2.14,mm/s,EQ-MIX-259|2026-01-10T00:00:00Z|vibration_mm_s,alert,low,2026-01-09 23:38:00+00:00,2026-01-13 16:03:00+00:00
EVT-2026S1-X036,EQ-PUMP-001,temperature_c,2026-01-10 00:00:00+00:00,55.69,°C,EQ-PUMP-001|2026-01-10T00:00:00Z|TEMPERATURE_C ,incident,low,2026-01-06 22:23:00+00:00,2026-01-10 05:13:00+00:00
EVT-2026S1-X036,EQ-PUMP-001,pressure_bar,2026-01-10 00:00:00+00:00,6.17,bar,EQ-PUMP-001|2026-01-10T00:00:00Z|pressure_bar,incident,low,2026-01-06 22:23:00+00:00,2026-01-10 05:13:00+00:00
EVT-2026S1-X036,EQ-PUMP-001,vibration_mm_s,2026-01-10 02:00:00+00:00,3.22,mm/s,EQ-PUMP-001|2026-01-10T02:00:00Z|vibration_mm_s,incident,low,2026-01-06 22:23:00+00:00,2026-01-10 05:13:00+00:00
EVT-2026S1-0076,EQ-CONV-336,current_a,2026-01-10 06:00:00+00:00,22.92,A,EQ-CONV-336|2026-01-10T06:00:00Z|current_a,incident,high,2026-01-09 13:31:00+00:00,2026-01-13 08:18:00+00:00
EVT-2026S1-0076,EQ-CONV-336,rpm,2026-01-10 06:00:00+00:00,1355.1,rpm,EQ-CONV-336|2026-01-10T06:00:00Z|rpm,incident,high,2026-01-09 13:31:00+00:00,2026-01-13 08:18:00+00:00
EVT-2026S1-0344,EQ-FAN-284,rpm,2026-01-10 06:00:00+00:00,1512.61,rpm,EQ-FAN-284|2026-01-10T06:00:00Z|rpm,alert,critical,2026-01-08 10:34:00+00:00,2026-01-12 15:39:00+00:00
EVT-2026S1-0344,EQ-FAN-284,vibration_mm_s,2026-01-10 06:00:00+00:00,4.0,mm/s,EQ-FAN-284|2026-01-10T06:00:00Z|vibration_mm_s,alert,critical,2026-01-08 10:34:00+00:00,2026-01-12 15:39:00+00:00
EVT-2026S1-0292,EQ-MIX-259,current_a,2026-01-10 06:00:00+00:00,21.6,A,EQ-MIX-259|2026-01-10T06:00:00Z|current_a,alert,low,2026-01-09 23:38:00+00:00,2026-01-13 16:03:00+00:00
EVT-2026S1-0292,EQ-MIX-259,vibration_mm_s,2026-01-10 06:00:00+00:00,2.34,mm/s,EQ-MIX-259|2026-01-10T06:00:00Z|vibration_mm_s,alert,low,2026-01-09 23:38:00+00:00,2026-01-13 16:03:00+00:00
EVT-2026S1-0076,EQ-CONV-336,current_a,2026-01-10 12:00:00+00:00,20.65,A,EQ-CONV-336|2026-01-10T12:00:00Z|current_a,incident,high,2026-01-09 13:31:00+00:00,2026-01-13 08:18:00+00:00
EVT-2026S1-0076,EQ-CONV-336,rpm,2026-01-10 12:00:00+00:00,1350.63,rpm,EQ-CONV-336|2026-01-10T12:00:00Z|rpm,incident,high,2026-01-09 13:31:00+00:00,2026-01-13 08:18:00+00:00
EVT-2026S1-0344,EQ-FAN-284,rpm,2026-01-10 12:00:00+00:00,1528.03,rpm,EQ-FAN-284|2026-01-10T12:00:00Z|rpm,alert,critical,2026-01-08 10:34:00+00:00,2026-01-12 15:39:00+00:00
EVT-2026S1-0344,EQ-FAN-284,vibration_mm_s,2026-01-10 12:00:00+00:00,4.47,mm/s,EQ-FAN-284|2026-01-10T12:00:00Z|vibration_mm_s,alert,critical,2026-01-08 10:34:00+00:00,2026-01-12 15:39:00+00:00
EVT-2026S1-0292,EQ-MIX-259,current_a,2026-01-10 12:00:00+00:00,17.23,A,EQ-MIX-259|2026-01-10T12:00:00Z|current_a,alert,low,2026-01-09 23:38:00+00:00,2026-01-13 16:03:00+00:00
EVT-2026S1-0292,EQ-MIX-259,vibration_mm_s,2026-01-10 12:00:00+00:00,2.48,mm/s,EQ-MIX-259|2026-01-10T12:00:00Z|vibration_mm_s,alert,low,2026-01-09 23:38:00+00:00,2026-01-13 16:03:00+00:00
EVT-2026S1-0076,EQ-CONV-336,current_a,2026-01-10 18:00:00+00:00,24.59,A,EQ-CONV-336|2026-01-10T18:00:00Z|current_a,incident,high,2026-01-09 13:31:00+00:00,2026-01-13 08:18:00+00:00
EVT-2026S1-0076,EQ-CONV-336,rpm,2026-01-10 18:00:00+00:00,1256.03,rpm,EQ-CONV-336|2026-01-10T18:00:00Z|rpm,incident,high,2026-01-09 13:31:00+00:00,2026-01-13 08:18:00+00:00
EVT-2026S1-0344,EQ-FAN-284,rpm,2026-01-10 18:00:00+00:00,1495.52,rpm,EQ-FAN-284|2026-01-10T18:00:00Z|rpm,alert,critical,2026-01-08 10:34:00+00:00,2026-01-12 15:39:00+00:00
EVT-2026S1-0344,EQ-FAN-284,vibration_mm_s,2026-01-10 18:00:00+00:00,3.84,mm/s,EQ-FAN-284|2026-01-10T18:00:00Z|vibration_mm_s,alert,critical,2026-01-08 10:34:00+00:00,2026-01-12 15:39:00+00:00
EVT-2026S1-0292,EQ-MIX-259,current_a,2026-01-10 18:00:00+00:00,22.92,A,EQ-MIX-259|2026-01-10T18:00:00Z|current_a,alert,low,2026-01-09 23:38:00+00:00,2026-01-13 16:03:00+00:00
EVT-2026S1-0292,EQ-MIX-259,vibration_mm_s,2026-01-10 18:00:00+00:00,2.25,mm/s,EQ-MIX-259|2026-01-10T18:00:00Z|vibration_mm_s,alert,low,2026-01-09 23:38:00+00:00,2026-01-13 16:03:00+00:00
EVT-2026S1-0076,EQ-CONV-336,current_a,2026-01-11 00:00:00+00:00,25.87,A,EQ-CONV-336|2026-01-11T00:00:00Z|current_a,incident,high,2026-01-09 13:31:00+00:00,2026-01-13 08:18:00+00:00
EVT-2026S1-0076,EQ-CONV-336,rpm,2026-01-11 00:00:00+00:00,1287.33,rpm,EQ-CONV-336|2026-01-11T00:00:00Z|rpm,incident,high,2026-01-09 13:31:00+00:00,2026-01-13 08:18:00+00:00
EVT-2026S1-0344,EQ-FAN-284,rpm,2026-01-11 00:00:00+00:00,1450.78,rpm,EQ-FAN-284|2026-01-11T00:00:00Z|rpm,alert,critical,2026-01-08 10:34:00+00:00,2026-01-12 15:39:00+00:00
EVT-2026S1-0344,EQ-FAN-284,vibration_mm_s,2026-01-11 00:00:00+00:00,4.04,mm/s,EQ-FAN-284|2026-01-11T00:00:00Z|vibration_mm_s,alert,critical,2026-01-08 10:34:00+00:00,2026-01-12 15:39:00+00:00
EVT-2026S1-0169,EQ-MIX-159,current_a,2026-01-11 00:00:00+00:00,22.01,A,EQ-MIX-159|2026-01-11T00:00:00Z|current_a,incident,medium,2026-01-10 19:58:00+00:00,2026-01-14 10:35:00+00:00
EVT-2026S1-0169,EQ-MIX-159,vibration_mm_s,2026-01-11 00:00:00+00:00,2.67,mm/s,EQ-MIX-159|2026-01-11T00:00:00Z|vibration_mm_s,incident,medium,2026-01-10 19:58:00+00:00,2026-01-14 10:35:00+00:00
EVT-2026S1-0292,EQ-MIX-259,current_a,2026-01-11 00:00:00+00:00,24.28,A,EQ-MIX-259|2026-01-11T00:00:00Z|current_a,alert,low,2026-01-09 23:38:00+00:00,2026-01-13 16:03:00+00:00
EVT-2026S1-0292,EQ-MIX-259,vibration_mm_s,2026-01-11 00:00:00+00:00,2.11,mm/s,EQ-MIX-259|2026-01-11T00:00:00Z|vibration_mm_s,alert,low,2026-01-09 23:38:00+00:00,2026-01-13 16:03:00+00:00
EVT-2026S1-0076,EQ-CONV-336,current_a,2026-01-11 06:00:00+00:00,25.57,A,EQ-CONV-336|2026-01-11T06:00:00Z|current_a,incident,high,2026-01-09 13:31:00+00:00,2026-01-13 08:18:00+00:00
EVT-2026S1-0076,EQ-CONV-336,rpm,2026-01-11 06:00:00+00:00,1363.48,rpm,EQ-CONV-336|2026-01-11T06:00:00Z|rpm,incident,high,2026-01-09 13:31:00+00:00,2026-01-13 08:18:00+00:00
EVT-2026S1-0344,EQ-FAN-284,rpm,2026-01-11 06:00:00+00:00,1507.29,rpm,EQ-FAN-284|2026-01-11T06:00:00Z|rpm,alert,critical,2026-01-08 10:34:00+00:00,2026-01-12 15:39:00+00:00
EVT-2026S1-0344,EQ-FAN-284,vibration_mm_s,2026-01-11 06:00:00+00:00,4.35,mm/s,EQ-FAN-284|2026-01-11T06:00:00Z|vibration_mm_s,alert,critical,2026-01-08 10:34:00+00:00,2026-01-12 15:39:00+00:00
EVT-2026S1-0169,EQ-MIX-159,current_a,2026-01-11 06:00:00+00:00,23.21,A,EQ-MIX-159|2026-01-11T06:00:00Z|current_a,incident,medium,2026-01-10 19:58:00+00:00,2026-01-14 10:35:00+00:00
EVT-2026S1-0169,EQ-MIX-159,vibration_mm_s,2026-01-11 06:00:00+00:00,2.56,mm/s,EQ-MIX-159|2026-01-11T06:00:00Z|vibration_mm_s,incident,medium,2026-01-10 19:58:00+00:00,2026-01-14 10:35:00+00:00
EVT-2026S1-0292,EQ-MIX-259,current_a,2026-01-11 06:00:00+00:00,21.49,A,EQ-MIX-259|2026-01-11T06:00:00Z|current_a,alert,low,2026-01-09 23:38:00+00:00,2026-01-13 16:03:00+00:00
EVT-2026S1-0292,EQ-MIX-259,vibration_mm_s,2026-01-11 06:00:00+00:00,2.56,mm/s,EQ-MIX-259|2026-01-11T06:00:00Z|vibration_mm_s,alert,low,2026-01-09 23:38:00+00:00,2026-01-13 16:03:00+00:00
EVT-2026S1-0076,EQ-CONV-336,current_a,2026-01-11 12:00:00+00:00,23.16,A,EQ-CONV-336|2026-01-11T12:00:00Z|current_a,incident,high,2026-01-09 13:31:00+00:00,2026-01-13 08:18:00+00:00
EVT-2026S1-0076,EQ-CONV-336,rpm,2026-01-11 12:00:00+00:00,1296.07,rpm,EQ-CONV-336|2026-01-11T12:00:00Z|rpm,incident,high,2026-01-09 13:31:00+00:00,2026-01-13 08:18:00+00:00
EVT-2026S1-0344,EQ-FAN-284,rpm,2026-01-11 12:00:00+00:00,1534.57,rpm,EQ-FAN-284|2026-01-11T12:00:00Z|rpm,alert,critical,2026-01-08 10:34:00+00:00,2026-01-12 15:39:00+00:00
EVT-2026S1-0344,EQ-FAN-284,vibration_mm_s,2026-01-11 12:00:00+00:00,4.31,mm/s,EQ-FAN-284|2026-01-11T12:00:00Z|vibration_mm_s,alert,critical,2026-01-08 10:34:00+00:00,2026-01-12 15:39:00+00:00
EVT-2026S1-0169,EQ-MIX-159,current_a,2026-01-11 12:00:00+00:00,25.05,A,EQ-MIX-159|2026-01-11T12:00:00Z|current_a,incident,medium,2026-01-10 19:58:00+00:00,2026-01-14 10:35:00+00:00
EVT-2026S1-0169,EQ-MIX-159,vibration_mm_s,2026-01-11 12:00:00+00:00,2.95,mm/s,EQ-MIX-159|2026-01-11T12:00:00Z|vibration_mm_s,incident,medium,2026-01-10 19:58:00+00:00,2026-01-14 10:35:00+00:00
EVT-2026S1-0292,EQ-MIX-259,current_a,2026-01-11 12:00:00+00:00,18.07,A,EQ-MIX-259|2026-01-11T12:00:00Z|current_a,alert,low,2026-01-09 23:38:00+00:00,2026-01-13 16:03:00+00:00
EVT-2026S1-0292,EQ-MIX-259,vibration_mm_s,2026-01-11 12:00:00+00:00,2.76,mm/s,EQ-MIX-259|2026-01-11T12:00:00Z|vibration_mm_s,alert,low,2026-01-09 23:38:00+00:00,2026-01-13 16:03:00+00:00
EVT-2026S1-0076,EQ-CONV-336,current_a,2026-01-11 18:00:00+00:00,24.37,A,EQ-CONV-336|2026-01-11T18:00:00Z|current_a,incident,high,2026-01-09 13:31:00+00:00,2026-01-13 08:18:00+00:00
EVT-2026S1-0076,EQ-CONV-336,rpm,2026-01-11 18:00:00+00:00,1235.21,rpm,EQ-CONV-336|2026-01-11T18:00:00Z|rpm,incident,high,2026-01-09 13:31:00+00:00,2026-01-13 08:18:00+00:00
EVT-2026S1-0344,EQ-FAN-284,rpm,2026-01-11 18:00:00+00:00,1563.0,rpm,EQ-FAN-284|2026-01-11T18:00:00Z|rpm,alert,critical,2026-01-08 10:34:00+00:00,2026-01-12 15:39:00+00:00
EVT-2026S1-0344,EQ-FAN-284,vibration_mm_s,2026-01-11 18:00:00+00:00,3.0,mm/s,EQ-FAN-284|2026-01-11T18:00:00Z|vibration_mm_s,alert,critical,2026-01-08 10:34:00+00:00,2026-01-12 15:39:00+00:00
EVT-2026S1-0169,EQ-MIX-159,current_a,2026-01-11 18:00:00+00:00,24.48,A,EQ-MIX-159|2026-01-11T18:00:00Z|current_a,incident,medium,2026-01-10 19:58:00+00:00,2026-01-14 10:35:00+00:00
EVT-2026S1-0169,EQ-MIX-159,vibration_mm_s,2026-01-11 18:00:00+00:00,2.12,mm/s,EQ-MIX-159|2026-01-11T18:00:00Z|vibration_mm_s,incident,medium,2026-01-10 19:58:00+00:00,2026-01-14 10:35:00+00:00
EVT-2026S1-0292,EQ-MIX-259,current_a,2026-01-11 18:00:00+00:00,24.83,A,EQ-MIX-259|2026-01-11T18:00:00Z|current_a,alert,low,2026-01-09 23:38:00+00:00,2026-01-13 16:03:00+00:00
EVT-2026S1-0292,EQ-MIX-259,vibration_mm_s,2026-01-11 18:00:00+00:00,2.92,mm/s,EQ-MIX-259|2026-01-11T18:00:00Z|vibration_mm_s,alert,low,2026-01-09 23:38:00+00:00,2026-01-13 16:03:00+00:00
EVT-2026S1-0076,EQ-CONV-336,current_a,2026-01-12 00:00:00+00:00,27.99,A,EQ-CONV-336|2026-01-12T00:00:00Z|current_a,incident,high,2026-01-09 13:31:00+00:00,2026-01-13 08:18:00+00:00
EVT-2026S1-0076,EQ-CONV-336,rpm,2026-01-12 00:00:00+00:00,1299.43,rpm,EQ-CONV-336|2026-01-12T00:00:00Z|rpm,incident,high,2026-01-09 13:31:00+00:00,2026-01-13 08:18:00+00:00
EVT-2026S1-0344,EQ-FAN-284,rpm,2026-01-12 00:00:00+00:00,1532.44,rpm,EQ-FAN-284|2026-01-12T00:00:00Z|rpm,alert,critical,2026-01-08 10:34:00+00:00,2026-01-12 15:39:00+00:00
EVT-2026S1-0344,EQ-FAN-284,vibration_mm_s,2026-01-12 00:00:00+00:00,3.06,mm/s,EQ-FAN-284|2026-01-12T00:00:00Z|vibration_mm_s,alert,critical,2026-01-08 10:34:00+00:00,2026-01-12 15:39:00+00:00
EVT-2026S1-0169,EQ-MIX-159,current_a,2026-01-12 00:00:00+00:00,25.28,A,EQ-MIX-159|2026-01-12T00:00:00Z|current_a,incident,medium,2026-01-10 19:58:00+00:00,2026-01-14 10:35:00+00:00
EVT-2026S1-0169,EQ-MIX-159,vibration_mm_s,2026-01-12 00:00:00+00:00,2.51,mm/s,EQ-MIX-159|2026-01-12T00:00:00Z|vibration_mm_s,incident,medium,2026-01-10 19:58:00+00:00,2026-01-14 10:35:00+00:00
EVT-2026S1-0292,EQ-MIX-259,current_a,2026-01-12 00:00:00+00:00,23.54,A,EQ-MIX-259|2026-01-12T00:00:00Z|current_a,alert,low,2026-01-09 23:38:00+00:00,2026-01-13 16:03:00+00:00
EVT-2026S1-0292,EQ-MIX-259,vibration_mm_s,2026-01-12 00:00:00+00:00,2.65,mm/s,EQ-MIX-259|2026-01-12T00:00:00Z|vibration_mm_s,alert,low,2026-01-09 23:38:00+00:00,2026-01-13 16:03:00+00:00
EVT-2026S1-0076,EQ-CONV-336,current_a,2026-01-12 06:00:00+00:00,26.49,A,EQ-CONV-336|2026-01-12T06:00:00Z|current_a,incident,high,2026-01-09 13:31:00+00:00,2026-01-13 08:18:00+00:00
EVT-2026S1-0076,EQ-CONV-336,rpm,2026-01-12 06:00:00+00:00,1313.37,rpm,EQ-CONV-336|2026-01-12T06:00:00Z|rpm,incident,high,2026-01-09 13:31:00+00:00,2026-01-13 08:18:00+00:00
EVT-2026S1-0344,EQ-FAN-284,rpm,2026-01-12 06:00:00+00:00,1613.53,rpm,EQ-FAN-284|2026-01-12T06:00:00Z|rpm,alert,critical,2026-01-08 10:34:00+00:00,2026-01-12 15:39:00+00:00
EVT-2026S1-0344,EQ-FAN-284,vibration_mm_s,2026-01-12 06:00:00+00:00,2.81,mm/s,EQ-FAN-284|2026-01-12T06:00:00Z|vibration_mm_s,alert,critical,2026-01-08 10:34:00+00:00,2026-01-12 15:39:00+00:00
EVT-2026S1-0169,EQ-MIX-159,current_a,2026-01-12 06:00:00+00:00,24.79,A,EQ-MIX-159|2026-01-12T06:00:00Z|current_a,incident,medium,2026-01-10 19:58:00+00:00,2026-01-14 10:35:00+00:00
EVT-2026S1-0169,EQ-MIX-159,vibration_mm_s,2026-01-12 06:00:00+00:00,3.29,mm/s,EQ-MIX-159|2026-01-12T06:00:00Z|vibration_mm_s,incident,medium,2026-01-10 19:58:00+00:00,2026-01-14 10:35:00+00:00
EVT-2026S1-0292,EQ-MIX-259,current_a,2026-01-12 06:00:00+00:00,21.21,A,EQ-MIX-259|2026-01-12T06:00:00Z|current_a,alert,low,2026-01-09 23:38:00+00:00,2026-01-13 16:03:00+00:00
EVT-2026S1-0292,EQ-MIX-259,vibration_mm_s,2026-01-12 06:00:00+00:00,2.51,mm/s,EQ-MIX-259|2026-01-12T06:00:00Z|vibration_mm_s,alert,low,2026-01-09 23:38:00+00:00,2026-01-13 16:03:00+00:00
EVT-2026S1-0076,EQ-CONV-336,current_a,2026-01-12 12:00:00+00:00,21.4,A,EQ-CONV-336|2026-01-12T12:00:00Z|current_a,incident,high,2026-01-09 13:31:00+00:00,2026-01-13 08:18:00+00:00
EVT-2026S1-0076,EQ-CONV-336,rpm,2026-01-12 12:00:00+00:00,1341.69,rpm,EQ-CONV-336|2026-01-12T12:00:00Z|rpm,incident,high,2026-01-09 13:31:00+00:00,2026-01-13 08:18:00+00:00
EVT-2026S1-0344,EQ-FAN-284,rpm,2026-01-12 12:00:00+00:00,1675.38,rpm,EQ-FAN-284|2026-01-12T12:00:00Z|rpm,alert,critical,2026-01-08 10:34:00+00:00,2026-01-12 15:39:00+00:00
EVT-2026S1-0344,EQ-FAN-284,vibration_mm_s,2026-01-12 12:00:00+00:00,3.34,mm/s,EQ-FAN-284|2026-01-12T12:00:00Z|vibration_mm_s,alert,critical,2026-01-08 10:34:00+00:00,2026-01-12 15:39:00+00:00
EVT-2026S1-0169,EQ-MIX-159,current_a,2026-01-12 12:00:00+00:00,28.09,A,EQ-MIX-159|2026-01-12T12:00:00Z|current_a,incident,medium,2026-01-10 19:58:00+00:00,2026-01-14 10:35:00+00:00
EVT-2026S1-0169,EQ-MIX-159,vibration_mm_s,2026-01-12 12:00:00+00:00,2.96,mm/s,EQ-MIX-159|2026-01-12T12:00:00Z|vibration_mm_s,incident,medium,2026-01-10 19:58:00+00:00,2026-01-14 10:35:00+00:00
EVT-2026S1-0292,EQ-MIX-259,current_a,2026-01-12 12:00:00+00:00,20.13,A,EQ-MIX-259|2026-01-12T12:00:00Z|current_a,alert,low,2026-01-09 23:38:00+00:00,2026-01-13 16:03:00+00:00
EVT-2026S1-0292,EQ-MIX-259,vibration_mm_s,2026-01-12 12:00:00+00:00,2.7,mm/s,EQ-MIX-259|2026-01-12T12:00:00Z|vibration_mm_s,alert,low,2026-01-09 23:38:00+00:00,2026-01-13 16:03:00+00:00
EVT-2026S1-0155,EQ-SENSOR-305,temperature_c,2026-01-12 12:00:00+00:00,57.71,°C,EQ-SENSOR-305|2026-01-12T12:00:00Z|temperature_c,observation,medium,2026-01-12 06:09:00+00:00,2026-01-15 06:09:00+00:00
EVT-2026S1-0076,EQ-CONV-336,current_a,2026-01-12 18:00:00+00:00,24.0,A,EQ-CONV-336|2026-01-12T18:00:00Z|current_a,incident,high,2026-01-09 13:31:00+00:00,2026-01-13 08:18:00+00:00
EVT-2026S1-0076,EQ-CONV-336,rpm,2026-01-12 18:00:00+00:00,1293.83,rpm,EQ-CONV-336|2026-01-12T18:00:00Z|rpm,incident,high,2026-01-09 13:31:00+00:00,2026-01-13 08:18:00+00:00
EVT-2026S1-0169,EQ-MIX-159,current_a,2026-01-12 18:00:00+00:00,26.26,A,EQ-MIX-159|2026-01-12T18:00:00Z|current_a,incident,medium,2026-01-10 19:58:00+00:00,2026-01-14 10:35:00+00:00
EVT-2026S1-0169,EQ-MIX-159,vibration_mm_s,2026-01-12 18:00:00+00:00,2.46,mm/s,EQ-MIX-159|2026-01-12T18:00:00Z|vibration_mm_s,incident,medium,2026-01-10 19:58:00+00:00,2026-01-14 10:35:00+00:00
EVT-2026S1-0292,EQ-MIX-259,current_a,2026-01-12 18:00:00+00:00,22.28,A,EQ-MIX-259|2026-01-12T18:00:00Z|current_a,alert,low,2026-01-09 23:38:00+00:00,2026-01-13 16:03:00+00:00
EVT-2026S1-0292,EQ-MIX-259,vibration_mm_s,2026-01-12 18:00:00+00:00,2.83,mm/s,EQ-MIX-259|2026-01-12T18:00:00Z|vibration_mm_s,alert,low,2026-01-09 23:38:00+00:00,2026-01-13 16:03:00+00:00
EVT-2026S1-0155,EQ-SENSOR-305,temperature_c,2026-01-12 18:00:00+00:00,54.13,°C,EQ-SENSOR-305|2026-01-12T18:00:00Z|temperature_c,observation,medium,2026-01-12 06:09:00+00:00,2026-01-15 06:09:00+00:00
EVT-2026S1-0076,EQ-CONV-336,current_a,2026-01-13 00:00:00+00:00,24.0,A,EQ-CONV-336|2026-01-13T00:00:00Z|current_a,incident,high,2026-01-09 13:31:00+00:00,2026-01-13 08:18:00+00:00
EVT-2026S1-0076,EQ-CONV-336,rpm,2026-01-13 00:00:00+00:00,1368.34,rpm,EQ-CONV-336|2026-01-13T00:00:00Z|rpm,incident,high,2026-01-09 13:31:00+00:00,2026-01-13 08:18:00+00:00
EVT-2026S1-0169,EQ-MIX-159,current_a,2026-01-13 00:00:00+00:00,23.5,A,EQ-MIX-159|2026-01-13T00:00:00Z|current_a,incident,medium,2026-01-10 19:58:00+00:00,2026-01-14 10:35:00+00:00
EVT-2026S1-0169,EQ-MIX-159,vibration_mm_s,2026-01-13 00:00:00+00:00,2.64,mm/s,EQ-MIX-159|2026-01-13T00:00:00Z|vibration_mm_s,incident,medium,2026-01-10 19:58:00+00:00,2026-01-14 10:35:00+00:00
EVT-2026S1-0292,EQ-MIX-259,current_a,2026-01-13 00:00:00+00:00,25.77,A,EQ-MIX-259|2026-01-13T00:00:00Z|current_a,alert,low,2026-01-09 23:38:00+00:00,2026-01-13 16:03:00+00:00
EVT-2026S1-0292,EQ-MIX-259,vibration_mm_s,2026-01-13 00:00:00+00:00,2.78,mm/s,EQ-MIX-259|2026-01-13T00:00:00Z|vibration_mm_s,alert,low,2026-01-09 23:38:00+00:00,2026-01-13 16:03:00+00:00
EVT-2026S1-0155,EQ-SENSOR-305,temperature_c,2026-01-13 00:00:00+00:00,55.72,°C,EQ-SENSOR-305|2026-01-13T00:00:00Z|temperature_c,observation,medium,2026-01-12 06:09:00+00:00,2026-01-15 06:09:00+00:00
EVT-2026S1-0076,EQ-CONV-336,current_a,2026-01-13 06:00:00+00:00,24.6,A,EQ-CONV-336|2026-01-13T06:00:00Z|current_a,incident,high,2026-01-09 13:31:00+00:00,2026-01-13 08:18:00+00:00
EVT-2026S1-0076,EQ-CONV-336,rpm,2026-01-13 06:00:00+00:00,1388.76,rpm,EQ-CONV-336|2026-01-13T06:00:00Z|rpm,incident,high,2026-01-09 13:31:00+00:00,2026-01-13 08:18:00+00:00
EVT-2026S1-0169,EQ-MIX-159,current_a,2026-01-13 06:00:00+00:00,23.76,A,EQ-MIX-159|2026-01-13T06:00:00Z|current_a,incident,medium,2026-01-10 19:58:00+00:00,2026-01-14 10:35:00+00:00
EVT-2026S1-0169,EQ-MIX-159,vibration_mm_s,2026-01-13 06:00:00+00:00,2.99,mm/s,EQ-MIX-159|2026-01-13T06:00:00Z|vibration_mm_s,incident,medium,2026-01-10 19:58:00+00:00,2026-01-14 10:35:00+00:00
EVT-2026S1-0292,EQ-MIX-259,current_a,2026-01-13 06:00:00+00:00,20.97,A,EQ-MIX-259|2026-01-13T06:00:00Z|current_a,alert,low,2026-01-09 23:38:00+00:00,2026-01-13 16:03:00+00:00
EVT-2026S1-0292,EQ-MIX-259,vibration_mm_s,2026-01-13 06:00:00+00:00,2.56,mm/s,EQ-MIX-259|2026-01-13T06:00:00Z|vibration_mm_s,alert,low,2026-01-09 23:38:00+00:00,2026-01-13 16:03:00+00:00
EVT-2026S1-0155,EQ-SENSOR-305,temperature_c,2026-01-13 06:00:00+00:00,62.51,°C,EQ-SENSOR-305|2026-01-13T06:00:00Z|temperature_c,observation,medium,2026-01-12 06:09:00+00:00,2026-01-15 06:09:00+00:00
EVT-2026S1-0169,EQ-MIX-159,current_a,2026-01-13 12:00:00+00:00,26.9,A,EQ-MIX-159|2026-01-13T12:00:00Z|current_a,incident,medium,2026-01-10 19:58:00+00:00,2026-01-14 10:35:00+00:00
EVT-2026S1-0169,EQ-MIX-159,vibration_mm_s,2026-01-13 12:00:00+00:00,2.55,mm/s,EQ-MIX-159|2026-01-13T12:00:00Z|vibration_mm_s,incident,medium,2026-01-10 19:58:00+00:00,2026-01-14 10:35:00+00:00
EVT-2026S1-0292,EQ-MIX-259,current_a,2026-01-13 12:00:00+00:00,21.07,A,EQ-MIX-259|2026-01-13T12:00:00Z|current_a,alert,low,2026-01-09 23:38:00+00:00,2026-01-13 16:03:00+00:00
EVT-2026S1-0292,EQ-MIX-259,vibration_mm_s,2026-01-13 12:00:00+00:00,3.1,mm/s,EQ-MIX-259|2026-01-13T12:00:00Z|vibration_mm_s,alert,low,2026-01-09 23:38:00+00:00,2026-01-13 16:03:00+00:00
EVT-2026S1-0155,EQ-SENSOR-305,temperature_c,2026-01-13 12:00:00+00:00,54.41,°C,EQ-SENSOR-305|2026-01-13T12:00:00Z|temperature_c,observation,medium,2026-01-12 06:09:00+00:00,2026-01-15 06:09:00+00:00
EVT-2026S1-0169,EQ-MIX-159,current_a,2026-01-13 18:00:00+00:00,26.91,A,EQ-MIX-159|2026-01-13T18:00:00Z|current_a,incident,medium,2026-01-10 19:58:00+00:00,2026-01-14 10:35:00+00:00
EVT-2026S1-0169,EQ-MIX-159,vibration_mm_s,2026-01-13 18:00:00+00:00,2.17,mm/s,EQ-MIX-159|2026-01-13T18:00:00Z|vibration_mm_s,incident,medium,2026-01-10 19:58:00+00:00,2026-01-14 10:35:00+00:00
EVT-2026S1-0155,EQ-SENSOR-305,temperature_c,2026-01-13 18:00:00+00:00,51.72,°C,EQ-SENSOR-305|2026-01-13T18:00:00Z|temperature_c,observation,medium,2026-01-12 06:09:00+00:00,2026-01-15 06:09:00+00:00
EVT-2026S1-0465,EQ-CHILL-115,pressure_bar,2026-01-14 00:00:00+00:00,7.36,bar,EQ-CHILL-115|2026-01-14T00:00:00Z|pressure_bar,observation,high,2026-01-13 22:09:00+00:00,2026-01-17 11:04:00+00:00
EVT-2026S1-0465,EQ-CHILL-115,temperature_c,2026-01-14 00:00:00+00:00,58.14,°C,EQ-CHILL-115|2026-01-14T00:00:00Z|temperature_c,observation,high,2026-01-13 22:09:00+00:00,2026-01-17 11:04:00+00:00
EVT-2026S1-0169,EQ-MIX-159,current_a,2026-01-14 00:00:00+00:00,23.14,A,EQ-MIX-159|2026-01-14T00:00:00Z|current_a,incident,medium,2026-01-10 19:58:00+00:00,2026-01-14 10:35:00+00:00
EVT-2026S1-0169,EQ-MIX-159,vibration_mm_s,2026-01-14 00:00:00+00:00,2.73,mm/s,EQ-MIX-159|2026-01-14T00:00:00Z|vibration_mm_s,incident,medium,2026-01-10 19:58:00+00:00,2026-01-14 10:35:00+00:00
EVT-2026S1-0061,EQ-PUMP-171,temperature_c,2026-01-14 00:00:00+00:00,66.65,°C,EQ-PUMP-171|2026-01-14T00:00:00Z|temperature_c,incident,high,2026-01-13 19:38:00+00:00,2026-01-18 02:01:00+00:00
EVT-2026S1-0061,EQ-PUMP-171,vibration_mm_s,2026-01-14 00:00:00+00:00,2.7,mm/s,EQ-PUMP-171|2026-01-14T00:00:00Z|vibration_mm_s,incident,high,2026-01-13 19:38:00+00:00,2026-01-18 02:01:00+00:00
EVT-2026S1-0155,EQ-SENSOR-305,temperature_c,2026-01-14 00:00:00+00:00,56.34,°C,EQ-SENSOR-305|2026-01-14T00:00:00Z|temperature_c,observation,medium,2026-01-12 06:09:00+00:00,2026-01-15 06:09:00+00:00
EVT-2026S1-0465,EQ-CHILL-115,pressure_bar,2026-01-14 06:00:00+00:00,7.02,bar,EQ-CHILL-115|2026-01-14T06:00:00Z|pressure_bar,observation,high,2026-01-13 22:09:00+00:00,2026-01-17 11:04:00+00:00
EVT-2026S1-0465,EQ-CHILL-115,temperature_c,2026-01-14 06:00:00+00:00,66.55,°C,EQ-CHILL-115|2026-01-14T06:00:00Z|temperature_c,observation,high,2026-01-13 22:09:00+00:00,2026-01-17 11:04:00+00:00
EVT-2026S1-0169,EQ-MIX-159,current_a,2026-01-14 06:00:00+00:00,25.24,A,EQ-MIX-159|2026-01-14T06:00:00Z|current_a,incident,medium,2026-01-10 19:58:00+00:00,2026-01-14 10:35:00+00:00
EVT-2026S1-0169,EQ-MIX-159,vibration_mm_s,2026-01-14 06:00:00+00:00,3.07,mm/s,EQ-MIX-159|2026-01-14T06:00:00Z|vibration_mm_s,incident,medium,2026-01-10 19:58:00+00:00,2026-01-14 10:35:00+00:00
EVT-2026S1-0061,EQ-PUMP-171,temperature_c,2026-01-14 06:00:00+00:00,63.41,°C,EQ-PUMP-171|2026-01-14T06:00:00Z|temperature_c,incident,high,2026-01-13 19:38:00+00:00,2026-01-18 02:01:00+00:00
EVT-2026S1-0061,EQ-PUMP-171,vibration_mm_s,2026-01-14 06:00:00+00:00,2.68,mm/s,EQ-PUMP-171|2026-01-14T06:00:00Z|vibration_mm_s,incident,high,2026-01-13 19:38:00+00:00,2026-01-18 02:01:00+00:00
EVT-2026S1-0155,EQ-SENSOR-305,temperature_c,2026-01-14 06:00:00+00:00,59.38,°C,EQ-SENSOR-305|2026-01-14T06:00:00Z|temperature_c,observation,medium,2026-01-12 06:09:00+00:00,2026-01-15 06:09:00+00:00
EVT-2026S1-0465,EQ-CHILL-115,pressure_bar,2026-01-14 12:00:00+00:00,6.62,bar,EQ-CHILL-115|2026-01-14T12:00:00Z|pressure_bar,observation,high,2026-01-13 22:09:00+00:00,2026-01-17 11:04:00+00:00
EVT-2026S1-0465,EQ-CHILL-115,temperature_c,2026-01-14 12:00:00+00:00,61.99,°C,EQ-CHILL-115|2026-01-14T12:00:00Z|temperature_c,observation,high,2026-01-13 22:09:00+00:00,2026-01-17 11:04:00+00:00
EVT-2026S1-0061,EQ-PUMP-171,temperature_c,2026-01-14 12:00:00+00:00,61.28,°C,EQ-PUMP-171|2026-01-14T12:00:00Z|temperature_c,incident,high,2026-01-13 19:38:00+00:00,2026-01-18 02:01:00+00:00
EVT-2026S1-0061,EQ-PUMP-171,vibration_mm_s,2026-01-14 12:00:00+00:00,3.02,mm/s,EQ-PUMP-171|2026-01-14T12:00:00Z|vibration_mm_s,incident,high,2026-01-13 19:38:00+00:00,2026-01-18 02:01:00+00:00
EVT-2026S1-0155,EQ-SENSOR-305,temperature_c,2026-01-14 12:00:00+00:00,55.61,°C,EQ-SENSOR-305|2026-01-14T12:00:00Z|temperature_c,observation,medium,2026-01-12 06:09:00+00:00,2026-01-15 06:09:00+00:00
EVT-2026S1-0465,EQ-CHILL-115,pressure_bar,2026-01-14 18:00:00+00:00,6.99,bar,EQ-CHILL-115|2026-01-14T18:00:00Z|pressure_bar,observation,high,2026-01-13 22:09:00+00:00,2026-01-17 11:04:00+00:00
EVT-2026S1-0465,EQ-CHILL-115,temperature_c,2026-01-14 18:00:00+00:00,55.18,°C,EQ-CHILL-115|2026-01-14T18:00:00Z|temperature_c,observation,high,2026-01-13 22:09:00+00:00,2026-01-17 11:04:00+00:00
EVT-2026S1-0061,EQ-PUMP-171,temperature_c,2026-01-14 18:00:00+00:00,59.53,°C,EQ-PUMP-171|2026-01-14T18:00:00Z|temperature_c,incident,high,2026-01-13 19:38:00+00:00,2026-01-18 02:01:00+00:00
EVT-2026S1-0061,EQ-PUMP-171,vibration_mm_s,2026-01-14 18:00:00+00:00,3.7,mm/s,EQ-PUMP-171|2026-01-14T18:00:00Z|vibration_mm_s,incident,high,2026-01-13 19:38:00+00:00,2026-01-18 02:01:00+00:00
EVT-2026S1-0155,EQ-SENSOR-305,temperature_c,2026-01-14 18:00:00+00:00,50.75,°C,EQ-SENSOR-305|2026-01-14T18:00:00Z|temperature_c,observation,medium,2026-01-12 06:09:00+00:00,2026-01-15 06:09:00+00:00
EVT-2026S1-0465,EQ-CHILL-115,pressure_bar,2026-01-15 00:00:00+00:00,7.4,bar,EQ-CHILL-115|2026-01-15T00:00:00Z|pressure_bar,observation,high,2026-01-13 22:09:00+00:00,2026-01-17 11:04:00+00:00
EVT-2026S1-0465,EQ-CHILL-115,temperature_c,2026-01-15 00:00:00+00:00,60.29,°C,EQ-CHILL-115|2026-01-15T00:00:00Z|temperature_c,observation,high,2026-01-13 22:09:00+00:00,2026-01-17 11:04:00+00:00
EVT-2026S1-0061,EQ-PUMP-171,temperature_c,2026-01-15 00:00:00+00:00,69.68,°C,EQ-PUMP-171|2026-01-15T00:00:00Z|temperature_c,incident,high,2026-01-13 19:38:00+00:00,2026-01-18 02:01:00+00:00
EVT-2026S1-0061,EQ-PUMP-171,vibration_mm_s,2026-01-15 00:00:00+00:00,3.35,mm/s,EQ-PUMP-171|2026-01-15T00:00:00Z|vibration_mm_s,incident,high,2026-01-13 19:38:00+00:00,2026-01-18 02:01:00+00:00
EVT-2026S1-0155,EQ-SENSOR-305,temperature_c,2026-01-15 00:00:00+00:00,53.77,°C,EQ-SENSOR-305|2026-01-15T00:00:00Z|temperature_c,observation,medium,2026-01-12 06:09:00+00:00,2026-01-15 06:09:00+00:00
EVT-2026S1-0465,EQ-CHILL-115,pressure_bar,2026-01-15 06:00:00+00:00,7.14,bar,EQ-CHILL-115|2026-01-15T06:00:00Z|pressure_bar,observation,high,2026-01-13 22:09:00+00:00,2026-01-17 11:04:00+00:00
EVT-2026S1-0465,EQ-CHILL-115,temperature_c,2026-01-15 06:00:00+00:00,66.02,°C,EQ-CHILL-115|2026-01-15T06:00:00Z|temperature_c,observation,high,2026-01-13 22:09:00+00:00,2026-01-17 11:04:00+00:00
EVT-2026S1-0061,EQ-PUMP-171,temperature_c,2026-01-15 06:00:00+00:00,70.81,°C,EQ-PUMP-171|2026-01-15T06:00:00Z|temperature_c,incident,high,2026-01-13 19:38:00+00:00,2026-01-18 02:01:00+00:00
EVT-2026S1-0061,EQ-PUMP-171,vibration_mm_s,2026-01-15 06:00:00+00:00,3.41,mm/s,EQ-PUMP-171|2026-01-15T06:00:00Z|vibration_mm_s,incident,high,2026-01-13 19:38:00+00:00,2026-01-18 02:01:00+00:00
EVT-2026S1-0155,EQ-SENSOR-305,temperature_c,2026-01-15 06:00:00+00:00,62.42,°C,EQ-SENSOR-305|2026-01-15T06:00:00Z|temperature_c,observation,medium,2026-01-12 06:09:00+00:00,2026-01-15 06:09:00+00:00
EVT-2026S1-0465,EQ-CHILL-115,pressure_bar,2026-01-15 12:00:00+00:00,6.68,bar,EQ-CHILL-115|2026-01-15T12:00:00Z|pressure_bar,observation,high,2026-01-13 22:09:00+00:00,2026-01-17 11:04:00+00:00
EVT-2026S1-0465,EQ-CHILL-115,temperature_c,2026-01-15 12:00:00+00:00,62.83,°C,EQ-CHILL-115|2026-01-15T12:00:00Z|temperature_c,observation,high,2026-01-13 22:09:00+00:00,2026-01-17 11:04:00+00:00
EVT-2026S1-0061,EQ-PUMP-171,temperature_c,2026-01-15 12:00:00+00:00,63.95,°C,EQ-PUMP-171|2026-01-15T12:00:00Z|temperature_c,incident,high,2026-01-13 19:38:00+00:00,2026-01-18 02:01:00+00:00
EVT-2026S1-0061,EQ-PUMP-171,vibration_mm_s,2026-01-15 12:00:00+00:00,3.68,mm/s,EQ-PUMP-171|2026-01-15T12:00:00Z|vibration_mm_s,incident,high,2026-01-13 19:38:00+00:00,2026-01-18 02:01:00+00:00
EVT-2026S1-0465,EQ-CHILL-115,pressure_bar,2026-01-15 18:00:00+00:00,6.93,bar,EQ-CHILL-115|2026-01-15T18:00:00Z|pressure_bar,observation,high,2026-01-13 22:09:00+00:00,2026-01-17 11:04:00+00:00
EVT-2026S1-0465,EQ-CHILL-115,temperature_c,2026-01-15 18:00:00+00:00,56.32,°C,EQ-CHILL-115|2026-01-15T18:00:00Z|temperature_c,observation,high,2026-01-13 22:09:00+00:00,2026-01-17 11:04:00+00:00
EVT-2026S1-0061,EQ-PUMP-171,temperature_c,2026-01-15 18:00:00+00:00,66.43,°C,EQ-PUMP-171|2026-01-15T18:00:00Z|temperature_c,incident,high,2026-01-13 19:38:00+00:00,2026-01-18 02:01:00+00:00
EVT-2026S1-0061,EQ-PUMP-171,vibration_mm_s,2026-01-15 18:00:00+00:00,4.37,mm/s,EQ-PUMP-171|2026-01-15T18:00:00Z|vibration_mm_s,incident,high,2026-01-13 19:38:00+00:00,2026-01-18 02:01:00+00:00
EVT-2026S1-0465,EQ-CHILL-115,pressure_bar,2026-01-16 00:00:00+00:00,7.71,bar,EQ-CHILL-115|2026-01-16T00:00:00Z|pressure_bar,observation,high,2026-01-13 22:09:00+00:00,2026-01-17 11:04:00+00:00
EVT-2026S1-0465,EQ-CHILL-115,temperature_c,2026-01-16 00:00:00+00:00,59.59,°C,EQ-CHILL-115|2026-01-16T00:00:00Z|temperature_c,observation,high,2026-01-13 22:09:00+00:00,2026-01-17 11:04:00+00:00
EVT-2026S1-0061,EQ-PUMP-171,temperature_c,2026-01-16 00:00:00+00:00,71.91,°C,EQ-PUMP-171|2026-01-16T00:00:00Z|temperature_c,incident,high,2026-01-13 19:38:00+00:00,2026-01-18 02:01:00+00:00
EVT-2026S1-0061,EQ-PUMP-171,vibration_mm_s,2026-01-16 00:00:00+00:00,3.84,mm/s,EQ-PUMP-171|2026-01-16T00:00:00Z|vibration_mm_s,incident,high,2026-01-13 19:38:00+00:00,2026-01-18 02:01:00+00:00
EVT-2026S1-0465,EQ-CHILL-115,pressure_bar,2026-01-16 06:00:00+00:00,6.95,bar,EQ-CHILL-115|2026-01-16T06:00:00Z|pressure_bar,observation,high,2026-01-13 22:09:00+00:00,2026-01-17 11:04:00+00:00
EVT-2026S1-0465,EQ-CHILL-115,temperature_c,2026-01-16 06:00:00+00:00,63.83,°C,EQ-CHILL-115|2026-01-16T06:00:00Z|temperature_c,observation,high,2026-01-13 22:09:00+00:00,2026-01-17 11:04:00+00:00
EVT-2026S1-0061,EQ-PUMP-171,temperature_c,2026-01-16 06:00:00+00:00,69.3,°C,EQ-PUMP-171|2026-01-16T06:00:00Z|temperature_c,incident,high,2026-01-13 19:38:00+00:00,2026-01-18 02:01:00+00:00
EVT-2026S1-0061,EQ-PUMP-171,vibration_mm_s,2026-01-16 06:00:00+00:00,3.96,mm/s,EQ-PUMP-171|2026-01-16T06:00:00Z|vibration_mm_s,incident,high,2026-01-13 19:38:00+00:00,2026-01-18 02:01:00+00:00
EVT-2026S1-X027,EQ-CAB-134,current_a,2026-01-16 12:00:00+00:00,20.59,A,EQ-CAB-134|2026-01-16T12:00:00Z|current_a,intervention,high,2026-01-16 07:39:00+00:00,2026-01-19 14:30:00+00:00
EVT-2026S1-X027,EQ-CAB-134,temperature_c,2026-01-16 12:00:00+00:00,49.9,°C,EQ-CAB-134|2026-01-16T12:00:00Z|temperature_c,intervention,high,2026-01-16 07:39:00+00:00,2026-01-19 14:30:00+00:00
EVT-2026S1-0465,EQ-CHILL-115,pressure_bar,2026-01-16 12:00:00+00:00,6.74,bar,EQ-CHILL-115|2026-01-16T12:00:00Z|pressure_bar,observation,high,2026-01-13 22:09:00+00:00,2026-01-17 11:04:00+00:00
EVT-2026S1-0465,EQ-CHILL-115,temperature_c,2026-01-16 12:00:00+00:00,62.63,°C,EQ-CHILL-115|2026-01-16T12:00:00Z|temperature_c,observation,high,2026-01-13 22:09:00+00:00,2026-01-17 11:04:00+00:00
EVT-2026S1-0061,EQ-PUMP-171,temperature_c,2026-01-16 12:00:00+00:00,63.57,°C,EQ-PUMP-171|2026-01-16T12:00:00Z|temperature_c,incident,high,2026-01-13 19:38:00+00:00,2026-01-18 02:01:00+00:00
EVT-2026S1-0061,EQ-PUMP-171,vibration_mm_s,2026-01-16 12:00:00+00:00,3.76,mm/s,EQ-PUMP-171|2026-01-16T12:00:00Z|vibration_mm_s,incident,high,2026-01-13 19:38:00+00:00,2026-01-18 02:01:00+00:00
EVT-2026S1-X027,EQ-CAB-134,current_a,2026-01-16 18:00:00+00:00,19.39,A,EQ-CAB-134|2026-01-16T18:00:00Z|current_a,intervention,high,2026-01-16 07:39:00+00:00,2026-01-19 14:30:00+00:00
EVT-2026S1-X027,EQ-CAB-134,temperature_c,2026-01-16 18:00:00+00:00,57.13,°C,EQ-CAB-134|2026-01-16T18:00:00Z|temperature_c,intervention,high,2026-01-16 07:39:00+00:00,2026-01-19 14:30:00+00:00
EVT-2026S1-0465,EQ-CHILL-115,pressure_bar,2026-01-16 18:00:00+00:00,7.13,bar,EQ-CHILL-115|2026-01-16T18:00:00Z|pressure_bar,observation,high,2026-01-13 22:09:00+00:00,2026-01-17 11:04:00+00:00
EVT-2026S1-0465,EQ-CHILL-115,temperature_c,2026-01-16 18:00:00+00:00,56.28,°C,EQ-CHILL-115|2026-01-16T18:00:00Z|temperature_c,observation,high,2026-01-13 22:09:00+00:00,2026-01-17 11:04:00+00:00
EVT-2026S1-0061,EQ-PUMP-171,temperature_c,2026-01-16 18:00:00+00:00,65.94,°C,EQ-PUMP-171|2026-01-16T18:00:00Z|temperature_c,incident,high,2026-01-13 19:38:00+00:00,2026-01-18 02:01:00+00:00
EVT-2026S1-0061,EQ-PUMP-171,vibration_mm_s,2026-01-16 18:00:00+00:00,3.97,mm/s,EQ-PUMP-171|2026-01-16T18:00:00Z|vibration_mm_s,incident,high,2026-01-13 19:38:00+00:00,2026-01-18 02:01:00+00:00
EVT-2026S1-X027,EQ-CAB-134,current_a,2026-01-17 00:00:00+00:00,22.44,A,EQ-CAB-134|2026-01-17T00:00:00Z|current_a,intervention,high,2026-01-16 07:39:00+00:00,2026-01-19 14:30:00+00:00
EVT-2026S1-X027,EQ-CAB-134,temperature_c,2026-01-17 00:00:00+00:00,57.44,°C,EQ-CAB-134|2026-01-17T00:00:00Z|temperature_c,intervention,high,2026-01-16 07:39:00+00:00,2026-01-19 14:30:00+00:00
EVT-2026S1-0465,EQ-CHILL-115,pressure_bar,2026-01-17 00:00:00+00:00,7.09,bar,EQ-CHILL-115|2026-01-17T00:00:00Z|pressure_bar,observation,high,2026-01-13 22:09:00+00:00,2026-01-17 11:04:00+00:00
EVT-2026S1-0465,EQ-CHILL-115,temperature_c,2026-01-17 00:00:00+00:00,54.41,°C,EQ-CHILL-115|2026-01-17T00:00:00Z|temperature_c,observation,high,2026-01-13 22:09:00+00:00,2026-01-17 11:04:00+00:00
EVT-2026S1-0061,EQ-PUMP-171,temperature_c,2026-01-17 00:00:00+00:00,70.35,°C,EQ-PUMP-171|2026-01-17T00:00:00Z|temperature_c,incident,high,2026-01-13 19:38:00+00:00,2026-01-18 02:01:00+00:00
EVT-2026S1-0061,EQ-PUMP-171,vibration_mm_s,2026-01-17 00:00:00+00:00,3.44,mm/s,EQ-PUMP-171|2026-01-17T00:00:00Z|vibration_mm_s,incident,high,2026-01-13 19:38:00+00:00,2026-01-18 02:01:00+00:00
EVT-2026S1-X027,EQ-CAB-134,current_a,2026-01-17 06:00:00+00:00,23.3,A,EQ-CAB-134|2026-01-17T06:00:00Z|current_a,intervention,high,2026-01-16 07:39:00+00:00,2026-01-19 14:30:00+00:00
EVT-2026S1-X027,EQ-CAB-134,temperature_c,2026-01-17 06:00:00+00:00,52.1,°C,EQ-CAB-134|2026-01-17T06:00:00Z|temperature_c,intervention,high,2026-01-16 07:39:00+00:00,2026-01-19 14:30:00+00:00
EVT-2026S1-0465,EQ-CHILL-115,pressure_bar,2026-01-17 06:00:00+00:00,7.05,bar,EQ-CHILL-115|2026-01-17T06:00:00Z|pressure_bar,observation,high,2026-01-13 22:09:00+00:00,2026-01-17 11:04:00+00:00
EVT-2026S1-0465,EQ-CHILL-115,temperature_c,2026-01-17 06:00:00+00:00,61.9,°C,EQ-CHILL-115|2026-01-17T06:00:00Z|temperature_c,observation,high,2026-01-13 22:09:00+00:00,2026-01-17 11:04:00+00:00
EVT-2026S1-0061,EQ-PUMP-171,temperature_c,2026-01-17 06:00:00+00:00,67.43,°C,EQ-PUMP-171|2026-01-17T06:00:00Z|temperature_c,incident,high,2026-01-13 19:38:00+00:00,2026-01-18 02:01:00+00:00
EVT-2026S1-0061,EQ-PUMP-171,vibration_mm_s,2026-01-17 06:00:00+00:00,2.68,mm/s,EQ-PUMP-171|2026-01-17T06:00:00Z|vibration_mm_s,incident,high,2026-01-13 19:38:00+00:00,2026-01-18 02:01:00+00:00
EVT-2026S1-X027,EQ-CAB-134,current_a,2026-01-17 12:00:00+00:00,19.01,A,EQ-CAB-134|2026-01-17T12:00:00Z|current_a,intervention,high,2026-01-16 07:39:00+00:00,2026-01-19 14:30:00+00:00
EVT-2026S1-X027,EQ-CAB-134,temperature_c,2026-01-17 12:00:00+00:00,50.1,°C,EQ-CAB-134|2026-01-17T12:00:00Z|temperature_c,intervention,high,2026-01-16 07:39:00+00:00,2026-01-19 14:30:00+00:00
EVT-2026S1-0061,EQ-PUMP-171,temperature_c,2026-01-17 12:00:00+00:00,58.79,°C,EQ-PUMP-171|2026-01-17T12:00:00Z|temperature_c,incident,high,2026-01-13 19:38:00+00:00,2026-01-18 02:01:00+00:00
EVT-2026S1-0061,EQ-PUMP-171,vibration_mm_s,2026-01-17 12:00:00+00:00,3.07,mm/s,EQ-PUMP-171|2026-01-17T12:00:00Z|vibration_mm_s,incident,high,2026-01-13 19:38:00+00:00,2026-01-18 02:01:00+00:00
EVT-2026S1-X027,EQ-CAB-134,current_a,2026-01-17 18:00:00+00:00,18.67,A,EQ-CAB-134|2026-01-17T18:00:00Z|current_a,intervention,high,2026-01-16 07:39:00+00:00,2026-01-19 14:30:00+00:00
EVT-2026S1-X027,EQ-CAB-134,temperature_c,2026-01-17 18:00:00+00:00,54.47,°C,EQ-CAB-134|2026-01-17T18:00:00Z|temperature_c,intervention,high,2026-01-16 07:39:00+00:00,2026-01-19 14:30:00+00:00
EVT-2026S1-0061,EQ-PUMP-171,temperature_c,2026-01-17 18:00:00+00:00,56.8,°C,EQ-PUMP-171|2026-01-17T18:00:00Z|temperature_c,incident,high,2026-01-13 19:38:00+00:00,2026-01-18 02:01:00+00:00
EVT-2026S1-0061,EQ-PUMP-171,vibration_mm_s,2026-01-17 18:00:00+00:00,2.92,mm/s,EQ-PUMP-171|2026-01-17T18:00:00Z|vibration_mm_s,incident,high,2026-01-13 19:38:00+00:00,2026-01-18 02:01:00+00:00
EVT-2026S1-X027,EQ-CAB-134,current_a,2026-01-18 00:00:00+00:00,22.55,A,EQ-CAB-134|2026-01-18T00:00:00Z|current_a,intervention,high,2026-01-16 07:39:00+00:00,2026-01-19 14:30:00+00:00
EVT-2026S1-X027,EQ-CAB-134,temperature_c,2026-01-18 00:00:00+00:00,59.07,°C,EQ-CAB-134|2026-01-18T00:00:00Z|temperature_c,intervention,high,2026-01-16 07:39:00+00:00,2026-01-19 14:30:00+00:00
EVT-2026S1-0061,EQ-PUMP-171,temperature_c,2026-01-18 00:00:00+00:00,63.23,°C,EQ-PUMP-171|2026-01-18T00:00:00Z|temperature_c,incident,high,2026-01-13 19:38:00+00:00,2026-01-18 02:01:00+00:00
EVT-2026S1-0061,EQ-PUMP-171,vibration_mm_s,2026-01-18 00:00:00+00:00,2.58,mm/s,EQ-PUMP-171|2026-01-18T00:00:00Z|vibration_mm_s,incident,high,2026-01-13 19:38:00+00:00,2026-01-18 02:01:00+00:00
EVT-2026S1-X027,EQ-CAB-134,current_a,2026-01-18 06:00:00+00:00,23.61,A,EQ-CAB-134|2026-01-18T06:00:00Z|current_a,intervention,high,2026-01-16 07:39:00+00:00,2026-01-19 14:30:00+00:00
EVT-2026S1-X027,EQ-CAB-134,temperature_c,2026-01-18 06:00:00+00:00,53.47,°C,EQ-CAB-134|2026-01-18T06:00:00Z|temperature_c,intervention,high,2026-01-16 07:39:00+00:00,2026-01-19 14:30:00+00:00
EVT-2026S1-X027,EQ-CAB-134,current_a,2026-01-18 12:00:00+00:00,19.78,A,EQ-CAB-134|2026-01-18T12:00:00Z|current_a,intervention,high,2026-01-16 07:39:00+00:00,2026-01-19 14:30:00+00:00
EVT-2026S1-X027,EQ-CAB-134,temperature_c,2026-01-18 12:00:00+00:00,48.99,°C,EQ-CAB-134|2026-01-18T12:00:00Z|temperature_c,intervention,high,2026-01-16 07:39:00+00:00,2026-01-19 14:30:00+00:00
EVT-2026S1-X011,EQ-FAN-304,rpm,2026-01-18 12:00:00+00:00,1545.53,rpm,EQ-FAN-304|2026-01-18T12:00:00Z|rpm,incident,low,2026-01-18 07:11:00+00:00,2026-01-22 04:57:00+00:00
EVT-2026S1-X011,EQ-FAN-304,vibration_mm_s,2026-01-18 12:00:00+00:00,3.06,mm/s,EQ-FAN-304|2026-01-18T12:00:00Z|vibration_mm_s,incident,low,2026-01-18 07:11:00+00:00,2026-01-22 04:57:00+00:00
EVT-2026S1-X027,EQ-CAB-134,current_a,2026-01-18 18:00:00+00:00,18.59,A,EQ-CAB-134|2026-01-18T18:00:00Z|current_a,intervention,high,2026-01-16 07:39:00+00:00,2026-01-19 14:30:00+00:00
EVT-2026S1-X027,EQ-CAB-134,temperature_c,2026-01-18 18:00:00+00:00,56.71,°C,EQ-CAB-134|2026-01-18T18:00:00Z|temperature_c,intervention,high,2026-01-16 07:39:00+00:00,2026-01-19 14:30:00+00:00
EVT-2026S1-X011,EQ-FAN-304,rpm,2026-01-18 18:00:00+00:00,1539.32,rpm,EQ-FAN-304|2026-01-18T18:00:00Z|rpm,incident,low,2026-01-18 07:11:00+00:00,2026-01-22 04:57:00+00:00
EVT-2026S1-X011,EQ-FAN-304,vibration_mm_s,2026-01-18 18:00:00+00:00,2.77,mm/s,EQ-FAN-304|2026-01-18T18:00:00Z|vibration_mm_s,incident,low,2026-01-18 07:11:00+00:00,2026-01-22 04:57:00+00:00
EVT-2026S1-X027,EQ-CAB-134,current_a,2026-01-19 00:00:00+00:00,23.15,A,EQ-CAB-134|2026-01-19T00:00:00Z|current_a,intervention,high,2026-01-16 07:39:00+00:00,2026-01-19 14:30:00+00:00
EVT-2026S1-X027,EQ-CAB-134,temperature_c,2026-01-19 00:00:00+00:00,60.15,°C,EQ-CAB-134|2026-01-19T00:00:00Z|temperature_c,intervention,high,2026-01-16 07:39:00+00:00,2026-01-19 14:30:00+00:00
EVT-2026S1-X011,EQ-FAN-304,rpm,2026-01-19 00:00:00+00:00,1499.12,rpm,EQ-FAN-304|2026-01-19T00:00:00Z|rpm,incident,low,2026-01-18 07:11:00+00:00,2026-01-22 04:57:00+00:00
EVT-2026S1-X011,EQ-FAN-304,vibration_mm_s,2026-01-19 00:00:00+00:00,2.29,mm/s,EQ-FAN-304|2026-01-19T00:00:00Z|vibration_mm_s,incident,low,2026-01-18 07:11:00+00:00,2026-01-22 04:57:00+00:00
EVT-2026S1-X027,EQ-CAB-134,current_a,2026-01-19 06:00:00+00:00,23.27,A,EQ-CAB-134|2026-01-19T06:00:00Z|current_a,intervention,high,2026-01-16 07:39:00+00:00,2026-01-19 14:30:00+00:00
EVT-2026S1-X027,EQ-CAB-134,temperature_c,2026-01-19 06:00:00+00:00,53.69,°C,EQ-CAB-134|2026-01-19T06:00:00Z|temperature_c,intervention,high,2026-01-16 07:39:00+00:00,2026-01-19 14:30:00+00:00
EVT-2026S1-X011,EQ-FAN-304,rpm,2026-01-19 06:00:00+00:00,1498.97,rpm,EQ-FAN-304|2026-01-19T06:00:00Z|rpm,incident,low,2026-01-18 07:11:00+00:00,2026-01-22 04:57:00+00:00
EVT-2026S1-X011,EQ-FAN-304,vibration_mm_s,2026-01-19 06:00:00+00:00,2.58,mm/s,EQ-FAN-304|2026-01-19T06:00:00Z|vibration_mm_s,incident,low,2026-01-18 07:11:00+00:00,2026-01-22 04:57:00+00:00
EVT-2026S1-X027,EQ-CAB-134,current_a,2026-01-19 12:00:00+00:00,21.57,A,EQ-CAB-134|2026-01-19T12:00:00Z|current_a,intervention,high,2026-01-16 07:39:00+00:00,2026-01-19 14:30:00+00:00
EVT-2026S1-X027,EQ-CAB-134,temperature_c,2026-01-19 12:00:00+00:00,51.54,°C,EQ-CAB-134|2026-01-19T12:00:00Z|temperature_c,intervention,high,2026-01-16 07:39:00+00:00,2026-01-19 14:30:00+00:00
EVT-2026S1-X011,EQ-FAN-304,rpm,2026-01-19 12:00:00+00:00,1591.04,rpm,EQ-FAN-304|2026-01-19T12:00:00Z|rpm,incident,low,2026-01-18 07:11:00+00:00,2026-01-22 04:57:00+00:00
EVT-2026S1-X011,EQ-FAN-304,vibration_mm_s,2026-01-19 12:00:00+00:00,2.76,mm/s,EQ-FAN-304|2026-01-19T12:00:00Z|vibration_mm_s,incident,low,2026-01-18 07:11:00+00:00,2026-01-22 04:57:00+00:00
EVT-2026S1-X011,EQ-FAN-304,rpm,2026-01-19 18:00:00+00:00,1547.07,rpm,EQ-FAN-304|2026-01-19T18:00:00Z|rpm,incident,low,2026-01-18 07:11:00+00:00,2026-01-22 04:57:00+00:00
EVT-2026S1-X011,EQ-FAN-304,vibration_mm_s,2026-01-19 18:00:00+00:00,2.73,mm/s,EQ-FAN-304|2026-01-19T18:00:00Z|vibration_mm_s,incident,low,2026-01-18 07:11:00+00:00,2026-01-22 04:57:00+00:00
EVT-2026S1-X011,EQ-FAN-304,rpm,2026-01-20 00:00:00+00:00,1482.8,rpm,EQ-FAN-304|2026-01-20T00:00:00Z|rpm,incident,low,2026-01-18 07:11:00+00:00,2026-01-22 04:57:00+00:00
EVT-2026S1-X011,EQ-FAN-304,vibration_mm_s,2026-01-20 00:00:00+00:00,2.29,mm/s,EQ-FAN-304|2026-01-20T00:00:00Z|vibration_mm_s,incident,low,2026-01-18 07:11:00+00:00,2026-01-22 04:57:00+00:00
EVT-2026S1-X011,EQ-FAN-304,rpm,2026-01-20 06:00:00+00:00,1465.57,rpm,EQ-FAN-304|2026-01-20T06:00:00Z|rpm,incident,low,2026-01-18 07:11:00+00:00,2026-01-22 04:57:00+00:00
EVT-2026S1-X011,EQ-FAN-304,vibration_mm_s,2026-01-20 06:00:00+00:00,2.69,mm/s,EQ-FAN-304|2026-01-20T06:00:00Z|vibration_mm_s,incident,low,2026-01-18 07:11:00+00:00,2026-01-22 04:57:00+00:00
EVT-2026S1-X011,EQ-FAN-304,rpm,2026-01-20 12:00:00+00:00,1593.25,rpm,EQ-FAN-304|2026-01-20T12:00:00Z|rpm,incident,low,2026-01-18 07:11:00+00:00,2026-01-22 04:57:00+00:00
EVT-2026S1-X011,EQ-FAN-304,vibration_mm_s,2026-01-20 12:00:00+00:00,2.76,mm/s,EQ-FAN-304|2026-01-20T12:00:00Z|vibration_mm_s,incident,low,2026-01-18 07:11:00+00:00,2026-01-22 04:57:00+00:00
EVT-2026S1-0012,EQ-FAN-002,current_a,2026-01-20 18:00:00+00:00,24.63,A,EQ-FAN-002|2026-01-20T18:00:00Z|current_a,intervention,medium,2026-01-20 13:20:00+00:00,2026-01-24 16:07:00+00:00
EVT-2026S1-0012,EQ-FAN-002,rpm,2026-01-20 18:00:00+00:00,1223.64,rpm,EQ-FAN-002|2026-01-20T18:00:00Z|rpm,intervention,medium,2026-01-20 13:20:00+00:00,2026-01-24 16:07:00+00:00
EVT-2026S1-0012,EQ-FAN-002,vibration_mm_s,2026-01-20 18:00:00+00:00,2.53,mm/s,EQ-FAN-002|2026-01-20T18:00:00Z|vibration_mm_s,intervention,medium,2026-01-20 13:20:00+00:00,2026-01-24 16:07:00+00:00
EVT-2026S1-X011,EQ-FAN-304,rpm,2026-01-20 18:00:00+00:00,1556.76,rpm,EQ-FAN-304|2026-01-20T18:00:00Z|rpm,incident,low,2026-01-18 07:11:00+00:00,2026-01-22 04:57:00+00:00
EVT-2026S1-X011,EQ-FAN-304,vibration_mm_s,2026-01-20 18:00:00+00:00,2.72,mm/s,EQ-FAN-304|2026-01-20T18:00:00Z|vibration_mm_s,incident,low,2026-01-18 07:11:00+00:00,2026-01-22 04:57:00+00:00
EVT-2026S1-0012,EQ-FAN-002,current_a,2026-01-21 00:00:00+00:00,23.58,A,EQ-FAN-002|2026-01-21T00:00:00Z|current_a,intervention,medium,2026-01-20 13:20:00+00:00,2026-01-24 16:07:00+00:00
EVT-2026S1-0012,EQ-FAN-002,rpm,2026-01-21 00:00:00+00:00,1179.05,rpm,EQ-FAN-002|2026-01-21T00:00:00Z|rpm,intervention,medium,2026-01-20 13:20:00+00:00,2026-01-24 16:07:00+00:00
EVT-2026S1-0012,EQ-FAN-002,vibration_mm_s,2026-01-21 00:00:00+00:00,3.11,mm/s,EQ-FAN-002|2026-01-21T00:00:00Z|vibration_mm_s,intervention,medium,2026-01-20 13:20:00+00:00,2026-01-24 16:07:00+00:00
EVT-2026S1-X011,EQ-FAN-304,rpm,2026-01-21 00:00:00+00:00,1508.29,rpm,EQ-FAN-304|2026-01-21T00:00:00Z|rpm,incident,low,2026-01-18 07:11:00+00:00,2026-01-22 04:57:00+00:00
EVT-2026S1-X011,EQ-FAN-304,vibration_mm_s,2026-01-21 00:00:00+00:00,2.9,mm/s,EQ-FAN-304|2026-01-21T00:00:00Z|vibration_mm_s,incident,low,2026-01-18 07:11:00+00:00,2026-01-22 04:57:00+00:00
EVT-2026S1-0012,EQ-FAN-002,current_a,2026-01-21 06:00:00+00:00,23.79,A,EQ-FAN-002|2026-01-21T06:00:00Z|current_a,intervention,medium,2026-01-20 13:20:00+00:00,2026-01-24 16:07:00+00:00
EVT-2026S1-0012,EQ-FAN-002,rpm,2026-01-21 06:00:00+00:00,1262.11,rpm,EQ-FAN-002|2026-01-21T06:00:00Z|rpm,intervention,medium,2026-01-20 13:20:00+00:00,2026-01-24 16:07:00+00:00
EVT-2026S1-0012,EQ-FAN-002,vibration_mm_s,2026-01-21 06:00:00+00:00,3.28,mm/s,EQ-FAN-002|2026-01-21T06:00:00Z|vibration_mm_s,intervention,medium,2026-01-20 13:20:00+00:00,2026-01-24 16:07:00+00:00
EVT-2026S1-X011,EQ-FAN-304,rpm,2026-01-21 06:00:00+00:00,1533.89,rpm,EQ-FAN-304|2026-01-21T06:00:00Z|rpm,incident,low,2026-01-18 07:11:00+00:00,2026-01-22 04:57:00+00:00
EVT-2026S1-X011,EQ-FAN-304,vibration_mm_s,2026-01-21 06:00:00+00:00,2.55,mm/s,EQ-FAN-304|2026-01-21T06:00:00Z|vibration_mm_s,incident,low,2026-01-18 07:11:00+00:00,2026-01-22 04:57:00+00:00
EVT-2026S1-0012,EQ-FAN-002,current_a,2026-01-21 12:00:00+00:00,25.5,A,EQ-FAN-002|2026-01-21T12:00:00Z|current_a,intervention,medium,2026-01-20 13:20:00+00:00,2026-01-24 16:07:00+00:00
EVT-2026S1-0012,EQ-FAN-002,rpm,2026-01-21 12:00:00+00:00,1291.35,rpm,EQ-FAN-002|2026-01-21T12:00:00Z|rpm,intervention,medium,2026-01-20 13:20:00+00:00,2026-01-24 16:07:00+00:00
EVT-2026S1-0012,EQ-FAN-002,vibration_mm_s,2026-01-21 12:00:00+00:00,3.06,mm/s,EQ-FAN-002|2026-01-21T12:00:00Z|vibration_mm_s,intervention,medium,2026-01-20 13:20:00+00:00,2026-01-24 16:07:00+00:00
EVT-2026S1-X011,EQ-FAN-304,rpm,2026-01-21 12:00:00+00:00,1585.85,rpm,EQ-FAN-304|2026-01-21T12:00:00Z|rpm,incident,low,2026-01-18 07:11:00+00:00,2026-01-22 04:57:00+00:00
EVT-2026S1-X011,EQ-FAN-304,vibration_mm_s,2026-01-21 12:00:00+00:00,2.64,mm/s,EQ-FAN-304|2026-01-21T12:00:00Z|vibration_mm_s,incident,low,2026-01-18 07:11:00+00:00,2026-01-22 04:57:00+00:00
EVT-2026S1-0012,EQ-FAN-002,current_a,2026-01-21 18:00:00+00:00,25.67,A,EQ-FAN-002|2026-01-21T18:00:00Z|current_a,intervention,medium,2026-01-20 13:20:00+00:00,2026-01-24 16:07:00+00:00
EVT-2026S1-0012,EQ-FAN-002,rpm,2026-01-21 18:00:00+00:00,1258.85,rpm,EQ-FAN-002|2026-01-21T18:00:00Z|rpm,intervention,medium,2026-01-20 13:20:00+00:00,2026-01-24 16:07:00+00:00
EVT-2026S1-0012,EQ-FAN-002,vibration_mm_s,2026-01-21 18:00:00+00:00,2.35,mm/s,EQ-FAN-002|2026-01-21T18:00:00Z|vibration_mm_s,intervention,medium,2026-01-20 13:20:00+00:00,2026-01-24 16:07:00+00:00
EVT-2026S1-X011,EQ-FAN-304,rpm,2026-01-21 18:00:00+00:00,1581.18,rpm,EQ-FAN-304|2026-01-21T18:00:00Z|rpm,incident,low,2026-01-18 07:11:00+00:00,2026-01-22 04:57:00+00:00
EVT-2026S1-X011,EQ-FAN-304,vibration_mm_s,2026-01-21 18:00:00+00:00,2.67,mm/s,EQ-FAN-304|2026-01-21T18:00:00Z|vibration_mm_s,incident,low,2026-01-18 07:11:00+00:00,2026-01-22 04:57:00+00:00
EVT-2026S1-0193,EQ-OVEN-123,current_a,2026-01-21 18:00:00+00:00,22.61,A,EQ-OVEN-123|2026-01-21T18:00:00Z|current_a,observation,low,2026-01-21 14:33:00+00:00,2026-01-25 12:33:00+00:00
EVT-2026S1-0193,EQ-OVEN-123,temperature_c,2026-01-21 18:00:00+00:00,63.37,°C,EQ-OVEN-123|2026-01-21T18:00:00Z|temperature_c,observation,low,2026-01-21 14:33:00+00:00,2026-01-25 12:33:00+00:00
EVT-2026S1-0012,EQ-FAN-002,current_a,2026-01-22 00:00:00+00:00,22.88,A,EQ-FAN-002|2026-01-22T00:00:00Z|current_a,intervention,medium,2026-01-20 13:20:00+00:00,2026-01-24 16:07:00+00:00
EVT-2026S1-0012,EQ-FAN-002,rpm,2026-01-22 00:00:00+00:00,1205.73,rpm,EQ-FAN-002|2026-01-22T00:00:00Z|rpm,intervention,medium,2026-01-20 13:20:00+00:00,2026-01-24 16:07:00+00:00
EVT-2026S1-0012,EQ-FAN-002,vibration_mm_s,2026-01-22 00:00:00+00:00,3.11,mm/s,EQ-FAN-002|2026-01-22T00:00:00Z|vibration_mm_s,intervention,medium,2026-01-20 13:20:00+00:00,2026-01-24 16:07:00+00:00
EVT-2026S1-X011,EQ-FAN-304,rpm,2026-01-22 00:00:00+00:00,1484.04,rpm,EQ-FAN-304|2026-01-22T00:00:00Z|rpm,incident,low,2026-01-18 07:11:00+00:00,2026-01-22 04:57:00+00:00
EVT-2026S1-X011,EQ-FAN-304,vibration_mm_s,2026-01-22 00:00:00+00:00,2.08,mm/s,EQ-FAN-304|2026-01-22T00:00:00Z|vibration_mm_s,incident,low,2026-01-18 07:11:00+00:00,2026-01-22 04:57:00+00:00
EVT-2026S1-0193,EQ-OVEN-123,current_a,2026-01-22 00:00:00+00:00,24.3,A,EQ-OVEN-123|2026-01-22T00:00:00Z|current_a,observation,low,2026-01-21 14:33:00+00:00,2026-01-25 12:33:00+00:00
EVT-2026S1-0193,EQ-OVEN-123,temperature_c,2026-01-22 00:00:00+00:00,58.23,°C,EQ-OVEN-123|2026-01-22T00:00:00Z|temperature_c,observation,low,2026-01-21 14:33:00+00:00,2026-01-25 12:33:00+00:00
EVT-2026S1-0078,EQ-ROBOT-358,current_a,2026-01-22 00:00:00+00:00,22.75,A,EQ-ROBOT-358|2026-01-22T00:00:00Z|current_a,intervention,medium,2026-01-21 22:34:00+00:00,2026-01-25 01:36:00+00:00
EVT-2026S1-0078,EQ-ROBOT-358,vibration_mm_s,2026-01-22 00:00:00+00:00,2.74,mm/s,EQ-ROBOT-358|2026-01-22T00:00:00Z|vibration_mm_s,intervention,medium,2026-01-21 22:34:00+00:00,2026-01-25 01:36:00+00:00
EVT-2026S1-0040,EQ-CONV-003,current_a,2026-01-22 06:00:00+00:00,21.2,A,EQ-CONV-003|2026-01-22T06:00:00Z|current_a,observation,medium,2026-01-22 05:44:00+00:00,2026-01-25 06:52:00+00:00
EVT-2026S1-0040,EQ-CONV-003,rpm,2026-01-22 06:00:00+00:00,1271.96,rpm,EQ-CONV-003|2026-01-22T06:00:00Z|rpm,observation,medium,2026-01-22 05:44:00+00:00,2026-01-25 06:52:00+00:00
EVT-2026S1-0012,EQ-FAN-002,current_a,2026-01-22 06:00:00+00:00,21.95,A,EQ-FAN-002|2026-01-22T06:00:00Z|current_a,intervention,medium,2026-01-20 13:20:00+00:00,2026-01-24 16:07:00+00:00
EVT-2026S1-0012,EQ-FAN-002,rpm,2026-01-22 06:00:00+00:00,1261.21,rpm,EQ-FAN-002|2026-01-22T06:00:00Z|rpm,intervention,medium,2026-01-20 13:20:00+00:00,2026-01-24 16:07:00+00:00
EVT-2026S1-0012,EQ-FAN-002,vibration_mm_s,2026-01-22 06:00:00+00:00,3.41,mm/s,EQ-FAN-002|2026-01-22T06:00:00Z|vibration_mm_s,intervention,medium,2026-01-20 13:20:00+00:00,2026-01-24 16:07:00+00:00
EVT-2026S1-0369,EQ-MIX-259,current_a,2026-01-22 06:00:00+00:00,21.49,A,EQ-MIX-259|2026-01-22T06:00:00Z|current_a,incident,medium,2026-01-22 01:15:00+00:00,2026-01-26 11:38:00+00:00
EVT-2026S1-0369,EQ-MIX-259,vibration_mm_s,2026-01-22 06:00:00+00:00,2.24,mm/s,EQ-MIX-259|2026-01-22T06:00:00Z|vibration_mm_s,incident,medium,2026-01-22 01:15:00+00:00,2026-01-26 11:38:00+00:00
EVT-2026S1-0193,EQ-OVEN-123,current_a,2026-01-22 06:00:00+00:00,27.37,A,EQ-OVEN-123|2026-01-22T06:00:00Z|current_a,observation,low,2026-01-21 14:33:00+00:00,2026-01-25 12:33:00+00:00
EVT-2026S1-0193,EQ-OVEN-123,temperature_c,2026-01-22 06:00:00+00:00,55.49,°C,EQ-OVEN-123|2026-01-22T06:00:00Z|temperature_c,observation,low,2026-01-21 14:33:00+00:00,2026-01-25 12:33:00+00:00
EVT-2026S1-0078,EQ-ROBOT-358,current_a,2026-01-22 06:00:00+00:00,20.2,A,EQ-ROBOT-358|2026-01-22T06:00:00Z|current_a,intervention,medium,2026-01-21 22:34:00+00:00,2026-01-25 01:36:00+00:00
EVT-2026S1-0078,EQ-ROBOT-358,vibration_mm_s,2026-01-22 06:00:00+00:00,3.47,mm/s,EQ-ROBOT-358|2026-01-22T06:00:00Z|vibration_mm_s,intervention,medium,2026-01-21 22:34:00+00:00,2026-01-25 01:36:00+00:00
EVT-2026S1-0040,EQ-CONV-003,current_a,2026-01-22 12:00:00+00:00,23.47,A,EQ-CONV-003|2026-01-22T12:00:00Z|current_a,observation,medium,2026-01-22 05:44:00+00:00,2026-01-25 06:52:00+00:00
EVT-2026S1-0040,EQ-CONV-003,rpm,2026-01-22 12:00:00+00:00,1295.9,rpm,EQ-CONV-003|2026-01-22T12:00:00Z|rpm,observation,medium,2026-01-22 05:44:00+00:00,2026-01-25 06:52:00+00:00
EVT-2026S1-0012,EQ-FAN-002,current_a,2026-01-22 12:00:00+00:00,26.16,A,EQ-FAN-002|2026-01-22T12:00:00Z|current_a,intervention,medium,2026-01-20 13:20:00+00:00,2026-01-24 16:07:00+00:00
EVT-2026S1-0012,EQ-FAN-002,rpm,2026-01-22 12:00:00+00:00,1302.78,rpm,EQ-FAN-002|2026-01-22T12:00:00Z|rpm,intervention,medium,2026-01-20 13:20:00+00:00,2026-01-24 16:07:00+00:00
EVT-2026S1-0012,EQ-FAN-002,vibration_mm_s,2026-01-22 12:00:00+00:00,2.79,mm/s,EQ-FAN-002|2026-01-22T12:00:00Z|vibration_mm_s,intervention,medium,2026-01-20 13:20:00+00:00,2026-01-24 16:07:00+00:00
EVT-2026S1-0369,EQ-MIX-259,current_a,2026-01-22 12:00:00+00:00,19.4,A,EQ-MIX-259|2026-01-22T12:00:00Z|current_a,incident,medium,2026-01-22 01:15:00+00:00,2026-01-26 11:38:00+00:00
EVT-2026S1-0369,EQ-MIX-259,vibration_mm_s,2026-01-22 12:00:00+00:00,2.8,mm/s,EQ-MIX-259|2026-01-22T12:00:00Z|vibration_mm_s,incident,medium,2026-01-22 01:15:00+00:00,2026-01-26 11:38:00+00:00
EVT-2026S1-0193,EQ-OVEN-123,current_a,2026-01-22 12:00:00+00:00,25.17,A,EQ-OVEN-123|2026-01-22T12:00:00Z|current_a,observation,low,2026-01-21 14:33:00+00:00,2026-01-25 12:33:00+00:00
EVT-2026S1-0193,EQ-OVEN-123,temperature_c,2026-01-22 12:00:00+00:00,59.71,°C,EQ-OVEN-123|2026-01-22T12:00:00Z|temperature_c,observation,low,2026-01-21 14:33:00+00:00,2026-01-25 12:33:00+00:00
EVT-2026S1-0078,EQ-ROBOT-358,current_a,2026-01-22 12:00:00+00:00,19.39,A,EQ-ROBOT-358|2026-01-22T12:00:00Z|current_a,intervention,medium,2026-01-21 22:34:00+00:00,2026-01-25 01:36:00+00:00
EVT-2026S1-0078,EQ-ROBOT-358,vibration_mm_s,2026-01-22 12:00:00+00:00,2.62,mm/s,EQ-ROBOT-358|2026-01-22T12:00:00Z|vibration_mm_s,intervention,medium,2026-01-21 22:34:00+00:00,2026-01-25 01:36:00+00:00
EVT-2026S1-0040,EQ-CONV-003,current_a,2026-01-22 18:00:00+00:00,18.93,A,EQ-CONV-003|2026-01-22T18:00:00Z|current_a,observation,medium,2026-01-22 05:44:00+00:00,2026-01-25 06:52:00+00:00
EVT-2026S1-0040,EQ-CONV-003,rpm,2026-01-22 18:00:00+00:00,1319.97,rpm,EQ-CONV-003|2026-01-22T18:00:00Z|rpm,observation,medium,2026-01-22 05:44:00+00:00,2026-01-25 06:52:00+00:00
EVT-2026S1-0012,EQ-FAN-002,current_a,2026-01-22 18:00:00+00:00,24.38,A,EQ-FAN-002|2026-01-22T18:00:00Z|current_a,intervention,medium,2026-01-20 13:20:00+00:00,2026-01-24 16:07:00+00:00
EVT-2026S1-0012,EQ-FAN-002,rpm,2026-01-22 18:00:00+00:00,1248.69,rpm,EQ-FAN-002|2026-01-22T18:00:00Z|rpm,intervention,medium,2026-01-20 13:20:00+00:00,2026-01-24 16:07:00+00:00
EVT-2026S1-0012,EQ-FAN-002,vibration_mm_s,2026-01-22 18:00:00+00:00,2.51,mm/s,EQ-FAN-002|2026-01-22T18:00:00Z|vibration_mm_s,intervention,medium,2026-01-20 13:20:00+00:00,2026-01-24 16:07:00+00:00
EVT-2026S1-0369,EQ-MIX-259,current_a,2026-01-22 18:00:00+00:00,23.32,A,EQ-MIX-259|2026-01-22T18:00:00Z|current_a,incident,medium,2026-01-22 01:15:00+00:00,2026-01-26 11:38:00+00:00
EVT-2026S1-0369,EQ-MIX-259,vibration_mm_s,2026-01-22 18:00:00+00:00,2.71,mm/s,EQ-MIX-259|2026-01-22T18:00:00Z|vibration_mm_s,incident,medium,2026-01-22 01:15:00+00:00,2026-01-26 11:38:00+00:00
EVT-2026S1-0193,EQ-OVEN-123,current_a,2026-01-22 18:00:00+00:00,20.67,A,EQ-OVEN-123|2026-01-22T18:00:00Z|current_a,observation,low,2026-01-21 14:33:00+00:00,2026-01-25 12:33:00+00:00
EVT-2026S1-0193,EQ-OVEN-123,temperature_c,2026-01-22 18:00:00+00:00,64.45,°C,EQ-OVEN-123|2026-01-22T18:00:00Z|temperature_c,observation,low,2026-01-21 14:33:00+00:00,2026-01-25 12:33:00+00:00
EVT-2026S1-0078,EQ-ROBOT-358,current_a,2026-01-22 18:00:00+00:00,21.29,A,EQ-ROBOT-358|2026-01-22T18:00:00Z|current_a,intervention,medium,2026-01-21 22:34:00+00:00,2026-01-25 01:36:00+00:00
EVT-2026S1-0078,EQ-ROBOT-358,vibration_mm_s,2026-01-22 18:00:00+00:00,2.57,mm/s,EQ-ROBOT-358|2026-01-22T18:00:00Z|vibration_mm_s,intervention,medium,2026-01-21 22:34:00+00:00,2026-01-25 01:36:00+00:00
EVT-2026S1-0040,EQ-CONV-003,current_a,2026-01-23 00:00:00+00:00,19.24,A,EQ-CONV-003|2026-01-23T00:00:00Z|current_a,observation,medium,2026-01-22 05:44:00+00:00,2026-01-25 06:52:00+00:00
EVT-2026S1-0040,EQ-CONV-003,rpm,2026-01-23 00:00:00+00:00,1270.46,rpm,EQ-CONV-003|2026-01-23T00:00:00Z|rpm,observation,medium,2026-01-22 05:44:00+00:00,2026-01-25 06:52:00+00:00
EVT-2026S1-0012,EQ-FAN-002,current_a,2026-01-23 00:00:00+00:00,21.19,A,EQ-FAN-002|2026-01-23T00:00:00Z|current_a,intervention,medium,2026-01-20 13:20:00+00:00,2026-01-24 16:07:00+00:00
EVT-2026S1-0012,EQ-FAN-002,rpm,2026-01-23 00:00:00+00:00,1165.85,rpm,EQ-FAN-002|2026-01-23T00:00:00Z|rpm,intervention,medium,2026-01-20 13:20:00+00:00,2026-01-24 16:07:00+00:00
EVT-2026S1-0012,EQ-FAN-002,vibration_mm_s,2026-01-23 00:00:00+00:00,3.16,mm/s,EQ-FAN-002|2026-01-23T00:00:00Z|vibration_mm_s,intervention,medium,2026-01-20 13:20:00+00:00,2026-01-24 16:07:00+00:00
EVT-2026S1-0369,EQ-MIX-259,current_a,2026-01-23 00:00:00+00:00,25.6,A,EQ-MIX-259|2026-01-23T00:00:00Z|current_a,incident,medium,2026-01-22 01:15:00+00:00,2026-01-26 11:38:00+00:00
EVT-2026S1-0369,EQ-MIX-259,vibration_mm_s,2026-01-23 00:00:00+00:00,2.58,mm/s,EQ-MIX-259|2026-01-23T00:00:00Z|vibration_mm_s,incident,medium,2026-01-22 01:15:00+00:00,2026-01-26 11:38:00+00:00
EVT-2026S1-0193,EQ-OVEN-123,current_a,2026-01-23 00:00:00+00:00,25.23,A,EQ-OVEN-123|2026-01-23T00:00:00Z|current_a,observation,low,2026-01-21 14:33:00+00:00,2026-01-25 12:33:00+00:00
EVT-2026S1-0193,EQ-OVEN-123,temperature_c,2026-01-23 00:00:00+00:00,57.5,°C,EQ-OVEN-123|2026-01-23T00:00:00Z|temperature_c,observation,low,2026-01-21 14:33:00+00:00,2026-01-25 12:33:00+00:00
EVT-2026S1-0078,EQ-ROBOT-358,current_a,2026-01-23 00:00:00+00:00,23.65,A,EQ-ROBOT-358|2026-01-23T00:00:00Z|current_a,intervention,medium,2026-01-21 22:34:00+00:00,2026-01-25 01:36:00+00:00
EVT-2026S1-0078,EQ-ROBOT-358,vibration_mm_s,2026-01-23 00:00:00+00:00,2.74,mm/s,EQ-ROBOT-358|2026-01-23T00:00:00Z|vibration_mm_s,intervention,medium,2026-01-21 22:34:00+00:00,2026-01-25 01:36:00+00:00
EVT-2026S1-0040,EQ-CONV-003,current_a,2026-01-23 06:00:00+00:00,22.13,A,EQ-CONV-003|2026-01-23T06:00:00Z|current_a,observation,medium,2026-01-22 05:44:00+00:00,2026-01-25 06:52:00+00:00
EVT-2026S1-0040,EQ-CONV-003,rpm,2026-01-23 06:00:00+00:00,1258.6,rpm,EQ-CONV-003|2026-01-23T06:00:00Z|rpm,observation,medium,2026-01-22 05:44:00+00:00,2026-01-25 06:52:00+00:00
EVT-2026S1-0012,EQ-FAN-002,current_a,2026-01-23 06:00:00+00:00,23.7,A,EQ-FAN-002|2026-01-23T06:00:00Z|current_a,intervention,medium,2026-01-20 13:20:00+00:00,2026-01-24 16:07:00+00:00
EVT-2026S1-0012,EQ-FAN-002,rpm,2026-01-23 06:00:00+00:00,1244.16,rpm,EQ-FAN-002|2026-01-23T06:00:00Z|rpm,intervention,medium,2026-01-20 13:20:00+00:00,2026-01-24 16:07:00+00:00
EVT-2026S1-0012,EQ-FAN-002,vibration_mm_s,2026-01-23 06:00:00+00:00,3.38,mm/s,EQ-FAN-002|2026-01-23T06:00:00Z|vibration_mm_s,intervention,medium,2026-01-20 13:20:00+00:00,2026-01-24 16:07:00+00:00
EVT-2026S1-0369,EQ-MIX-259,current_a,2026-01-23 06:00:00+00:00,21.81,A,EQ-MIX-259|2026-01-23T06:00:00Z|current_a,incident,medium,2026-01-22 01:15:00+00:00,2026-01-26 11:38:00+00:00
EVT-2026S1-0369,EQ-MIX-259,vibration_mm_s,2026-01-23 06:00:00+00:00,2.63,mm/s,EQ-MIX-259|2026-01-23T06:00:00Z|vibration_mm_s,incident,medium,2026-01-22 01:15:00+00:00,2026-01-26 11:38:00+00:00
EVT-2026S1-0193,EQ-OVEN-123,current_a,2026-01-23 06:00:00+00:00,27.26,A,EQ-OVEN-123|2026-01-23T06:00:00Z|current_a,observation,low,2026-01-21 14:33:00+00:00,2026-01-25 12:33:00+00:00
EVT-2026S1-0193,EQ-OVEN-123,temperature_c,2026-01-23 06:00:00+00:00,50.95,°C,EQ-OVEN-123|2026-01-23T06:00:00Z|temperature_c,observation,low,2026-01-21 14:33:00+00:00,2026-01-25 12:33:00+00:00
EVT-2026S1-0078,EQ-ROBOT-358,current_a,2026-01-23 06:00:00+00:00,19.37,A,EQ-ROBOT-358|2026-01-23T06:00:00Z|current_a,intervention,medium,2026-01-21 22:34:00+00:00,2026-01-25 01:36:00+00:00
EVT-2026S1-0078,EQ-ROBOT-358,vibration_mm_s,2026-01-23 06:00:00+00:00,3.24,mm/s,EQ-ROBOT-358|2026-01-23T06:00:00Z|vibration_mm_s,intervention,medium,2026-01-21 22:34:00+00:00,2026-01-25 01:36:00+00:00
EVT-2026S1-0040,EQ-CONV-003,current_a,2026-01-23 12:00:00+00:00,22.94,A,EQ-CONV-003|2026-01-23T12:00:00Z|current_a,observation,medium,2026-01-22 05:44:00+00:00,2026-01-25 06:52:00+00:00
EVT-2026S1-0040,EQ-CONV-003,rpm,2026-01-23 12:00:00+00:00,1318.45,rpm,EQ-CONV-003|2026-01-23T12:00:00Z|rpm,observation,medium,2026-01-22 05:44:00+00:00,2026-01-25 06:52:00+00:00
EVT-2026S1-0012,EQ-FAN-002,current_a,2026-01-23 12:00:00+00:00,24.86,A,EQ-FAN-002|2026-01-23T12:00:00Z|current_a,intervention,medium,2026-01-20 13:20:00+00:00,2026-01-24 16:07:00+00:00
EVT-2026S1-0012,EQ-FAN-002,rpm,2026-01-23 12:00:00+00:00,1271.56,rpm,EQ-FAN-002|2026-01-23T12:00:00Z|rpm,intervention,medium,2026-01-20 13:20:00+00:00,2026-01-24 16:07:00+00:00
EVT-2026S1-0012,EQ-FAN-002,vibration_mm_s,2026-01-23 12:00:00+00:00,2.81,mm/s,EQ-FAN-002|2026-01-23T12:00:00Z|vibration_mm_s,intervention,medium,2026-01-20 13:20:00+00:00,2026-01-24 16:07:00+00:00
EVT-2026S1-0369,EQ-MIX-259,current_a,2026-01-23 12:00:00+00:00,19.16,A,EQ-MIX-259|2026-01-23T12:00:00Z|current_a,incident,medium,2026-01-22 01:15:00+00:00,2026-01-26 11:38:00+00:00
EVT-2026S1-0369,EQ-MIX-259,vibration_mm_s,2026-01-23 12:00:00+00:00,2.67,mm/s,EQ-MIX-259|2026-01-23T12:00:00Z|vibration_mm_s,incident,medium,2026-01-22 01:15:00+00:00,2026-01-26 11:38:00+00:00
EVT-2026S1-0193,EQ-OVEN-123,current_a,2026-01-23 12:00:00+00:00,23.52,A,EQ-OVEN-123|2026-01-23T12:00:00Z|current_a,observation,low,2026-01-21 14:33:00+00:00,2026-01-25 12:33:00+00:00
EVT-2026S1-0193,EQ-OVEN-123,temperature_c,2026-01-23 12:00:00+00:00,60.68,°C,EQ-OVEN-123|2026-01-23T12:00:00Z|temperature_c,observation,low,2026-01-21 14:33:00+00:00,2026-01-25 12:33:00+00:00
EVT-2026S1-0078,EQ-ROBOT-358,current_a,2026-01-23 12:00:00+00:00,21.09,A,EQ-ROBOT-358|2026-01-23T12:00:00Z|current_a,intervention,medium,2026-01-21 22:34:00+00:00,2026-01-25 01:36:00+00:00
EVT-2026S1-0078,EQ-ROBOT-358,vibration_mm_s,2026-01-23 12:00:00+00:00,2.72,mm/s,EQ-ROBOT-358|2026-01-23T12:00:00Z|vibration_mm_s,intervention,medium,2026-01-21 22:34:00+00:00,2026-01-25 01:36:00+00:00
EVT-2026S1-0040,EQ-CONV-003,current_a,2026-01-23 18:00:00+00:00,21.11,A,EQ-CONV-003|2026-01-23T18:00:00Z|current_a,observation,medium,2026-01-22 05:44:00+00:00,2026-01-25 06:52:00+00:00
EVT-2026S1-0040,EQ-CONV-003,rpm,2026-01-23 18:00:00+00:00,1367.6,rpm,EQ-CONV-003|2026-01-23T18:00:00Z|rpm,observation,medium,2026-01-22 05:44:00+00:00,2026-01-25 06:52:00+00:00
EVT-2026S1-0012,EQ-FAN-002,current_a,2026-01-23 18:00:00+00:00,23.91,A,EQ-FAN-002|2026-01-23T18:00:00Z|current_a,intervention,medium,2026-01-20 13:20:00+00:00,2026-01-24 16:07:00+00:00
EVT-2026S1-0012,EQ-FAN-002,rpm,2026-01-23 18:00:00+00:00,1263.94,rpm,EQ-FAN-002|2026-01-23T18:00:00Z|rpm,intervention,medium,2026-01-20 13:20:00+00:00,2026-01-24 16:07:00+00:00
EVT-2026S1-0012,EQ-FAN-002,vibration_mm_s,2026-01-23 18:00:00+00:00,2.88,mm/s,EQ-FAN-002|2026-01-23T18:00:00Z|vibration_mm_s,intervention,medium,2026-01-20 13:20:00+00:00,2026-01-24 16:07:00+00:00
EVT-2026S1-0369,EQ-MIX-259,current_a,2026-01-23 18:00:00+00:00,23.59,A,EQ-MIX-259|2026-01-23T18:00:00Z|current_a,incident,medium,2026-01-22 01:15:00+00:00,2026-01-26 11:38:00+00:00
EVT-2026S1-0369,EQ-MIX-259,vibration_mm_s,2026-01-23 18:00:00+00:00,3.33,mm/s,EQ-MIX-259|2026-01-23T18:00:00Z|vibration_mm_s,incident,medium,2026-01-22 01:15:00+00:00,2026-01-26 11:38:00+00:00
EVT-2026S1-0193,EQ-OVEN-123,current_a,2026-01-23 18:00:00+00:00,22.13,A,EQ-OVEN-123|2026-01-23T18:00:00Z|current_a,observation,low,2026-01-21 14:33:00+00:00,2026-01-25 12:33:00+00:00
EVT-2026S1-0193,EQ-OVEN-123,temperature_c,2026-01-23 18:00:00+00:00,60.81,°C,EQ-OVEN-123|2026-01-23T18:00:00Z|temperature_c,observation,low,2026-01-21 14:33:00+00:00,2026-01-25 12:33:00+00:00
EVT-2026S1-0078,EQ-ROBOT-358,current_a,2026-01-23 18:00:00+00:00,23.19,A,EQ-ROBOT-358|2026-01-23T18:00:00Z|current_a,intervention,medium,2026-01-21 22:34:00+00:00,2026-01-25 01:36:00+00:00
EVT-2026S1-0078,EQ-ROBOT-358,vibration_mm_s,2026-01-23 18:00:00+00:00,2.46,mm/s,EQ-ROBOT-358|2026-01-23T18:00:00Z|vibration_mm_s,intervention,medium,2026-01-21 22:34:00+00:00,2026-01-25 01:36:00+00:00
EVT-2026S1-0494,EQ-CAB-134,current_a,2026-01-24 00:00:00+00:00,23.3,A,EQ-CAB-134|2026-01-24T00:00:00Z|current_a,intervention,critical,2026-01-23 19:27:00+00:00,2026-01-26 19:52:00+00:00
EVT-2026S1-0494,EQ-CAB-134,temperature_c,2026-01-24 00:00:00+00:00,57.37,°C,EQ-CAB-134|2026-01-24T00:00:00Z|temperature_c,intervention,critical,2026-01-23 19:27:00+00:00,2026-01-26 19:52:00+00:00
EVT-2026S1-0040,EQ-CONV-003,current_a,2026-01-24 00:00:00+00:00,17.76,A,EQ-CONV-003|2026-01-24T00:00:00Z|current_a,observation,medium,2026-01-22 05:44:00+00:00,2026-01-25 06:52:00+00:00
EVT-2026S1-0040,EQ-CONV-003,rpm,2026-01-24 00:00:00+00:00,1290.23,rpm,EQ-CONV-003|2026-01-24T00:00:00Z|rpm,observation,medium,2026-01-22 05:44:00+00:00,2026-01-25 06:52:00+00:00
EVT-2026S1-0012,EQ-FAN-002,current_a,2026-01-24 00:00:00+00:00,21.3,A,EQ-FAN-002|2026-01-24T00:00:00Z|current_a,intervention,medium,2026-01-20 13:20:00+00:00,2026-01-24 16:07:00+00:00
EVT-2026S1-0012,EQ-FAN-002,rpm,2026-01-24 00:00:00+00:00,1205.19,rpm,EQ-FAN-002|2026-01-24T00:00:00Z|rpm,intervention,medium,2026-01-20 13:20:00+00:00,2026-01-24 16:07:00+00:00
EVT-2026S1-0012,EQ-FAN-002,vibration_mm_s,2026-01-24 00:00:00+00:00,2.9,mm/s,EQ-FAN-002|2026-01-24T00:00:00Z|vibration_mm_s,intervention,medium,2026-01-20 13:20:00+00:00,2026-01-24 16:07:00+00:00
EVT-2026S1-0369,EQ-MIX-259,current_a,2026-01-24 00:00:00+00:00,23.29,A,EQ-MIX-259|2026-01-24T00:00:00Z|current_a,incident,medium,2026-01-22 01:15:00+00:00,2026-01-26 11:38:00+00:00
EVT-2026S1-0369,EQ-MIX-259,vibration_mm_s,2026-01-24 00:00:00+00:00,2.35,mm/s,EQ-MIX-259|2026-01-24T00:00:00Z|vibration_mm_s,incident,medium,2026-01-22 01:15:00+00:00,2026-01-26 11:38:00+00:00
EVT-2026S1-0193,EQ-OVEN-123,current_a,2026-01-24 00:00:00+00:00,24.28,A,EQ-OVEN-123|2026-01-24T00:00:00Z|current_a,observation,low,2026-01-21 14:33:00+00:00,2026-01-25 12:33:00+00:00
EVT-2026S1-0193,EQ-OVEN-123,temperature_c,2026-01-24 00:00:00+00:00,54.29,°C,EQ-OVEN-123|2026-01-24T00:00:00Z|temperature_c,observation,low,2026-01-21 14:33:00+00:00,2026-01-25 12:33:00+00:00
EVT-2026S1-0078,EQ-ROBOT-358,current_a,2026-01-24 00:00:00+00:00,20.97,A,EQ-ROBOT-358|2026-01-24T00:00:00Z|current_a,intervention,medium,2026-01-21 22:34:00+00:00,2026-01-25 01:36:00+00:00
EVT-2026S1-0078,EQ-ROBOT-358,vibration_mm_s,2026-01-24 00:00:00+00:00,3.08,mm/s,EQ-ROBOT-358|2026-01-24T00:00:00Z|vibration_mm_s,intervention,medium,2026-01-21 22:34:00+00:00,2026-01-25 01:36:00+00:00
EVT-2026S1-0494,EQ-CAB-134,current_a,2026-01-24 06:00:00+00:00,24.11,A,EQ-CAB-134|2026-01-24T06:00:00Z|current_a,intervention,critical,2026-01-23 19:27:00+00:00,2026-01-26 19:52:00+00:00
EVT-2026S1-0494,EQ-CAB-134,temperature_c,2026-01-24 06:00:00+00:00,52.12,°C,EQ-CAB-134|2026-01-24T06:00:00Z|temperature_c,intervention,critical,2026-01-23 19:27:00+00:00,2026-01-26 19:52:00+00:00
EVT-2026S1-0040,EQ-CONV-003,current_a,2026-01-24 06:00:00+00:00,21.46,A,EQ-CONV-003|2026-01-24T06:00:00Z|current_a,observation,medium,2026-01-22 05:44:00+00:00,2026-01-25 06:52:00+00:00
EVT-2026S1-0040,EQ-CONV-003,rpm,2026-01-24 06:00:00+00:00,1223.39,rpm,EQ-CONV-003|2026-01-24T06:00:00Z|rpm,observation,medium,2026-01-22 05:44:00+00:00,2026-01-25 06:52:00+00:00
EVT-2026S1-0012,EQ-FAN-002,current_a,2026-01-24 06:00:00+00:00,21.39,A,EQ-FAN-002|2026-01-24T06:00:00Z|current_a,intervention,medium,2026-01-20 13:20:00+00:00,2026-01-24 16:07:00+00:00
EVT-2026S1-0012,EQ-FAN-002,rpm,2026-01-24 06:00:00+00:00,1241.22,rpm,EQ-FAN-002|2026-01-24T06:00:00Z|rpm,intervention,medium,2026-01-20 13:20:00+00:00,2026-01-24 16:07:00+00:00
EVT-2026S1-0012,EQ-FAN-002,vibration_mm_s,2026-01-24 06:00:00+00:00,2.97,mm/s,EQ-FAN-002|2026-01-24T06:00:00Z|vibration_mm_s,intervention,medium,2026-01-20 13:20:00+00:00,2026-01-24 16:07:00+00:00
EVT-2026S1-0369,EQ-MIX-259,current_a,2026-01-24 06:00:00+00:00,20.31,A,EQ-MIX-259|2026-01-24T06:00:00Z|current_a,incident,medium,2026-01-22 01:15:00+00:00,2026-01-26 11:38:00+00:00
EVT-2026S1-0369,EQ-MIX-259,vibration_mm_s,2026-01-24 06:00:00+00:00,2.74,mm/s,EQ-MIX-259|2026-01-24T06:00:00Z|vibration_mm_s,incident,medium,2026-01-22 01:15:00+00:00,2026-01-26 11:38:00+00:00
EVT-2026S1-0193,EQ-OVEN-123,current_a,2026-01-24 06:00:00+00:00,24.99,A,EQ-OVEN-123|2026-01-24T06:00:00Z|current_a,observation,low,2026-01-21 14:33:00+00:00,2026-01-25 12:33:00+00:00
EVT-2026S1-0193,EQ-OVEN-123,temperature_c,2026-01-24 06:00:00+00:00,53.36,°C,EQ-OVEN-123|2026-01-24T06:00:00Z|temperature_c,observation,low,2026-01-21 14:33:00+00:00,2026-01-25 12:33:00+00:00
EVT-2026S1-0078,EQ-ROBOT-358,current_a,2026-01-24 06:00:00+00:00,18.76,A,EQ-ROBOT-358|2026-01-24T06:00:00Z|current_a,intervention,medium,2026-01-21 22:34:00+00:00,2026-01-25 01:36:00+00:00
EVT-2026S1-0078,EQ-ROBOT-358,vibration_mm_s,2026-01-24 06:00:00+00:00,2.72,mm/s,EQ-ROBOT-358|2026-01-24T06:00:00Z|vibration_mm_s,intervention,medium,2026-01-21 22:34:00+00:00,2026-01-25 01:36:00+00:00
EVT-2026S1-0494,EQ-CAB-134,current_a,2026-01-24 12:00:00+00:00,18.87,A,EQ-CAB-134|2026-01-24T12:00:00Z|current_a,intervention,critical,2026-01-23 19:27:00+00:00,2026-01-26 19:52:00+00:00
EVT-2026S1-0494,EQ-CAB-134,temperature_c,2026-01-24 12:00:00+00:00,52.86,°C,EQ-CAB-134|2026-01-24T12:00:00Z|temperature_c,intervention,critical,2026-01-23 19:27:00+00:00,2026-01-26 19:52:00+00:00
EVT-2026S1-0040,EQ-CONV-003,current_a,2026-01-24 12:00:00+00:00,22.35,A,EQ-CONV-003|2026-01-24T12:00:00Z|current_a,observation,medium,2026-01-22 05:44:00+00:00,2026-01-25 06:52:00+00:00
EVT-2026S1-0040,EQ-CONV-003,rpm,2026-01-24 12:00:00+00:00,1278.33,rpm,EQ-CONV-003|2026-01-24T12:00:00Z|rpm,observation,medium,2026-01-22 05:44:00+00:00,2026-01-25 06:52:00+00:00
EVT-2026S1-0012,EQ-FAN-002,current_a,2026-01-24 12:00:00+00:00,24.78,A,EQ-FAN-002|2026-01-24T12:00:00Z|current_a,intervention,medium,2026-01-20 13:20:00+00:00,2026-01-24 16:07:00+00:00
EVT-2026S1-0012,EQ-FAN-002,rpm,2026-01-24 12:00:00+00:00,1266.09,rpm,EQ-FAN-002|2026-01-24T12:00:00Z|rpm,intervention,medium,2026-01-20 13:20:00+00:00,2026-01-24 16:07:00+00:00
EVT-2026S1-0012,EQ-FAN-002,vibration_mm_s,2026-01-24 12:00:00+00:00,2.63,mm/s,EQ-FAN-002|2026-01-24T12:00:00Z|vibration_mm_s,intervention,medium,2026-01-20 13:20:00+00:00,2026-01-24 16:07:00+00:00
EVT-2026S1-0369,EQ-MIX-259,current_a,2026-01-24 12:00:00+00:00,19.94,A,EQ-MIX-259|2026-01-24T12:00:00Z|current_a,incident,medium,2026-01-22 01:15:00+00:00,2026-01-26 11:38:00+00:00
EVT-2026S1-0369,EQ-MIX-259,vibration_mm_s,2026-01-24 12:00:00+00:00,2.68,mm/s,EQ-MIX-259|2026-01-24T12:00:00Z|vibration_mm_s,incident,medium,2026-01-22 01:15:00+00:00,2026-01-26 11:38:00+00:00
EVT-2026S1-0193,EQ-OVEN-123,current_a,2026-01-24 12:00:00+00:00,24.45,A,EQ-OVEN-123|2026-01-24T12:00:00Z|current_a,observation,low,2026-01-21 14:33:00+00:00,2026-01-25 12:33:00+00:00
EVT-2026S1-0193,EQ-OVEN-123,temperature_c,2026-01-24 12:00:00+00:00,56.24,°C,EQ-OVEN-123|2026-01-24T12:00:00Z|temperature_c,observation,low,2026-01-21 14:33:00+00:00,2026-01-25 12:33:00+00:00
EVT-2026S1-0078,EQ-ROBOT-358,current_a,2026-01-24 12:00:00+00:00,19.22,A,EQ-ROBOT-358|2026-01-24T12:00:00Z|current_a,intervention,medium,2026-01-21 22:34:00+00:00,2026-01-25 01:36:00+00:00
EVT-2026S1-0078,EQ-ROBOT-358,vibration_mm_s,2026-01-24 12:00:00+00:00,2.58,mm/s,EQ-ROBOT-358|2026-01-24T12:00:00Z|vibration_mm_s,intervention,medium,2026-01-21 22:34:00+00:00,2026-01-25 01:36:00+00:00
EVT-2026S1-0494,EQ-CAB-134,current_a,2026-01-24 18:00:00+00:00,17.78,A,EQ-CAB-134|2026-01-24T18:00:00Z|current_a,intervention,critical,2026-01-23 19:27:00+00:00,2026-01-26 19:52:00+00:00
EVT-2026S1-0494,EQ-CAB-134,temperature_c,2026-01-24 18:00:00+00:00,55.01,°C,EQ-CAB-134|2026-01-24T18:00:00Z|temperature_c,intervention,critical,2026-01-23 19:27:00+00:00,2026-01-26 19:52:00+00:00
EVT-2026S1-0040,EQ-CONV-003,current_a,2026-01-24 18:00:00+00:00,18.8,A,EQ-CONV-003|2026-01-24T18:00:00Z|current_a,observation,medium,2026-01-22 05:44:00+00:00,2026-01-25 06:52:00+00:00
EVT-2026S1-0040,EQ-CONV-003,rpm,2026-01-24 18:00:00+00:00,1322.78,rpm,EQ-CONV-003|2026-01-24T18:00:00Z|rpm,observation,medium,2026-01-22 05:44:00+00:00,2026-01-25 06:52:00+00:00
EVT-2026S1-0369,EQ-MIX-259,current_a,2026-01-24 18:00:00+00:00,22.5,A,EQ-MIX-259|2026-01-24T18:00:00Z|current_a,incident,medium,2026-01-22 01:15:00+00:00,2026-01-26 11:38:00+00:00
EVT-2026S1-0369,EQ-MIX-259,vibration_mm_s,2026-01-24 18:00:00+00:00,2.98,mm/s,EQ-MIX-259|2026-01-24T18:00:00Z|vibration_mm_s,incident,medium,2026-01-22 01:15:00+00:00,2026-01-26 11:38:00+00:00
EVT-2026S1-0193,EQ-OVEN-123,current_a,2026-01-24 18:00:00+00:00,20.66,A,EQ-OVEN-123|2026-01-24T18:00:00Z|current_a,observation,low,2026-01-21 14:33:00+00:00,2026-01-25 12:33:00+00:00
EVT-2026S1-0193,EQ-OVEN-123,temperature_c,2026-01-24 18:00:00+00:00,63.77,°C,EQ-OVEN-123|2026-01-24T18:00:00Z|temperature_c,observation,low,2026-01-21 14:33:00+00:00,2026-01-25 12:33:00+00:00
EVT-2026S1-0078,EQ-ROBOT-358,current_a,2026-01-24 18:00:00+00:00,21.8,A,EQ-ROBOT-358|2026-01-24T18:00:00Z|current_a,intervention,medium,2026-01-21 22:34:00+00:00,2026-01-25 01:36:00+00:00
EVT-2026S1-0078,EQ-ROBOT-358,vibration_mm_s,2026-01-24 18:00:00+00:00,2.32,mm/s,EQ-ROBOT-358|2026-01-24T18:00:00Z|vibration_mm_s,intervention,medium,2026-01-21 22:34:00+00:00,2026-01-25 01:36:00+00:00
EVT-2026S1-0494,EQ-CAB-134,current_a,2026-01-25 00:00:00+00:00,21.35,A,EQ-CAB-134|2026-01-25T00:00:00Z|current_a,intervention,critical,2026-01-23 19:27:00+00:00,2026-01-26 19:52:00+00:00
EVT-2026S1-0494,EQ-CAB-134,temperature_c,2026-01-25 00:00:00+00:00,58.54,°C,EQ-CAB-134|2026-01-25T00:00:00Z|temperature_c,intervention,critical,2026-01-23 19:27:00+00:00,2026-01-26 19:52:00+00:00
EVT-2026S1-0040,EQ-CONV-003,current_a,2026-01-25 00:00:00+00:00,17.48,A,EQ-CONV-003|2026-01-25T00:00:00Z|current_a,observation,medium,2026-01-22 05:44:00+00:00,2026-01-25 06:52:00+00:00
EVT-2026S1-0040,EQ-CONV-003,rpm,2026-01-25 00:00:00+00:00,1284.31,rpm,EQ-CONV-003|2026-01-25T00:00:00Z|rpm,observation,medium,2026-01-22 05:44:00+00:00,2026-01-25 06:52:00+00:00
EVT-2026S1-0369,EQ-MIX-259,current_a,2026-01-25 00:00:00+00:00,23.83,A,EQ-MIX-259|2026-01-25T00:00:00Z|current_a,incident,medium,2026-01-22 01:15:00+00:00,2026-01-26 11:38:00+00:00
EVT-2026S1-0369,EQ-MIX-259,vibration_mm_s,2026-01-25 00:00:00+00:00,1.97,mm/s,EQ-MIX-259|2026-01-25T00:00:00Z|vibration_mm_s,incident,medium,2026-01-22 01:15:00+00:00,2026-01-26 11:38:00+00:00
EVT-2026S1-0193,EQ-OVEN-123,current_a,2026-01-25 00:00:00+00:00,23.75,A,EQ-OVEN-123|2026-01-25T00:00:00Z|current_a,observation,low,2026-01-21 14:33:00+00:00,2026-01-25 12:33:00+00:00
EVT-2026S1-0193,EQ-OVEN-123,temperature_c,2026-01-25 00:00:00+00:00,54.78,°C,EQ-OVEN-123|2026-01-25T00:00:00Z|temperature_c,observation,low,2026-01-21 14:33:00+00:00,2026-01-25 12:33:00+00:00
EVT-2026S1-0078,EQ-ROBOT-358,current_a,2026-01-25 00:00:00+00:00,22.36,A,EQ-ROBOT-358|2026-01-25T00:00:00Z|current_a,intervention,medium,2026-01-21 22:34:00+00:00,2026-01-25 01:36:00+00:00
EVT-2026S1-0078,EQ-ROBOT-358,vibration_mm_s,2026-01-25 00:00:00+00:00,3.1,mm/s,EQ-ROBOT-358|2026-01-25T00:00:00Z|vibration_mm_s,intervention,medium,2026-01-21 22:34:00+00:00,2026-01-25 01:36:00+00:00
EVT-2026S1-0494,EQ-CAB-134,current_a,2026-01-25 06:00:00+00:00,21.95,A,EQ-CAB-134|2026-01-25T06:00:00Z|current_a,intervention,critical,2026-01-23 19:27:00+00:00,2026-01-26 19:52:00+00:00
EVT-2026S1-0494,EQ-CAB-134,temperature_c,2026-01-25 06:00:00+00:00,49.78,°C,EQ-CAB-134|2026-01-25T06:00:00Z|temperature_c,intervention,critical,2026-01-23 19:27:00+00:00,2026-01-26 19:52:00+00:00
EVT-2026S1-0040,EQ-CONV-003,current_a,2026-01-25 06:00:00+00:00,20.72,A,EQ-CONV-003|2026-01-25T06:00:00Z|current_a,observation,medium,2026-01-22 05:44:00+00:00,2026-01-25 06:52:00+00:00
EVT-2026S1-0040,EQ-CONV-003,rpm,2026-01-25 06:00:00+00:00,1242.95,rpm,EQ-CONV-003|2026-01-25T06:00:00Z|rpm,observation,medium,2026-01-22 05:44:00+00:00,2026-01-25 06:52:00+00:00
EVT-2026S1-0369,EQ-MIX-259,current_a,2026-01-25 06:00:00+00:00,21.32,A,EQ-MIX-259|2026-01-25T06:00:00Z|current_a,incident,medium,2026-01-22 01:15:00+00:00,2026-01-26 11:38:00+00:00
EVT-2026S1-0369,EQ-MIX-259,vibration_mm_s,2026-01-25 06:00:00+00:00,2.13,mm/s,EQ-MIX-259|2026-01-25T06:00:00Z|vibration_mm_s,incident,medium,2026-01-22 01:15:00+00:00,2026-01-26 11:38:00+00:00
EVT-2026S1-0193,EQ-OVEN-123,current_a,2026-01-25 06:00:00+00:00,26.65,A,EQ-OVEN-123|2026-01-25T06:00:00Z|current_a,observation,low,2026-01-21 14:33:00+00:00,2026-01-25 12:33:00+00:00
EVT-2026S1-0193,EQ-OVEN-123,temperature_c,2026-01-25 06:00:00+00:00,51.47,°C,EQ-OVEN-123|2026-01-25T06:00:00Z|temperature_c,observation,low,2026-01-21 14:33:00+00:00,2026-01-25 12:33:00+00:00
EVT-2026S1-0494,EQ-CAB-134,current_a,2026-01-25 12:00:00+00:00,20.93,A,EQ-CAB-134|2026-01-25T12:00:00Z|current_a,intervention,critical,2026-01-23 19:27:00+00:00,2026-01-26 19:52:00+00:00
EVT-2026S1-0494,EQ-CAB-134,temperature_c,2026-01-25 12:00:00+00:00,48.96,°C,EQ-CAB-134|2026-01-25T12:00:00Z|temperature_c,intervention,critical,2026-01-23 19:27:00+00:00,2026-01-26 19:52:00+00:00
EVT-2026S1-0369,EQ-MIX-259,current_a,2026-01-25 12:00:00+00:00,18.62,A,EQ-MIX-259|2026-01-25T12:00:00Z|current_a,incident,medium,2026-01-22 01:15:00+00:00,2026-01-26 11:38:00+00:00
EVT-2026S1-0369,EQ-MIX-259,vibration_mm_s,2026-01-25 12:00:00+00:00,2.91,mm/s,EQ-MIX-259|2026-01-25T12:00:00Z|vibration_mm_s,incident,medium,2026-01-22 01:15:00+00:00,2026-01-26 11:38:00+00:00
EVT-2026S1-0193,EQ-OVEN-123,current_a,2026-01-25 12:00:00+00:00,22.63,A,EQ-OVEN-123|2026-01-25T12:00:00Z|current_a,observation,low,2026-01-21 14:33:00+00:00,2026-01-25 12:33:00+00:00
EVT-2026S1-0193,EQ-OVEN-123,temperature_c,2026-01-25 12:00:00+00:00,59.39,°C,EQ-OVEN-123|2026-01-25T12:00:00Z|temperature_c,observation,low,2026-01-21 14:33:00+00:00,2026-01-25 12:33:00+00:00
EVT-2026S1-0494,EQ-CAB-134,current_a,2026-01-25 18:00:00+00:00,18.9,A,EQ-CAB-134|2026-01-25T18:00:00Z|current_a,intervention,critical,2026-01-23 19:27:00+00:00,2026-01-26 19:52:00+00:00
EVT-2026S1-0494,EQ-CAB-134,temperature_c,2026-01-25 18:00:00+00:00,56.92,°C,EQ-CAB-134|2026-01-25T18:00:00Z|temperature_c,intervention,critical,2026-01-23 19:27:00+00:00,2026-01-26 19:52:00+00:00
EVT-2026S1-0369,EQ-MIX-259,current_a,2026-01-25 18:00:00+00:00,22.51,A,EQ-MIX-259|2026-01-25T18:00:00Z|current_a,incident,medium,2026-01-22 01:15:00+00:00,2026-01-26 11:38:00+00:00
EVT-2026S1-0369,EQ-MIX-259,vibration_mm_s,2026-01-25 18:00:00+00:00,2.53,mm/s,EQ-MIX-259|2026-01-25T18:00:00Z|vibration_mm_s,incident,medium,2026-01-22 01:15:00+00:00,2026-01-26 11:38:00+00:00
EVT-2026S1-0494,EQ-CAB-134,current_a,2026-01-26 00:00:00+00:00,23.33,A,EQ-CAB-134|2026-01-26T00:00:00Z|current_a,intervention,critical,2026-01-23 19:27:00+00:00,2026-01-26 19:52:00+00:00
EVT-2026S1-0494,EQ-CAB-134,temperature_c,2026-01-26 00:00:00+00:00,59.99,°C,EQ-CAB-134|2026-01-26T00:00:00Z|temperature_c,intervention,critical,2026-01-23 19:27:00+00:00,2026-01-26 19:52:00+00:00
EVT-2026S1-0369,EQ-MIX-259,current_a,2026-01-26 00:00:00+00:00,24.54,A,EQ-MIX-259|2026-01-26T00:00:00Z|current_a,incident,medium,2026-01-22 01:15:00+00:00,2026-01-26 11:38:00+00:00
EVT-2026S1-0369,EQ-MIX-259,vibration_mm_s,2026-01-26 00:00:00+00:00,2.04,mm/s,EQ-MIX-259|2026-01-26T00:00:00Z|vibration_mm_s,incident,medium,2026-01-22 01:15:00+00:00,2026-01-26 11:38:00+00:00
EVT-2026S1-0494,EQ-CAB-134,current_a,2026-01-26 06:00:00+00:00,22.95,A,EQ-CAB-134|2026-01-26T06:00:00Z|current_a,intervention,critical,2026-01-23 19:27:00+00:00,2026-01-26 19:52:00+00:00
EVT-2026S1-0494,EQ-CAB-134,temperature_c,2026-01-26 06:00:00+00:00,52.75,°C,EQ-CAB-134|2026-01-26T06:00:00Z|temperature_c,intervention,critical,2026-01-23 19:27:00+00:00,2026-01-26 19:52:00+00:00
EVT-2026S1-0369,EQ-MIX-259,current_a,2026-01-26 06:00:00+00:00,22.57,A,EQ-MIX-259|2026-01-26T06:00:00Z|current_a,incident,medium,2026-01-22 01:15:00+00:00,2026-01-26 11:38:00+00:00
EVT-2026S1-0369,EQ-MIX-259,vibration_mm_s,2026-01-26 06:00:00+00:00,3.01,mm/s,EQ-MIX-259|2026-01-26T06:00:00Z|vibration_mm_s,incident,medium,2026-01-22 01:15:00+00:00,2026-01-26 11:38:00+00:00
EVT-2026S1-0494,EQ-CAB-134,current_a,2026-01-26 12:00:00+00:00,21.24,A,EQ-CAB-134|2026-01-26T12:00:00Z|current_a,intervention,critical,2026-01-23 19:27:00+00:00,2026-01-26 19:52:00+00:00
EVT-2026S1-0494,EQ-CAB-134,temperature_c,2026-01-26 12:00:00+00:00,51.32,°C,EQ-CAB-134|2026-01-26T12:00:00Z|temperature_c,intervention,critical,2026-01-23 19:27:00+00:00,2026-01-26 19:52:00+00:00
EVT-2026S1-0494,EQ-CAB-134,current_a,2026-01-26 18:00:00+00:00,20.2,A,EQ-CAB-134|2026-01-26T18:00:00Z|current_a,intervention,critical,2026-01-23 19:27:00+00:00,2026-01-26 19:52:00+00:00
EVT-2026S1-0494,EQ-CAB-134,temperature_c,2026-01-26 18:00:00+00:00,59.05,°C,EQ-CAB-134|2026-01-26T18:00:00Z|temperature_c,intervention,critical,2026-01-23 19:27:00+00:00,2026-01-26 19:52:00+00:00
EVT-2026S1-0383,EQ-COMP-113,pressure_bar,2026-02-02 18:00:00+00:00,6.35,bar,EQ-COMP-113|2026-02-02T18:00:00Z|pressure_bar,incident,high,2026-02-02 12:50:00+00:00,2026-02-05 18:22:00+00:00
EVT-2026S1-0383,EQ-COMP-113,temperature_c,2026-02-02 18:00:00+00:00,60.81,°C,EQ-COMP-113|2026-02-02T18:00:00Z|temperature_c,incident,high,2026-02-02 12:50:00+00:00,2026-02-05 18:22:00+00:00
EVT-2026S1-0383,EQ-COMP-113,pressure_bar,2026-02-03 00:00:00+00:00,5.72,bar,EQ-COMP-113|2026-02-03T00:00:00Z|pressure_bar,incident,high,2026-02-02 12:50:00+00:00,2026-02-05 18:22:00+00:00
EVT-2026S1-0383,EQ-COMP-113,temperature_c,2026-02-03 00:00:00+00:00,67.96,°C,EQ-COMP-113|2026-02-03T00:00:00Z|temperature_c,incident,high,2026-02-02 12:50:00+00:00,2026-02-05 18:22:00+00:00
EVT-2026S1-0383,EQ-COMP-113,pressure_bar,2026-02-03 06:00:00+00:00,5.32,bar,EQ-COMP-113|2026-02-03T06:00:00Z|pressure_bar,incident,high,2026-02-02 12:50:00+00:00,2026-02-05 18:22:00+00:00
EVT-2026S1-0383,EQ-COMP-113,temperature_c,2026-02-03 06:00:00+00:00,67.97,°C,EQ-COMP-113|2026-02-03T06:00:00Z|temperature_c,incident,high,2026-02-02 12:50:00+00:00,2026-02-05 18:22:00+00:00
EVT-2026S1-0383,EQ-COMP-113,pressure_bar,2026-02-03 12:00:00+00:00,5.33,bar,EQ-COMP-113|2026-02-03T12:00:00Z|pressure_bar,incident,high,2026-02-02 12:50:00+00:00,2026-02-05 18:22:00+00:00
EVT-2026S1-0383,EQ-COMP-113,temperature_c,2026-02-03 12:00:00+00:00,60.62,°C,EQ-COMP-113|2026-02-03T12:00:00Z|temperature_c,incident,high,2026-02-02 12:50:00+00:00,2026-02-05 18:22:00+00:00
EVT-2026S1-0383,EQ-COMP-113,pressure_bar,2026-02-03 18:00:00+00:00,6.16,bar,EQ-COMP-113|2026-02-03T18:00:00Z|pressure_bar,incident,high,2026-02-02 12:50:00+00:00,2026-02-05 18:22:00+00:00
EVT-2026S1-0383,EQ-COMP-113,temperature_c,2026-02-03 18:00:00+00:00,66.49,°C,EQ-COMP-113|2026-02-03T18:00:00Z|temperature_c,incident,high,2026-02-02 12:50:00+00:00,2026-02-05 18:22:00+00:00
EVT-2026S1-0383,EQ-COMP-113,pressure_bar,2026-02-04 00:00:00+00:00,5.87,bar,EQ-COMP-113|2026-02-04T00:00:00Z|pressure_bar,incident,high,2026-02-02 12:50:00+00:00,2026-02-05 18:22:00+00:00
EVT-2026S1-0383,EQ-COMP-113,temperature_c,2026-02-04 00:00:00+00:00,70.69,°C,EQ-COMP-113|2026-02-04T00:00:00Z|temperature_c,incident,high,2026-02-02 12:50:00+00:00,2026-02-05 18:22:00+00:00
EVT-2026S1-0383,EQ-COMP-113,pressure_bar,2026-02-04 06:00:00+00:00,5.71,bar,EQ-COMP-113|2026-02-04T06:00:00Z|pressure_bar,incident,high,2026-02-02 12:50:00+00:00,2026-02-05 18:22:00+00:00
EVT-2026S1-0383,EQ-COMP-113,temperature_c,2026-02-04 06:00:00+00:00,70.93,°C,EQ-COMP-113|2026-02-04T06:00:00Z|temperature_c,incident,high,2026-02-02 12:50:00+00:00,2026-02-05 18:22:00+00:00
EVT-2026S1-0383,EQ-COMP-113,pressure_bar,2026-02-04 12:00:00+00:00,5.66,bar,EQ-COMP-113|2026-02-04T12:00:00Z|pressure_bar,incident,high,2026-02-02 12:50:00+00:00,2026-02-05 18:22:00+00:00
EVT-2026S1-0383,EQ-COMP-113,temperature_c,2026-02-04 12:00:00+00:00,65.17,°C,EQ-COMP-113|2026-02-04T12:00:00Z|temperature_c,incident,high,2026-02-02 12:50:00+00:00,2026-02-05 18:22:00+00:00
EVT-2026S1-0007,EQ-OVEN-001,current_a,2026-02-04 12:00:00+00:00,25.4,A,EQ-OVEN-001|2026-02-04T12:00:00Z|current_a,intervention,high,2026-02-04 09:30:00+00:00,2026-02-08 06:57:00+00:00
EVT-2026S1-0007,EQ-OVEN-001,temperature_c,2026-02-04 12:00:00+00:00,47.48,°C,EQ-OVEN-001|2026-02-04T12:00:00Z|temperature_c,intervention,high,2026-02-04 09:30:00+00:00,2026-02-08 06:57:00+00:00
EVT-2026S1-0383,EQ-COMP-113,pressure_bar,2026-02-04 18:00:00+00:00,5.78,bar,EQ-COMP-113|2026-02-04T18:00:00Z|pressure_bar,incident,high,2026-02-02 12:50:00+00:00,2026-02-05 18:22:00+00:00
EVT-2026S1-0383,EQ-COMP-113,temperature_c,2026-02-04 18:00:00+00:00,66.39,°C,EQ-COMP-113|2026-02-04T18:00:00Z|temperature_c,incident,high,2026-02-02 12:50:00+00:00,2026-02-05 18:22:00+00:00
EVT-2026S1-0007,EQ-OVEN-001,current_a,2026-02-04 18:00:00+00:00,22.18,A,EQ-OVEN-001|2026-02-04T18:00:00Z|current_a,intervention,high,2026-02-04 09:30:00+00:00,2026-02-08 06:57:00+00:00
EVT-2026S1-0007,EQ-OVEN-001,temperature_c,2026-02-04 18:00:00+00:00,50.81,°C,EQ-OVEN-001|2026-02-04T18:00:00Z|temperature_c,intervention,high,2026-02-04 09:30:00+00:00,2026-02-08 06:57:00+00:00
EVT-2026S1-0383,EQ-COMP-113,pressure_bar,2026-02-05 00:00:00+00:00,5.83,bar,EQ-COMP-113|2026-02-05T00:00:00Z|pressure_bar,incident,high,2026-02-02 12:50:00+00:00,2026-02-05 18:22:00+00:00
EVT-2026S1-0383,EQ-COMP-113,temperature_c,2026-02-05 00:00:00+00:00,68.94,°C,EQ-COMP-113|2026-02-05T00:00:00Z|temperature_c,incident,high,2026-02-02 12:50:00+00:00,2026-02-05 18:22:00+00:00
EVT-2026S1-0007,EQ-OVEN-001,current_a,2026-02-05 00:00:00+00:00,24.11,A,EQ-OVEN-001|2026-02-05T00:00:00Z|current_a,intervention,high,2026-02-04 09:30:00+00:00,2026-02-08 06:57:00+00:00
EVT-2026S1-0007,EQ-OVEN-001,temperature_c,2026-02-05 00:00:00+00:00,54.4,°C,EQ-OVEN-001|2026-02-05T00:00:00Z|temperature_c,intervention,high,2026-02-04 09:30:00+00:00,2026-02-08 06:57:00+00:00
EVT-2026S1-0383,EQ-COMP-113,pressure_bar,2026-02-05 06:00:00+00:00,5.6,bar,EQ-COMP-113|2026-02-05T06:00:00Z|pressure_bar,incident,high,2026-02-02 12:50:00+00:00,2026-02-05 18:22:00+00:00
EVT-2026S1-0383,EQ-COMP-113,temperature_c,2026-02-05 06:00:00+00:00,66.86,°C,EQ-COMP-113|2026-02-05T06:00:00Z|temperature_c,incident,high,2026-02-02 12:50:00+00:00,2026-02-05 18:22:00+00:00
EVT-2026S1-0007,EQ-OVEN-001,current_a,2026-02-05 06:00:00+00:00,25.95,A,EQ-OVEN-001|2026-02-05T06:00:00Z|current_a,intervention,high,2026-02-04 09:30:00+00:00,2026-02-08 06:57:00+00:00
EVT-2026S1-0007,EQ-OVEN-001,temperature_c,2026-02-05 06:00:00+00:00,51.31,°C,EQ-OVEN-001|2026-02-05T06:00:00Z|temperature_c,intervention,high,2026-02-04 09:30:00+00:00,2026-02-08 06:57:00+00:00
EVT-2026S1-0383,EQ-COMP-113,pressure_bar,2026-02-05 12:00:00+00:00,5.63,bar,EQ-COMP-113|2026-02-05T12:00:00Z|pressure_bar,incident,high,2026-02-02 12:50:00+00:00,2026-02-05 18:22:00+00:00
EVT-2026S1-0383,EQ-COMP-113,temperature_c,2026-02-05 12:00:00+00:00,58.7,°C,EQ-COMP-113|2026-02-05T12:00:00Z|temperature_c,incident,high,2026-02-02 12:50:00+00:00,2026-02-05 18:22:00+00:00
EVT-2026S1-0007,EQ-OVEN-001,current_a,2026-02-05 12:00:00+00:00,24.78,A,EQ-OVEN-001|2026-02-05T12:00:00Z|current_a,intervention,high,2026-02-04 09:30:00+00:00,2026-02-08 06:57:00+00:00
EVT-2026S1-0007,EQ-OVEN-001,temperature_c,2026-02-05 12:00:00+00:00,46.22,°C,EQ-OVEN-001|2026-02-05T12:00:00Z|temperature_c,intervention,high,2026-02-04 09:30:00+00:00,2026-02-08 06:57:00+00:00
EVT-2026S1-0383,EQ-COMP-113,pressure_bar,2026-02-05 18:00:00+00:00,6.29,bar,EQ-COMP-113|2026-02-05T18:00:00Z|pressure_bar,incident,high,2026-02-02 12:50:00+00:00,2026-02-05 18:22:00+00:00
EVT-2026S1-0383,EQ-COMP-113,temperature_c,2026-02-05 18:00:00+00:00,59.64,°C,EQ-COMP-113|2026-02-05T18:00:00Z|temperature_c,incident,high,2026-02-02 12:50:00+00:00,2026-02-05 18:22:00+00:00
EVT-2026S1-0007,EQ-OVEN-001,current_a,2026-02-05 18:00:00+00:00,22.14,A,EQ-OVEN-001|2026-02-05T18:00:00Z|current_a,intervention,high,2026-02-04 09:30:00+00:00,2026-02-08 06:57:00+00:00
EVT-2026S1-0007,EQ-OVEN-001,temperature_c,2026-02-05 18:00:00+00:00,52.93,°C,EQ-OVEN-001|2026-02-05T18:00:00Z|temperature_c,intervention,high,2026-02-04 09:30:00+00:00,2026-02-08 06:57:00+00:00
EVT-2026S1-0007,EQ-OVEN-001,current_a,2026-02-06 00:00:00+00:00,23.7,A,EQ-OVEN-001|2026-02-06T00:00:00Z|current_a,intervention,high,2026-02-04 09:30:00+00:00,2026-02-08 06:57:00+00:00
EVT-2026S1-0007,EQ-OVEN-001,temperature_c,2026-02-06 00:00:00+00:00,55.41,°C,EQ-OVEN-001|2026-02-06T00:00:00Z|temperature_c,intervention,high,2026-02-04 09:30:00+00:00,2026-02-08 06:57:00+00:00
EVT-2026S1-0007,EQ-OVEN-001,current_a,2026-02-06 06:00:00+00:00,27.2,A,EQ-OVEN-001|2026-02-06T06:00:00Z|current_a,intervention,high,2026-02-04 09:30:00+00:00,2026-02-08 06:57:00+00:00
EVT-2026S1-0007,EQ-OVEN-001,temperature_c,2026-02-06 06:00:00+00:00,50.59,°C,EQ-OVEN-001|2026-02-06T06:00:00Z|temperature_c,intervention,high,2026-02-04 09:30:00+00:00,2026-02-08 06:57:00+00:00
EVT-2026S1-0007,EQ-OVEN-001,current_a,2026-02-06 12:00:00+00:00,25.77,A,EQ-OVEN-001|2026-02-06T12:00:00Z|current_a,intervention,high,2026-02-04 09:30:00+00:00,2026-02-08 06:57:00+00:00
EVT-2026S1-0007,EQ-OVEN-001,temperature_c,2026-02-06 12:00:00+00:00,48.14,°C,EQ-OVEN-001|2026-02-06T12:00:00Z|temperature_c,intervention,high,2026-02-04 09:30:00+00:00,2026-02-08 06:57:00+00:00
EVT-2026S1-0007,EQ-OVEN-001,current_a,2026-02-06 18:00:00+00:00,21.89,A,EQ-OVEN-001|2026-02-06T18:00:00Z|current_a,intervention,high,2026-02-04 09:30:00+00:00,2026-02-08 06:57:00+00:00
EVT-2026S1-0007,EQ-OVEN-001,temperature_c,2026-02-06 18:00:00+00:00,50.81,°C,EQ-OVEN-001|2026-02-06T18:00:00Z|temperature_c,intervention,high,2026-02-04 09:30:00+00:00,2026-02-08 06:57:00+00:00
EVT-2026S1-0007,EQ-OVEN-001,current_a,2026-02-07 00:00:00+00:00,22.94,A,EQ-OVEN-001|2026-02-07T00:00:00Z|current_a,intervention,high,2026-02-04 09:30:00+00:00,2026-02-08 06:57:00+00:00
EVT-2026S1-0007,EQ-OVEN-001,temperature_c,2026-02-07 00:00:00+00:00,55.06,°C,EQ-OVEN-001|2026-02-07T00:00:00Z|temperature_c,intervention,high,2026-02-04 09:30:00+00:00,2026-02-08 06:57:00+00:00
EVT-2026S1-0007,EQ-OVEN-001,current_a,2026-02-07 06:00:00+00:00,25.02,A,EQ-OVEN-001|2026-02-07T06:00:00Z|current_a,intervention,high,2026-02-04 09:30:00+00:00,2026-02-08 06:57:00+00:00
EVT-2026S1-0007,EQ-OVEN-001,temperature_c,2026-02-07 06:00:00+00:00,49.39,°C,EQ-OVEN-001|2026-02-07T06:00:00Z|temperature_c,intervention,high,2026-02-04 09:30:00+00:00,2026-02-08 06:57:00+00:00
EVT-2026S1-0007,EQ-OVEN-001,current_a,2026-02-07 12:00:00+00:00,24.19,A,EQ-OVEN-001|2026-02-07T12:00:00Z|current_a,intervention,high,2026-02-04 09:30:00+00:00,2026-02-08 06:57:00+00:00
EVT-2026S1-0007,EQ-OVEN-001,temperature_c,2026-02-07 12:00:00+00:00,43.2,°C,EQ-OVEN-001|2026-02-07T12:00:00Z|temperature_c,intervention,high,2026-02-04 09:30:00+00:00,2026-02-08 06:57:00+00:00
EVT-2026S1-0007,EQ-OVEN-001,current_a,2026-02-07 18:00:00+00:00,22.05,A,EQ-OVEN-001|2026-02-07T18:00:00Z|current_a,intervention,high,2026-02-04 09:30:00+00:00,2026-02-08 06:57:00+00:00
EVT-2026S1-0007,EQ-OVEN-001,temperature_c,2026-02-07 18:00:00+00:00,47.53,°C,EQ-OVEN-001|2026-02-07T18:00:00Z|temperature_c,intervention,high,2026-02-04 09:30:00+00:00,2026-02-08 06:57:00+00:00
EVT-2026S1-0007,EQ-OVEN-001,current_a,2026-02-08 00:00:00+00:00,22.44,A,EQ-OVEN-001|2026-02-08T00:00:00Z|current_a,intervention,high,2026-02-04 09:30:00+00:00,2026-02-08 06:57:00+00:00
EVT-2026S1-0007,EQ-OVEN-001,temperature_c,2026-02-08 00:00:00+00:00,53.91,°C,EQ-OVEN-001|2026-02-08T00:00:00Z|temperature_c,intervention,high,2026-02-04 09:30:00+00:00,2026-02-08 06:57:00+00:00
EVT-2026S1-0007,EQ-OVEN-001,current_a,2026-02-08 06:00:00+00:00,26.82,A,EQ-OVEN-001|2026-02-08T06:00:00Z|current_a,intervention,high,2026-02-04 09:30:00+00:00,2026-02-08 06:57:00+00:00
EVT-2026S1-0007,EQ-OVEN-001,temperature_c,2026-02-08 06:00:00+00:00,50.88,°C,EQ-OVEN-001|2026-02-08T06:00:00Z|temperature_c,intervention,high,2026-02-04 09:30:00+00:00,2026-02-08 06:57:00+00:00
EVT-2026S1-0050,EQ-PUMP-350,temperature_c,2026-02-08 18:00:00+00:00,53.45,°C,EQ-PUMP-350|2026-02-08T18:00:00Z|temperature_c,incident,high,2026-02-08 13:48:00+00:00,2026-02-13 00:41:00+00:00
EVT-2026S1-0050,EQ-PUMP-350,vibration_mm_s,2026-02-08 18:00:00+00:00,3.4,mm/s,EQ-PUMP-350|2026-02-08T18:00:00Z|vibration_mm_s,incident,high,2026-02-08 13:48:00+00:00,2026-02-13 00:41:00+00:00
EVT-2026S1-0050,EQ-PUMP-350,temperature_c,2026-02-09 00:00:00+00:00,61.58,°C,EQ-PUMP-350|2026-02-09T00:00:00Z|temperature_c,incident,high,2026-02-08 13:48:00+00:00,2026-02-13 00:41:00+00:00
EVT-2026S1-0050,EQ-PUMP-350,vibration_mm_s,2026-02-09 00:00:00+00:00,3.38,mm/s,EQ-PUMP-350|2026-02-09T00:00:00Z|vibration_mm_s,incident,high,2026-02-08 13:48:00+00:00,2026-02-13 00:41:00+00:00
EVT-2026S1-0050,EQ-PUMP-350,temperature_c,2026-02-09 06:00:00+00:00,66.36,°C,EQ-PUMP-350|2026-02-09T06:00:00Z|temperature_c,incident,high,2026-02-08 13:48:00+00:00,2026-02-13 00:41:00+00:00
EVT-2026S1-0050,EQ-PUMP-350,vibration_mm_s,2026-02-09 06:00:00+00:00,3.46,mm/s,EQ-PUMP-350|2026-02-09T06:00:00Z|vibration_mm_s,incident,high,2026-02-08 13:48:00+00:00,2026-02-13 00:41:00+00:00
EVT-2026S1-0050,EQ-PUMP-350,temperature_c,2026-02-09 12:00:00+00:00,64.42,°C,EQ-PUMP-350|2026-02-09T12:00:00Z|temperature_c,incident,high,2026-02-08 13:48:00+00:00,2026-02-13 00:41:00+00:00
EVT-2026S1-0050,EQ-PUMP-350,vibration_mm_s,2026-02-09 12:00:00+00:00,3.01,mm/s,EQ-PUMP-350|2026-02-09T12:00:00Z|vibration_mm_s,incident,high,2026-02-08 13:48:00+00:00,2026-02-13 00:41:00+00:00
EVT-2026S1-0050,EQ-PUMP-350,temperature_c,2026-02-09 18:00:00+00:00,60.93,°C,EQ-PUMP-350|2026-02-09T18:00:00Z|temperature_c,incident,high,2026-02-08 13:48:00+00:00,2026-02-13 00:41:00+00:00
EVT-2026S1-0050,EQ-PUMP-350,vibration_mm_s,2026-02-09 18:00:00+00:00,3.86,mm/s,EQ-PUMP-350|2026-02-09T18:00:00Z|vibration_mm_s,incident,high,2026-02-08 13:48:00+00:00,2026-02-13 00:41:00+00:00
EVT-2026S1-0050,EQ-PUMP-350,temperature_c,2026-02-10 00:00:00+00:00,66.1,°C,EQ-PUMP-350|2026-02-10T00:00:00Z|temperature_c,incident,high,2026-02-08 13:48:00+00:00,2026-02-13 00:41:00+00:00
EVT-2026S1-0050,EQ-PUMP-350,vibration_mm_s,2026-02-10 00:00:00+00:00,3.99,mm/s,EQ-PUMP-350|2026-02-10T00:00:00Z|vibration_mm_s,incident,high,2026-02-08 13:48:00+00:00,2026-02-13 00:41:00+00:00
EVT-2026S1-0050,EQ-PUMP-350,temperature_c,2026-02-10 06:00:00+00:00,71.12,°C,EQ-PUMP-350|2026-02-10T06:00:00Z|temperature_c,incident,high,2026-02-08 13:48:00+00:00,2026-02-13 00:41:00+00:00
EVT-2026S1-0050,EQ-PUMP-350,vibration_mm_s,2026-02-10 06:00:00+00:00,4.22,mm/s,EQ-PUMP-350|2026-02-10T06:00:00Z|vibration_mm_s,incident,high,2026-02-08 13:48:00+00:00,2026-02-13 00:41:00+00:00
EVT-2026S1-0050,EQ-PUMP-350,temperature_c,2026-02-10 12:00:00+00:00,67.64,°C,EQ-PUMP-350|2026-02-10T12:00:00Z|temperature_c,incident,high,2026-02-08 13:48:00+00:00,2026-02-13 00:41:00+00:00
EVT-2026S1-0050,EQ-PUMP-350,vibration_mm_s,2026-02-10 12:00:00+00:00,3.51,mm/s,EQ-PUMP-350|2026-02-10T12:00:00Z|vibration_mm_s,incident,high,2026-02-08 13:48:00+00:00,2026-02-13 00:41:00+00:00
EVT-2026S1-0050,EQ-PUMP-350,temperature_c,2026-02-10 18:00:00+00:00,64.06,°C,EQ-PUMP-350|2026-02-10T18:00:00Z|temperature_c,incident,high,2026-02-08 13:48:00+00:00,2026-02-13 00:41:00+00:00
EVT-2026S1-0050,EQ-PUMP-350,vibration_mm_s,2026-02-10 18:00:00+00:00,4.45,mm/s,EQ-PUMP-350|2026-02-10T18:00:00Z|vibration_mm_s,incident,high,2026-02-08 13:48:00+00:00,2026-02-13 00:41:00+00:00
EVT-2026S1-0050,EQ-PUMP-350,temperature_c,2026-02-11 00:00:00+00:00,68.42,°C,EQ-PUMP-350|2026-02-11T00:00:00Z|temperature_c,incident,high,2026-02-08 13:48:00+00:00,2026-02-13 00:41:00+00:00
EVT-2026S1-0050,EQ-PUMP-350,vibration_mm_s,2026-02-11 00:00:00+00:00,4.21,mm/s,EQ-PUMP-350|2026-02-11T00:00:00Z|vibration_mm_s,incident,high,2026-02-08 13:48:00+00:00,2026-02-13 00:41:00+00:00
EVT-2026S1-0050,EQ-PUMP-350,temperature_c,2026-02-11 06:00:00+00:00,72.27,°C,EQ-PUMP-350|2026-02-11T06:00:00Z|temperature_c,incident,high,2026-02-08 13:48:00+00:00,2026-02-13 00:41:00+00:00
EVT-2026S1-0050,EQ-PUMP-350,vibration_mm_s,2026-02-11 06:00:00+00:00,4.17,mm/s,EQ-PUMP-350|2026-02-11T06:00:00Z|vibration_mm_s,incident,high,2026-02-08 13:48:00+00:00,2026-02-13 00:41:00+00:00
EVT-2026S1-0485,EQ-SENSOR-305,temperature_c,2026-02-11 06:00:00+00:00,60.73,°C,EQ-SENSOR-305|2026-02-11T06:00:00Z|temperature_c,incident,high,2026-02-11 04:45:00+00:00,2026-02-15 06:53:00+00:00
EVT-2026S1-0050,EQ-PUMP-350,temperature_c,2026-02-11 12:00:00+00:00,70.61,°C,EQ-PUMP-350|2026-02-11T12:00:00Z|temperature_c,incident,high,2026-02-08 13:48:00+00:00,2026-02-13 00:41:00+00:00
EVT-2026S1-0050,EQ-PUMP-350,vibration_mm_s,2026-02-11 12:00:00+00:00,3.78,mm/s,EQ-PUMP-350|2026-02-11T12:00:00Z|vibration_mm_s,incident,high,2026-02-08 13:48:00+00:00,2026-02-13 00:41:00+00:00
EVT-2026S1-0485,EQ-SENSOR-305,temperature_c,2026-02-11 12:00:00+00:00,60.41,°C,EQ-SENSOR-305|2026-02-11T12:00:00Z|temperature_c,incident,high,2026-02-11 04:45:00+00:00,2026-02-15 06:53:00+00:00
EVT-2026S1-0050,EQ-PUMP-350,temperature_c,2026-02-11 18:00:00+00:00,62.1,°C,EQ-PUMP-350|2026-02-11T18:00:00Z|temperature_c,incident,high,2026-02-08 13:48:00+00:00,2026-02-13 00:41:00+00:00
EVT-2026S1-0050,EQ-PUMP-350,vibration_mm_s,2026-02-11 18:00:00+00:00,3.93,mm/s,EQ-PUMP-350|2026-02-11T18:00:00Z|vibration_mm_s,incident,high,2026-02-08 13:48:00+00:00,2026-02-13 00:41:00+00:00
EVT-2026S1-0485,EQ-SENSOR-305,temperature_c,2026-02-11 18:00:00+00:00,55.05,°C,EQ-SENSOR-305|2026-02-11T18:00:00Z|temperature_c,incident,high,2026-02-11 04:45:00+00:00,2026-02-15 06:53:00+00:00
EVT-2026S1-0050,EQ-PUMP-350,temperature_c,2026-02-12 00:00:00+00:00,67.29,°C,EQ-PUMP-350|2026-02-12T00:00:00Z|temperature_c,incident,high,2026-02-08 13:48:00+00:00,2026-02-13 00:41:00+00:00
EVT-2026S1-0050,EQ-PUMP-350,vibration_mm_s,2026-02-12 00:00:00+00:00,4.48,mm/s,EQ-PUMP-350|2026-02-12T00:00:00Z|vibration_mm_s,incident,high,2026-02-08 13:48:00+00:00,2026-02-13 00:41:00+00:00
EVT-2026S1-0485,EQ-SENSOR-305,temperature_c,2026-02-12 00:00:00+00:00,59.5,°C,EQ-SENSOR-305|2026-02-12T00:00:00Z|temperature_c,incident,high,2026-02-11 04:45:00+00:00,2026-02-15 06:53:00+00:00
EVT-2026S1-0436,EQ-COMP-396,pressure_bar,2026-02-12 06:00:00+00:00,5.96,bar,EQ-COMP-396|2026-02-12T06:00:00Z|pressure_bar,incident,medium,2026-02-12 01:55:00+00:00,2026-02-15 19:44:00+00:00
EVT-2026S1-0050,EQ-PUMP-350,temperature_c,2026-02-12 06:00:00+00:00,67.79,°C,EQ-PUMP-350|2026-02-12T06:00:00Z|temperature_c,incident,high,2026-02-08 13:48:00+00:00,2026-02-13 00:41:00+00:00
EVT-2026S1-0050,EQ-PUMP-350,vibration_mm_s,2026-02-12 06:00:00+00:00,3.52,mm/s,EQ-PUMP-350|2026-02-12T06:00:00Z|vibration_mm_s,incident,high,2026-02-08 13:48:00+00:00,2026-02-13 00:41:00+00:00
EVT-2026S1-0485,EQ-SENSOR-305,temperature_c,2026-02-12 06:00:00+00:00,65.16,°C,EQ-SENSOR-305|2026-02-12T06:00:00Z|temperature_c,incident,high,2026-02-11 04:45:00+00:00,2026-02-15 06:53:00+00:00
EVT-2026S1-0436,EQ-COMP-396,pressure_bar,2026-02-12 12:00:00+00:00,6.39,bar,EQ-COMP-396|2026-02-12T12:00:00Z|pressure_bar,incident,medium,2026-02-12 01:55:00+00:00,2026-02-15 19:44:00+00:00
EVT-2026S1-0050,EQ-PUMP-350,temperature_c,2026-02-12 12:00:00+00:00,61.87,°C,EQ-PUMP-350|2026-02-12T12:00:00Z|temperature_c,incident,high,2026-02-08 13:48:00+00:00,2026-02-13 00:41:00+00:00
EVT-2026S1-0050,EQ-PUMP-350,vibration_mm_s,2026-02-12 12:00:00+00:00,2.78,mm/s,EQ-PUMP-350|2026-02-12T12:00:00Z|vibration_mm_s,incident,high,2026-02-08 13:48:00+00:00,2026-02-13 00:41:00+00:00
EVT-2026S1-0485,EQ-SENSOR-305,temperature_c,2026-02-12 12:00:00+00:00,60.45,°C,EQ-SENSOR-305|2026-02-12T12:00:00Z|temperature_c,incident,high,2026-02-11 04:45:00+00:00,2026-02-15 06:53:00+00:00
EVT-2026S1-0436,EQ-COMP-396,pressure_bar,2026-02-12 18:00:00+00:00,6.11,bar,EQ-COMP-396|2026-02-12T18:00:00Z|pressure_bar,incident,medium,2026-02-12 01:55:00+00:00,2026-02-15 19:44:00+00:00
EVT-2026S1-0050,EQ-PUMP-350,temperature_c,2026-02-12 18:00:00+00:00,57.4,°C,EQ-PUMP-350|2026-02-12T18:00:00Z|temperature_c,incident,high,2026-02-08 13:48:00+00:00,2026-02-13 00:41:00+00:00
EVT-2026S1-0050,EQ-PUMP-350,vibration_mm_s,2026-02-12 18:00:00+00:00,3.4,mm/s,EQ-PUMP-350|2026-02-12T18:00:00Z|vibration_mm_s,incident,high,2026-02-08 13:48:00+00:00,2026-02-13 00:41:00+00:00
EVT-2026S1-0485,EQ-SENSOR-305,temperature_c,2026-02-12 18:00:00+00:00,57.65,°C,EQ-SENSOR-305|2026-02-12T18:00:00Z|temperature_c,incident,high,2026-02-11 04:45:00+00:00,2026-02-15 06:53:00+00:00
EVT-2026S1-0436,EQ-COMP-396,pressure_bar,2026-02-13 00:00:00+00:00,5.69,bar,EQ-COMP-396|2026-02-13T00:00:00Z|pressure_bar,incident,medium,2026-02-12 01:55:00+00:00,2026-02-15 19:44:00+00:00
EVT-2026S1-0050,EQ-PUMP-350,temperature_c,2026-02-13 00:00:00+00:00,61.32,°C,EQ-PUMP-350|2026-02-13T00:00:00Z|temperature_c,incident,high,2026-02-08 13:48:00+00:00,2026-02-13 00:41:00+00:00
EVT-2026S1-0050,EQ-PUMP-350,vibration_mm_s,2026-02-13 00:00:00+00:00,3.54,mm/s,EQ-PUMP-350|2026-02-13T00:00:00Z|vibration_mm_s,incident,high,2026-02-08 13:48:00+00:00,2026-02-13 00:41:00+00:00
EVT-2026S1-0485,EQ-SENSOR-305,temperature_c,2026-02-13 00:00:00+00:00,63.67,°C,EQ-SENSOR-305|2026-02-13T00:00:00Z|temperature_c,incident,high,2026-02-11 04:45:00+00:00,2026-02-15 06:53:00+00:00
EVT-2026S1-0436,EQ-COMP-396,pressure_bar,2026-02-13 06:00:00+00:00,6.04,bar,EQ-COMP-396|2026-02-13T06:00:00Z|pressure_bar,incident,medium,2026-02-12 01:55:00+00:00,2026-02-15 19:44:00+00:00
EVT-2026S1-0485,EQ-SENSOR-305,temperature_c,2026-02-13 06:00:00+00:00,66.17,°C,EQ-SENSOR-305|2026-02-13T06:00:00Z|temperature_c,incident,high,2026-02-11 04:45:00+00:00,2026-02-15 06:53:00+00:00
EVT-2026S1-0436,EQ-COMP-396,pressure_bar,2026-02-13 12:00:00+00:00,6.43,bar,EQ-COMP-396|2026-02-13T12:00:00Z|pressure_bar,incident,medium,2026-02-12 01:55:00+00:00,2026-02-15 19:44:00+00:00
EVT-2026S1-0485,EQ-SENSOR-305,temperature_c,2026-02-13 12:00:00+00:00,61.03,°C,EQ-SENSOR-305|2026-02-13T12:00:00Z|temperature_c,incident,high,2026-02-11 04:45:00+00:00,2026-02-15 06:53:00+00:00
EVT-2026S1-0436,EQ-COMP-396,pressure_bar,2026-02-13 18:00:00+00:00,6.29,bar,EQ-COMP-396|2026-02-13T18:00:00Z|pressure_bar,incident,medium,2026-02-12 01:55:00+00:00,2026-02-15 19:44:00+00:00
EVT-2026S1-0485,EQ-SENSOR-305,temperature_c,2026-02-13 18:00:00+00:00,56.74,°C,EQ-SENSOR-305|2026-02-13T18:00:00Z|temperature_c,incident,high,2026-02-11 04:45:00+00:00,2026-02-15 06:53:00+00:00
EVT-2026S1-0436,EQ-COMP-396,pressure_bar,2026-02-14 00:00:00+00:00,6.06,bar,EQ-COMP-396|2026-02-14T00:00:00Z|pressure_bar,incident,medium,2026-02-12 01:55:00+00:00,2026-02-15 19:44:00+00:00
EVT-2026S1-0485,EQ-SENSOR-305,temperature_c,2026-02-14 00:00:00+00:00,61.82,°C,EQ-SENSOR-305|2026-02-14T00:00:00Z|temperature_c,incident,high,2026-02-11 04:45:00+00:00,2026-02-15 06:53:00+00:00
EVT-2026S1-0436,EQ-COMP-396,pressure_bar,2026-02-14 06:00:00+00:00,5.99,bar,EQ-COMP-396|2026-02-14T06:00:00Z|pressure_bar,incident,medium,2026-02-12 01:55:00+00:00,2026-02-15 19:44:00+00:00
EVT-2026S1-0485,EQ-SENSOR-305,temperature_c,2026-02-14 06:00:00+00:00,68.6,°C,EQ-SENSOR-305|2026-02-14T06:00:00Z|temperature_c,incident,high,2026-02-11 04:45:00+00:00,2026-02-15 06:53:00+00:00
EVT-2026S1-0436,EQ-COMP-396,pressure_bar,2026-02-14 12:00:00+00:00,6.12,bar,EQ-COMP-396|2026-02-14T12:00:00Z|pressure_bar,incident,medium,2026-02-12 01:55:00+00:00,2026-02-15 19:44:00+00:00
EVT-2026S1-0364,EQ-FAN-204,vibration_mm_s,2026-02-14 12:00:00+00:00,3.1,mm/s,EQ-FAN-204|2026-02-14T12:00:00Z|vibration_mm_s,incident,critical,2026-02-14 11:29:00+00:00,2026-02-18 21:46:00+00:00
EVT-2026S1-0485,EQ-SENSOR-305,temperature_c,2026-02-14 12:00:00+00:00,55.03,°C,EQ-SENSOR-305|2026-02-14T12:00:00Z|temperature_c,incident,high,2026-02-11 04:45:00+00:00,2026-02-15 06:53:00+00:00
EVT-2026S1-0436,EQ-COMP-396,pressure_bar,2026-02-14 18:00:00+00:00,5.97,bar,EQ-COMP-396|2026-02-14T18:00:00Z|pressure_bar,incident,medium,2026-02-12 01:55:00+00:00,2026-02-15 19:44:00+00:00
EVT-2026S1-0364,EQ-FAN-204,vibration_mm_s,2026-02-14 18:00:00+00:00,2.85,mm/s,EQ-FAN-204|2026-02-14T18:00:00Z|vibration_mm_s,incident,critical,2026-02-14 11:29:00+00:00,2026-02-18 21:46:00+00:00
EVT-2026S1-0485,EQ-SENSOR-305,temperature_c,2026-02-14 18:00:00+00:00,52.13,°C,EQ-SENSOR-305|2026-02-14T18:00:00Z|temperature_c,incident,high,2026-02-11 04:45:00+00:00,2026-02-15 06:53:00+00:00
EVT-2026S1-0436,EQ-COMP-396,pressure_bar,2026-02-15 00:00:00+00:00,5.82,bar,EQ-COMP-396|2026-02-15T00:00:00Z|pressure_bar,incident,medium,2026-02-12 01:55:00+00:00,2026-02-15 19:44:00+00:00
EVT-2026S1-0364,EQ-FAN-204,vibration_mm_s,2026-02-15 00:00:00+00:00,2.76,mm/s,EQ-FAN-204|2026-02-15T00:00:00Z|vibration_mm_s,incident,critical,2026-02-14 11:29:00+00:00,2026-02-18 21:46:00+00:00
EVT-2026S1-0485,EQ-SENSOR-305,temperature_c,2026-02-15 00:00:00+00:00,56.39,°C,EQ-SENSOR-305|2026-02-15T00:00:00Z|temperature_c,incident,high,2026-02-11 04:45:00+00:00,2026-02-15 06:53:00+00:00
EVT-2026S1-0436,EQ-COMP-396,pressure_bar,2026-02-15 06:00:00+00:00,6.12,bar,EQ-COMP-396|2026-02-15T06:00:00Z|pressure_bar,incident,medium,2026-02-12 01:55:00+00:00,2026-02-15 19:44:00+00:00
EVT-2026S1-0364,EQ-FAN-204,vibration_mm_s,2026-02-15 06:00:00+00:00,3.78,mm/s,EQ-FAN-204|2026-02-15T06:00:00Z|vibration_mm_s,incident,critical,2026-02-14 11:29:00+00:00,2026-02-18 21:46:00+00:00
EVT-2026S1-0485,EQ-SENSOR-305,temperature_c,2026-02-15 06:00:00+00:00,56.94,°C,EQ-SENSOR-305|2026-02-15T06:00:00Z|temperature_c,incident,high,2026-02-11 04:45:00+00:00,2026-02-15 06:53:00+00:00
EVT-2026S1-0436,EQ-COMP-396,pressure_bar,2026-02-15 12:00:00+00:00,6.52,bar,EQ-COMP-396|2026-02-15T12:00:00Z|pressure_bar,incident,medium,2026-02-12 01:55:00+00:00,2026-02-15 19:44:00+00:00
EVT-2026S1-0364,EQ-FAN-204,vibration_mm_s,2026-02-15 12:00:00+00:00,4.16,mm/s,EQ-FAN-204|2026-02-15T12:00:00Z|vibration_mm_s,incident,critical,2026-02-14 11:29:00+00:00,2026-02-18 21:46:00+00:00
EVT-2026S1-0436,EQ-COMP-396,pressure_bar,2026-02-15 18:00:00+00:00,6.27,bar,EQ-COMP-396|2026-02-15T18:00:00Z|pressure_bar,incident,medium,2026-02-12 01:55:00+00:00,2026-02-15 19:44:00+00:00
EVT-2026S1-0364,EQ-FAN-204,vibration_mm_s,2026-02-15 18:00:00+00:00,3.86,mm/s,EQ-FAN-204|2026-02-15T18:00:00Z|vibration_mm_s,incident,critical,2026-02-14 11:29:00+00:00,2026-02-18 21:46:00+00:00
EVT-2026S1-0364,EQ-FAN-204,vibration_mm_s,2026-02-16 00:00:00+00:00,4.05,mm/s,EQ-FAN-204|2026-02-16T00:00:00Z|vibration_mm_s,incident,critical,2026-02-14 11:29:00+00:00,2026-02-18 21:46:00+00:00
EVT-2026S1-0364,EQ-FAN-204,vibration_mm_s,2026-02-16 06:00:00+00:00,4.26,mm/s,EQ-FAN-204|2026-02-16T06:00:00Z|vibration_mm_s,incident,critical,2026-02-14 11:29:00+00:00,2026-02-18 21:46:00+00:00
EVT-2026S1-0364,EQ-FAN-204,vibration_mm_s,2026-02-16 12:00:00+00:00,5.05,mm/s,EQ-FAN-204|2026-02-16T12:00:00Z|vibration_mm_s,incident,critical,2026-02-14 11:29:00+00:00,2026-02-18 21:46:00+00:00
EVT-2026S1-0364,EQ-FAN-204,vibration_mm_s,2026-02-16 18:00:00+00:00,4.76,mm/s,EQ-FAN-204|2026-02-16T18:00:00Z|vibration_mm_s,incident,critical,2026-02-14 11:29:00+00:00,2026-02-18 21:46:00+00:00
EVT-2026S1-0431,EQ-STEAM-341,pressure_bar,2026-02-16 18:00:00+00:00,6.01,bar,EQ-STEAM-341|2026-02-16T18:00:00Z|pressure_bar,observation,medium,2026-02-16 12:53:00+00:00,2026-02-19 18:58:00+00:00
EVT-2026S1-0431,EQ-STEAM-341,temperature_c,2026-02-16 18:00:00+00:00,51.29,°C,EQ-STEAM-341|2026-02-16T18:00:00Z|temperature_c,observation,medium,2026-02-16 12:53:00+00:00,2026-02-19 18:58:00+00:00
EVT-2026S1-0364,EQ-FAN-204,vibration_mm_s,2026-02-17 00:00:00+00:00,3.83,mm/s,EQ-FAN-204|2026-02-17T00:00:00Z|vibration_mm_s,incident,critical,2026-02-14 11:29:00+00:00,2026-02-18 21:46:00+00:00
EVT-2026S1-X006,EQ-OVEN-386,current_a,2026-02-17 00:00:00+00:00,24.02,A,EQ-OVEN-386|2026-02-17T00:00:00Z|current_a,alert,low,2026-02-16 18:55:00+00:00,2026-02-21 05:30:00+00:00
EVT-2026S1-X006,EQ-OVEN-386,temperature_c,2026-02-17 00:00:00+00:00,56.31,°C,EQ-OVEN-386|2026-02-17T00:00:00Z|temperature_c,alert,low,2026-02-16 18:55:00+00:00,2026-02-21 05:30:00+00:00
EVT-2026S1-0431,EQ-STEAM-341,pressure_bar,2026-02-17 00:00:00+00:00,5.6,bar,EQ-STEAM-341|2026-02-17T00:00:00Z|pressure_bar,observation,medium,2026-02-16 12:53:00+00:00,2026-02-19 18:58:00+00:00
EVT-2026S1-0431,EQ-STEAM-341,temperature_c,2026-02-17 00:00:00+00:00,54.0,°C,EQ-STEAM-341|2026-02-17T00:00:00Z|temperature_c,observation,medium,2026-02-16 12:53:00+00:00,2026-02-19 18:58:00+00:00
EVT-2026S1-0364,EQ-FAN-204,vibration_mm_s,2026-02-17 06:00:00+00:00,4.63,mm/s,EQ-FAN-204|2026-02-17T06:00:00Z|vibration_mm_s,incident,critical,2026-02-14 11:29:00+00:00,2026-02-18 21:46:00+00:00
EVT-2026S1-X006,EQ-OVEN-386,current_a,2026-02-17 06:00:00+00:00,24.71,A,EQ-OVEN-386|2026-02-17T06:00:00Z|current_a,alert,low,2026-02-16 18:55:00+00:00,2026-02-21 05:30:00+00:00
EVT-2026S1-X006,EQ-OVEN-386,temperature_c,2026-02-17 06:00:00+00:00,62.39,°C,EQ-OVEN-386|2026-02-17T06:00:00Z|temperature_c,alert,low,2026-02-16 18:55:00+00:00,2026-02-21 05:30:00+00:00
EVT-2026S1-0431,EQ-STEAM-341,pressure_bar,2026-02-17 06:00:00+00:00,6.01,bar,EQ-STEAM-341|2026-02-17T06:00:00Z|pressure_bar,observation,medium,2026-02-16 12:53:00+00:00,2026-02-19 18:58:00+00:00
EVT-2026S1-0431,EQ-STEAM-341,temperature_c,2026-02-17 06:00:00+00:00,57.77,°C,EQ-STEAM-341|2026-02-17T06:00:00Z|temperature_c,observation,medium,2026-02-16 12:53:00+00:00,2026-02-19 18:58:00+00:00
EVT-2026S1-0364,EQ-FAN-204,vibration_mm_s,2026-02-17 12:00:00+00:00,4.96,mm/s,EQ-FAN-204|2026-02-17T12:00:00Z|vibration_mm_s,incident,critical,2026-02-14 11:29:00+00:00,2026-02-18 21:46:00+00:00
EVT-2026S1-X006,EQ-OVEN-386,current_a,2026-02-17 12:00:00+00:00,21.95,A,EQ-OVEN-386|2026-02-17T12:00:00Z|current_a,alert,low,2026-02-16 18:55:00+00:00,2026-02-21 05:30:00+00:00
EVT-2026S1-X006,EQ-OVEN-386,temperature_c,2026-02-17 12:00:00+00:00,69.09,°C,EQ-OVEN-386|2026-02-17T12:00:00Z|temperature_c,alert,low,2026-02-16 18:55:00+00:00,2026-02-21 05:30:00+00:00
EVT-2026S1-0431,EQ-STEAM-341,pressure_bar,2026-02-17 12:00:00+00:00,6.35,bar,EQ-STEAM-341|2026-02-17T12:00:00Z|pressure_bar,observation,medium,2026-02-16 12:53:00+00:00,2026-02-19 18:58:00+00:00
EVT-2026S1-0431,EQ-STEAM-341,temperature_c,2026-02-17 12:00:00+00:00,57.55,°C,EQ-STEAM-341|2026-02-17T12:00:00Z|temperature_c,observation,medium,2026-02-16 12:53:00+00:00,2026-02-19 18:58:00+00:00
EVT-2026S1-0364,EQ-FAN-204,vibration_mm_s,2026-02-17 18:00:00+00:00,4.81,mm/s,EQ-FAN-204|2026-02-17T18:00:00Z|vibration_mm_s,incident,critical,2026-02-14 11:29:00+00:00,2026-02-18 21:46:00+00:00
EVT-2026S1-X006,EQ-OVEN-386,current_a,2026-02-17 18:00:00+00:00,21.56,A,EQ-OVEN-386|2026-02-17T18:00:00Z|current_a,alert,low,2026-02-16 18:55:00+00:00,2026-02-21 05:30:00+00:00
EVT-2026S1-X006,EQ-OVEN-386,temperature_c,2026-02-17 18:00:00+00:00,62.13,°C,EQ-OVEN-386|2026-02-17T18:00:00Z|temperature_c,alert,low,2026-02-16 18:55:00+00:00,2026-02-21 05:30:00+00:00
EVT-2026S1-0431,EQ-STEAM-341,pressure_bar,2026-02-17 18:00:00+00:00,6.11,bar,EQ-STEAM-341|2026-02-17T18:00:00Z|pressure_bar,observation,medium,2026-02-16 12:53:00+00:00,2026-02-19 18:58:00+00:00
EVT-2026S1-0431,EQ-STEAM-341,temperature_c,2026-02-17 18:00:00+00:00,54.07,°C,EQ-STEAM-341|2026-02-17T18:00:00Z|temperature_c,observation,medium,2026-02-16 12:53:00+00:00,2026-02-19 18:58:00+00:00
EVT-2026S1-0364,EQ-FAN-204,vibration_mm_s,2026-02-18 00:00:00+00:00,3.42,mm/s,EQ-FAN-204|2026-02-18T00:00:00Z|vibration_mm_s,incident,critical,2026-02-14 11:29:00+00:00,2026-02-18 21:46:00+00:00
EVT-2026S1-X006,EQ-OVEN-386,current_a,2026-02-18 00:00:00+00:00,24.75,A,EQ-OVEN-386|2026-02-18T00:00:00Z|current_a,alert,low,2026-02-16 18:55:00+00:00,2026-02-21 05:30:00+00:00
EVT-2026S1-X006,EQ-OVEN-386,temperature_c,2026-02-18 00:00:00+00:00,59.81,°C,EQ-OVEN-386|2026-02-18T00:00:00Z|temperature_c,alert,low,2026-02-16 18:55:00+00:00,2026-02-21 05:30:00+00:00
EVT-2026S1-0001,EQ-PUMP-001,pressure_bar,2026-02-18 00:00:00+00:00,6.27,bar,EQ-PUMP-001|2026-02-18T00:00:00Z|pressure_bar,incident,high,2026-02-17 22:47:00+00:00,2026-02-20 23:19:00+00:00
EVT-2026S1-0001,EQ-PUMP-001,temperature_c,2026-02-18 00:00:00+00:00,62.34,°C,EQ-PUMP-001|2026-02-18T00:00:00Z|temperature_c,incident,high,2026-02-17 22:47:00+00:00,2026-02-20 23:19:00+00:00
EVT-2026S1-0431,EQ-STEAM-341,pressure_bar,2026-02-18 00:00:00+00:00,5.83,bar,EQ-STEAM-341|2026-02-18T00:00:00Z|pressure_bar,observation,medium,2026-02-16 12:53:00+00:00,2026-02-19 18:58:00+00:00
EVT-2026S1-0431,EQ-STEAM-341,temperature_c,2026-02-18 00:00:00+00:00,53.7,°C,EQ-STEAM-341|2026-02-18T00:00:00Z|temperature_c,observation,medium,2026-02-16 12:53:00+00:00,2026-02-19 18:58:00+00:00
EVT-2026S1-0001,EQ-PUMP-001,vibration_mm_s,2026-02-18 02:00:00+00:00,3.24,mm/s,EQ-PUMP-001|2026-02-18T02:00:00Z|vibration_mm_s,incident,high,2026-02-17 22:47:00+00:00,2026-02-20 23:19:00+00:00
EVT-2026S1-0364,EQ-FAN-204,vibration_mm_s,2026-02-18 06:00:00+00:00,3.84,mm/s,EQ-FAN-204|2026-02-18T06:00:00Z|vibration_mm_s,incident,critical,2026-02-14 11:29:00+00:00,2026-02-18 21:46:00+00:00
EVT-2026S1-X006,EQ-OVEN-386,current_a,2026-02-18 06:00:00+00:00,24.5,A,EQ-OVEN-386|2026-02-18T06:00:00Z|current_a,alert,low,2026-02-16 18:55:00+00:00,2026-02-21 05:30:00+00:00
EVT-2026S1-X006,EQ-OVEN-386,temperature_c,2026-02-18 06:00:00+00:00,64.29,°C,EQ-OVEN-386|2026-02-18T06:00:00Z|temperature_c,alert,low,2026-02-16 18:55:00+00:00,2026-02-21 05:30:00+00:00
EVT-2026S1-0001,EQ-PUMP-001,pressure_bar,2026-02-18 06:00:00+00:00,6.16,bar,EQ-PUMP-001|2026-02-18T06:00:00Z|pressure_bar,incident,high,2026-02-17 22:47:00+00:00,2026-02-20 23:19:00+00:00
EVT-2026S1-0001,EQ-PUMP-001,temperature_c,2026-02-18 06:00:00+00:00,62.76,°C,EQ-PUMP-001|2026-02-18T06:00:00Z|temperature_c,incident,high,2026-02-17 22:47:00+00:00,2026-02-20 23:19:00+00:00
EVT-2026S1-0431,EQ-STEAM-341,pressure_bar,2026-02-18 06:00:00+00:00,5.63,bar,EQ-STEAM-341|2026-02-18T06:00:00Z|pressure_bar,observation,medium,2026-02-16 12:53:00+00:00,2026-02-19 18:58:00+00:00
EVT-2026S1-0431,EQ-STEAM-341,temperature_c,2026-02-18 06:00:00+00:00,57.9,°C,EQ-STEAM-341|2026-02-18T06:00:00Z|temperature_c,observation,medium,2026-02-16 12:53:00+00:00,2026-02-19 18:58:00+00:00
EVT-2026S1-0001,EQ-PUMP-001,vibration_mm_s,2026-02-18 08:00:00+00:00,3.58,mm/s,EQ-PUMP-001|2026-02-18T08:00:00Z|vibration_mm_s,incident,high,2026-02-17 22:47:00+00:00,2026-02-20 23:19:00+00:00
EVT-2026S1-0364,EQ-FAN-204,vibration_mm_s,2026-02-18 12:00:00+00:00,3.77,mm/s,EQ-FAN-204|2026-02-18T12:00:00Z|vibration_mm_s,incident,critical,2026-02-14 11:29:00+00:00,2026-02-18 21:46:00+00:00
EVT-2026S1-X006,EQ-OVEN-386,current_a,2026-02-18 12:00:00+00:00,23.12,A,EQ-OVEN-386|2026-02-18T12:00:00Z|current_a,alert,low,2026-02-16 18:55:00+00:00,2026-02-21 05:30:00+00:00
EVT-2026S1-X006,EQ-OVEN-386,temperature_c,2026-02-18 12:00:00+00:00,67.33,°C,EQ-OVEN-386|2026-02-18T12:00:00Z|temperature_c,alert,low,2026-02-16 18:55:00+00:00,2026-02-21 05:30:00+00:00
EVT-2026S1-0001,EQ-PUMP-001,pressure_bar,2026-02-18 12:00:00+00:00,5.86,bar,EQ-PUMP-001|2026-02-18T12:00:00Z|pressure_bar,incident,high,2026-02-17 22:47:00+00:00,2026-02-20 23:19:00+00:00
EVT-2026S1-0001,EQ-PUMP-001,temperature_c,2026-02-18 12:00:00+00:00,59.21,°C,EQ-PUMP-001|2026-02-18T12:00:00Z|temperature_c,incident,high,2026-02-17 22:47:00+00:00,2026-02-20 23:19:00+00:00
EVT-2026S1-0431,EQ-STEAM-341,pressure_bar,2026-02-18 12:00:00+00:00,6.01,bar,EQ-STEAM-341|2026-02-18T12:00:00Z|pressure_bar,observation,medium,2026-02-16 12:53:00+00:00,2026-02-19 18:58:00+00:00
EVT-2026S1-0431,EQ-STEAM-341,temperature_c,2026-02-18 12:00:00+00:00,59.81,°C,EQ-STEAM-341|2026-02-18T12:00:00Z|temperature_c,observation,medium,2026-02-16 12:53:00+00:00,2026-02-19 18:58:00+00:00
EVT-2026S1-0001,EQ-PUMP-001,vibration_mm_s,2026-02-18 14:00:00+00:00,3.32,mm/s,EQ-PUMP-001|2026-02-18T14:00:00Z|vibration_mm_s,incident,high,2026-02-17 22:47:00+00:00,2026-02-20 23:19:00+00:00
EVT-2026S1-0364,EQ-FAN-204,vibration_mm_s,2026-02-18 18:00:00+00:00,3.1,mm/s,EQ-FAN-204|2026-02-18T18:00:00Z|vibration_mm_s,incident,critical,2026-02-14 11:29:00+00:00,2026-02-18 21:46:00+00:00
EVT-2026S1-X006,EQ-OVEN-386,current_a,2026-02-18 18:00:00+00:00,23.72,A,EQ-OVEN-386|2026-02-18T18:00:00Z|current_a,alert,low,2026-02-16 18:55:00+00:00,2026-02-21 05:30:00+00:00
EVT-2026S1-X006,EQ-OVEN-386,temperature_c,2026-02-18 18:00:00+00:00,63.37,°C,EQ-OVEN-386|2026-02-18T18:00:00Z|temperature_c,alert,low,2026-02-16 18:55:00+00:00,2026-02-21 05:30:00+00:00
EVT-2026S1-0001,EQ-PUMP-001,pressure_bar,2026-02-18 18:00:00+00:00,5.55,bar,EQ-PUMP-001|2026-02-18T18:00:00Z|pressure_bar,incident,high,2026-02-17 22:47:00+00:00,2026-02-20 23:19:00+00:00
EVT-2026S1-0001,EQ-PUMP-001,temperature_c,2026-02-18 18:00:00+00:00,56.47,°C,EQ-PUMP-001|2026-02-18T18:00:00Z|temperature_c,incident,high,2026-02-17 22:47:00+00:00,2026-02-20 23:19:00+00:00
EVT-2026S1-0431,EQ-STEAM-341,pressure_bar,2026-02-18 18:00:00+00:00,6.2,bar,EQ-STEAM-341|2026-02-18T18:00:00Z|pressure_bar,observation,medium,2026-02-16 12:53:00+00:00,2026-02-19 18:58:00+00:00
EVT-2026S1-0431,EQ-STEAM-341,temperature_c,2026-02-18 18:00:00+00:00,48.86,°C,EQ-STEAM-341|2026-02-18T18:00:00Z|temperature_c,observation,medium,2026-02-16 12:53:00+00:00,2026-02-19 18:58:00+00:00
EVT-2026S1-0001,EQ-PUMP-001,vibration_mm_s,2026-02-18 20:00:00+00:00,3.31,mm/s,EQ-PUMP-001|2026-02-18T20:00:00Z|vibration_mm_s,incident,high,2026-02-17 22:47:00+00:00,2026-02-20 23:19:00+00:00
EVT-2026S1-X006,EQ-OVEN-386,current_a,2026-02-19 00:00:00+00:00,26.42,A,EQ-OVEN-386|2026-02-19T00:00:00Z|current_a,alert,low,2026-02-16 18:55:00+00:00,2026-02-21 05:30:00+00:00
EVT-2026S1-X006,EQ-OVEN-386,temperature_c,2026-02-19 00:00:00+00:00,58.81,°C,EQ-OVEN-386|2026-02-19T00:00:00Z|temperature_c,alert,low,2026-02-16 18:55:00+00:00,2026-02-21 05:30:00+00:00
EVT-2026S1-0001,EQ-PUMP-001,pressure_bar,2026-02-19 00:00:00+00:00,5.82,bar,EQ-PUMP-001|2026-02-19T00:00:00Z|pressure_bar,incident,high,2026-02-17 22:47:00+00:00,2026-02-20 23:19:00+00:00
EVT-2026S1-0001,EQ-PUMP-001,temperature_c,2026-02-19 00:00:00+00:00,65.17,°C,EQ-PUMP-001|2026-02-19T00:00:00Z|temperature_c,incident,high,2026-02-17 22:47:00+00:00,2026-02-20 23:19:00+00:00
EVT-2026S1-0431,EQ-STEAM-341,pressure_bar,2026-02-19 00:00:00+00:00,5.65,bar,EQ-STEAM-341|2026-02-19T00:00:00Z|pressure_bar,observation,medium,2026-02-16 12:53:00+00:00,2026-02-19 18:58:00+00:00
EVT-2026S1-0431,EQ-STEAM-341,temperature_c,2026-02-19 00:00:00+00:00,53.63,°C,EQ-STEAM-341|2026-02-19T00:00:00Z|temperature_c,observation,medium,2026-02-16 12:53:00+00:00,2026-02-19 18:58:00+00:00
EVT-2026S1-0001,EQ-PUMP-001,vibration_mm_s,2026-02-19 02:00:00+00:00,3.45,mm/s,EQ-PUMP-001|2026-02-19T02:00:00Z|vibration_mm_s,incident,high,2026-02-17 22:47:00+00:00,2026-02-20 23:19:00+00:00
EVT-2026S1-X006,EQ-OVEN-386,current_a,2026-02-19 06:00:00+00:00,26.28,A,EQ-OVEN-386|2026-02-19T06:00:00Z|current_a,alert,low,2026-02-16 18:55:00+00:00,2026-02-21 05:30:00+00:00
EVT-2026S1-X006,EQ-OVEN-386,temperature_c,2026-02-19 06:00:00+00:00,62.36,°C,EQ-OVEN-386|2026-02-19T06:00:00Z|temperature_c,alert,low,2026-02-16 18:55:00+00:00,2026-02-21 05:30:00+00:00
EVT-2026S1-0001,EQ-PUMP-001,pressure_bar,2026-02-19 06:00:00+00:00,6.12,bar,EQ-PUMP-001|2026-02-19T06:00:00Z|pressure_bar,incident,high,2026-02-17 22:47:00+00:00,2026-02-20 23:19:00+00:00
EVT-2026S1-0001,EQ-PUMP-001,temperature_c,2026-02-19 06:00:00+00:00,64.54,°C,EQ-PUMP-001|2026-02-19T06:00:00Z|temperature_c,incident,high,2026-02-17 22:47:00+00:00,2026-02-20 23:19:00+00:00
EVT-2026S1-0431,EQ-STEAM-341,pressure_bar,2026-02-19 06:00:00+00:00,5.53,bar,EQ-STEAM-341|2026-02-19T06:00:00Z|pressure_bar,observation,medium,2026-02-16 12:53:00+00:00,2026-02-19 18:58:00+00:00
EVT-2026S1-0431,EQ-STEAM-341,temperature_c,2026-02-19 06:00:00+00:00,61.8,°C,EQ-STEAM-341|2026-02-19T06:00:00Z|temperature_c,observation,medium,2026-02-16 12:53:00+00:00,2026-02-19 18:58:00+00:00
EVT-2026S1-0001,EQ-PUMP-001,vibration_mm_s,2026-02-19 08:00:00+00:00,3.75,mm/s,EQ-PUMP-001|2026-02-19T08:00:00Z|vibration_mm_s,incident,high,2026-02-17 22:47:00+00:00,2026-02-20 23:19:00+00:00
EVT-2026S1-X006,EQ-OVEN-386,current_a,2026-02-19 12:00:00+00:00,20.26,A,EQ-OVEN-386|2026-02-19T12:00:00Z|current_a,alert,low,2026-02-16 18:55:00+00:00,2026-02-21 05:30:00+00:00
EVT-2026S1-X006,EQ-OVEN-386,temperature_c,2026-02-19 12:00:00+00:00,66.83,°C,EQ-OVEN-386|2026-02-19T12:00:00Z|temperature_c,alert,low,2026-02-16 18:55:00+00:00,2026-02-21 05:30:00+00:00
EVT-2026S1-0001,EQ-PUMP-001,pressure_bar,2026-02-19 12:00:00+00:00,5.39,bar,EQ-PUMP-001|2026-02-19T12:00:00Z|pressure_bar,incident,high,2026-02-17 22:47:00+00:00,2026-02-20 23:19:00+00:00
EVT-2026S1-0001,EQ-PUMP-001,temperature_c,2026-02-19 12:00:00+00:00,62.46,°C,EQ-PUMP-001|2026-02-19T12:00:00Z|temperature_c,incident,high,2026-02-17 22:47:00+00:00,2026-02-20 23:19:00+00:00
EVT-2026S1-0431,EQ-STEAM-341,pressure_bar,2026-02-19 12:00:00+00:00,6.35,bar,EQ-STEAM-341|2026-02-19T12:00:00Z|pressure_bar,observation,medium,2026-02-16 12:53:00+00:00,2026-02-19 18:58:00+00:00
EVT-2026S1-0431,EQ-STEAM-341,temperature_c,2026-02-19 12:00:00+00:00,55.72,°C,EQ-STEAM-341|2026-02-19T12:00:00Z|temperature_c,observation,medium,2026-02-16 12:53:00+00:00,2026-02-19 18:58:00+00:00
EVT-2026S1-0001,EQ-PUMP-001,vibration_mm_s,2026-02-19 14:00:00+00:00,3.76,mm/s,EQ-PUMP-001|2026-02-19T14:00:00Z|vibration_mm_s,incident,high,2026-02-17 22:47:00+00:00,2026-02-20 23:19:00+00:00
EVT-2026S1-X006,EQ-OVEN-386,current_a,2026-02-19 18:00:00+00:00,23.59,A,EQ-OVEN-386|2026-02-19T18:00:00Z|current_a,alert,low,2026-02-16 18:55:00+00:00,2026-02-21 05:30:00+00:00
EVT-2026S1-X006,EQ-OVEN-386,temperature_c,2026-02-19 18:00:00+00:00,62.32,°C,EQ-OVEN-386|2026-02-19T18:00:00Z|temperature_c,alert,low,2026-02-16 18:55:00+00:00,2026-02-21 05:30:00+00:00
EVT-2026S1-0001,EQ-PUMP-001,pressure_bar,2026-02-19 18:00:00+00:00,5.41,bar,EQ-PUMP-001|2026-02-19T18:00:00Z|pressure_bar,incident,high,2026-02-17 22:47:00+00:00,2026-02-20 23:19:00+00:00
EVT-2026S1-0001,EQ-PUMP-001,temperature_c,2026-02-19 18:00:00+00:00,59.18,°C,EQ-PUMP-001|2026-02-19T18:00:00Z|temperature_c,incident,high,2026-02-17 22:47:00+00:00,2026-02-20 23:19:00+00:00
EVT-2026S1-0431,EQ-STEAM-341,pressure_bar,2026-02-19 18:00:00+00:00,6.01,bar,EQ-STEAM-341|2026-02-19T18:00:00Z|pressure_bar,observation,medium,2026-02-16 12:53:00+00:00,2026-02-19 18:58:00+00:00
EVT-2026S1-0431,EQ-STEAM-341,temperature_c,2026-02-19 18:00:00+00:00,49.64,°C,EQ-STEAM-341|2026-02-19T18:00:00Z|temperature_c,observation,medium,2026-02-16 12:53:00+00:00,2026-02-19 18:58:00+00:00
EVT-2026S1-0001,EQ-PUMP-001,vibration_mm_s,2026-02-19 20:00:00+00:00,3.06,mm/s,EQ-PUMP-001|2026-02-19T20:00:00Z|vibration_mm_s,incident,high,2026-02-17 22:47:00+00:00,2026-02-20 23:19:00+00:00
EVT-2026S1-X006,EQ-OVEN-386,current_a,2026-02-20 00:00:00+00:00,25.9,A,EQ-OVEN-386|2026-02-20T00:00:00Z|current_a,alert,low,2026-02-16 18:55:00+00:00,2026-02-21 05:30:00+00:00
EVT-2026S1-X006,EQ-OVEN-386,temperature_c,2026-02-20 00:00:00+00:00,55.11,°C,EQ-OVEN-386|2026-02-20T00:00:00Z|temperature_c,alert,low,2026-02-16 18:55:00+00:00,2026-02-21 05:30:00+00:00
EVT-2026S1-0001,EQ-PUMP-001,pressure_bar,2026-02-20 00:00:00+00:00,5.96,bar,EQ-PUMP-001|2026-02-20T00:00:00Z|pressure_bar,incident,high,2026-02-17 22:47:00+00:00,2026-02-20 23:19:00+00:00
EVT-2026S1-0001,EQ-PUMP-001,temperature_c,2026-02-20 00:00:00+00:00,62.14,°C,EQ-PUMP-001|2026-02-20T00:00:00Z|temperature_c,incident,high,2026-02-17 22:47:00+00:00,2026-02-20 23:19:00+00:00
EVT-2026S1-0001,EQ-PUMP-001,vibration_mm_s,2026-02-20 02:00:00+00:00,3.53,mm/s,EQ-PUMP-001|2026-02-20T02:00:00Z|vibration_mm_s,incident,high,2026-02-17 22:47:00+00:00,2026-02-20 23:19:00+00:00
EVT-2026S1-X006,EQ-OVEN-386,current_a,2026-02-20 06:00:00+00:00,24.23,A,EQ-OVEN-386|2026-02-20T06:00:00Z|current_a,alert,low,2026-02-16 18:55:00+00:00,2026-02-21 05:30:00+00:00
EVT-2026S1-X006,EQ-OVEN-386,temperature_c,2026-02-20 06:00:00+00:00,63.72,°C,EQ-OVEN-386|2026-02-20T06:00:00Z|temperature_c,alert,low,2026-02-16 18:55:00+00:00,2026-02-21 05:30:00+00:00
EVT-2026S1-0001,EQ-PUMP-001,pressure_bar,2026-02-20 06:00:00+00:00,6.21,bar,EQ-PUMP-001|2026-02-20T06:00:00Z|pressure_bar,incident,high,2026-02-17 22:47:00+00:00,2026-02-20 23:19:00+00:00
EVT-2026S1-0001,EQ-PUMP-001,temperature_c,2026-02-20 06:00:00+00:00,64.46,°C,EQ-PUMP-001|2026-02-20T06:00:00Z|temperature_c,incident,high,2026-02-17 22:47:00+00:00,2026-02-20 23:19:00+00:00
EVT-2026S1-0001,EQ-PUMP-001,vibration_mm_s,2026-02-20 08:00:00+00:00,3.36,mm/s,EQ-PUMP-001|2026-02-20T08:00:00Z|vibration_mm_s,incident,high,2026-02-17 22:47:00+00:00,2026-02-20 23:19:00+00:00
EVT-2026S1-X006,EQ-OVEN-386,current_a,2026-02-20 12:00:00+00:00,20.14,A,EQ-OVEN-386|2026-02-20T12:00:00Z|current_a,alert,low,2026-02-16 18:55:00+00:00,2026-02-21 05:30:00+00:00
EVT-2026S1-X006,EQ-OVEN-386,temperature_c,2026-02-20 12:00:00+00:00,69.92,°C,EQ-OVEN-386|2026-02-20T12:00:00Z|temperature_c,alert,low,2026-02-16 18:55:00+00:00,2026-02-21 05:30:00+00:00
EVT-2026S1-0001,EQ-PUMP-001,pressure_bar,2026-02-20 12:00:00+00:00,5.86,bar,EQ-PUMP-001|2026-02-20T12:00:00Z|pressure_bar,incident,high,2026-02-17 22:47:00+00:00,2026-02-20 23:19:00+00:00
EVT-2026S1-0001,EQ-PUMP-001,temperature_c,2026-02-20 12:00:00+00:00,55.27,°C,EQ-PUMP-001|2026-02-20T12:00:00Z|temperature_c,incident,high,2026-02-17 22:47:00+00:00,2026-02-20 23:19:00+00:00
EVT-2026S1-0001,EQ-PUMP-001,vibration_mm_s,2026-02-20 14:00:00+00:00,3.04,mm/s,EQ-PUMP-001|2026-02-20T14:00:00Z|vibration_mm_s,incident,high,2026-02-17 22:47:00+00:00,2026-02-20 23:19:00+00:00
EVT-2026S1-X006,EQ-OVEN-386,current_a,2026-02-20 18:00:00+00:00,21.89,A,EQ-OVEN-386|2026-02-20T18:00:00Z|current_a,alert,low,2026-02-16 18:55:00+00:00,2026-02-21 05:30:00+00:00
EVT-2026S1-X006,EQ-OVEN-386,temperature_c,2026-02-20 18:00:00+00:00,62.17,°C,EQ-OVEN-386|2026-02-20T18:00:00Z|temperature_c,alert,low,2026-02-16 18:55:00+00:00,2026-02-21 05:30:00+00:00
EVT-2026S1-0001,EQ-PUMP-001,pressure_bar,2026-02-20 18:00:00+00:00,6.12,bar,EQ-PUMP-001|2026-02-20T18:00:00Z|pressure_bar,incident,high,2026-02-17 22:47:00+00:00,2026-02-20 23:19:00+00:00
EVT-2026S1-0001,EQ-PUMP-001,temperature_c,2026-02-20 18:00:00+00:00,53.99,°C,EQ-PUMP-001|2026-02-20T18:00:00Z|temperature_c,incident,high,2026-02-17 22:47:00+00:00,2026-02-20 23:19:00+00:00
EVT-2026S1-0001,EQ-PUMP-001,vibration_mm_s,2026-02-20 20:00:00+00:00,2.08,mm/s,EQ-PUMP-001|2026-02-20T20:00:00Z|vibration_mm_s,incident,high,2026-02-17 22:47:00+00:00,2026-02-20 23:19:00+00:00
EVT-2026S1-X006,EQ-OVEN-386,current_a,2026-02-21 00:00:00+00:00,25.57,A,EQ-OVEN-386|2026-02-21T00:00:00Z|current_a,alert,low,2026-02-16 18:55:00+00:00,2026-02-21 05:30:00+00:00
EVT-2026S1-X006,EQ-OVEN-386,temperature_c,2026-02-21 00:00:00+00:00,57.49,°C,EQ-OVEN-386|2026-02-21T00:00:00Z|temperature_c,alert,low,2026-02-16 18:55:00+00:00,2026-02-21 05:30:00+00:00
EVT-2026S1-0044,EQ-FAN-284,rpm,2026-02-22 00:00:00+00:00,1639.55,rpm,EQ-FAN-284|2026-02-22T00:00:00Z|rpm,intervention,critical,2026-02-21 21:47:00+00:00,2026-02-26 01:03:00+00:00
EVT-2026S1-0044,EQ-FAN-284,vibration_mm_s,2026-02-22 00:00:00+00:00,2.27,mm/s,EQ-FAN-284|2026-02-22T00:00:00Z|vibration_mm_s,intervention,critical,2026-02-21 21:47:00+00:00,2026-02-26 01:03:00+00:00
EVT-2026S1-0044,EQ-FAN-284,rpm,2026-02-22 06:00:00+00:00,1628.83,rpm,EQ-FAN-284|2026-02-22T06:00:00Z|rpm,intervention,critical,2026-02-21 21:47:00+00:00,2026-02-26 01:03:00+00:00
EVT-2026S1-0044,EQ-FAN-284,vibration_mm_s,2026-02-22 06:00:00+00:00,2.87,mm/s,EQ-FAN-284|2026-02-22T06:00:00Z|vibration_mm_s,intervention,critical,2026-02-21 21:47:00+00:00,2026-02-26 01:03:00+00:00
EVT-2026S1-0044,EQ-FAN-284,rpm,2026-02-22 12:00:00+00:00,1684.24,rpm,EQ-FAN-284|2026-02-22T12:00:00Z|rpm,intervention,critical,2026-02-21 21:47:00+00:00,2026-02-26 01:03:00+00:00
EVT-2026S1-0044,EQ-FAN-284,vibration_mm_s,2026-02-22 12:00:00+00:00,2.97,mm/s,EQ-FAN-284|2026-02-22T12:00:00Z|vibration_mm_s,intervention,critical,2026-02-21 21:47:00+00:00,2026-02-26 01:03:00+00:00
EVT-2026S1-0044,EQ-FAN-284,rpm,2026-02-22 18:00:00+00:00,1622.6,rpm,EQ-FAN-284|2026-02-22T18:00:00Z|rpm,intervention,critical,2026-02-21 21:47:00+00:00,2026-02-26 01:03:00+00:00
EVT-2026S1-0044,EQ-FAN-284,vibration_mm_s,2026-02-22 18:00:00+00:00,2.11,mm/s,EQ-FAN-284|2026-02-22T18:00:00Z|vibration_mm_s,intervention,critical,2026-02-21 21:47:00+00:00,2026-02-26 01:03:00+00:00
EVT-2026S1-0044,EQ-FAN-284,rpm,2026-02-23 00:00:00+00:00,1594.04,rpm,EQ-FAN-284|2026-02-23T00:00:00Z|rpm,intervention,critical,2026-02-21 21:47:00+00:00,2026-02-26 01:03:00+00:00
EVT-2026S1-0044,EQ-FAN-284,vibration_mm_s,2026-02-23 00:00:00+00:00,2.37,mm/s,EQ-FAN-284|2026-02-23T00:00:00Z|vibration_mm_s,intervention,critical,2026-02-21 21:47:00+00:00,2026-02-26 01:03:00+00:00
EVT-2026S1-0189,EQ-MIX-379,current_a,2026-02-23 00:00:00+00:00,22.51,A,EQ-MIX-379|2026-02-23T00:00:00Z|current_a,incident,medium,2026-02-22 19:49:00+00:00,2026-02-26 16:00:00+00:00
EVT-2026S1-0189,EQ-MIX-379,vibration_mm_s,2026-02-23 00:00:00+00:00,2.94,mm/s,EQ-MIX-379|2026-02-23T00:00:00Z|vibration_mm_s,incident,medium,2026-02-22 19:49:00+00:00,2026-02-26 16:00:00+00:00
EVT-2026S1-0044,EQ-FAN-284,rpm,2026-02-23 06:00:00+00:00,1629.92,rpm,EQ-FAN-284|2026-02-23T06:00:00Z|rpm,intervention,critical,2026-02-21 21:47:00+00:00,2026-02-26 01:03:00+00:00
EVT-2026S1-0044,EQ-FAN-284,vibration_mm_s,2026-02-23 06:00:00+00:00,3.16,mm/s,EQ-FAN-284|2026-02-23T06:00:00Z|vibration_mm_s,intervention,critical,2026-02-21 21:47:00+00:00,2026-02-26 01:03:00+00:00
EVT-2026S1-0189,EQ-MIX-379,current_a,2026-02-23 06:00:00+00:00,19.94,A,EQ-MIX-379|2026-02-23T06:00:00Z|current_a,incident,medium,2026-02-22 19:49:00+00:00,2026-02-26 16:00:00+00:00
EVT-2026S1-0189,EQ-MIX-379,vibration_mm_s,2026-02-23 06:00:00+00:00,2.3,mm/s,EQ-MIX-379|2026-02-23T06:00:00Z|vibration_mm_s,incident,medium,2026-02-22 19:49:00+00:00,2026-02-26 16:00:00+00:00
EVT-2026S1-0044,EQ-FAN-284,rpm,2026-02-23 12:00:00+00:00,1645.49,rpm,EQ-FAN-284|2026-02-23T12:00:00Z|rpm,intervention,critical,2026-02-21 21:47:00+00:00,2026-02-26 01:03:00+00:00
EVT-2026S1-0044,EQ-FAN-284,vibration_mm_s,2026-02-23 12:00:00+00:00,2.79,mm/s,EQ-FAN-284|2026-02-23T12:00:00Z|vibration_mm_s,intervention,critical,2026-02-21 21:47:00+00:00,2026-02-26 01:03:00+00:00
EVT-2026S1-0189,EQ-MIX-379,current_a,2026-02-23 12:00:00+00:00,21.09,A,EQ-MIX-379|2026-02-23T12:00:00Z|current_a,incident,medium,2026-02-22 19:49:00+00:00,2026-02-26 16:00:00+00:00
EVT-2026S1-0189,EQ-MIX-379,vibration_mm_s,2026-02-23 12:00:00+00:00,3.07,mm/s,EQ-MIX-379|2026-02-23T12:00:00Z|vibration_mm_s,incident,medium,2026-02-22 19:49:00+00:00,2026-02-26 16:00:00+00:00
EVT-2026S1-0044,EQ-FAN-284,rpm,2026-02-23 18:00:00+00:00,1663.32,rpm,EQ-FAN-284|2026-02-23T18:00:00Z|rpm,intervention,critical,2026-02-21 21:47:00+00:00,2026-02-26 01:03:00+00:00
EVT-2026S1-0044,EQ-FAN-284,vibration_mm_s,2026-02-23 18:00:00+00:00,2.95,mm/s,EQ-FAN-284|2026-02-23T18:00:00Z|vibration_mm_s,intervention,critical,2026-02-21 21:47:00+00:00,2026-02-26 01:03:00+00:00
EVT-2026S1-0189,EQ-MIX-379,current_a,2026-02-23 18:00:00+00:00,25.72,A,EQ-MIX-379|2026-02-23T18:00:00Z|current_a,incident,medium,2026-02-22 19:49:00+00:00,2026-02-26 16:00:00+00:00
EVT-2026S1-0189,EQ-MIX-379,vibration_mm_s,2026-02-23 18:00:00+00:00,3.37,mm/s,EQ-MIX-379|2026-02-23T18:00:00Z|vibration_mm_s,incident,medium,2026-02-22 19:49:00+00:00,2026-02-26 16:00:00+00:00
EVT-2026S1-0044,EQ-FAN-284,rpm,2026-02-24 00:00:00+00:00,1582.04,rpm,EQ-FAN-284|2026-02-24T00:00:00Z|rpm,intervention,critical,2026-02-21 21:47:00+00:00,2026-02-26 01:03:00+00:00
EVT-2026S1-0044,EQ-FAN-284,vibration_mm_s,2026-02-24 00:00:00+00:00,3.01,mm/s,EQ-FAN-284|2026-02-24T00:00:00Z|vibration_mm_s,intervention,critical,2026-02-21 21:47:00+00:00,2026-02-26 01:03:00+00:00
EVT-2026S1-0189,EQ-MIX-379,current_a,2026-02-24 00:00:00+00:00,21.95,A,EQ-MIX-379|2026-02-24T00:00:00Z|current_a,incident,medium,2026-02-22 19:49:00+00:00,2026-02-26 16:00:00+00:00
EVT-2026S1-0189,EQ-MIX-379,vibration_mm_s,2026-02-24 00:00:00+00:00,2.77,mm/s,EQ-MIX-379|2026-02-24T00:00:00Z|vibration_mm_s,incident,medium,2026-02-22 19:49:00+00:00,2026-02-26 16:00:00+00:00
EVT-2026S1-0044,EQ-FAN-284,rpm,2026-02-24 06:00:00+00:00,1654.63,rpm,EQ-FAN-284|2026-02-24T06:00:00Z|rpm,intervention,critical,2026-02-21 21:47:00+00:00,2026-02-26 01:03:00+00:00
EVT-2026S1-0044,EQ-FAN-284,vibration_mm_s,2026-02-24 06:00:00+00:00,2.76,mm/s,EQ-FAN-284|2026-02-24T06:00:00Z|vibration_mm_s,intervention,critical,2026-02-21 21:47:00+00:00,2026-02-26 01:03:00+00:00
EVT-2026S1-0189,EQ-MIX-379,current_a,2026-02-24 06:00:00+00:00,20.17,A,EQ-MIX-379|2026-02-24T06:00:00Z|current_a,incident,medium,2026-02-22 19:49:00+00:00,2026-02-26 16:00:00+00:00
EVT-2026S1-0189,EQ-MIX-379,vibration_mm_s,2026-02-24 06:00:00+00:00,2.75,mm/s,EQ-MIX-379|2026-02-24T06:00:00Z|vibration_mm_s,incident,medium,2026-02-22 19:49:00+00:00,2026-02-26 16:00:00+00:00
EVT-2026S1-0044,EQ-FAN-284,rpm,2026-02-24 12:00:00+00:00,1680.91,rpm,EQ-FAN-284|2026-02-24T12:00:00Z|rpm,intervention,critical,2026-02-21 21:47:00+00:00,2026-02-26 01:03:00+00:00
EVT-2026S1-0044,EQ-FAN-284,vibration_mm_s,2026-02-24 12:00:00+00:00,3.24,mm/s,EQ-FAN-284|2026-02-24T12:00:00Z|vibration_mm_s,intervention,critical,2026-02-21 21:47:00+00:00,2026-02-26 01:03:00+00:00
EVT-2026S1-0189,EQ-MIX-379,current_a,2026-02-24 12:00:00+00:00,22.24,A,EQ-MIX-379|2026-02-24T12:00:00Z|current_a,incident,medium,2026-02-22 19:49:00+00:00,2026-02-26 16:00:00+00:00
EVT-2026S1-0189,EQ-MIX-379,vibration_mm_s,2026-02-24 12:00:00+00:00,3.07,mm/s,EQ-MIX-379|2026-02-24T12:00:00Z|vibration_mm_s,incident,medium,2026-02-22 19:49:00+00:00,2026-02-26 16:00:00+00:00
EVT-2026S1-0044,EQ-FAN-284,rpm,2026-02-24 18:00:00+00:00,1623.26,rpm,EQ-FAN-284|2026-02-24T18:00:00Z|rpm,intervention,critical,2026-02-21 21:47:00+00:00,2026-02-26 01:03:00+00:00
EVT-2026S1-0044,EQ-FAN-284,vibration_mm_s,2026-02-24 18:00:00+00:00,2.48,mm/s,EQ-FAN-284|2026-02-24T18:00:00Z|vibration_mm_s,intervention,critical,2026-02-21 21:47:00+00:00,2026-02-26 01:03:00+00:00
EVT-2026S1-0189,EQ-MIX-379,current_a,2026-02-24 18:00:00+00:00,25.24,A,EQ-MIX-379|2026-02-24T18:00:00Z|current_a,incident,medium,2026-02-22 19:49:00+00:00,2026-02-26 16:00:00+00:00
EVT-2026S1-0189,EQ-MIX-379,vibration_mm_s,2026-02-24 18:00:00+00:00,2.99,mm/s,EQ-MIX-379|2026-02-24T18:00:00Z|vibration_mm_s,incident,medium,2026-02-22 19:49:00+00:00,2026-02-26 16:00:00+00:00
EVT-2026S1-0044,EQ-FAN-284,rpm,2026-02-25 00:00:00+00:00,1622.3,rpm,EQ-FAN-284|2026-02-25T00:00:00Z|rpm,intervention,critical,2026-02-21 21:47:00+00:00,2026-02-26 01:03:00+00:00
EVT-2026S1-0044,EQ-FAN-284,vibration_mm_s,2026-02-25 00:00:00+00:00,2.44,mm/s,EQ-FAN-284|2026-02-25T00:00:00Z|vibration_mm_s,intervention,critical,2026-02-21 21:47:00+00:00,2026-02-26 01:03:00+00:00
EVT-2026S1-0189,EQ-MIX-379,current_a,2026-02-25 00:00:00+00:00,22.84,A,EQ-MIX-379|2026-02-25T00:00:00Z|current_a,incident,medium,2026-02-22 19:49:00+00:00,2026-02-26 16:00:00+00:00
EVT-2026S1-0189,EQ-MIX-379,vibration_mm_s,2026-02-25 00:00:00+00:00,3.14,mm/s,EQ-MIX-379|2026-02-25T00:00:00Z|vibration_mm_s,incident,medium,2026-02-22 19:49:00+00:00,2026-02-26 16:00:00+00:00
EVT-2026S1-0044,EQ-FAN-284,rpm,2026-02-25 06:00:00+00:00,1666.8,rpm,EQ-FAN-284|2026-02-25T06:00:00Z|rpm,intervention,critical,2026-02-21 21:47:00+00:00,2026-02-26 01:03:00+00:00
EVT-2026S1-0044,EQ-FAN-284,vibration_mm_s,2026-02-25 06:00:00+00:00,2.67,mm/s,EQ-FAN-284|2026-02-25T06:00:00Z|vibration_mm_s,intervention,critical,2026-02-21 21:47:00+00:00,2026-02-26 01:03:00+00:00
EVT-2026S1-0189,EQ-MIX-379,current_a,2026-02-25 06:00:00+00:00,19.86,A,EQ-MIX-379|2026-02-25T06:00:00Z|current_a,incident,medium,2026-02-22 19:49:00+00:00,2026-02-26 16:00:00+00:00
EVT-2026S1-0189,EQ-MIX-379,vibration_mm_s,2026-02-25 06:00:00+00:00,2.72,mm/s,EQ-MIX-379|2026-02-25T06:00:00Z|vibration_mm_s,incident,medium,2026-02-22 19:49:00+00:00,2026-02-26 16:00:00+00:00
EVT-2026S1-0042,EQ-CONV-262,current_a,2026-02-25 12:00:00+00:00,31.06,A,EQ-CONV-262|2026-02-25T12:00:00Z|current_a,intervention,medium,2026-02-25 08:26:00+00:00,2026-03-01 08:55:00+00:00
EVT-2026S1-0042,EQ-CONV-262,rpm,2026-02-25 12:00:00+00:00,1458.55,rpm,EQ-CONV-262|2026-02-25T12:00:00Z|rpm,intervention,medium,2026-02-25 08:26:00+00:00,2026-03-01 08:55:00+00:00
EVT-2026S1-0044,EQ-FAN-284,rpm,2026-02-25 12:00:00+00:00,1707.3,rpm,EQ-FAN-284|2026-02-25T12:00:00Z|rpm,intervention,critical,2026-02-21 21:47:00+00:00,2026-02-26 01:03:00+00:00
EVT-2026S1-0044,EQ-FAN-284,vibration_mm_s,2026-02-25 12:00:00+00:00,3.06,mm/s,EQ-FAN-284|2026-02-25T12:00:00Z|vibration_mm_s,intervention,critical,2026-02-21 21:47:00+00:00,2026-02-26 01:03:00+00:00
EVT-2026S1-0264,EQ-FAN-304,rpm,2026-02-25 12:00:00+00:00,1580.68,rpm,EQ-FAN-304|2026-02-25T12:00:00Z|rpm,intervention,critical,2026-02-25 06:12:00+00:00,2026-03-01 10:53:00+00:00
EVT-2026S1-0264,EQ-FAN-304,vibration_mm_s,2026-02-25 12:00:00+00:00,2.93,mm/s,EQ-FAN-304|2026-02-25T12:00:00Z|vibration_mm_s,intervention,critical,2026-02-25 06:12:00+00:00,2026-03-01 10:53:00+00:00
EVT-2026S1-0189,EQ-MIX-379,current_a,2026-02-25 12:00:00+00:00,21.98,A,EQ-MIX-379|2026-02-25T12:00:00Z|current_a,incident,medium,2026-02-22 19:49:00+00:00,2026-02-26 16:00:00+00:00
EVT-2026S1-0189,EQ-MIX-379,vibration_mm_s,2026-02-25 12:00:00+00:00,2.59,mm/s,EQ-MIX-379|2026-02-25T12:00:00Z|vibration_mm_s,incident,medium,2026-02-22 19:49:00+00:00,2026-02-26 16:00:00+00:00
EVT-2026S1-0042,EQ-CONV-262,current_a,2026-02-25 18:00:00+00:00,30.85,A,EQ-CONV-262|2026-02-25T18:00:00Z|current_a,intervention,medium,2026-02-25 08:26:00+00:00,2026-03-01 08:55:00+00:00
EVT-2026S1-0042,EQ-CONV-262,rpm,2026-02-25 18:00:00+00:00,1515.89,rpm,EQ-CONV-262|2026-02-25T18:00:00Z|rpm,intervention,medium,2026-02-25 08:26:00+00:00,2026-03-01 08:55:00+00:00
EVT-2026S1-0044,EQ-FAN-284,rpm,2026-02-25 18:00:00+00:00,1638.69,rpm,EQ-FAN-284|2026-02-25T18:00:00Z|rpm,intervention,critical,2026-02-21 21:47:00+00:00,2026-02-26 01:03:00+00:00
EVT-2026S1-0044,EQ-FAN-284,vibration_mm_s,2026-02-25 18:00:00+00:00,2.38,mm/s,EQ-FAN-284|2026-02-25T18:00:00Z|vibration_mm_s,intervention,critical,2026-02-21 21:47:00+00:00,2026-02-26 01:03:00+00:00
EVT-2026S1-0264,EQ-FAN-304,rpm,2026-02-25 18:00:00+00:00,1626.3,rpm,EQ-FAN-304|2026-02-25T18:00:00Z|rpm,intervention,critical,2026-02-25 06:12:00+00:00,2026-03-01 10:53:00+00:00
EVT-2026S1-0264,EQ-FAN-304,vibration_mm_s,2026-02-25 18:00:00+00:00,2.97,mm/s,EQ-FAN-304|2026-02-25T18:00:00Z|vibration_mm_s,intervention,critical,2026-02-25 06:12:00+00:00,2026-03-01 10:53:00+00:00
EVT-2026S1-0189,EQ-MIX-379,current_a,2026-02-25 18:00:00+00:00,25.01,A,EQ-MIX-379|2026-02-25T18:00:00Z|current_a,incident,medium,2026-02-22 19:49:00+00:00,2026-02-26 16:00:00+00:00
EVT-2026S1-0189,EQ-MIX-379,vibration_mm_s,2026-02-25 18:00:00+00:00,3.2,mm/s,EQ-MIX-379|2026-02-25T18:00:00Z|vibration_mm_s,incident,medium,2026-02-22 19:49:00+00:00,2026-02-26 16:00:00+00:00
EVT-2026S1-0042,EQ-CONV-262,current_a,2026-02-26 00:00:00+00:00,28.14,A,EQ-CONV-262|2026-02-26T00:00:00Z|current_a,intervention,medium,2026-02-25 08:26:00+00:00,2026-03-01 08:55:00+00:00
EVT-2026S1-0042,EQ-CONV-262,rpm,2026-02-26 00:00:00+00:00,1459.62,rpm,EQ-CONV-262|2026-02-26T00:00:00Z|rpm,intervention,medium,2026-02-25 08:26:00+00:00,2026-03-01 08:55:00+00:00
EVT-2026S1-0044,EQ-FAN-284,rpm,2026-02-26 00:00:00+00:00,1614.93,rpm,EQ-FAN-284|2026-02-26T00:00:00Z|rpm,intervention,critical,2026-02-21 21:47:00+00:00,2026-02-26 01:03:00+00:00
EVT-2026S1-0044,EQ-FAN-284,vibration_mm_s,2026-02-26 00:00:00+00:00,2.85,mm/s,EQ-FAN-284|2026-02-26T00:00:00Z|vibration_mm_s,intervention,critical,2026-02-21 21:47:00+00:00,2026-02-26 01:03:00+00:00
EVT-2026S1-0264,EQ-FAN-304,rpm,2026-02-26 00:00:00+00:00,1490.74,rpm,EQ-FAN-304|2026-02-26T00:00:00Z|rpm,intervention,critical,2026-02-25 06:12:00+00:00,2026-03-01 10:53:00+00:00
EVT-2026S1-0264,EQ-FAN-304,vibration_mm_s,2026-02-26 00:00:00+00:00,2.39,mm/s,EQ-FAN-304|2026-02-26T00:00:00Z|vibration_mm_s,intervention,critical,2026-02-25 06:12:00+00:00,2026-03-01 10:53:00+00:00
EVT-2026S1-0189,EQ-MIX-379,current_a,2026-02-26 00:00:00+00:00,22.36,A,EQ-MIX-379|2026-02-26T00:00:00Z|current_a,incident,medium,2026-02-22 19:49:00+00:00,2026-02-26 16:00:00+00:00
EVT-2026S1-0189,EQ-MIX-379,vibration_mm_s,2026-02-26 00:00:00+00:00,3.04,mm/s,EQ-MIX-379|2026-02-26T00:00:00Z|vibration_mm_s,incident,medium,2026-02-22 19:49:00+00:00,2026-02-26 16:00:00+00:00
EVT-2026S1-0042,EQ-CONV-262,current_a,2026-02-26 06:00:00+00:00,26.36,A,EQ-CONV-262|2026-02-26T06:00:00Z|current_a,intervention,medium,2026-02-25 08:26:00+00:00,2026-03-01 08:55:00+00:00
EVT-2026S1-0042,EQ-CONV-262,rpm,2026-02-26 06:00:00+00:00,1454.47,rpm,EQ-CONV-262|2026-02-26T06:00:00Z|rpm,intervention,medium,2026-02-25 08:26:00+00:00,2026-03-01 08:55:00+00:00
EVT-2026S1-0264,EQ-FAN-304,rpm,2026-02-26 06:00:00+00:00,1515.79,rpm,EQ-FAN-304|2026-02-26T06:00:00Z|rpm,intervention,critical,2026-02-25 06:12:00+00:00,2026-03-01 10:53:00+00:00
EVT-2026S1-0264,EQ-FAN-304,vibration_mm_s,2026-02-26 06:00:00+00:00,2.48,mm/s,EQ-FAN-304|2026-02-26T06:00:00Z|vibration_mm_s,intervention,critical,2026-02-25 06:12:00+00:00,2026-03-01 10:53:00+00:00
EVT-2026S1-0189,EQ-MIX-379,current_a,2026-02-26 06:00:00+00:00,19.25,A,EQ-MIX-379|2026-02-26T06:00:00Z|current_a,incident,medium,2026-02-22 19:49:00+00:00,2026-02-26 16:00:00+00:00
EVT-2026S1-0189,EQ-MIX-379,vibration_mm_s,2026-02-26 06:00:00+00:00,2.96,mm/s,EQ-MIX-379|2026-02-26T06:00:00Z|vibration_mm_s,incident,medium,2026-02-22 19:49:00+00:00,2026-02-26 16:00:00+00:00
EVT-2026S1-0042,EQ-CONV-262,current_a,2026-02-26 12:00:00+00:00,29.8,A,EQ-CONV-262|2026-02-26T12:00:00Z|current_a,intervention,medium,2026-02-25 08:26:00+00:00,2026-03-01 08:55:00+00:00
EVT-2026S1-0042,EQ-CONV-262,rpm,2026-02-26 12:00:00+00:00,1462.69,rpm,EQ-CONV-262|2026-02-26T12:00:00Z|rpm,intervention,medium,2026-02-25 08:26:00+00:00,2026-03-01 08:55:00+00:00
EVT-2026S1-0264,EQ-FAN-304,rpm,2026-02-26 12:00:00+00:00,1570.95,rpm,EQ-FAN-304|2026-02-26T12:00:00Z|rpm,intervention,critical,2026-02-25 06:12:00+00:00,2026-03-01 10:53:00+00:00
EVT-2026S1-0264,EQ-FAN-304,vibration_mm_s,2026-02-26 12:00:00+00:00,2.81,mm/s,EQ-FAN-304|2026-02-26T12:00:00Z|vibration_mm_s,intervention,critical,2026-02-25 06:12:00+00:00,2026-03-01 10:53:00+00:00
EVT-2026S1-0189,EQ-MIX-379,current_a,2026-02-26 12:00:00+00:00,22.29,A,EQ-MIX-379|2026-02-26T12:00:00Z|current_a,incident,medium,2026-02-22 19:49:00+00:00,2026-02-26 16:00:00+00:00
EVT-2026S1-0189,EQ-MIX-379,vibration_mm_s,2026-02-26 12:00:00+00:00,2.73,mm/s,EQ-MIX-379|2026-02-26T12:00:00Z|vibration_mm_s,incident,medium,2026-02-22 19:49:00+00:00,2026-02-26 16:00:00+00:00
EVT-2026S1-0042,EQ-CONV-262,current_a,2026-02-26 18:00:00+00:00,32.49,A,EQ-CONV-262|2026-02-26T18:00:00Z|current_a,intervention,medium,2026-02-25 08:26:00+00:00,2026-03-01 08:55:00+00:00
EVT-2026S1-0042,EQ-CONV-262,rpm,2026-02-26 18:00:00+00:00,1490.81,rpm,EQ-CONV-262|2026-02-26T18:00:00Z|rpm,intervention,medium,2026-02-25 08:26:00+00:00,2026-03-01 08:55:00+00:00
EVT-2026S1-0264,EQ-FAN-304,rpm,2026-02-26 18:00:00+00:00,1568.21,rpm,EQ-FAN-304|2026-02-26T18:00:00Z|rpm,intervention,critical,2026-02-25 06:12:00+00:00,2026-03-01 10:53:00+00:00
EVT-2026S1-0264,EQ-FAN-304,vibration_mm_s,2026-02-26 18:00:00+00:00,3.25,mm/s,EQ-FAN-304|2026-02-26T18:00:00Z|vibration_mm_s,intervention,critical,2026-02-25 06:12:00+00:00,2026-03-01 10:53:00+00:00
EVT-2026S1-0042,EQ-CONV-262,current_a,2026-02-27 00:00:00+00:00,28.58,A,EQ-CONV-262|2026-02-27T00:00:00Z|current_a,intervention,medium,2026-02-25 08:26:00+00:00,2026-03-01 08:55:00+00:00
EVT-2026S1-0042,EQ-CONV-262,rpm,2026-02-27 00:00:00+00:00,1481.23,rpm,EQ-CONV-262|2026-02-27T00:00:00Z|rpm,intervention,medium,2026-02-25 08:26:00+00:00,2026-03-01 08:55:00+00:00
EVT-2026S1-0264,EQ-FAN-304,rpm,2026-02-27 00:00:00+00:00,1502.61,rpm,EQ-FAN-304|2026-02-27T00:00:00Z|rpm,intervention,critical,2026-02-25 06:12:00+00:00,2026-03-01 10:53:00+00:00
EVT-2026S1-0264,EQ-FAN-304,vibration_mm_s,2026-02-27 00:00:00+00:00,2.13,mm/s,EQ-FAN-304|2026-02-27T00:00:00Z|vibration_mm_s,intervention,critical,2026-02-25 06:12:00+00:00,2026-03-01 10:53:00+00:00
EVT-2026S1-0042,EQ-CONV-262,current_a,2026-02-27 06:00:00+00:00,25.9,A,EQ-CONV-262|2026-02-27T06:00:00Z|current_a,intervention,medium,2026-02-25 08:26:00+00:00,2026-03-01 08:55:00+00:00
EVT-2026S1-0042,EQ-CONV-262,rpm,2026-02-27 06:00:00+00:00,1417.66,rpm,EQ-CONV-262|2026-02-27T06:00:00Z|rpm,intervention,medium,2026-02-25 08:26:00+00:00,2026-03-01 08:55:00+00:00
EVT-2026S1-0264,EQ-FAN-304,rpm,2026-02-27 06:00:00+00:00,1482.07,rpm,EQ-FAN-304|2026-02-27T06:00:00Z|rpm,intervention,critical,2026-02-25 06:12:00+00:00,2026-03-01 10:53:00+00:00
EVT-2026S1-0264,EQ-FAN-304,vibration_mm_s,2026-02-27 06:00:00+00:00,2.72,mm/s,EQ-FAN-304|2026-02-27T06:00:00Z|vibration_mm_s,intervention,critical,2026-02-25 06:12:00+00:00,2026-03-01 10:53:00+00:00
EVT-2026S1-0042,EQ-CONV-262,current_a,2026-02-27 12:00:00+00:00,28.64,A,EQ-CONV-262|2026-02-27T12:00:00Z|current_a,intervention,medium,2026-02-25 08:26:00+00:00,2026-03-01 08:55:00+00:00
EVT-2026S1-0042,EQ-CONV-262,rpm,2026-02-27 12:00:00+00:00,1452.76,rpm,EQ-CONV-262|2026-02-27T12:00:00Z|rpm,intervention,medium,2026-02-25 08:26:00+00:00,2026-03-01 08:55:00+00:00
EVT-2026S1-0264,EQ-FAN-304,rpm,2026-02-27 12:00:00+00:00,1600.79,rpm,EQ-FAN-304|2026-02-27T12:00:00Z|rpm,intervention,critical,2026-02-25 06:12:00+00:00,2026-03-01 10:53:00+00:00
EVT-2026S1-0264,EQ-FAN-304,vibration_mm_s,2026-02-27 12:00:00+00:00,3.17,mm/s,EQ-FAN-304|2026-02-27T12:00:00Z|vibration_mm_s,intervention,critical,2026-02-25 06:12:00+00:00,2026-03-01 10:53:00+00:00
EVT-2026S1-0042,EQ-CONV-262,current_a,2026-02-27 18:00:00+00:00,30.76,A,EQ-CONV-262|2026-02-27T18:00:00Z|current_a,intervention,medium,2026-02-25 08:26:00+00:00,2026-03-01 08:55:00+00:00
EVT-2026S1-0042,EQ-CONV-262,rpm,2026-02-27 18:00:00+00:00,1541.6,rpm,EQ-CONV-262|2026-02-27T18:00:00Z|rpm,intervention,medium,2026-02-25 08:26:00+00:00,2026-03-01 08:55:00+00:00
EVT-2026S1-0264,EQ-FAN-304,rpm,2026-02-27 18:00:00+00:00,1544.16,rpm,EQ-FAN-304|2026-02-27T18:00:00Z|rpm,intervention,critical,2026-02-25 06:12:00+00:00,2026-03-01 10:53:00+00:00
EVT-2026S1-0264,EQ-FAN-304,vibration_mm_s,2026-02-27 18:00:00+00:00,2.89,mm/s,EQ-FAN-304|2026-02-27T18:00:00Z|vibration_mm_s,intervention,critical,2026-02-25 06:12:00+00:00,2026-03-01 10:53:00+00:00
EVT-2026S1-0042,EQ-CONV-262,current_a,2026-02-28 00:00:00+00:00,28.73,A,EQ-CONV-262|2026-02-28T00:00:00Z|current_a,intervention,medium,2026-02-25 08:26:00+00:00,2026-03-01 08:55:00+00:00
EVT-2026S1-0042,EQ-CONV-262,rpm,2026-02-28 00:00:00+00:00,1489.65,rpm,EQ-CONV-262|2026-02-28T00:00:00Z|rpm,intervention,medium,2026-02-25 08:26:00+00:00,2026-03-01 08:55:00+00:00
EVT-2026S1-0264,EQ-FAN-304,rpm,2026-02-28 00:00:00+00:00,1478.56,rpm,EQ-FAN-304|2026-02-28T00:00:00Z|rpm,intervention,critical,2026-02-25 06:12:00+00:00,2026-03-01 10:53:00+00:00
EVT-2026S1-0264,EQ-FAN-304,vibration_mm_s,2026-02-28 00:00:00+00:00,1.83,mm/s,EQ-FAN-304|2026-02-28T00:00:00Z|vibration_mm_s,intervention,critical,2026-02-25 06:12:00+00:00,2026-03-01 10:53:00+00:00
EVT-2026S1-0042,EQ-CONV-262,current_a,2026-02-28 06:00:00+00:00,25.31,A,EQ-CONV-262|2026-02-28T06:00:00Z|current_a,intervention,medium,2026-02-25 08:26:00+00:00,2026-03-01 08:55:00+00:00
EVT-2026S1-0042,EQ-CONV-262,rpm,2026-02-28 06:00:00+00:00,1406.62,rpm,EQ-CONV-262|2026-02-28T06:00:00Z|rpm,intervention,medium,2026-02-25 08:26:00+00:00,2026-03-01 08:55:00+00:00
EVT-2026S1-0264,EQ-FAN-304,rpm,2026-02-28 06:00:00+00:00,1489.7,rpm,EQ-FAN-304|2026-02-28T06:00:00Z|rpm,intervention,critical,2026-02-25 06:12:00+00:00,2026-03-01 10:53:00+00:00
EVT-2026S1-0264,EQ-FAN-304,vibration_mm_s,2026-02-28 06:00:00+00:00,2.56,mm/s,EQ-FAN-304|2026-02-28T06:00:00Z|vibration_mm_s,intervention,critical,2026-02-25 06:12:00+00:00,2026-03-01 10:53:00+00:00
EVT-2026S1-0042,EQ-CONV-262,current_a,2026-02-28 12:00:00+00:00,27.81,A,EQ-CONV-262|2026-02-28T12:00:00Z|current_a,intervention,medium,2026-02-25 08:26:00+00:00,2026-03-01 08:55:00+00:00
EVT-2026S1-0042,EQ-CONV-262,rpm,2026-02-28 12:00:00+00:00,1448.57,rpm,EQ-CONV-262|2026-02-28T12:00:00Z|rpm,intervention,medium,2026-02-25 08:26:00+00:00,2026-03-01 08:55:00+00:00
EVT-2026S1-0264,EQ-FAN-304,rpm,2026-02-28 12:00:00+00:00,1528.23,rpm,EQ-FAN-304|2026-02-28T12:00:00Z|rpm,intervention,critical,2026-02-25 06:12:00+00:00,2026-03-01 10:53:00+00:00
EVT-2026S1-0264,EQ-FAN-304,vibration_mm_s,2026-02-28 12:00:00+00:00,2.66,mm/s,EQ-FAN-304|2026-02-28T12:00:00Z|vibration_mm_s,intervention,critical,2026-02-25 06:12:00+00:00,2026-03-01 10:53:00+00:00
EVT-2026S1-0042,EQ-CONV-262,current_a,2026-02-28 18:00:00+00:00,30.01,A,EQ-CONV-262|2026-02-28T18:00:00Z|current_a,intervention,medium,2026-02-25 08:26:00+00:00,2026-03-01 08:55:00+00:00
EVT-2026S1-0042,EQ-CONV-262,rpm,2026-02-28 18:00:00+00:00,1522.87,rpm,EQ-CONV-262|2026-02-28T18:00:00Z|rpm,intervention,medium,2026-02-25 08:26:00+00:00,2026-03-01 08:55:00+00:00
EVT-2026S1-0264,EQ-FAN-304,rpm,2026-02-28 18:00:00+00:00,1512.62,rpm,EQ-FAN-304|2026-02-28T18:00:00Z|rpm,intervention,critical,2026-02-25 06:12:00+00:00,2026-03-01 10:53:00+00:00
EVT-2026S1-0264,EQ-FAN-304,vibration_mm_s,2026-02-28 18:00:00+00:00,2.82,mm/s,EQ-FAN-304|2026-02-28T18:00:00Z|vibration_mm_s,intervention,critical,2026-02-25 06:12:00+00:00,2026-03-01 10:53:00+00:00
EVT-2026S1-0042,EQ-CONV-262,current_a,2026-03-01 00:00:00+00:00,28.88,A,EQ-CONV-262|2026-03-01T00:00:00Z|current_a,intervention,medium,2026-02-25 08:26:00+00:00,2026-03-01 08:55:00+00:00
EVT-2026S1-0042,EQ-CONV-262,rpm,2026-03-01 00:00:00+00:00,1458.18,rpm,EQ-CONV-262|2026-03-01T00:00:00Z|rpm,intervention,medium,2026-02-25 08:26:00+00:00,2026-03-01 08:55:00+00:00
EVT-2026S1-0264,EQ-FAN-304,rpm,2026-03-01 00:00:00+00:00,1480.39,rpm,EQ-FAN-304|2026-03-01T00:00:00Z|rpm,intervention,critical,2026-02-25 06:12:00+00:00,2026-03-01 10:53:00+00:00
EVT-2026S1-0264,EQ-FAN-304,vibration_mm_s,2026-03-01 00:00:00+00:00,2.38,mm/s,EQ-FAN-304|2026-03-01T00:00:00Z|vibration_mm_s,intervention,critical,2026-02-25 06:12:00+00:00,2026-03-01 10:53:00+00:00
EVT-2026S1-0042,EQ-CONV-262,current_a,2026-03-01 06:00:00+00:00,25.74,A,EQ-CONV-262|2026-03-01T06:00:00Z|current_a,intervention,medium,2026-02-25 08:26:00+00:00,2026-03-01 08:55:00+00:00
EVT-2026S1-0042,EQ-CONV-262,rpm,2026-03-01 06:00:00+00:00,1401.9,rpm,EQ-CONV-262|2026-03-01T06:00:00Z|rpm,intervention,medium,2026-02-25 08:26:00+00:00,2026-03-01 08:55:00+00:00
EVT-2026S1-0264,EQ-FAN-304,rpm,2026-03-01 06:00:00+00:00,1500.19,rpm,EQ-FAN-304|2026-03-01T06:00:00Z|rpm,intervention,critical,2026-02-25 06:12:00+00:00,2026-03-01 10:53:00+00:00
EVT-2026S1-0264,EQ-FAN-304,vibration_mm_s,2026-03-01 06:00:00+00:00,2.47,mm/s,EQ-FAN-304|2026-03-01T06:00:00Z|vibration_mm_s,intervention,critical,2026-02-25 06:12:00+00:00,2026-03-01 10:53:00+00:00
EVT-2026S1-X054,EQ-CHILL-188,pressure_bar,2026-03-01 12:00:00+00:00,5.95,bar,EQ-CHILL-188|2026-03-01T12:00:00Z|pressure_bar,incident,high,2026-03-01 08:51:00+00:00,2026-03-05 06:58:00+00:00
EVT-2026S1-X054,EQ-CHILL-188,temperature_c,2026-03-01 12:00:00+00:00,53.14,°C,EQ-CHILL-188|2026-03-01T12:00:00Z|temperature_c,incident,high,2026-03-01 08:51:00+00:00,2026-03-05 06:58:00+00:00
EVT-2026S1-X054,EQ-CHILL-188,pressure_bar,2026-03-01 18:00:00+00:00,6.17,bar,EQ-CHILL-188|2026-03-01T18:00:00Z|pressure_bar,incident,high,2026-03-01 08:51:00+00:00,2026-03-05 06:58:00+00:00
EVT-2026S1-X054,EQ-CHILL-188,temperature_c,2026-03-01 18:00:00+00:00,58.37,°C,EQ-CHILL-188|2026-03-01T18:00:00Z|temperature_c,incident,high,2026-03-01 08:51:00+00:00,2026-03-05 06:58:00+00:00
EVT-2026S1-X054,EQ-CHILL-188,pressure_bar,2026-03-02 00:00:00+00:00,6.53,bar,EQ-CHILL-188|2026-03-02T00:00:00Z|pressure_bar,incident,high,2026-03-01 08:51:00+00:00,2026-03-05 06:58:00+00:00
EVT-2026S1-X054,EQ-CHILL-188,temperature_c,2026-03-02 00:00:00+00:00,64.08,°C,EQ-CHILL-188|2026-03-02T00:00:00Z|temperature_c,incident,high,2026-03-01 08:51:00+00:00,2026-03-05 06:58:00+00:00
EVT-2026S1-X054,EQ-CHILL-188,pressure_bar,2026-03-02 06:00:00+00:00,6.3,bar,EQ-CHILL-188|2026-03-02T06:00:00Z|pressure_bar,incident,high,2026-03-01 08:51:00+00:00,2026-03-05 06:58:00+00:00
EVT-2026S1-X054,EQ-CHILL-188,temperature_c,2026-03-02 06:00:00+00:00,59.15,°C,EQ-CHILL-188|2026-03-02T06:00:00Z|temperature_c,incident,high,2026-03-01 08:51:00+00:00,2026-03-05 06:58:00+00:00
EVT-2026S1-X004,EQ-OVEN-123,current_a,2026-03-02 06:00:00+00:00,25.97,A,EQ-OVEN-123|2026-03-02T06:00:00Z|current_a,incident,high,2026-03-02 00:19:00+00:00,2026-03-05 20:45:00+00:00
EVT-2026S1-X004,EQ-OVEN-123,temperature_c,2026-03-02 06:00:00+00:00,55.17,°C,EQ-OVEN-123|2026-03-02T06:00:00Z|temperature_c,incident,high,2026-03-02 00:19:00+00:00,2026-03-05 20:45:00+00:00
EVT-2026S1-X054,EQ-CHILL-188,pressure_bar,2026-03-02 12:00:00+00:00,5.85,bar,EQ-CHILL-188|2026-03-02T12:00:00Z|pressure_bar,incident,high,2026-03-01 08:51:00+00:00,2026-03-05 06:58:00+00:00
EVT-2026S1-X054,EQ-CHILL-188,temperature_c,2026-03-02 12:00:00+00:00,53.68,°C,EQ-CHILL-188|2026-03-02T12:00:00Z|temperature_c,incident,high,2026-03-01 08:51:00+00:00,2026-03-05 06:58:00+00:00
EVT-2026S1-X004,EQ-OVEN-123,current_a,2026-03-02 12:00:00+00:00,23.55,A,EQ-OVEN-123|2026-03-02T12:00:00Z|current_a,incident,high,2026-03-02 00:19:00+00:00,2026-03-05 20:45:00+00:00
EVT-2026S1-X004,EQ-OVEN-123,temperature_c,2026-03-02 12:00:00+00:00,64.9,°C,EQ-OVEN-123|2026-03-02T12:00:00Z|temperature_c,incident,high,2026-03-02 00:19:00+00:00,2026-03-05 20:45:00+00:00
EVT-2026S1-X054,EQ-CHILL-188,pressure_bar,2026-03-02 18:00:00+00:00,5.88,bar,EQ-CHILL-188|2026-03-02T18:00:00Z|pressure_bar,incident,high,2026-03-01 08:51:00+00:00,2026-03-05 06:58:00+00:00
EVT-2026S1-X054,EQ-CHILL-188,temperature_c,2026-03-02 18:00:00+00:00,64.13,°C,EQ-CHILL-188|2026-03-02T18:00:00Z|temperature_c,incident,high,2026-03-01 08:51:00+00:00,2026-03-05 06:58:00+00:00
EVT-2026S1-X004,EQ-OVEN-123,current_a,2026-03-02 18:00:00+00:00,24.92,A,EQ-OVEN-123|2026-03-02T18:00:00Z|current_a,incident,high,2026-03-02 00:19:00+00:00,2026-03-05 20:45:00+00:00
EVT-2026S1-X004,EQ-OVEN-123,temperature_c,2026-03-02 18:00:00+00:00,65.17,°C,EQ-OVEN-123|2026-03-02T18:00:00Z|temperature_c,incident,high,2026-03-02 00:19:00+00:00,2026-03-05 20:45:00+00:00
EVT-2026S1-X054,EQ-CHILL-188,pressure_bar,2026-03-03 00:00:00+00:00,6.52,bar,EQ-CHILL-188|2026-03-03T00:00:00Z|pressure_bar,incident,high,2026-03-01 08:51:00+00:00,2026-03-05 06:58:00+00:00
EVT-2026S1-X054,EQ-CHILL-188,temperature_c,2026-03-03 00:00:00+00:00,67.93,°C,EQ-CHILL-188|2026-03-03T00:00:00Z|temperature_c,incident,high,2026-03-01 08:51:00+00:00,2026-03-05 06:58:00+00:00
EVT-2026S1-X004,EQ-OVEN-123,current_a,2026-03-03 00:00:00+00:00,28.09,A,EQ-OVEN-123|2026-03-03T00:00:00Z|current_a,incident,high,2026-03-02 00:19:00+00:00,2026-03-05 20:45:00+00:00
EVT-2026S1-X004,EQ-OVEN-123,temperature_c,2026-03-03 00:00:00+00:00,61.09,°C,EQ-OVEN-123|2026-03-03T00:00:00Z|temperature_c,incident,high,2026-03-02 00:19:00+00:00,2026-03-05 20:45:00+00:00
EVT-2026S1-X054,EQ-CHILL-188,pressure_bar,2026-03-03 06:00:00+00:00,5.82,bar,EQ-CHILL-188|2026-03-03T06:00:00Z|pressure_bar,incident,high,2026-03-01 08:51:00+00:00,2026-03-05 06:58:00+00:00
EVT-2026S1-X054,EQ-CHILL-188,temperature_c,2026-03-03 06:00:00+00:00,61.55,°C,EQ-CHILL-188|2026-03-03T06:00:00Z|temperature_c,incident,high,2026-03-01 08:51:00+00:00,2026-03-05 06:58:00+00:00
EVT-2026S1-X004,EQ-OVEN-123,current_a,2026-03-03 06:00:00+00:00,27.68,A,EQ-OVEN-123|2026-03-03T06:00:00Z|current_a,incident,high,2026-03-02 00:19:00+00:00,2026-03-05 20:45:00+00:00
EVT-2026S1-X004,EQ-OVEN-123,temperature_c,2026-03-03 06:00:00+00:00,58.76,°C,EQ-OVEN-123|2026-03-03T06:00:00Z|temperature_c,incident,high,2026-03-02 00:19:00+00:00,2026-03-05 20:45:00+00:00
EVT-2026S1-X054,EQ-CHILL-188,pressure_bar,2026-03-03 12:00:00+00:00,5.67,bar,EQ-CHILL-188|2026-03-03T12:00:00Z|pressure_bar,incident,high,2026-03-01 08:51:00+00:00,2026-03-05 06:58:00+00:00
EVT-2026S1-X054,EQ-CHILL-188,temperature_c,2026-03-03 12:00:00+00:00,61.21,°C,EQ-CHILL-188|2026-03-03T12:00:00Z|temperature_c,incident,high,2026-03-01 08:51:00+00:00,2026-03-05 06:58:00+00:00
EVT-2026S1-X004,EQ-OVEN-123,current_a,2026-03-03 12:00:00+00:00,24.35,A,EQ-OVEN-123|2026-03-03T12:00:00Z|current_a,incident,high,2026-03-02 00:19:00+00:00,2026-03-05 20:45:00+00:00
EVT-2026S1-X004,EQ-OVEN-123,temperature_c,2026-03-03 12:00:00+00:00,63.92,°C,EQ-OVEN-123|2026-03-03T12:00:00Z|temperature_c,incident,high,2026-03-02 00:19:00+00:00,2026-03-05 20:45:00+00:00
EVT-2026S1-X054,EQ-CHILL-188,pressure_bar,2026-03-03 18:00:00+00:00,5.57,bar,EQ-CHILL-188|2026-03-03T18:00:00Z|pressure_bar,incident,high,2026-03-01 08:51:00+00:00,2026-03-05 06:58:00+00:00
EVT-2026S1-X054,EQ-CHILL-188,temperature_c,2026-03-03 18:00:00+00:00,64.35,°C,EQ-CHILL-188|2026-03-03T18:00:00Z|temperature_c,incident,high,2026-03-01 08:51:00+00:00,2026-03-05 06:58:00+00:00
EVT-2026S1-X004,EQ-OVEN-123,current_a,2026-03-03 18:00:00+00:00,24.27,A,EQ-OVEN-123|2026-03-03T18:00:00Z|current_a,incident,high,2026-03-02 00:19:00+00:00,2026-03-05 20:45:00+00:00
EVT-2026S1-X004,EQ-OVEN-123,temperature_c,2026-03-03 18:00:00+00:00,65.28,°C,EQ-OVEN-123|2026-03-03T18:00:00Z|temperature_c,incident,high,2026-03-02 00:19:00+00:00,2026-03-05 20:45:00+00:00
EVT-2026S1-X054,EQ-CHILL-188,pressure_bar,2026-03-04 00:00:00+00:00,6.12,bar,EQ-CHILL-188|2026-03-04T00:00:00Z|pressure_bar,incident,high,2026-03-01 08:51:00+00:00,2026-03-05 06:58:00+00:00
EVT-2026S1-X054,EQ-CHILL-188,temperature_c,2026-03-04 00:00:00+00:00,66.36,°C,EQ-CHILL-188|2026-03-04T00:00:00Z|temperature_c,incident,high,2026-03-01 08:51:00+00:00,2026-03-05 06:58:00+00:00
EVT-2026S1-X004,EQ-OVEN-123,current_a,2026-03-04 00:00:00+00:00,29.01,A,EQ-OVEN-123|2026-03-04T00:00:00Z|current_a,incident,high,2026-03-02 00:19:00+00:00,2026-03-05 20:45:00+00:00
EVT-2026S1-X004,EQ-OVEN-123,temperature_c,2026-03-04 00:00:00+00:00,62.01,°C,EQ-OVEN-123|2026-03-04T00:00:00Z|temperature_c,incident,high,2026-03-02 00:19:00+00:00,2026-03-05 20:45:00+00:00
EVT-2026S1-X054,EQ-CHILL-188,pressure_bar,2026-03-04 06:00:00+00:00,6.11,bar,EQ-CHILL-188|2026-03-04T06:00:00Z|pressure_bar,incident,high,2026-03-01 08:51:00+00:00,2026-03-05 06:58:00+00:00
EVT-2026S1-X054,EQ-CHILL-188,temperature_c,2026-03-04 06:00:00+00:00,62.83,°C,EQ-CHILL-188|2026-03-04T06:00:00Z|temperature_c,incident,high,2026-03-01 08:51:00+00:00,2026-03-05 06:58:00+00:00
EVT-2026S1-X004,EQ-OVEN-123,current_a,2026-03-04 06:00:00+00:00,30.13,A,EQ-OVEN-123|2026-03-04T06:00:00Z|current_a,incident,high,2026-03-02 00:19:00+00:00,2026-03-05 20:45:00+00:00
EVT-2026S1-X004,EQ-OVEN-123,temperature_c,2026-03-04 06:00:00+00:00,58.84,°C,EQ-OVEN-123|2026-03-04T06:00:00Z|temperature_c,incident,high,2026-03-02 00:19:00+00:00,2026-03-05 20:45:00+00:00
EVT-2026S1-X054,EQ-CHILL-188,pressure_bar,2026-03-04 12:00:00+00:00,5.99,bar,EQ-CHILL-188|2026-03-04T12:00:00Z|pressure_bar,incident,high,2026-03-01 08:51:00+00:00,2026-03-05 06:58:00+00:00
EVT-2026S1-X054,EQ-CHILL-188,temperature_c,2026-03-04 12:00:00+00:00,56.22,°C,EQ-CHILL-188|2026-03-04T12:00:00Z|temperature_c,incident,high,2026-03-01 08:51:00+00:00,2026-03-05 06:58:00+00:00
EVT-2026S1-X004,EQ-OVEN-123,current_a,2026-03-04 12:00:00+00:00,26.61,A,EQ-OVEN-123|2026-03-04T12:00:00Z|current_a,incident,high,2026-03-02 00:19:00+00:00,2026-03-05 20:45:00+00:00
EVT-2026S1-X004,EQ-OVEN-123,temperature_c,2026-03-04 12:00:00+00:00,64.66,°C,EQ-OVEN-123|2026-03-04T12:00:00Z|temperature_c,incident,high,2026-03-02 00:19:00+00:00,2026-03-05 20:45:00+00:00
EVT-2026S1-X054,EQ-CHILL-188,pressure_bar,2026-03-04 18:00:00+00:00,6.11,bar,EQ-CHILL-188|2026-03-04T18:00:00Z|pressure_bar,incident,high,2026-03-01 08:51:00+00:00,2026-03-05 06:58:00+00:00
EVT-2026S1-X054,EQ-CHILL-188,temperature_c,2026-03-04 18:00:00+00:00,60.17,°C,EQ-CHILL-188|2026-03-04T18:00:00Z|temperature_c,incident,high,2026-03-01 08:51:00+00:00,2026-03-05 06:58:00+00:00
EVT-2026S1-X004,EQ-OVEN-123,current_a,2026-03-04 18:00:00+00:00,26.82,A,EQ-OVEN-123|2026-03-04T18:00:00Z|current_a,incident,high,2026-03-02 00:19:00+00:00,2026-03-05 20:45:00+00:00
EVT-2026S1-X004,EQ-OVEN-123,temperature_c,2026-03-04 18:00:00+00:00,66.36,°C,EQ-OVEN-123|2026-03-04T18:00:00Z|temperature_c,incident,high,2026-03-02 00:19:00+00:00,2026-03-05 20:45:00+00:00
EVT-2026S1-X054,EQ-CHILL-188,pressure_bar,2026-03-05 00:00:00+00:00,6.76,bar,EQ-CHILL-188|2026-03-05T00:00:00Z|pressure_bar,incident,high,2026-03-01 08:51:00+00:00,2026-03-05 06:58:00+00:00
EVT-2026S1-X054,EQ-CHILL-188,temperature_c,2026-03-05 00:00:00+00:00,62.93,°C,EQ-CHILL-188|2026-03-05T00:00:00Z|temperature_c,incident,high,2026-03-01 08:51:00+00:00,2026-03-05 06:58:00+00:00
EVT-2026S1-X004,EQ-OVEN-123,current_a,2026-03-05 00:00:00+00:00,27.1,A,EQ-OVEN-123|2026-03-05T00:00:00Z|current_a,incident,high,2026-03-02 00:19:00+00:00,2026-03-05 20:45:00+00:00
EVT-2026S1-X004,EQ-OVEN-123,temperature_c,2026-03-05 00:00:00+00:00,57.4,°C,EQ-OVEN-123|2026-03-05T00:00:00Z|temperature_c,incident,high,2026-03-02 00:19:00+00:00,2026-03-05 20:45:00+00:00
EVT-2026S1-X054,EQ-CHILL-188,pressure_bar,2026-03-05 06:00:00+00:00,6.15,bar,EQ-CHILL-188|2026-03-05T06:00:00Z|pressure_bar,incident,high,2026-03-01 08:51:00+00:00,2026-03-05 06:58:00+00:00
EVT-2026S1-X054,EQ-CHILL-188,temperature_c,2026-03-05 06:00:00+00:00,56.97,°C,EQ-CHILL-188|2026-03-05T06:00:00Z|temperature_c,incident,high,2026-03-01 08:51:00+00:00,2026-03-05 06:58:00+00:00
EVT-2026S1-X004,EQ-OVEN-123,current_a,2026-03-05 06:00:00+00:00,28.63,A,EQ-OVEN-123|2026-03-05T06:00:00Z|current_a,incident,high,2026-03-02 00:19:00+00:00,2026-03-05 20:45:00+00:00
EVT-2026S1-X004,EQ-OVEN-123,temperature_c,2026-03-05 06:00:00+00:00,58.01,°C,EQ-OVEN-123|2026-03-05T06:00:00Z|temperature_c,incident,high,2026-03-02 00:19:00+00:00,2026-03-05 20:45:00+00:00
EVT-2026S1-X004,EQ-OVEN-123,current_a,2026-03-05 12:00:00+00:00,25.01,A,EQ-OVEN-123|2026-03-05T12:00:00Z|current_a,incident,high,2026-03-02 00:19:00+00:00,2026-03-05 20:45:00+00:00
EVT-2026S1-X004,EQ-OVEN-123,temperature_c,2026-03-05 12:00:00+00:00,62.87,°C,EQ-OVEN-123|2026-03-05T12:00:00Z|temperature_c,incident,high,2026-03-02 00:19:00+00:00,2026-03-05 20:45:00+00:00
EVT-2026S1-X004,EQ-OVEN-123,current_a,2026-03-05 18:00:00+00:00,22.7,A,EQ-OVEN-123|2026-03-05T18:00:00Z|current_a,incident,high,2026-03-02 00:19:00+00:00,2026-03-05 20:45:00+00:00
EVT-2026S1-X004,EQ-OVEN-123,temperature_c,2026-03-05 18:00:00+00:00,66.41,°C,EQ-OVEN-123|2026-03-05T18:00:00Z|temperature_c,incident,high,2026-03-02 00:19:00+00:00,2026-03-05 20:45:00+00:00
EVT-2026S1-X026,EQ-MIX-379,current_a,2026-03-06 18:00:00+00:00,24.53,A,EQ-MIX-379|2026-03-06T18:00:00Z|current_a,alert,medium,2026-03-06 16:12:00+00:00,2026-03-10 11:01:00+00:00
EVT-2026S1-X026,EQ-MIX-379,vibration_mm_s,2026-03-06 18:00:00+00:00,3.46,mm/s,EQ-MIX-379|2026-03-06T18:00:00Z|vibration_mm_s,alert,medium,2026-03-06 16:12:00+00:00,2026-03-10 11:01:00+00:00
EVT-2026S1-X026,EQ-MIX-379,current_a,2026-03-07 00:00:00+00:00,21.07,A,EQ-MIX-379|2026-03-07T00:00:00Z|current_a,alert,medium,2026-03-06 16:12:00+00:00,2026-03-10 11:01:00+00:00
EVT-2026S1-X026,EQ-MIX-379,vibration_mm_s,2026-03-07 00:00:00+00:00,2.96,mm/s,EQ-MIX-379|2026-03-07T00:00:00Z|vibration_mm_s,alert,medium,2026-03-06 16:12:00+00:00,2026-03-10 11:01:00+00:00
EVT-2026S1-X026,EQ-MIX-379,current_a,2026-03-07 06:00:00+00:00,17.64,A,EQ-MIX-379|2026-03-07T06:00:00Z|current_a,alert,medium,2026-03-06 16:12:00+00:00,2026-03-10 11:01:00+00:00
EVT-2026S1-X026,EQ-MIX-379,vibration_mm_s,2026-03-07 06:00:00+00:00,2.77,mm/s,EQ-MIX-379|2026-03-07T06:00:00Z|vibration_mm_s,alert,medium,2026-03-06 16:12:00+00:00,2026-03-10 11:01:00+00:00
EVT-2026S1-X026,EQ-MIX-379,current_a,2026-03-07 12:00:00+00:00,20.06,A,EQ-MIX-379|2026-03-07T12:00:00Z|current_a,alert,medium,2026-03-06 16:12:00+00:00,2026-03-10 11:01:00+00:00
EVT-2026S1-X026,EQ-MIX-379,vibration_mm_s,2026-03-07 12:00:00+00:00,2.62,mm/s,EQ-MIX-379|2026-03-07T12:00:00Z|vibration_mm_s,alert,medium,2026-03-06 16:12:00+00:00,2026-03-10 11:01:00+00:00
EVT-2026S1-X026,EQ-MIX-379,current_a,2026-03-07 18:00:00+00:00,22.52,A,EQ-MIX-379|2026-03-07T18:00:00Z|current_a,alert,medium,2026-03-06 16:12:00+00:00,2026-03-10 11:01:00+00:00
EVT-2026S1-X026,EQ-MIX-379,vibration_mm_s,2026-03-07 18:00:00+00:00,3.19,mm/s,EQ-MIX-379|2026-03-07T18:00:00Z|vibration_mm_s,alert,medium,2026-03-06 16:12:00+00:00,2026-03-10 11:01:00+00:00
EVT-2026S1-X026,EQ-MIX-379,current_a,2026-03-08 00:00:00+00:00,21.11,A,EQ-MIX-379|2026-03-08T00:00:00Z|current_a,alert,medium,2026-03-06 16:12:00+00:00,2026-03-10 11:01:00+00:00
EVT-2026S1-X026,EQ-MIX-379,vibration_mm_s,2026-03-08 00:00:00+00:00,2.68,mm/s,EQ-MIX-379|2026-03-08T00:00:00Z|vibration_mm_s,alert,medium,2026-03-06 16:12:00+00:00,2026-03-10 11:01:00+00:00
EVT-2026S1-X026,EQ-MIX-379,current_a,2026-03-08 06:00:00+00:00,21.08,A,EQ-MIX-379|2026-03-08T06:00:00Z|current_a,alert,medium,2026-03-06 16:12:00+00:00,2026-03-10 11:01:00+00:00
EVT-2026S1-X026,EQ-MIX-379,vibration_mm_s,2026-03-08 06:00:00+00:00,2.55,mm/s,EQ-MIX-379|2026-03-08T06:00:00Z|vibration_mm_s,alert,medium,2026-03-06 16:12:00+00:00,2026-03-10 11:01:00+00:00
EVT-2026S1-X026,EQ-MIX-379,current_a,2026-03-08 12:00:00+00:00,20.86,A,EQ-MIX-379|2026-03-08T12:00:00Z|current_a,alert,medium,2026-03-06 16:12:00+00:00,2026-03-10 11:01:00+00:00
EVT-2026S1-X026,EQ-MIX-379,vibration_mm_s,2026-03-08 12:00:00+00:00,2.71,mm/s,EQ-MIX-379|2026-03-08T12:00:00Z|vibration_mm_s,alert,medium,2026-03-06 16:12:00+00:00,2026-03-10 11:01:00+00:00
EVT-2026S1-X026,EQ-MIX-379,current_a,2026-03-08 18:00:00+00:00,21.97,A,EQ-MIX-379|2026-03-08T18:00:00Z|current_a,alert,medium,2026-03-06 16:12:00+00:00,2026-03-10 11:01:00+00:00
EVT-2026S1-X026,EQ-MIX-379,vibration_mm_s,2026-03-08 18:00:00+00:00,3.01,mm/s,EQ-MIX-379|2026-03-08T18:00:00Z|vibration_mm_s,alert,medium,2026-03-06 16:12:00+00:00,2026-03-10 11:01:00+00:00
EVT-2026S1-X026,EQ-MIX-379,current_a,2026-03-09 00:00:00+00:00,22.88,A,EQ-MIX-379|2026-03-09T00:00:00Z|current_a,alert,medium,2026-03-06 16:12:00+00:00,2026-03-10 11:01:00+00:00
EVT-2026S1-X026,EQ-MIX-379,vibration_mm_s,2026-03-09 00:00:00+00:00,2.81,mm/s,EQ-MIX-379|2026-03-09T00:00:00Z|vibration_mm_s,alert,medium,2026-03-06 16:12:00+00:00,2026-03-10 11:01:00+00:00
EVT-2026S1-0368,EQ-CHILL-248,pressure_bar,2026-03-09 06:00:00+00:00,7.38,bar,EQ-CHILL-248|2026-03-09T06:00:00Z|pressure_bar,incident,high,2026-03-09 01:32:00+00:00,2026-03-12 09:59:00+00:00
EVT-2026S1-0368,EQ-CHILL-248,temperature_c,2026-03-09 06:00:00+00:00,48.22,°C,EQ-CHILL-248|2026-03-09T06:00:00Z|temperature_c,incident,high,2026-03-09 01:32:00+00:00,2026-03-12 09:59:00+00:00
EVT-2026S1-X026,EQ-MIX-379,current_a,2026-03-09 06:00:00+00:00,18.8,A,EQ-MIX-379|2026-03-09T06:00:00Z|current_a,alert,medium,2026-03-06 16:12:00+00:00,2026-03-10 11:01:00+00:00
EVT-2026S1-X026,EQ-MIX-379,vibration_mm_s,2026-03-09 06:00:00+00:00,2.59,mm/s,EQ-MIX-379|2026-03-09T06:00:00Z|vibration_mm_s,alert,medium,2026-03-06 16:12:00+00:00,2026-03-10 11:01:00+00:00
EVT-2026S1-0368,EQ-CHILL-248,pressure_bar,2026-03-09 12:00:00+00:00,6.62,bar,EQ-CHILL-248|2026-03-09T12:00:00Z|pressure_bar,incident,high,2026-03-09 01:32:00+00:00,2026-03-12 09:59:00+00:00
EVT-2026S1-0368,EQ-CHILL-248,temperature_c,2026-03-09 12:00:00+00:00,54.19,°C,EQ-CHILL-248|2026-03-09T12:00:00Z|temperature_c,incident,high,2026-03-09 01:32:00+00:00,2026-03-12 09:59:00+00:00
EVT-2026S1-X026,EQ-MIX-379,current_a,2026-03-09 12:00:00+00:00,20.31,A,EQ-MIX-379|2026-03-09T12:00:00Z|current_a,alert,medium,2026-03-06 16:12:00+00:00,2026-03-10 11:01:00+00:00
EVT-2026S1-X026,EQ-MIX-379,vibration_mm_s,2026-03-09 12:00:00+00:00,2.81,mm/s,EQ-MIX-379|2026-03-09T12:00:00Z|vibration_mm_s,alert,medium,2026-03-06 16:12:00+00:00,2026-03-10 11:01:00+00:00
EVT-2026S1-0368,EQ-CHILL-248,pressure_bar,2026-03-09 18:00:00+00:00,6.39,bar,EQ-CHILL-248|2026-03-09T18:00:00Z|pressure_bar,incident,high,2026-03-09 01:32:00+00:00,2026-03-12 09:59:00+00:00
EVT-2026S1-0368,EQ-CHILL-248,temperature_c,2026-03-09 18:00:00+00:00,59.98,°C,EQ-CHILL-248|2026-03-09T18:00:00Z|temperature_c,incident,high,2026-03-09 01:32:00+00:00,2026-03-12 09:59:00+00:00
EVT-2026S1-X026,EQ-MIX-379,current_a,2026-03-09 18:00:00+00:00,23.68,A,EQ-MIX-379|2026-03-09T18:00:00Z|current_a,alert,medium,2026-03-06 16:12:00+00:00,2026-03-10 11:01:00+00:00
EVT-2026S1-X026,EQ-MIX-379,vibration_mm_s,2026-03-09 18:00:00+00:00,3.32,mm/s,EQ-MIX-379|2026-03-09T18:00:00Z|vibration_mm_s,alert,medium,2026-03-06 16:12:00+00:00,2026-03-10 11:01:00+00:00
EVT-2026S1-0368,EQ-CHILL-248,pressure_bar,2026-03-10 00:00:00+00:00,6.58,bar,EQ-CHILL-248|2026-03-10T00:00:00Z|pressure_bar,incident,high,2026-03-09 01:32:00+00:00,2026-03-12 09:59:00+00:00
EVT-2026S1-0368,EQ-CHILL-248,temperature_c,2026-03-10 00:00:00+00:00,56.5,°C,EQ-CHILL-248|2026-03-10T00:00:00Z|temperature_c,incident,high,2026-03-09 01:32:00+00:00,2026-03-12 09:59:00+00:00
EVT-2026S1-X026,EQ-MIX-379,current_a,2026-03-10 00:00:00+00:00,21.69,A,EQ-MIX-379|2026-03-10T00:00:00Z|current_a,alert,medium,2026-03-06 16:12:00+00:00,2026-03-10 11:01:00+00:00
EVT-2026S1-X026,EQ-MIX-379,vibration_mm_s,2026-03-10 00:00:00+00:00,2.82,mm/s,EQ-MIX-379|2026-03-10T00:00:00Z|vibration_mm_s,alert,medium,2026-03-06 16:12:00+00:00,2026-03-10 11:01:00+00:00
EVT-2026S1-0368,EQ-CHILL-248,pressure_bar,2026-03-10 06:00:00+00:00,6.72,bar,EQ-CHILL-248|2026-03-10T06:00:00Z|pressure_bar,incident,high,2026-03-09 01:32:00+00:00,2026-03-12 09:59:00+00:00
EVT-2026S1-0368,EQ-CHILL-248,temperature_c,2026-03-10 06:00:00+00:00,50.48,°C,EQ-CHILL-248|2026-03-10T06:00:00Z|temperature_c,incident,high,2026-03-09 01:32:00+00:00,2026-03-12 09:59:00+00:00
EVT-2026S1-X026,EQ-MIX-379,current_a,2026-03-10 06:00:00+00:00,20.35,A,EQ-MIX-379|2026-03-10T06:00:00Z|current_a,alert,medium,2026-03-06 16:12:00+00:00,2026-03-10 11:01:00+00:00
EVT-2026S1-X026,EQ-MIX-379,vibration_mm_s,2026-03-10 06:00:00+00:00,2.78,mm/s,EQ-MIX-379|2026-03-10T06:00:00Z|vibration_mm_s,alert,medium,2026-03-06 16:12:00+00:00,2026-03-10 11:01:00+00:00
EVT-2026S1-0368,EQ-CHILL-248,pressure_bar,2026-03-10 12:00:00+00:00,6.53,bar,EQ-CHILL-248|2026-03-10T12:00:00Z|pressure_bar,incident,high,2026-03-09 01:32:00+00:00,2026-03-12 09:59:00+00:00
EVT-2026S1-0368,EQ-CHILL-248,temperature_c,2026-03-10 12:00:00+00:00,59.49,°C,EQ-CHILL-248|2026-03-10T12:00:00Z|temperature_c,incident,high,2026-03-09 01:32:00+00:00,2026-03-12 09:59:00+00:00
EVT-2026S1-0368,EQ-CHILL-248,pressure_bar,2026-03-10 18:00:00+00:00,6.31,bar,EQ-CHILL-248|2026-03-10T18:00:00Z|pressure_bar,incident,high,2026-03-09 01:32:00+00:00,2026-03-12 09:59:00+00:00
EVT-2026S1-0368,EQ-CHILL-248,temperature_c,2026-03-10 18:00:00+00:00,61.25,°C,EQ-CHILL-248|2026-03-10T18:00:00Z|temperature_c,incident,high,2026-03-09 01:32:00+00:00,2026-03-12 09:59:00+00:00
EVT-2026S1-0368,EQ-CHILL-248,pressure_bar,2026-03-11 00:00:00+00:00,6.64,bar,EQ-CHILL-248|2026-03-11T00:00:00Z|pressure_bar,incident,high,2026-03-09 01:32:00+00:00,2026-03-12 09:59:00+00:00
EVT-2026S1-0368,EQ-CHILL-248,temperature_c,2026-03-11 00:00:00+00:00,60.95,°C,EQ-CHILL-248|2026-03-11T00:00:00Z|temperature_c,incident,high,2026-03-09 01:32:00+00:00,2026-03-12 09:59:00+00:00
EVT-2026S1-0368,EQ-CHILL-248,pressure_bar,2026-03-11 06:00:00+00:00,6.61,bar,EQ-CHILL-248|2026-03-11T06:00:00Z|pressure_bar,incident,high,2026-03-09 01:32:00+00:00,2026-03-12 09:59:00+00:00
EVT-2026S1-0368,EQ-CHILL-248,temperature_c,2026-03-11 06:00:00+00:00,51.6,°C,EQ-CHILL-248|2026-03-11T06:00:00Z|temperature_c,incident,high,2026-03-09 01:32:00+00:00,2026-03-12 09:59:00+00:00
EVT-2026S1-0368,EQ-CHILL-248,pressure_bar,2026-03-11 12:00:00+00:00,6.78,bar,EQ-CHILL-248|2026-03-11T12:00:00Z|pressure_bar,incident,high,2026-03-09 01:32:00+00:00,2026-03-12 09:59:00+00:00
EVT-2026S1-0368,EQ-CHILL-248,temperature_c,2026-03-11 12:00:00+00:00,56.14,°C,EQ-CHILL-248|2026-03-11T12:00:00Z|temperature_c,incident,high,2026-03-09 01:32:00+00:00,2026-03-12 09:59:00+00:00
EVT-2026S1-0368,EQ-CHILL-248,pressure_bar,2026-03-11 18:00:00+00:00,6.63,bar,EQ-CHILL-248|2026-03-11T18:00:00Z|pressure_bar,incident,high,2026-03-09 01:32:00+00:00,2026-03-12 09:59:00+00:00
EVT-2026S1-0368,EQ-CHILL-248,temperature_c,2026-03-11 18:00:00+00:00,59.22,°C,EQ-CHILL-248|2026-03-11T18:00:00Z|temperature_c,incident,high,2026-03-09 01:32:00+00:00,2026-03-12 09:59:00+00:00
EVT-2026S1-0368,EQ-CHILL-248,pressure_bar,2026-03-12 00:00:00+00:00,7.04,bar,EQ-CHILL-248|2026-03-12T00:00:00Z|pressure_bar,incident,high,2026-03-09 01:32:00+00:00,2026-03-12 09:59:00+00:00
EVT-2026S1-0368,EQ-CHILL-248,temperature_c,2026-03-12 00:00:00+00:00,53.99,°C,EQ-CHILL-248|2026-03-12T00:00:00Z|temperature_c,incident,high,2026-03-09 01:32:00+00:00,2026-03-12 09:59:00+00:00
EVT-2026S1-0368,EQ-CHILL-248,pressure_bar,2026-03-12 06:00:00+00:00,7.3,bar,EQ-CHILL-248|2026-03-12T06:00:00Z|pressure_bar,incident,high,2026-03-09 01:32:00+00:00,2026-03-12 09:59:00+00:00
EVT-2026S1-0368,EQ-CHILL-248,temperature_c,2026-03-12 06:00:00+00:00,47.98,°C,EQ-CHILL-248|2026-03-12T06:00:00Z|temperature_c,incident,high,2026-03-09 01:32:00+00:00,2026-03-12 09:59:00+00:00
EVT-2026S1-0068,EQ-CHILL-248,pressure_bar,2026-03-13 06:00:00+00:00,7.47,bar,EQ-CHILL-248|2026-03-13T06:00:00Z|pressure_bar,intervention,high,2026-03-13 04:21:00+00:00,2026-03-16 22:12:00+00:00
EVT-2026S1-0068,EQ-CHILL-248,temperature_c,2026-03-13 06:00:00+00:00,48.33,°C,EQ-CHILL-248|2026-03-13T06:00:00Z|temperature_c,intervention,high,2026-03-13 04:21:00+00:00,2026-03-16 22:12:00+00:00
EVT-2026S1-0068,EQ-CHILL-248,pressure_bar,2026-03-13 12:00:00+00:00,6.81,bar,EQ-CHILL-248|2026-03-13T12:00:00Z|pressure_bar,intervention,high,2026-03-13 04:21:00+00:00,2026-03-16 22:12:00+00:00
EVT-2026S1-0068,EQ-CHILL-248,temperature_c,2026-03-13 12:00:00+00:00,52.5,°C,EQ-CHILL-248|2026-03-13T12:00:00Z|temperature_c,intervention,high,2026-03-13 04:21:00+00:00,2026-03-16 22:12:00+00:00
EVT-2026S1-0068,EQ-CHILL-248,pressure_bar,2026-03-13 18:00:00+00:00,6.66,bar,EQ-CHILL-248|2026-03-13T18:00:00Z|pressure_bar,intervention,high,2026-03-13 04:21:00+00:00,2026-03-16 22:12:00+00:00
EVT-2026S1-0068,EQ-CHILL-248,temperature_c,2026-03-13 18:00:00+00:00,55.44,°C,EQ-CHILL-248|2026-03-13T18:00:00Z|temperature_c,intervention,high,2026-03-13 04:21:00+00:00,2026-03-16 22:12:00+00:00
EVT-2026S1-0068,EQ-CHILL-248,pressure_bar,2026-03-14 00:00:00+00:00,6.96,bar,EQ-CHILL-248|2026-03-14T00:00:00Z|pressure_bar,intervention,high,2026-03-13 04:21:00+00:00,2026-03-16 22:12:00+00:00
EVT-2026S1-0068,EQ-CHILL-248,temperature_c,2026-03-14 00:00:00+00:00,50.22,°C,EQ-CHILL-248|2026-03-14T00:00:00Z|temperature_c,intervention,high,2026-03-13 04:21:00+00:00,2026-03-16 22:12:00+00:00
EVT-2026S1-0068,EQ-CHILL-248,pressure_bar,2026-03-14 06:00:00+00:00,7.25,bar,EQ-CHILL-248|2026-03-14T06:00:00Z|pressure_bar,intervention,high,2026-03-13 04:21:00+00:00,2026-03-16 22:12:00+00:00
EVT-2026S1-0068,EQ-CHILL-248,temperature_c,2026-03-14 06:00:00+00:00,46.15,°C,EQ-CHILL-248|2026-03-14T06:00:00Z|temperature_c,intervention,high,2026-03-13 04:21:00+00:00,2026-03-16 22:12:00+00:00
EVT-2026S1-0068,EQ-CHILL-248,pressure_bar,2026-03-14 12:00:00+00:00,7.01,bar,EQ-CHILL-248|2026-03-14T12:00:00Z|pressure_bar,intervention,high,2026-03-13 04:21:00+00:00,2026-03-16 22:12:00+00:00
EVT-2026S1-0068,EQ-CHILL-248,temperature_c,2026-03-14 12:00:00+00:00,55.26,°C,EQ-CHILL-248|2026-03-14T12:00:00Z|temperature_c,intervention,high,2026-03-13 04:21:00+00:00,2026-03-16 22:12:00+00:00
EVT-2026S1-0068,EQ-CHILL-248,pressure_bar,2026-03-14 18:00:00+00:00,6.56,bar,EQ-CHILL-248|2026-03-14T18:00:00Z|pressure_bar,intervention,high,2026-03-13 04:21:00+00:00,2026-03-16 22:12:00+00:00
EVT-2026S1-0068,EQ-CHILL-248,temperature_c,2026-03-14 18:00:00+00:00,54.65,°C,EQ-CHILL-248|2026-03-14T18:00:00Z|temperature_c,intervention,high,2026-03-13 04:21:00+00:00,2026-03-16 22:12:00+00:00
EVT-2026S1-0068,EQ-CHILL-248,pressure_bar,2026-03-15 00:00:00+00:00,6.95,bar,EQ-CHILL-248|2026-03-15T00:00:00Z|pressure_bar,intervention,high,2026-03-13 04:21:00+00:00,2026-03-16 22:12:00+00:00
EVT-2026S1-0068,EQ-CHILL-248,temperature_c,2026-03-15 00:00:00+00:00,49.33,°C,EQ-CHILL-248|2026-03-15T00:00:00Z|temperature_c,intervention,high,2026-03-13 04:21:00+00:00,2026-03-16 22:12:00+00:00
EVT-2026S1-0068,EQ-CHILL-248,pressure_bar,2026-03-15 06:00:00+00:00,7.14,bar,EQ-CHILL-248|2026-03-15T06:00:00Z|pressure_bar,intervention,high,2026-03-13 04:21:00+00:00,2026-03-16 22:12:00+00:00
EVT-2026S1-0068,EQ-CHILL-248,temperature_c,2026-03-15 06:00:00+00:00,47.62,°C,EQ-CHILL-248|2026-03-15T06:00:00Z|temperature_c,intervention,high,2026-03-13 04:21:00+00:00,2026-03-16 22:12:00+00:00
EVT-2026S1-0068,EQ-CHILL-248,pressure_bar,2026-03-15 12:00:00+00:00,6.72,bar,EQ-CHILL-248|2026-03-15T12:00:00Z|pressure_bar,intervention,high,2026-03-13 04:21:00+00:00,2026-03-16 22:12:00+00:00
EVT-2026S1-0068,EQ-CHILL-248,temperature_c,2026-03-15 12:00:00+00:00,49.67,°C,EQ-CHILL-248|2026-03-15T12:00:00Z|temperature_c,intervention,high,2026-03-13 04:21:00+00:00,2026-03-16 22:12:00+00:00
EVT-2026S1-0068,EQ-CHILL-248,pressure_bar,2026-03-15 18:00:00+00:00,6.38,bar,EQ-CHILL-248|2026-03-15T18:00:00Z|pressure_bar,intervention,high,2026-03-13 04:21:00+00:00,2026-03-16 22:12:00+00:00
EVT-2026S1-0068,EQ-CHILL-248,temperature_c,2026-03-15 18:00:00+00:00,57.42,°C,EQ-CHILL-248|2026-03-15T18:00:00Z|temperature_c,intervention,high,2026-03-13 04:21:00+00:00,2026-03-16 22:12:00+00:00
EVT-2026S1-X037,EQ-STEAM-341,pressure_bar,2026-03-15 18:00:00+00:00,6.09,bar,EQ-STEAM-341|2026-03-15T18:00:00Z|pressure_bar,intervention,medium,2026-03-15 16:58:00+00:00,2026-03-18 23:50:00+00:00
EVT-2026S1-X037,EQ-STEAM-341,temperature_c,2026-03-15 18:00:00+00:00,49.56,°C,EQ-STEAM-341|2026-03-15T18:00:00Z|temperature_c,intervention,medium,2026-03-15 16:58:00+00:00,2026-03-18 23:50:00+00:00
EVT-2026S1-0068,EQ-CHILL-248,pressure_bar,2026-03-16 00:00:00+00:00,7.02,bar,EQ-CHILL-248|2026-03-16T00:00:00Z|pressure_bar,intervention,high,2026-03-13 04:21:00+00:00,2026-03-16 22:12:00+00:00
EVT-2026S1-0068,EQ-CHILL-248,temperature_c,2026-03-16 00:00:00+00:00,53.82,°C,EQ-CHILL-248|2026-03-16T00:00:00Z|temperature_c,intervention,high,2026-03-13 04:21:00+00:00,2026-03-16 22:12:00+00:00
EVT-2026S1-X037,EQ-STEAM-341,pressure_bar,2026-03-16 00:00:00+00:00,5.84,bar,EQ-STEAM-341|2026-03-16T00:00:00Z|pressure_bar,intervention,medium,2026-03-15 16:58:00+00:00,2026-03-18 23:50:00+00:00
EVT-2026S1-X037,EQ-STEAM-341,temperature_c,2026-03-16 00:00:00+00:00,54.57,°C,EQ-STEAM-341|2026-03-16T00:00:00Z|temperature_c,intervention,medium,2026-03-15 16:58:00+00:00,2026-03-18 23:50:00+00:00
EVT-2026S1-0068,EQ-CHILL-248,pressure_bar,2026-03-16 06:00:00+00:00,7.15,bar,EQ-CHILL-248|2026-03-16T06:00:00Z|pressure_bar,intervention,high,2026-03-13 04:21:00+00:00,2026-03-16 22:12:00+00:00
EVT-2026S1-0068,EQ-CHILL-248,temperature_c,2026-03-16 06:00:00+00:00,48.7,°C,EQ-CHILL-248|2026-03-16T06:00:00Z|temperature_c,intervention,high,2026-03-13 04:21:00+00:00,2026-03-16 22:12:00+00:00
EVT-2026S1-X037,EQ-STEAM-341,pressure_bar,2026-03-16 06:00:00+00:00,5.96,bar,EQ-STEAM-341|2026-03-16T06:00:00Z|pressure_bar,intervention,medium,2026-03-15 16:58:00+00:00,2026-03-18 23:50:00+00:00
EVT-2026S1-X037,EQ-STEAM-341,temperature_c,2026-03-16 06:00:00+00:00,58.83,°C,EQ-STEAM-341|2026-03-16T06:00:00Z|temperature_c,intervention,medium,2026-03-15 16:58:00+00:00,2026-03-18 23:50:00+00:00
EVT-2026S1-0068,EQ-CHILL-248,pressure_bar,2026-03-16 12:00:00+00:00,6.69,bar,EQ-CHILL-248|2026-03-16T12:00:00Z|pressure_bar,intervention,high,2026-03-13 04:21:00+00:00,2026-03-16 22:12:00+00:00
EVT-2026S1-0068,EQ-CHILL-248,temperature_c,2026-03-16 12:00:00+00:00,57.37,°C,EQ-CHILL-248|2026-03-16T12:00:00Z|temperature_c,intervention,high,2026-03-13 04:21:00+00:00,2026-03-16 22:12:00+00:00
EVT-2026S1-X037,EQ-STEAM-341,pressure_bar,2026-03-16 12:00:00+00:00,6.43,bar,EQ-STEAM-341|2026-03-16T12:00:00Z|pressure_bar,intervention,medium,2026-03-15 16:58:00+00:00,2026-03-18 23:50:00+00:00
EVT-2026S1-X037,EQ-STEAM-341,temperature_c,2026-03-16 12:00:00+00:00,56.21,°C,EQ-STEAM-341|2026-03-16T12:00:00Z|temperature_c,intervention,medium,2026-03-15 16:58:00+00:00,2026-03-18 23:50:00+00:00
EVT-2026S1-0068,EQ-CHILL-248,pressure_bar,2026-03-16 18:00:00+00:00,6.57,bar,EQ-CHILL-248|2026-03-16T18:00:00Z|pressure_bar,intervention,high,2026-03-13 04:21:00+00:00,2026-03-16 22:12:00+00:00
EVT-2026S1-0068,EQ-CHILL-248,temperature_c,2026-03-16 18:00:00+00:00,56.7,°C,EQ-CHILL-248|2026-03-16T18:00:00Z|temperature_c,intervention,high,2026-03-13 04:21:00+00:00,2026-03-16 22:12:00+00:00
EVT-2026S1-X037,EQ-STEAM-341,pressure_bar,2026-03-16 18:00:00+00:00,5.96,bar,EQ-STEAM-341|2026-03-16T18:00:00Z|pressure_bar,intervention,medium,2026-03-15 16:58:00+00:00,2026-03-18 23:50:00+00:00
EVT-2026S1-X037,EQ-STEAM-341,temperature_c,2026-03-16 18:00:00+00:00,52.66,°C,EQ-STEAM-341|2026-03-16T18:00:00Z|temperature_c,intervention,medium,2026-03-15 16:58:00+00:00,2026-03-18 23:50:00+00:00
EVT-2026S1-X037,EQ-STEAM-341,pressure_bar,2026-03-17 00:00:00+00:00,5.62,bar,EQ-STEAM-341|2026-03-17T00:00:00Z|pressure_bar,intervention,medium,2026-03-15 16:58:00+00:00,2026-03-18 23:50:00+00:00
EVT-2026S1-X037,EQ-STEAM-341,temperature_c,2026-03-17 00:00:00+00:00,54.03,°C,EQ-STEAM-341|2026-03-17T00:00:00Z|temperature_c,intervention,medium,2026-03-15 16:58:00+00:00,2026-03-18 23:50:00+00:00
EVT-2026S1-X037,EQ-STEAM-341,pressure_bar,2026-03-17 06:00:00+00:00,5.73,bar,EQ-STEAM-341|2026-03-17T06:00:00Z|pressure_bar,intervention,medium,2026-03-15 16:58:00+00:00,2026-03-18 23:50:00+00:00
EVT-2026S1-X037,EQ-STEAM-341,temperature_c,2026-03-17 06:00:00+00:00,58.39,°C,EQ-STEAM-341|2026-03-17T06:00:00Z|temperature_c,intervention,medium,2026-03-15 16:58:00+00:00,2026-03-18 23:50:00+00:00
EVT-2026S1-X037,EQ-STEAM-341,pressure_bar,2026-03-17 12:00:00+00:00,6.21,bar,EQ-STEAM-341|2026-03-17T12:00:00Z|pressure_bar,intervention,medium,2026-03-15 16:58:00+00:00,2026-03-18 23:50:00+00:00
EVT-2026S1-X037,EQ-STEAM-341,temperature_c,2026-03-17 12:00:00+00:00,59.06,°C,EQ-STEAM-341|2026-03-17T12:00:00Z|temperature_c,intervention,medium,2026-03-15 16:58:00+00:00,2026-03-18 23:50:00+00:00
EVT-2026S1-X037,EQ-STEAM-341,pressure_bar,2026-03-17 18:00:00+00:00,6.0,bar,EQ-STEAM-341|2026-03-17T18:00:00Z|pressure_bar,intervention,medium,2026-03-15 16:58:00+00:00,2026-03-18 23:50:00+00:00
EVT-2026S1-X037,EQ-STEAM-341,temperature_c,2026-03-17 18:00:00+00:00,50.49,°C,EQ-STEAM-341|2026-03-17T18:00:00Z|temperature_c,intervention,medium,2026-03-15 16:58:00+00:00,2026-03-18 23:50:00+00:00
EVT-2026S1-X037,EQ-STEAM-341,pressure_bar,2026-03-18 00:00:00+00:00,5.62,bar,EQ-STEAM-341|2026-03-18T00:00:00Z|pressure_bar,intervention,medium,2026-03-15 16:58:00+00:00,2026-03-18 23:50:00+00:00
EVT-2026S1-X037,EQ-STEAM-341,temperature_c,2026-03-18 00:00:00+00:00,53.93,°C,EQ-STEAM-341|2026-03-18T00:00:00Z|temperature_c,intervention,medium,2026-03-15 16:58:00+00:00,2026-03-18 23:50:00+00:00
EVT-2026S1-0388,EQ-CHILL-168,pressure_bar,2026-03-18 06:00:00+00:00,6.95,bar,EQ-CHILL-168|2026-03-18T06:00:00Z|pressure_bar,incident,high,2026-03-18 03:52:00+00:00,2026-03-21 05:02:00+00:00
EVT-2026S1-0388,EQ-CHILL-168,temperature_c,2026-03-18 06:00:00+00:00,58.37,°C,EQ-CHILL-168|2026-03-18T06:00:00Z|temperature_c,incident,high,2026-03-18 03:52:00+00:00,2026-03-21 05:02:00+00:00
EVT-2026S1-X037,EQ-STEAM-341,pressure_bar,2026-03-18 06:00:00+00:00,5.89,bar,EQ-STEAM-341|2026-03-18T06:00:00Z|pressure_bar,intervention,medium,2026-03-15 16:58:00+00:00,2026-03-18 23:50:00+00:00
EVT-2026S1-X037,EQ-STEAM-341,temperature_c,2026-03-18 06:00:00+00:00,59.52,°C,EQ-STEAM-341|2026-03-18T06:00:00Z|temperature_c,intervention,medium,2026-03-15 16:58:00+00:00,2026-03-18 23:50:00+00:00
EVT-2026S1-0388,EQ-CHILL-168,pressure_bar,2026-03-18 12:00:00+00:00,6.85,bar,EQ-CHILL-168|2026-03-18T12:00:00Z|pressure_bar,incident,high,2026-03-18 03:52:00+00:00,2026-03-21 05:02:00+00:00
EVT-2026S1-0388,EQ-CHILL-168,temperature_c,2026-03-18 12:00:00+00:00,58.4,°C,EQ-CHILL-168|2026-03-18T12:00:00Z|temperature_c,incident,high,2026-03-18 03:52:00+00:00,2026-03-21 05:02:00+00:00
EVT-2026S1-X037,EQ-STEAM-341,pressure_bar,2026-03-18 12:00:00+00:00,6.27,bar,EQ-STEAM-341|2026-03-18T12:00:00Z|pressure_bar,intervention,medium,2026-03-15 16:58:00+00:00,2026-03-18 23:50:00+00:00
EVT-2026S1-X037,EQ-STEAM-341,temperature_c,2026-03-18 12:00:00+00:00,58.01,°C,EQ-STEAM-341|2026-03-18T12:00:00Z|temperature_c,intervention,medium,2026-03-15 16:58:00+00:00,2026-03-18 23:50:00+00:00
EVT-2026S1-0388,EQ-CHILL-168,pressure_bar,2026-03-18 18:00:00+00:00,7.06,bar,EQ-CHILL-168|2026-03-18T18:00:00Z|pressure_bar,incident,high,2026-03-18 03:52:00+00:00,2026-03-21 05:02:00+00:00
EVT-2026S1-0388,EQ-CHILL-168,temperature_c,2026-03-18 18:00:00+00:00,63.69,°C,EQ-CHILL-168|2026-03-18T18:00:00Z|temperature_c,incident,high,2026-03-18 03:52:00+00:00,2026-03-21 05:02:00+00:00
EVT-2026S1-X037,EQ-STEAM-341,pressure_bar,2026-03-18 18:00:00+00:00,6.08,bar,EQ-STEAM-341|2026-03-18T18:00:00Z|pressure_bar,intervention,medium,2026-03-15 16:58:00+00:00,2026-03-18 23:50:00+00:00
EVT-2026S1-X037,EQ-STEAM-341,temperature_c,2026-03-18 18:00:00+00:00,53.49,°C,EQ-STEAM-341|2026-03-18T18:00:00Z|temperature_c,intervention,medium,2026-03-15 16:58:00+00:00,2026-03-18 23:50:00+00:00
EVT-2026S1-0388,EQ-CHILL-168,pressure_bar,2026-03-19 00:00:00+00:00,7.06,bar,EQ-CHILL-168|2026-03-19T00:00:00Z|pressure_bar,incident,high,2026-03-18 03:52:00+00:00,2026-03-21 05:02:00+00:00
EVT-2026S1-0388,EQ-CHILL-168,temperature_c,2026-03-19 00:00:00+00:00,68.5,°C,EQ-CHILL-168|2026-03-19T00:00:00Z|temperature_c,incident,high,2026-03-18 03:52:00+00:00,2026-03-21 05:02:00+00:00
EVT-2026S1-0388,EQ-CHILL-168,pressure_bar,2026-03-19 06:00:00+00:00,6.33,bar,EQ-CHILL-168|2026-03-19T06:00:00Z|pressure_bar,incident,high,2026-03-18 03:52:00+00:00,2026-03-21 05:02:00+00:00
EVT-2026S1-0388,EQ-CHILL-168,temperature_c,2026-03-19 06:00:00+00:00,61.68,°C,EQ-CHILL-168|2026-03-19T06:00:00Z|temperature_c,incident,high,2026-03-18 03:52:00+00:00,2026-03-21 05:02:00+00:00
EVT-2026S1-0388,EQ-CHILL-168,pressure_bar,2026-03-19 12:00:00+00:00,6.82,bar,EQ-CHILL-168|2026-03-19T12:00:00Z|pressure_bar,incident,high,2026-03-18 03:52:00+00:00,2026-03-21 05:02:00+00:00
EVT-2026S1-0388,EQ-CHILL-168,temperature_c,2026-03-19 12:00:00+00:00,58.68,°C,EQ-CHILL-168|2026-03-19T12:00:00Z|temperature_c,incident,high,2026-03-18 03:52:00+00:00,2026-03-21 05:02:00+00:00
EVT-2026S1-0388,EQ-CHILL-168,pressure_bar,2026-03-19 18:00:00+00:00,7.02,bar,EQ-CHILL-168|2026-03-19T18:00:00Z|pressure_bar,incident,high,2026-03-18 03:52:00+00:00,2026-03-21 05:02:00+00:00
EVT-2026S1-0388,EQ-CHILL-168,temperature_c,2026-03-19 18:00:00+00:00,66.38,°C,EQ-CHILL-168|2026-03-19T18:00:00Z|temperature_c,incident,high,2026-03-18 03:52:00+00:00,2026-03-21 05:02:00+00:00
EVT-2026S1-0476,EQ-COMP-233,pressure_bar,2026-03-19 18:00:00+00:00,6.65,bar,EQ-COMP-233|2026-03-19T18:00:00Z|pressure_bar,incident,medium,2026-03-19 15:56:00+00:00,2026-03-22 20:19:00+00:00
EVT-2026S1-0476,EQ-COMP-233,temperature_c,2026-03-19 18:00:00+00:00,57.88,°C,EQ-COMP-233|2026-03-19 18:00:00|temperature_c,incident,medium,2026-03-19 15:56:00+00:00,2026-03-22 20:19:00+00:00
EVT-2026S1-X051,EQ-COMP-396,pressure_bar,2026-03-19 18:00:00+00:00,6.34,bar,EQ-COMP-396|2026-03-19T18:00:00Z|pressure_bar,incident,low,2026-03-19 17:59:00+00:00,2026-03-23 19:13:00+00:00
EVT-2026S1-0388,EQ-CHILL-168,pressure_bar,2026-03-20 00:00:00+00:00,6.8,bar,EQ-CHILL-168|2026-03-20T00:00:00Z|pressure_bar,incident,high,2026-03-18 03:52:00+00:00,2026-03-21 05:02:00+00:00
EVT-2026S1-0388,EQ-CHILL-168,temperature_c,2026-03-20 00:00:00+00:00,67.95,°C,EQ-CHILL-168|2026-03-20T00:00:00Z|temperature_c,incident,high,2026-03-18 03:52:00+00:00,2026-03-21 05:02:00+00:00
EVT-2026S1-0476,EQ-COMP-233,pressure_bar,2026-03-20 00:00:00+00:00,6.29,bar,EQ-COMP-233|2026-03-20T00:00:00Z|pressure_bar,incident,medium,2026-03-19 15:56:00+00:00,2026-03-22 20:19:00+00:00
EVT-2026S1-0476,EQ-COMP-233,temperature_c,2026-03-20 00:00:00+00:00,64.24,°C,EQ-COMP-233|2026-03-20 00:00:00|temperature_c,incident,medium,2026-03-19 15:56:00+00:00,2026-03-22 20:19:00+00:00
EVT-2026S1-X051,EQ-COMP-396,pressure_bar,2026-03-20 00:00:00+00:00,5.5,bar,EQ-COMP-396|2026-03-20T00:00:00Z|pressure_bar,incident,low,2026-03-19 17:59:00+00:00,2026-03-23 19:13:00+00:00
EVT-2026S1-X010,EQ-OVEN-366,current_a,2026-03-20 00:00:00+00:00,26.04,A,EQ-OVEN-366|2026-03-20T00:00:00Z|current_a,intervention,medium,2026-03-19 23:24:00+00:00,2026-03-23 01:19:00+00:00
EVT-2026S1-X010,EQ-OVEN-366,temperature_c,2026-03-20 00:00:00+00:00,51.54,°C,EQ-OVEN-366|2026-03-20T00:00:00Z|temperature_c,intervention,medium,2026-03-19 23:24:00+00:00,2026-03-23 01:19:00+00:00
EVT-2026S1-0388,EQ-CHILL-168,pressure_bar,2026-03-20 06:00:00+00:00,6.58,bar,EQ-CHILL-168|2026-03-20T06:00:00Z|pressure_bar,incident,high,2026-03-18 03:52:00+00:00,2026-03-21 05:02:00+00:00
EVT-2026S1-0388,EQ-CHILL-168,temperature_c,2026-03-20 06:00:00+00:00,63.66,°C,EQ-CHILL-168|2026-03-20T06:00:00Z|temperature_c,incident,high,2026-03-18 03:52:00+00:00,2026-03-21 05:02:00+00:00
EVT-2026S1-0476,EQ-COMP-233,pressure_bar,2026-03-20 06:00:00+00:00,6.78,bar,EQ-COMP-233|2026-03-20T06:00:00Z|pressure_bar,incident,medium,2026-03-19 15:56:00+00:00,2026-03-22 20:19:00+00:00
EVT-2026S1-0476,EQ-COMP-233,temperature_c,2026-03-20 06:00:00+00:00,62.2,°C,EQ-COMP-233|2026-03-20 06:00:00|temperature_c,incident,medium,2026-03-19 15:56:00+00:00,2026-03-22 20:19:00+00:00
EVT-2026S1-X051,EQ-COMP-396,pressure_bar,2026-03-20 06:00:00+00:00,5.84,bar,EQ-COMP-396|2026-03-20T06:00:00Z|pressure_bar,incident,low,2026-03-19 17:59:00+00:00,2026-03-23 19:13:00+00:00
EVT-2026S1-X010,EQ-OVEN-366,current_a,2026-03-20 06:00:00+00:00,26.31,A,EQ-OVEN-366|2026-03-20T06:00:00Z|current_a,intervention,medium,2026-03-19 23:24:00+00:00,2026-03-23 01:19:00+00:00
EVT-2026S1-X010,EQ-OVEN-366,temperature_c,2026-03-20 06:00:00+00:00,48.29,°C,EQ-OVEN-366|2026-03-20T06:00:00Z|temperature_c,intervention,medium,2026-03-19 23:24:00+00:00,2026-03-23 01:19:00+00:00
EVT-2026S1-0388,EQ-CHILL-168,pressure_bar,2026-03-20 12:00:00+00:00,6.45,bar,EQ-CHILL-168|2026-03-20T12:00:00Z|pressure_bar,incident,high,2026-03-18 03:52:00+00:00,2026-03-21 05:02:00+00:00
EVT-2026S1-0388,EQ-CHILL-168,temperature_c,2026-03-20 12:00:00+00:00,56.05,°C,EQ-CHILL-168|2026-03-20T12:00:00Z|temperature_c,incident,high,2026-03-18 03:52:00+00:00,2026-03-21 05:02:00+00:00
EVT-2026S1-0476,EQ-COMP-233,pressure_bar,2026-03-20 12:00:00+00:00,6.98,bar,EQ-COMP-233|2026-03-20T12:00:00Z|pressure_bar,incident,medium,2026-03-19 15:56:00+00:00,2026-03-22 20:19:00+00:00
EVT-2026S1-0476,EQ-COMP-233,temperature_c,2026-03-20 12:00:00+00:00,55.02,°C,EQ-COMP-233|2026-03-20 12:00:00|temperature_c,incident,medium,2026-03-19 15:56:00+00:00,2026-03-22 20:19:00+00:00
EVT-2026S1-X051,EQ-COMP-396,pressure_bar,2026-03-20 12:00:00+00:00,6.5,bar,EQ-COMP-396|2026-03-20T12:00:00Z|pressure_bar,incident,low,2026-03-19 17:59:00+00:00,2026-03-23 19:13:00+00:00
EVT-2026S1-X010,EQ-OVEN-366,current_a,2026-03-20 12:00:00+00:00,23.74,A,EQ-OVEN-366|2026-03-20T12:00:00Z|current_a,intervention,medium,2026-03-19 23:24:00+00:00,2026-03-23 01:19:00+00:00
EVT-2026S1-X010,EQ-OVEN-366,temperature_c,2026-03-20 12:00:00+00:00,51.73,°C,EQ-OVEN-366|2026-03-20T12:00:00Z|temperature_c,intervention,medium,2026-03-19 23:24:00+00:00,2026-03-23 01:19:00+00:00
EVT-2026S1-0388,EQ-CHILL-168,pressure_bar,2026-03-20 18:00:00+00:00,7.73,bar,EQ-CHILL-168|2026-03-20T18:00:00Z|pressure_bar,incident,high,2026-03-18 03:52:00+00:00,2026-03-21 05:02:00+00:00
EVT-2026S1-0388,EQ-CHILL-168,temperature_c,2026-03-20 18:00:00+00:00,56.45,°C,EQ-CHILL-168|2026-03-20T18:00:00Z|temperature_c,incident,high,2026-03-18 03:52:00+00:00,2026-03-21 05:02:00+00:00
EVT-2026S1-0476,EQ-COMP-233,pressure_bar,2026-03-20 18:00:00+00:00,6.55,bar,EQ-COMP-233|2026-03-20T18:00:00Z|pressure_bar,incident,medium,2026-03-19 15:56:00+00:00,2026-03-22 20:19:00+00:00
EVT-2026S1-0476,EQ-COMP-233,temperature_c,2026-03-20 18:00:00+00:00,56.9,°C,EQ-COMP-233|2026-03-20 18:00:00|temperature_c,incident,medium,2026-03-19 15:56:00+00:00,2026-03-22 20:19:00+00:00
EVT-2026S1-X051,EQ-COMP-396,pressure_bar,2026-03-20 18:00:00+00:00,6.11,bar,EQ-COMP-396|2026-03-20T18:00:00Z|pressure_bar,incident,low,2026-03-19 17:59:00+00:00,2026-03-23 19:13:00+00:00
EVT-2026S1-X010,EQ-OVEN-366,current_a,2026-03-20 18:00:00+00:00,21.69,A,EQ-OVEN-366|2026-03-20T18:00:00Z|current_a,intervention,medium,2026-03-19 23:24:00+00:00,2026-03-23 01:19:00+00:00
EVT-2026S1-X010,EQ-OVEN-366,temperature_c,2026-03-20 18:00:00+00:00,55.75,°C,EQ-OVEN-366|2026-03-20T18:00:00Z|temperature_c,intervention,medium,2026-03-19 23:24:00+00:00,2026-03-23 01:19:00+00:00
EVT-2026S1-0388,EQ-CHILL-168,pressure_bar,2026-03-21 00:00:00+00:00,7.13,bar,EQ-CHILL-168|2026-03-21T00:00:00Z|pressure_bar,incident,high,2026-03-18 03:52:00+00:00,2026-03-21 05:02:00+00:00
EVT-2026S1-0388,EQ-CHILL-168,temperature_c,2026-03-21 00:00:00+00:00,65.48,°C,EQ-CHILL-168|2026-03-21T00:00:00Z|temperature_c,incident,high,2026-03-18 03:52:00+00:00,2026-03-21 05:02:00+00:00
EVT-2026S1-0476,EQ-COMP-233,pressure_bar,2026-03-21 00:00:00+00:00,6.31,bar,EQ-COMP-233|2026-03-21T00:00:00Z|pressure_bar,incident,medium,2026-03-19 15:56:00+00:00,2026-03-22 20:19:00+00:00
EVT-2026S1-0476,EQ-COMP-233,temperature_c,2026-03-21 00:00:00+00:00,59.61,°C,EQ-COMP-233|2026-03-21 00:00:00|temperature_c,incident,medium,2026-03-19 15:56:00+00:00,2026-03-22 20:19:00+00:00
EVT-2026S1-X051,EQ-COMP-396,pressure_bar,2026-03-21 00:00:00+00:00,5.96,bar,EQ-COMP-396|2026-03-21T00:00:00Z|pressure_bar,incident,low,2026-03-19 17:59:00+00:00,2026-03-23 19:13:00+00:00
EVT-2026S1-0093,EQ-OVEN-223,current_a,2026-03-21 00:00:00+00:00,24.52,A,EQ-OVEN-223|2026-03-21T00:00:00Z|current_a,incident,low,2026-03-20 19:45:00+00:00,2026-03-24 20:48:00+00:00
EVT-2026S1-0093,EQ-OVEN-223,temperature_c,2026-03-21 00:00:00+00:00,55.19,°C,EQ-OVEN-223|2026-03-21T00:00:00Z|temperature_c,incident,low,2026-03-20 19:45:00+00:00,2026-03-24 20:48:00+00:00
EVT-2026S1-X010,EQ-OVEN-366,current_a,2026-03-21 00:00:00+00:00,22.25,A,EQ-OVEN-366|2026-03-21T00:00:00Z|current_a,intervention,medium,2026-03-19 23:24:00+00:00,2026-03-23 01:19:00+00:00
EVT-2026S1-X010,EQ-OVEN-366,temperature_c,2026-03-21 00:00:00+00:00,49.36,°C,EQ-OVEN-366|2026-03-21T00:00:00Z|temperature_c,intervention,medium,2026-03-19 23:24:00+00:00,2026-03-23 01:19:00+00:00
EVT-2026S1-0476,EQ-COMP-233,pressure_bar,2026-03-21 06:00:00+00:00,6.72,bar,EQ-COMP-233|2026-03-21T06:00:00Z|pressure_bar,incident,medium,2026-03-19 15:56:00+00:00,2026-03-22 20:19:00+00:00
EVT-2026S1-0476,EQ-COMP-233,temperature_c,2026-03-21 06:00:00+00:00,56.77,°C,EQ-COMP-233|2026-03-21 06:00:00|temperature_c,incident,medium,2026-03-19 15:56:00+00:00,2026-03-22 20:19:00+00:00
EVT-2026S1-X051,EQ-COMP-396,pressure_bar,2026-03-21 06:00:00+00:00,6.13,bar,EQ-COMP-396|2026-03-21T06:00:00Z|pressure_bar,incident,low,2026-03-19 17:59:00+00:00,2026-03-23 19:13:00+00:00
EVT-2026S1-0093,EQ-OVEN-223,current_a,2026-03-21 06:00:00+00:00,23.3,A,EQ-OVEN-223|2026-03-21T06:00:00Z|current_a,incident,low,2026-03-20 19:45:00+00:00,2026-03-24 20:48:00+00:00
EVT-2026S1-0093,EQ-OVEN-223,temperature_c,2026-03-21 06:00:00+00:00,63.81,°C,EQ-OVEN-223|2026-03-21T06:00:00Z|temperature_c,incident,low,2026-03-20 19:45:00+00:00,2026-03-24 20:48:00+00:00
EVT-2026S1-X010,EQ-OVEN-366,current_a,2026-03-21 06:00:00+00:00,25.21,A,EQ-OVEN-366|2026-03-21T06:00:00Z|current_a,intervention,medium,2026-03-19 23:24:00+00:00,2026-03-23 01:19:00+00:00
EVT-2026S1-X010,EQ-OVEN-366,temperature_c,2026-03-21 06:00:00+00:00,47.18,°C,EQ-OVEN-366|2026-03-21T06:00:00Z|temperature_c,intervention,medium,2026-03-19 23:24:00+00:00,2026-03-23 01:19:00+00:00
EVT-2026S1-0476,EQ-COMP-233,pressure_bar,2026-03-21 12:00:00+00:00,6.78,bar,EQ-COMP-233|2026-03-21T12:00:00Z|pressure_bar,incident,medium,2026-03-19 15:56:00+00:00,2026-03-22 20:19:00+00:00
EVT-2026S1-0476,EQ-COMP-233,temperature_c,2026-03-21 12:00:00+00:00,53.72,°C,EQ-COMP-233|2026-03-21 12:00:00|temperature_c,incident,medium,2026-03-19 15:56:00+00:00,2026-03-22 20:19:00+00:00
EVT-2026S1-X051,EQ-COMP-396,pressure_bar,2026-03-21 12:00:00+00:00,6.27,bar,EQ-COMP-396|2026-03-21T12:00:00Z|pressure_bar,incident,low,2026-03-19 17:59:00+00:00,2026-03-23 19:13:00+00:00
EVT-2026S1-0093,EQ-OVEN-223,current_a,2026-03-21 12:00:00+00:00,21.79,A,EQ-OVEN-223|2026-03-21T12:00:00Z|current_a,incident,low,2026-03-20 19:45:00+00:00,2026-03-24 20:48:00+00:00
EVT-2026S1-0093,EQ-OVEN-223,temperature_c,2026-03-21 12:00:00+00:00,63.91,°C,EQ-OVEN-223|2026-03-21T12:00:00Z|temperature_c,incident,low,2026-03-20 19:45:00+00:00,2026-03-24 20:48:00+00:00
EVT-2026S1-X010,EQ-OVEN-366,current_a,2026-03-21 12:00:00+00:00,23.6,A,EQ-OVEN-366|2026-03-21T12:00:00Z|current_a,intervention,medium,2026-03-19 23:24:00+00:00,2026-03-23 01:19:00+00:00
EVT-2026S1-X010,EQ-OVEN-366,temperature_c,2026-03-21 12:00:00+00:00,53.91,°C,EQ-OVEN-366|2026-03-21T12:00:00Z|temperature_c,intervention,medium,2026-03-19 23:24:00+00:00,2026-03-23 01:19:00+00:00
EVT-2026S1-0476,EQ-COMP-233,pressure_bar,2026-03-21 18:00:00+00:00,6.17,bar,EQ-COMP-233|2026-03-21T18:00:00Z|pressure_bar,incident,medium,2026-03-19 15:56:00+00:00,2026-03-22 20:19:00+00:00
EVT-2026S1-0476,EQ-COMP-233,temperature_c,2026-03-21 18:00:00+00:00,58.7,°C,EQ-COMP-233|2026-03-21 18:00:00|temperature_c,incident,medium,2026-03-19 15:56:00+00:00,2026-03-22 20:19:00+00:00
EVT-2026S1-X051,EQ-COMP-396,pressure_bar,2026-03-21 18:00:00+00:00,5.99,bar,EQ-COMP-396|2026-03-21T18:00:00Z|pressure_bar,incident,low,2026-03-19 17:59:00+00:00,2026-03-23 19:13:00+00:00
EVT-2026S1-0093,EQ-OVEN-223,current_a,2026-03-21 18:00:00+00:00,25.53,A,EQ-OVEN-223|2026-03-21T18:00:00Z|current_a,incident,low,2026-03-20 19:45:00+00:00,2026-03-24 20:48:00+00:00
EVT-2026S1-0093,EQ-OVEN-223,temperature_c,2026-03-21 18:00:00+00:00,58.12,°C,EQ-OVEN-223|2026-03-21T18:00:00Z|temperature_c,incident,low,2026-03-20 19:45:00+00:00,2026-03-24 20:48:00+00:00
EVT-2026S1-X010,EQ-OVEN-366,current_a,2026-03-21 18:00:00+00:00,21.29,A,EQ-OVEN-366|2026-03-21T18:00:00Z|current_a,intervention,medium,2026-03-19 23:24:00+00:00,2026-03-23 01:19:00+00:00
EVT-2026S1-X010,EQ-OVEN-366,temperature_c,2026-03-21 18:00:00+00:00,53.25,°C,EQ-OVEN-366|2026-03-21T18:00:00Z|temperature_c,intervention,medium,2026-03-19 23:24:00+00:00,2026-03-23 01:19:00+00:00
EVT-2026S1-0476,EQ-COMP-233,pressure_bar,2026-03-22 00:00:00+00:00,6.4,bar,EQ-COMP-233|2026-03-22T00:00:00Z|pressure_bar,incident,medium,2026-03-19 15:56:00+00:00,2026-03-22 20:19:00+00:00
EVT-2026S1-0476,EQ-COMP-233,temperature_c,2026-03-22 00:00:00+00:00,62.03,°C,EQ-COMP-233|2026-03-22 00:00:00|temperature_c,incident,medium,2026-03-19 15:56:00+00:00,2026-03-22 20:19:00+00:00
EVT-2026S1-X051,EQ-COMP-396,pressure_bar,2026-03-22 00:00:00+00:00,5.63,bar,EQ-COMP-396|2026-03-22T00:00:00Z|pressure_bar,incident,low,2026-03-19 17:59:00+00:00,2026-03-23 19:13:00+00:00
EVT-2026S1-0093,EQ-OVEN-223,current_a,2026-03-22 00:00:00+00:00,24.02,A,EQ-OVEN-223|2026-03-22T00:00:00Z|current_a,incident,low,2026-03-20 19:45:00+00:00,2026-03-24 20:48:00+00:00
EVT-2026S1-0093,EQ-OVEN-223,temperature_c,2026-03-22 00:00:00+00:00,58.14,°C,EQ-OVEN-223|2026-03-22T00:00:00Z|temperature_c,incident,low,2026-03-20 19:45:00+00:00,2026-03-24 20:48:00+00:00
EVT-2026S1-X010,EQ-OVEN-366,current_a,2026-03-22 00:00:00+00:00,23.38,A,EQ-OVEN-366|2026-03-22T00:00:00Z|current_a,intervention,medium,2026-03-19 23:24:00+00:00,2026-03-23 01:19:00+00:00
EVT-2026S1-X010,EQ-OVEN-366,temperature_c,2026-03-22 00:00:00+00:00,51.52,°C,EQ-OVEN-366|2026-03-22T00:00:00Z|temperature_c,intervention,medium,2026-03-19 23:24:00+00:00,2026-03-23 01:19:00+00:00
EVT-2026S1-0476,EQ-COMP-233,pressure_bar,2026-03-22 06:00:00+00:00,6.8,bar,EQ-COMP-233|2026-03-22T06:00:00Z|pressure_bar,incident,medium,2026-03-19 15:56:00+00:00,2026-03-22 20:19:00+00:00
EVT-2026S1-0476,EQ-COMP-233,temperature_c,2026-03-22 06:00:00+00:00,56.87,°C,EQ-COMP-233|2026-03-22 06:00:00|temperature_c,incident,medium,2026-03-19 15:56:00+00:00,2026-03-22 20:19:00+00:00
EVT-2026S1-X051,EQ-COMP-396,pressure_bar,2026-03-22 06:00:00+00:00,5.86,bar,EQ-COMP-396|2026-03-22T06:00:00Z|pressure_bar,incident,low,2026-03-19 17:59:00+00:00,2026-03-23 19:13:00+00:00
EVT-2026S1-0093,EQ-OVEN-223,current_a,2026-03-22 06:00:00+00:00,21.24,A,EQ-OVEN-223|2026-03-22T06:00:00Z|current_a,incident,low,2026-03-20 19:45:00+00:00,2026-03-24 20:48:00+00:00
EVT-2026S1-0093,EQ-OVEN-223,temperature_c,2026-03-22 06:00:00+00:00,62.88,°C,EQ-OVEN-223|2026-03-22T06:00:00Z|temperature_c,incident,low,2026-03-20 19:45:00+00:00,2026-03-24 20:48:00+00:00
EVT-2026S1-X010,EQ-OVEN-366,current_a,2026-03-22 06:00:00+00:00,24.26,A,EQ-OVEN-366|2026-03-22T06:00:00Z|current_a,intervention,medium,2026-03-19 23:24:00+00:00,2026-03-23 01:19:00+00:00
EVT-2026S1-X010,EQ-OVEN-366,temperature_c,2026-03-22 06:00:00+00:00,47.5,°C,EQ-OVEN-366|2026-03-22T06:00:00Z|temperature_c,intervention,medium,2026-03-19 23:24:00+00:00,2026-03-23 01:19:00+00:00
EVT-2026S1-0476,EQ-COMP-233,pressure_bar,2026-03-22 12:00:00+00:00,6.83,bar,EQ-COMP-233|2026-03-22T12:00:00Z|pressure_bar,incident,medium,2026-03-19 15:56:00+00:00,2026-03-22 20:19:00+00:00
EVT-2026S1-0476,EQ-COMP-233,temperature_c,2026-03-22 12:00:00+00:00,54.12,°C,EQ-COMP-233|2026-03-22 12:00:00|temperature_c,incident,medium,2026-03-19 15:56:00+00:00,2026-03-22 20:19:00+00:00
EVT-2026S1-X051,EQ-COMP-396,pressure_bar,2026-03-22 12:00:00+00:00,6.45,bar,EQ-COMP-396|2026-03-22T12:00:00Z|pressure_bar,incident,low,2026-03-19 17:59:00+00:00,2026-03-23 19:13:00+00:00
EVT-2026S1-0093,EQ-OVEN-223,current_a,2026-03-22 12:00:00+00:00,19.74,A,EQ-OVEN-223|2026-03-22T12:00:00Z|current_a,incident,low,2026-03-20 19:45:00+00:00,2026-03-24 20:48:00+00:00
EVT-2026S1-0093,EQ-OVEN-223,temperature_c,2026-03-22 12:00:00+00:00,64.0,°C,EQ-OVEN-223|2026-03-22T12:00:00Z|temperature_c,incident,low,2026-03-20 19:45:00+00:00,2026-03-24 20:48:00+00:00
EVT-2026S1-X010,EQ-OVEN-366,current_a,2026-03-22 12:00:00+00:00,23.19,A,EQ-OVEN-366|2026-03-22T12:00:00Z|current_a,intervention,medium,2026-03-19 23:24:00+00:00,2026-03-23 01:19:00+00:00
EVT-2026S1-X010,EQ-OVEN-366,temperature_c,2026-03-22 12:00:00+00:00,49.05,°C,EQ-OVEN-366|2026-03-22T12:00:00Z|temperature_c,intervention,medium,2026-03-19 23:24:00+00:00,2026-03-23 01:19:00+00:00
EVT-2026S1-0476,EQ-COMP-233,pressure_bar,2026-03-22 18:00:00+00:00,6.4,bar,EQ-COMP-233|2026-03-22T18:00:00Z|pressure_bar,incident,medium,2026-03-19 15:56:00+00:00,2026-03-22 20:19:00+00:00
EVT-2026S1-0476,EQ-COMP-233,temperature_c,2026-03-22 18:00:00+00:00,56.94,°C,EQ-COMP-233|2026-03-22 18:00:00|temperature_c,incident,medium,2026-03-19 15:56:00+00:00,2026-03-22 20:19:00+00:00
EVT-2026S1-X051,EQ-COMP-396,pressure_bar,2026-03-22 18:00:00+00:00,5.92,bar,EQ-COMP-396|2026-03-22T18:00:00Z|pressure_bar,incident,low,2026-03-19 17:59:00+00:00,2026-03-23 19:13:00+00:00
EVT-2026S1-0093,EQ-OVEN-223,current_a,2026-03-22 18:00:00+00:00,25.64,A,EQ-OVEN-223|2026-03-22T18:00:00Z|current_a,incident,low,2026-03-20 19:45:00+00:00,2026-03-24 20:48:00+00:00
EVT-2026S1-0093,EQ-OVEN-223,temperature_c,2026-03-22 18:00:00+00:00,57.45,°C,EQ-OVEN-223|2026-03-22T18:00:00Z|temperature_c,incident,low,2026-03-20 19:45:00+00:00,2026-03-24 20:48:00+00:00
EVT-2026S1-X010,EQ-OVEN-366,current_a,2026-03-22 18:00:00+00:00,21.0,A,EQ-OVEN-366|2026-03-22T18:00:00Z|current_a,intervention,medium,2026-03-19 23:24:00+00:00,2026-03-23 01:19:00+00:00
EVT-2026S1-X010,EQ-OVEN-366,temperature_c,2026-03-22 18:00:00+00:00,53.96,°C,EQ-OVEN-366|2026-03-22T18:00:00Z|temperature_c,intervention,medium,2026-03-19 23:24:00+00:00,2026-03-23 01:19:00+00:00
EVT-2026S1-X051,EQ-COMP-396,pressure_bar,2026-03-23 00:00:00+00:00,5.93,bar,EQ-COMP-396|2026-03-23T00:00:00Z|pressure_bar,incident,low,2026-03-19 17:59:00+00:00,2026-03-23 19:13:00+00:00
EVT-2026S1-0093,EQ-OVEN-223,current_a,2026-03-23 00:00:00+00:00,25.16,A,EQ-OVEN-223|2026-03-23T00:00:00Z|current_a,incident,low,2026-03-20 19:45:00+00:00,2026-03-24 20:48:00+00:00
EVT-2026S1-0093,EQ-OVEN-223,temperature_c,2026-03-23 00:00:00+00:00,59.04,°C,EQ-OVEN-223|2026-03-23T00:00:00Z|temperature_c,incident,low,2026-03-20 19:45:00+00:00,2026-03-24 20:48:00+00:00
EVT-2026S1-X010,EQ-OVEN-366,current_a,2026-03-23 00:00:00+00:00,26.64,A,EQ-OVEN-366|2026-03-23T00:00:00Z|current_a,intervention,medium,2026-03-19 23:24:00+00:00,2026-03-23 01:19:00+00:00
EVT-2026S1-X010,EQ-OVEN-366,temperature_c,2026-03-23 00:00:00+00:00,52.15,°C,EQ-OVEN-366|2026-03-23T00:00:00Z|temperature_c,intervention,medium,2026-03-19 23:24:00+00:00,2026-03-23 01:19:00+00:00
EVT-2026S1-X051,EQ-COMP-396,pressure_bar,2026-03-23 06:00:00+00:00,6.01,bar,EQ-COMP-396|2026-03-23T06:00:00Z|pressure_bar,incident,low,2026-03-19 17:59:00+00:00,2026-03-23 19:13:00+00:00
EVT-2026S1-0093,EQ-OVEN-223,current_a,2026-03-23 06:00:00+00:00,20.91,A,EQ-OVEN-223|2026-03-23T06:00:00Z|current_a,incident,low,2026-03-20 19:45:00+00:00,2026-03-24 20:48:00+00:00
EVT-2026S1-0093,EQ-OVEN-223,temperature_c,2026-03-23 06:00:00+00:00,62.97,°C,EQ-OVEN-223|2026-03-23T06:00:00Z|temperature_c,incident,low,2026-03-20 19:45:00+00:00,2026-03-24 20:48:00+00:00
EVT-2026S1-0259,EQ-COMP-249,pressure_bar,2026-03-23 12:00:00+00:00,5.09,bar,EQ-COMP-249|2026-03-23T12:00:00Z|pressure_bar,incident,high,2026-03-23 12:00:00+00:00,2026-03-27 05:18:00+00:00
EVT-2026S1-X051,EQ-COMP-396,pressure_bar,2026-03-23 12:00:00+00:00,6.52,bar,EQ-COMP-396|2026-03-23T12:00:00Z|pressure_bar,incident,low,2026-03-19 17:59:00+00:00,2026-03-23 19:13:00+00:00
EVT-2026S1-0093,EQ-OVEN-223,current_a,2026-03-23 12:00:00+00:00,23.43,A,EQ-OVEN-223|2026-03-23T12:00:00Z|current_a,incident,low,2026-03-20 19:45:00+00:00,2026-03-24 20:48:00+00:00
EVT-2026S1-0093,EQ-OVEN-223,temperature_c,2026-03-23 12:00:00+00:00,67.48,°C,EQ-OVEN-223|2026-03-23T12:00:00Z|temperature_c,incident,low,2026-03-20 19:45:00+00:00,2026-03-24 20:48:00+00:00
EVT-2026S1-0259,EQ-COMP-249,pressure_bar,2026-03-23 18:00:00+00:00,5.71,bar,EQ-COMP-249|2026-03-23T18:00:00Z|pressure_bar,incident,high,2026-03-23 12:00:00+00:00,2026-03-27 05:18:00+00:00
EVT-2026S1-X051,EQ-COMP-396,pressure_bar,2026-03-23 18:00:00+00:00,5.88,bar,EQ-COMP-396|2026-03-23T18:00:00Z|pressure_bar,incident,low,2026-03-19 17:59:00+00:00,2026-03-23 19:13:00+00:00
EVT-2026S1-0093,EQ-OVEN-223,current_a,2026-03-23 18:00:00+00:00,25.09,A,EQ-OVEN-223|2026-03-23T18:00:00Z|current_a,incident,low,2026-03-20 19:45:00+00:00,2026-03-24 20:48:00+00:00
EVT-2026S1-0093,EQ-OVEN-223,temperature_c,2026-03-23 18:00:00+00:00,59.96,°C,EQ-OVEN-223|2026-03-23T18:00:00Z|temperature_c,incident,low,2026-03-20 19:45:00+00:00,2026-03-24 20:48:00+00:00
EVT-2026S1-0259,EQ-COMP-249,pressure_bar,2026-03-24 00:00:00+00:00,5.15,bar,EQ-COMP-249|2026-03-24T00:00:00Z|pressure_bar,incident,high,2026-03-23 12:00:00+00:00,2026-03-27 05:18:00+00:00
EVT-2026S1-0093,EQ-OVEN-223,current_a,2026-03-24 00:00:00+00:00,25.82,A,EQ-OVEN-223|2026-03-24T00:00:00Z|current_a,incident,low,2026-03-20 19:45:00+00:00,2026-03-24 20:48:00+00:00
EVT-2026S1-0093,EQ-OVEN-223,temperature_c,2026-03-24 00:00:00+00:00,57.64,°C,EQ-OVEN-223|2026-03-24T00:00:00Z|temperature_c,incident,low,2026-03-20 19:45:00+00:00,2026-03-24 20:48:00+00:00
EVT-2026S1-0259,EQ-COMP-249,pressure_bar,2026-03-24 06:00:00+00:00,4.74,bar,EQ-COMP-249|2026-03-24T06:00:00Z|pressure_bar,incident,high,2026-03-23 12:00:00+00:00,2026-03-27 05:18:00+00:00
EVT-2026S1-0093,EQ-OVEN-223,current_a,2026-03-24 06:00:00+00:00,23.38,A,EQ-OVEN-223|2026-03-24T06:00:00Z|current_a,incident,low,2026-03-20 19:45:00+00:00,2026-03-24 20:48:00+00:00
EVT-2026S1-0093,EQ-OVEN-223,temperature_c,2026-03-24 06:00:00+00:00,65.67,°C,EQ-OVEN-223|2026-03-24T06:00:00Z|temperature_c,incident,low,2026-03-20 19:45:00+00:00,2026-03-24 20:48:00+00:00
EVT-2026S1-0259,EQ-COMP-249,pressure_bar,2026-03-24 12:00:00+00:00,5.3,bar,EQ-COMP-249|2026-03-24T12:00:00Z|pressure_bar,incident,high,2026-03-23 12:00:00+00:00,2026-03-27 05:18:00+00:00
EVT-2026S1-0093,EQ-OVEN-223,current_a,2026-03-24 12:00:00+00:00,24.19,A,EQ-OVEN-223|2026-03-24T12:00:00Z|current_a,incident,low,2026-03-20 19:45:00+00:00,2026-03-24 20:48:00+00:00
EVT-2026S1-0093,EQ-OVEN-223,temperature_c,2026-03-24 12:00:00+00:00,64.54,°C,EQ-OVEN-223|2026-03-24T12:00:00Z|temperature_c,incident,low,2026-03-20 19:45:00+00:00,2026-03-24 20:48:00+00:00
EVT-2026S1-0259,EQ-COMP-249,pressure_bar,2026-03-24 18:00:00+00:00,5.35,bar,EQ-COMP-249|2026-03-24T18:00:00Z|pressure_bar,incident,high,2026-03-23 12:00:00+00:00,2026-03-27 05:18:00+00:00
EVT-2026S1-0093,EQ-OVEN-223,current_a,2026-03-24 18:00:00+00:00,25.79,A,EQ-OVEN-223|2026-03-24T18:00:00Z|current_a,incident,low,2026-03-20 19:45:00+00:00,2026-03-24 20:48:00+00:00
EVT-2026S1-0393,EQ-OVEN-223,current_a,2026-03-24 18:00:00+00:00,25.79,A,EQ-OVEN-223|2026-03-24T18:00:00Z|current_a,observation,low,2026-03-24 16:49:00+00:00,2026-03-28 06:58:00+00:00
EVT-2026S1-0093,EQ-OVEN-223,temperature_c,2026-03-24 18:00:00+00:00,56.07,°C,EQ-OVEN-223|2026-03-24T18:00:00Z|temperature_c,incident,low,2026-03-20 19:45:00+00:00,2026-03-24 20:48:00+00:00
EVT-2026S1-0393,EQ-OVEN-223,temperature_c,2026-03-24 18:00:00+00:00,56.07,°C,EQ-OVEN-223|2026-03-24T18:00:00Z|temperature_c,observation,low,2026-03-24 16:49:00+00:00,2026-03-28 06:58:00+00:00
EVT-2026S1-0259,EQ-COMP-249,pressure_bar,2026-03-25 00:00:00+00:00,5.11,bar,EQ-COMP-249|2026-03-25T00:00:00Z|pressure_bar,incident,high,2026-03-23 12:00:00+00:00,2026-03-27 05:18:00+00:00
EVT-2026S1-0393,EQ-OVEN-223,current_a,2026-03-25 00:00:00+00:00,24.67,A,EQ-OVEN-223|2026-03-25T00:00:00Z|current_a,observation,low,2026-03-24 16:49:00+00:00,2026-03-28 06:58:00+00:00
EVT-2026S1-0393,EQ-OVEN-223,temperature_c,2026-03-25 00:00:00+00:00,58.81,°C,EQ-OVEN-223|2026-03-25T00:00:00Z|temperature_c,observation,low,2026-03-24 16:49:00+00:00,2026-03-28 06:58:00+00:00
EVT-2026S1-0259,EQ-COMP-249,pressure_bar,2026-03-25 06:00:00+00:00,4.56,bar,EQ-COMP-249|2026-03-25T06:00:00Z|pressure_bar,incident,high,2026-03-23 12:00:00+00:00,2026-03-27 05:18:00+00:00
EVT-2026S1-0393,EQ-OVEN-223,current_a,2026-03-25 06:00:00+00:00,21.97,A,EQ-OVEN-223|2026-03-25T06:00:00Z|current_a,observation,low,2026-03-24 16:49:00+00:00,2026-03-28 06:58:00+00:00
EVT-2026S1-0393,EQ-OVEN-223,temperature_c,2026-03-25 06:00:00+00:00,65.6,°C,EQ-OVEN-223|2026-03-25T06:00:00Z|temperature_c,observation,low,2026-03-24 16:49:00+00:00,2026-03-28 06:58:00+00:00
EVT-2026S1-0259,EQ-COMP-249,pressure_bar,2026-03-25 12:00:00+00:00,5.1,bar,EQ-COMP-249|2026-03-25T12:00:00Z|pressure_bar,incident,high,2026-03-23 12:00:00+00:00,2026-03-27 05:18:00+00:00
EVT-2026S1-0393,EQ-OVEN-223,current_a,2026-03-25 12:00:00+00:00,24.63,A,EQ-OVEN-223|2026-03-25T12:00:00Z|current_a,observation,low,2026-03-24 16:49:00+00:00,2026-03-28 06:58:00+00:00
EVT-2026S1-0393,EQ-OVEN-223,temperature_c,2026-03-25 12:00:00+00:00,66.14,°C,EQ-OVEN-223|2026-03-25T12:00:00Z|temperature_c,observation,low,2026-03-24 16:49:00+00:00,2026-03-28 06:58:00+00:00
EVT-2026S1-0259,EQ-COMP-249,pressure_bar,2026-03-25 18:00:00+00:00,5.32,bar,EQ-COMP-249|2026-03-25T18:00:00Z|pressure_bar,incident,high,2026-03-23 12:00:00+00:00,2026-03-27 05:18:00+00:00
EVT-2026S1-0393,EQ-OVEN-223,current_a,2026-03-25 18:00:00+00:00,25.69,A,EQ-OVEN-223|2026-03-25T18:00:00Z|current_a,observation,low,2026-03-24 16:49:00+00:00,2026-03-28 06:58:00+00:00
EVT-2026S1-0393,EQ-OVEN-223,temperature_c,2026-03-25 18:00:00+00:00,58.7,°C,EQ-OVEN-223|2026-03-25T18:00:00Z|temperature_c,observation,low,2026-03-24 16:49:00+00:00,2026-03-28 06:58:00+00:00
EVT-2026S1-0259,EQ-COMP-249,pressure_bar,2026-03-26 00:00:00+00:00,5.01,bar,EQ-COMP-249|2026-03-26T00:00:00Z|pressure_bar,incident,high,2026-03-23 12:00:00+00:00,2026-03-27 05:18:00+00:00
EVT-2026S1-0393,EQ-OVEN-223,current_a,2026-03-26 00:00:00+00:00,26.26,A,EQ-OVEN-223|2026-03-26T00:00:00Z|current_a,observation,low,2026-03-24 16:49:00+00:00,2026-03-28 06:58:00+00:00
EVT-2026S1-0393,EQ-OVEN-223,temperature_c,2026-03-26 00:00:00+00:00,58.56,°C,EQ-OVEN-223|2026-03-26T00:00:00Z|temperature_c,observation,low,2026-03-24 16:49:00+00:00,2026-03-28 06:58:00+00:00
EVT-2026S1-0259,EQ-COMP-249,pressure_bar,2026-03-26 06:00:00+00:00,4.98,bar,EQ-COMP-249|2026-03-26T06:00:00Z|pressure_bar,incident,high,2026-03-23 12:00:00+00:00,2026-03-27 05:18:00+00:00
EVT-2026S1-0393,EQ-OVEN-223,current_a,2026-03-26 06:00:00+00:00,22.23,A,EQ-OVEN-223|2026-03-26T06:00:00Z|current_a,observation,low,2026-03-24 16:49:00+00:00,2026-03-28 06:58:00+00:00
EVT-2026S1-0393,EQ-OVEN-223,temperature_c,2026-03-26 06:00:00+00:00,65.11,°C,EQ-OVEN-223|2026-03-26T06:00:00Z|temperature_c,observation,low,2026-03-24 16:49:00+00:00,2026-03-28 06:58:00+00:00
EVT-2026S1-0259,EQ-COMP-249,pressure_bar,2026-03-26 12:00:00+00:00,5.13,bar,EQ-COMP-249|2026-03-26T12:00:00Z|pressure_bar,incident,high,2026-03-23 12:00:00+00:00,2026-03-27 05:18:00+00:00
EVT-2026S1-0393,EQ-OVEN-223,current_a,2026-03-26 12:00:00+00:00,22.65,A,EQ-OVEN-223|2026-03-26T12:00:00Z|current_a,observation,low,2026-03-24 16:49:00+00:00,2026-03-28 06:58:00+00:00
EVT-2026S1-0393,EQ-OVEN-223,temperature_c,2026-03-26 12:00:00+00:00,66.69,°C,EQ-OVEN-223|2026-03-26T12:00:00Z|temperature_c,observation,low,2026-03-24 16:49:00+00:00,2026-03-28 06:58:00+00:00
EVT-2026S1-0259,EQ-COMP-249,pressure_bar,2026-03-26 18:00:00+00:00,5.48,bar,EQ-COMP-249|2026-03-26T18:00:00Z|pressure_bar,incident,high,2026-03-23 12:00:00+00:00,2026-03-27 05:18:00+00:00
EVT-2026S1-0393,EQ-OVEN-223,current_a,2026-03-26 18:00:00+00:00,24.23,A,EQ-OVEN-223|2026-03-26T18:00:00Z|current_a,observation,low,2026-03-24 16:49:00+00:00,2026-03-28 06:58:00+00:00
EVT-2026S1-0393,EQ-OVEN-223,temperature_c,2026-03-26 18:00:00+00:00,58.95,°C,EQ-OVEN-223|2026-03-26T18:00:00Z|temperature_c,observation,low,2026-03-24 16:49:00+00:00,2026-03-28 06:58:00+00:00
EVT-2026S1-0259,EQ-COMP-249,pressure_bar,2026-03-27 00:00:00+00:00,5.45,bar,EQ-COMP-249|2026-03-27T00:00:00Z|pressure_bar,incident,high,2026-03-23 12:00:00+00:00,2026-03-27 05:18:00+00:00
EVT-2026S1-0393,EQ-OVEN-223,current_a,2026-03-27 00:00:00+00:00,24.7,A,EQ-OVEN-223|2026-03-27T00:00:00Z|current_a,observation,low,2026-03-24 16:49:00+00:00,2026-03-28 06:58:00+00:00
EVT-2026S1-0393,EQ-OVEN-223,temperature_c,2026-03-27 00:00:00+00:00,61.67,°C,EQ-OVEN-223|2026-03-27T00:00:00Z|temperature_c,observation,low,2026-03-24 16:49:00+00:00,2026-03-28 06:58:00+00:00
EVT-2026S1-0393,EQ-OVEN-223,current_a,2026-03-27 06:00:00+00:00,21.92,A,EQ-OVEN-223|2026-03-27T06:00:00Z|current_a,observation,low,2026-03-24 16:49:00+00:00,2026-03-28 06:58:00+00:00
EVT-2026S1-0393,EQ-OVEN-223,temperature_c,2026-03-27 06:00:00+00:00,66.32,°C,EQ-OVEN-223|2026-03-27T06:00:00Z|temperature_c,observation,low,2026-03-24 16:49:00+00:00,2026-03-28 06:58:00+00:00
EVT-2026S1-0393,EQ-OVEN-223,current_a,2026-03-27 12:00:00+00:00,20.82,A,EQ-OVEN-223|2026-03-27T12:00:00Z|current_a,observation,low,2026-03-24 16:49:00+00:00,2026-03-28 06:58:00+00:00
EVT-2026S1-0393,EQ-OVEN-223,temperature_c,2026-03-27 12:00:00+00:00,65.41,°C,EQ-OVEN-223|2026-03-27T12:00:00Z|temperature_c,observation,low,2026-03-24 16:49:00+00:00,2026-03-28 06:58:00+00:00
EVT-2026S1-0393,EQ-OVEN-223,current_a,2026-03-27 18:00:00+00:00,25.19,A,EQ-OVEN-223|2026-03-27T18:00:00Z|current_a,observation,low,2026-03-24 16:49:00+00:00,2026-03-28 06:58:00+00:00
EVT-2026S1-0393,EQ-OVEN-223,temperature_c,2026-03-27 18:00:00+00:00,55.85,°C,EQ-OVEN-223|2026-03-27T18:00:00Z|temperature_c,observation,low,2026-03-24 16:49:00+00:00,2026-03-28 06:58:00+00:00
EVT-2026S1-0393,EQ-OVEN-223,current_a,2026-03-28 00:00:00+00:00,25.96,A,EQ-OVEN-223|2026-03-28T00:00:00Z|current_a,observation,low,2026-03-24 16:49:00+00:00,2026-03-28 06:58:00+00:00
EVT-2026S1-0393,EQ-OVEN-223,temperature_c,2026-03-28 00:00:00+00:00,57.26,°C,EQ-OVEN-223|2026-03-28T00:00:00Z|temperature_c,observation,low,2026-03-24 16:49:00+00:00,2026-03-28 06:58:00+00:00
EVT-2026S1-0393,EQ-OVEN-223,current_a,2026-03-28 06:00:00+00:00,20.24,A,EQ-OVEN-223|2026-03-28T06:00:00Z|current_a,observation,low,2026-03-24 16:49:00+00:00,2026-03-28 06:58:00+00:00
EVT-2026S1-0393,EQ-OVEN-223,temperature_c,2026-03-28 06:00:00+00:00,63.43,°C,EQ-OVEN-223|2026-03-28T06:00:00Z|temperature_c,observation,low,2026-03-24 16:49:00+00:00,2026-03-28 06:58:00+00:00
EVT-2026S1-X040,EQ-FAN-304,rpm,2026-03-31 06:00:00+00:00,1528.32,rpm,EQ-FAN-304|2026-03-31T06:00:00Z|rpm,incident,high,2026-03-31 04:14:00+00:00,2026-04-03 21:41:00+00:00
EVT-2026S1-X040,EQ-FAN-304,vibration_mm_s,2026-03-31 06:00:00+00:00,2.5,mm/s,EQ-FAN-304|2026-03-31T06:00:00Z|vibration_mm_s,incident,high,2026-03-31 04:14:00+00:00,2026-04-03 21:41:00+00:00
EVT-2026S1-X040,EQ-FAN-304,rpm,2026-03-31 12:00:00+00:00,1553.89,rpm,EQ-FAN-304|2026-03-31T12:00:00Z|rpm,incident,high,2026-03-31 04:14:00+00:00,2026-04-03 21:41:00+00:00
EVT-2026S1-X040,EQ-FAN-304,vibration_mm_s,2026-03-31 12:00:00+00:00,3.36,mm/s,EQ-FAN-304|2026-03-31T12:00:00Z|vibration_mm_s,incident,high,2026-03-31 04:14:00+00:00,2026-04-03 21:41:00+00:00
EVT-2026S1-X040,EQ-FAN-304,rpm,2026-03-31 18:00:00+00:00,1532.95,rpm,EQ-FAN-304|2026-03-31T18:00:00Z|rpm,incident,high,2026-03-31 04:14:00+00:00,2026-04-03 21:41:00+00:00
EVT-2026S1-X040,EQ-FAN-304,vibration_mm_s,2026-03-31 18:00:00+00:00,3.3,mm/s,EQ-FAN-304|2026-03-31T18:00:00Z|vibration_mm_s,incident,high,2026-03-31 04:14:00+00:00,2026-04-03 21:41:00+00:00
EVT-2026S1-X040,EQ-FAN-304,rpm,2026-04-01 00:00:00+00:00,1495.05,rpm,EQ-FAN-304|2026-04-01T00:00:00Z|rpm,incident,high,2026-03-31 04:14:00+00:00,2026-04-03 21:41:00+00:00
EVT-2026S1-X040,EQ-FAN-304,vibration_mm_s,2026-04-01 00:00:00+00:00,2.5,mm/s,EQ-FAN-304|2026-04-01T00:00:00Z|vibration_mm_s,incident,high,2026-03-31 04:14:00+00:00,2026-04-03 21:41:00+00:00
EVT-2026S1-X040,EQ-FAN-304,rpm,2026-04-01 06:00:00+00:00,1466.26,rpm,EQ-FAN-304|2026-04-01T06:00:00Z|rpm,incident,high,2026-03-31 04:14:00+00:00,2026-04-03 21:41:00+00:00
EVT-2026S1-X040,EQ-FAN-304,vibration_mm_s,2026-04-01 06:00:00+00:00,2.99,mm/s,EQ-FAN-304|2026-04-01T06:00:00Z|vibration_mm_s,incident,high,2026-03-31 04:14:00+00:00,2026-04-03 21:41:00+00:00
EVT-2026S1-X040,EQ-FAN-304,rpm,2026-04-01 12:00:00+00:00,1501.13,rpm,EQ-FAN-304|2026-04-01T12:00:00Z|rpm,incident,high,2026-03-31 04:14:00+00:00,2026-04-03 21:41:00+00:00
EVT-2026S1-X040,EQ-FAN-304,vibration_mm_s,2026-04-01 12:00:00+00:00,3.5,mm/s,EQ-FAN-304|2026-04-01T12:00:00Z|vibration_mm_s,incident,high,2026-03-31 04:14:00+00:00,2026-04-03 21:41:00+00:00
EVT-2026S1-X040,EQ-FAN-304,rpm,2026-04-01 18:00:00+00:00,1520.34,rpm,EQ-FAN-304|2026-04-01T18:00:00Z|rpm,incident,high,2026-03-31 04:14:00+00:00,2026-04-03 21:41:00+00:00
EVT-2026S1-X040,EQ-FAN-304,vibration_mm_s,2026-04-01 18:00:00+00:00,2.99,mm/s,EQ-FAN-304|2026-04-01T18:00:00Z|vibration_mm_s,incident,high,2026-03-31 04:14:00+00:00,2026-04-03 21:41:00+00:00
EVT-2026S1-X022,EQ-FAN-304,rpm,2026-04-02 00:00:00+00:00,1427.8,rpm,EQ-FAN-304|2026-04-02T00:00:00Z|rpm,incident,low,2026-04-01 18:46:00+00:00,2026-04-04 21:30:00+00:00
EVT-2026S1-X040,EQ-FAN-304,rpm,2026-04-02 00:00:00+00:00,1427.8,rpm,EQ-FAN-304|2026-04-02T00:00:00Z|rpm,incident,high,2026-03-31 04:14:00+00:00,2026-04-03 21:41:00+00:00
EVT-2026S1-X022,EQ-FAN-304,vibration_mm_s,2026-04-02 00:00:00+00:00,3.22,mm/s,EQ-FAN-304|2026-04-02T00:00:00Z|vibration_mm_s,incident,low,2026-04-01 18:46:00+00:00,2026-04-04 21:30:00+00:00
EVT-2026S1-X040,EQ-FAN-304,vibration_mm_s,2026-04-02 00:00:00+00:00,3.22,mm/s,EQ-FAN-304|2026-04-02T00:00:00Z|vibration_mm_s,incident,high,2026-03-31 04:14:00+00:00,2026-04-03 21:41:00+00:00
EVT-2026S1-X022,EQ-FAN-304,rpm,2026-04-02 06:00:00+00:00,1455.81,rpm,EQ-FAN-304|2026-04-02T06:00:00Z|rpm,incident,low,2026-04-01 18:46:00+00:00,2026-04-04 21:30:00+00:00
EVT-2026S1-X040,EQ-FAN-304,rpm,2026-04-02 06:00:00+00:00,1455.81,rpm,EQ-FAN-304|2026-04-02T06:00:00Z|rpm,incident,high,2026-03-31 04:14:00+00:00,2026-04-03 21:41:00+00:00
EVT-2026S1-X022,EQ-FAN-304,vibration_mm_s,2026-04-02 06:00:00+00:00,3.37,mm/s,EQ-FAN-304|2026-04-02T06:00:00Z|vibration_mm_s,incident,low,2026-04-01 18:46:00+00:00,2026-04-04 21:30:00+00:00
EVT-2026S1-X040,EQ-FAN-304,vibration_mm_s,2026-04-02 06:00:00+00:00,3.37,mm/s,EQ-FAN-304|2026-04-02T06:00:00Z|vibration_mm_s,incident,high,2026-03-31 04:14:00+00:00,2026-04-03 21:41:00+00:00
EVT-2026S1-X022,EQ-FAN-304,rpm,2026-04-02 12:00:00+00:00,1497.39,rpm,EQ-FAN-304|2026-04-02T12:00:00Z|rpm,incident,low,2026-04-01 18:46:00+00:00,2026-04-04 21:30:00+00:00
EVT-2026S1-X040,EQ-FAN-304,rpm,2026-04-02 12:00:00+00:00,1497.39,rpm,EQ-FAN-304|2026-04-02T12:00:00Z|rpm,incident,high,2026-03-31 04:14:00+00:00,2026-04-03 21:41:00+00:00
EVT-2026S1-X022,EQ-FAN-304,vibration_mm_s,2026-04-02 12:00:00+00:00,4.3,mm/s,EQ-FAN-304|2026-04-02T12:00:00Z|vibration_mm_s,incident,low,2026-04-01 18:46:00+00:00,2026-04-04 21:30:00+00:00
EVT-2026S1-X040,EQ-FAN-304,vibration_mm_s,2026-04-02 12:00:00+00:00,4.3,mm/s,EQ-FAN-304|2026-04-02T12:00:00Z|vibration_mm_s,incident,high,2026-03-31 04:14:00+00:00,2026-04-03 21:41:00+00:00
EVT-2026S1-X022,EQ-FAN-304,rpm,2026-04-02 18:00:00+00:00,1460.9,rpm,EQ-FAN-304|2026-04-02T18:00:00Z|rpm,incident,low,2026-04-01 18:46:00+00:00,2026-04-04 21:30:00+00:00
EVT-2026S1-X040,EQ-FAN-304,rpm,2026-04-02 18:00:00+00:00,1460.9,rpm,EQ-FAN-304|2026-04-02T18:00:00Z|rpm,incident,high,2026-03-31 04:14:00+00:00,2026-04-03 21:41:00+00:00
EVT-2026S1-X022,EQ-FAN-304,vibration_mm_s,2026-04-02 18:00:00+00:00,3.53,mm/s,EQ-FAN-304|2026-04-02T18:00:00Z|vibration_mm_s,incident,low,2026-04-01 18:46:00+00:00,2026-04-04 21:30:00+00:00
EVT-2026S1-X040,EQ-FAN-304,vibration_mm_s,2026-04-02 18:00:00+00:00,3.53,mm/s,EQ-FAN-304|2026-04-02T18:00:00Z|vibration_mm_s,incident,high,2026-03-31 04:14:00+00:00,2026-04-03 21:41:00+00:00
EVT-2026S1-X022,EQ-FAN-304,rpm,2026-04-03 00:00:00+00:00,1456.25,rpm,EQ-FAN-304|2026-04-03T00:00:00Z|rpm,incident,low,2026-04-01 18:46:00+00:00,2026-04-04 21:30:00+00:00
EVT-2026S1-X040,EQ-FAN-304,rpm,2026-04-03 00:00:00+00:00,1456.25,rpm,EQ-FAN-304|2026-04-03T00:00:00Z|rpm,incident,high,2026-03-31 04:14:00+00:00,2026-04-03 21:41:00+00:00
EVT-2026S1-X022,EQ-FAN-304,vibration_mm_s,2026-04-03 00:00:00+00:00,2.34,mm/s,EQ-FAN-304|2026-04-03T00:00:00Z|vibration_mm_s,incident,low,2026-04-01 18:46:00+00:00,2026-04-04 21:30:00+00:00
EVT-2026S1-X040,EQ-FAN-304,vibration_mm_s,2026-04-03 00:00:00+00:00,2.34,mm/s,EQ-FAN-304|2026-04-03T00:00:00Z|vibration_mm_s,incident,high,2026-03-31 04:14:00+00:00,2026-04-03 21:41:00+00:00
EVT-2026S1-X022,EQ-FAN-304,rpm,2026-04-03 06:00:00+00:00,1486.97,rpm,EQ-FAN-304|2026-04-03T06:00:00Z|rpm,incident,low,2026-04-01 18:46:00+00:00,2026-04-04 21:30:00+00:00
EVT-2026S1-X040,EQ-FAN-304,rpm,2026-04-03 06:00:00+00:00,1486.97,rpm,EQ-FAN-304|2026-04-03T06:00:00Z|rpm,incident,high,2026-03-31 04:14:00+00:00,2026-04-03 21:41:00+00:00
EVT-2026S1-X022,EQ-FAN-304,vibration_mm_s,2026-04-03 06:00:00+00:00,2.97,mm/s,EQ-FAN-304|2026-04-03T06:00:00Z|vibration_mm_s,incident,low,2026-04-01 18:46:00+00:00,2026-04-04 21:30:00+00:00
EVT-2026S1-X040,EQ-FAN-304,vibration_mm_s,2026-04-03 06:00:00+00:00,2.97,mm/s,EQ-FAN-304|2026-04-03T06:00:00Z|vibration_mm_s,incident,high,2026-03-31 04:14:00+00:00,2026-04-03 21:41:00+00:00
EVT-2026S1-X022,EQ-FAN-304,rpm,2026-04-03 12:00:00+00:00,1554.42,rpm,EQ-FAN-304|2026-04-03T12:00:00Z|rpm,incident,low,2026-04-01 18:46:00+00:00,2026-04-04 21:30:00+00:00
EVT-2026S1-X040,EQ-FAN-304,rpm,2026-04-03 12:00:00+00:00,1554.42,rpm,EQ-FAN-304|2026-04-03T12:00:00Z|rpm,incident,high,2026-03-31 04:14:00+00:00,2026-04-03 21:41:00+00:00
EVT-2026S1-X022,EQ-FAN-304,vibration_mm_s,2026-04-03 12:00:00+00:00,3.27,mm/s,EQ-FAN-304|2026-04-03T12:00:00Z|vibration_mm_s,incident,low,2026-04-01 18:46:00+00:00,2026-04-04 21:30:00+00:00
EVT-2026S1-X040,EQ-FAN-304,vibration_mm_s,2026-04-03 12:00:00+00:00,3.27,mm/s,EQ-FAN-304|2026-04-03T12:00:00Z|vibration_mm_s,incident,high,2026-03-31 04:14:00+00:00,2026-04-03 21:41:00+00:00
EVT-2026S1-X022,EQ-FAN-304,rpm,2026-04-03 18:00:00+00:00,1568.89,rpm,EQ-FAN-304|2026-04-03T18:00:00Z|rpm,incident,low,2026-04-01 18:46:00+00:00,2026-04-04 21:30:00+00:00
EVT-2026S1-X040,EQ-FAN-304,rpm,2026-04-03 18:00:00+00:00,1568.89,rpm,EQ-FAN-304|2026-04-03T18:00:00Z|rpm,incident,high,2026-03-31 04:14:00+00:00,2026-04-03 21:41:00+00:00
EVT-2026S1-X022,EQ-FAN-304,vibration_mm_s,2026-04-03 18:00:00+00:00,2.89,mm/s,EQ-FAN-304|2026-04-03T18:00:00Z|vibration_mm_s,incident,low,2026-04-01 18:46:00+00:00,2026-04-04 21:30:00+00:00
EVT-2026S1-X040,EQ-FAN-304,vibration_mm_s,2026-04-03 18:00:00+00:00,2.89,mm/s,EQ-FAN-304|2026-04-03T18:00:00Z|vibration_mm_s,incident,high,2026-03-31 04:14:00+00:00,2026-04-03 21:41:00+00:00
EVT-2026S1-X022,EQ-FAN-304,rpm,2026-04-04 00:00:00+00:00,1487.61,rpm,EQ-FAN-304|2026-04-04T00:00:00Z|rpm,incident,low,2026-04-01 18:46:00+00:00,2026-04-04 21:30:00+00:00
EVT-2026S1-X022,EQ-FAN-304,vibration_mm_s,2026-04-04 00:00:00+00:00,2.2,mm/s,EQ-FAN-304|2026-04-04T00:00:00Z|vibration_mm_s,incident,low,2026-04-01 18:46:00+00:00,2026-04-04 21:30:00+00:00
EVT-2026S1-X022,EQ-FAN-304,rpm,2026-04-04 06:00:00+00:00,1487.34,rpm,EQ-FAN-304|2026-04-04T06:00:00Z|rpm,incident,low,2026-04-01 18:46:00+00:00,2026-04-04 21:30:00+00:00
EVT-2026S1-X022,EQ-FAN-304,vibration_mm_s,2026-04-04 06:00:00+00:00,2.58,mm/s,EQ-FAN-304|2026-04-04T06:00:00Z|vibration_mm_s,incident,low,2026-04-01 18:46:00+00:00,2026-04-04 21:30:00+00:00
EVT-2026S1-X022,EQ-FAN-304,rpm,2026-04-04 12:00:00+00:00,1573.55,rpm,EQ-FAN-304|2026-04-04T12:00:00Z|rpm,incident,low,2026-04-01 18:46:00+00:00,2026-04-04 21:30:00+00:00
EVT-2026S1-X022,EQ-FAN-304,vibration_mm_s,2026-04-04 12:00:00+00:00,2.98,mm/s,EQ-FAN-304|2026-04-04T12:00:00Z|vibration_mm_s,incident,low,2026-04-01 18:46:00+00:00,2026-04-04 21:30:00+00:00
EVT-2026S1-X022,EQ-FAN-304,rpm,2026-04-04 18:00:00+00:00,1566.23,rpm,EQ-FAN-304|2026-04-04T18:00:00Z|rpm,incident,low,2026-04-01 18:46:00+00:00,2026-04-04 21:30:00+00:00
EVT-2026S1-X022,EQ-FAN-304,vibration_mm_s,2026-04-04 18:00:00+00:00,2.37,mm/s,EQ-FAN-304|2026-04-04T18:00:00Z|vibration_mm_s,incident,low,2026-04-01 18:46:00+00:00,2026-04-04 21:30:00+00:00
EVT-2026S1-0106,EQ-OVEN-366,current_a,2026-04-07 00:00:00+00:00,26.25,A,EQ-OVEN-366|2026-04-07T00:00:00Z|current_a,incident,high,2026-04-06 20:14:00+00:00,2026-04-10 17:22:00+00:00
EVT-2026S1-0106,EQ-OVEN-366,temperature_c,2026-04-07 00:00:00+00:00,50.5,°C,EQ-OVEN-366|2026-04-07T00:00:00Z|temperature_c,incident,high,2026-04-06 20:14:00+00:00,2026-04-10 17:22:00+00:00
EVT-2026S1-0106,EQ-OVEN-366,current_a,2026-04-07 06:00:00+00:00,26.42,A,EQ-OVEN-366|2026-04-07T06:00:00Z|current_a,incident,high,2026-04-06 20:14:00+00:00,2026-04-10 17:22:00+00:00
EVT-2026S1-0106,EQ-OVEN-366,temperature_c,2026-04-07 06:00:00+00:00,47.79,°C,EQ-OVEN-366|2026-04-07T06:00:00Z|temperature_c,incident,high,2026-04-06 20:14:00+00:00,2026-04-10 17:22:00+00:00
EVT-2026S1-0083,EQ-COMP-113,pressure_bar,2026-04-07 12:00:00+00:00,5.8,bar,EQ-COMP-113|2026-04-07T12:00:00Z|pressure_bar,observation,high,2026-04-07 09:46:00+00:00,2026-04-11 05:53:00+00:00
EVT-2026S1-0083,EQ-COMP-113,temperature_c,2026-04-07 12:00:00+00:00,58.12,°C,EQ-COMP-113|2026-04-07T12:00:00Z|temperature_c,observation,high,2026-04-07 09:46:00+00:00,2026-04-11 05:53:00+00:00
EVT-2026S1-0106,EQ-OVEN-366,current_a,2026-04-07 12:00:00+00:00,23.67,A,EQ-OVEN-366|2026-04-07T12:00:00Z|current_a,incident,high,2026-04-06 20:14:00+00:00,2026-04-10 17:22:00+00:00
EVT-2026S1-0106,EQ-OVEN-366,temperature_c,2026-04-07 12:00:00+00:00,55.01,°C,EQ-OVEN-366|2026-04-07T12:00:00Z|temperature_c,incident,high,2026-04-06 20:14:00+00:00,2026-04-10 17:22:00+00:00
EVT-2026S1-0083,EQ-COMP-113,pressure_bar,2026-04-07 18:00:00+00:00,6.36,bar,EQ-COMP-113|2026-04-07T18:00:00Z|pressure_bar,observation,high,2026-04-07 09:46:00+00:00,2026-04-11 05:53:00+00:00
EVT-2026S1-0083,EQ-COMP-113,temperature_c,2026-04-07 18:00:00+00:00,58.58,°C,EQ-COMP-113|2026-04-07T18:00:00Z|temperature_c,observation,high,2026-04-07 09:46:00+00:00,2026-04-11 05:53:00+00:00
EVT-2026S1-0106,EQ-OVEN-366,current_a,2026-04-07 18:00:00+00:00,22.78,A,EQ-OVEN-366|2026-04-07T18:00:00Z|current_a,incident,high,2026-04-06 20:14:00+00:00,2026-04-10 17:22:00+00:00
EVT-2026S1-0106,EQ-OVEN-366,temperature_c,2026-04-07 18:00:00+00:00,57.87,°C,EQ-OVEN-366|2026-04-07T18:00:00Z|temperature_c,incident,high,2026-04-06 20:14:00+00:00,2026-04-10 17:22:00+00:00
EVT-2026S1-0083,EQ-COMP-113,pressure_bar,2026-04-08 00:00:00+00:00,6.2,bar,EQ-COMP-113|2026-04-08T00:00:00Z|pressure_bar,observation,high,2026-04-07 09:46:00+00:00,2026-04-11 05:53:00+00:00
EVT-2026S1-0083,EQ-COMP-113,temperature_c,2026-04-08 00:00:00+00:00,66.8,°C,EQ-COMP-113|2026-04-08T00:00:00Z|temperature_c,observation,high,2026-04-07 09:46:00+00:00,2026-04-11 05:53:00+00:00
EVT-2026S1-0106,EQ-OVEN-366,current_a,2026-04-08 00:00:00+00:00,26.55,A,EQ-OVEN-366|2026-04-08T00:00:00Z|current_a,incident,high,2026-04-06 20:14:00+00:00,2026-04-10 17:22:00+00:00
EVT-2026S1-0106,EQ-OVEN-366,temperature_c,2026-04-08 00:00:00+00:00,51.92,°C,EQ-OVEN-366|2026-04-08T00:00:00Z|temperature_c,incident,high,2026-04-06 20:14:00+00:00,2026-04-10 17:22:00+00:00
EVT-2026S1-0083,EQ-COMP-113,pressure_bar,2026-04-08 06:00:00+00:00,5.83,bar,EQ-COMP-113|2026-04-08T06:00:00Z|pressure_bar,observation,high,2026-04-07 09:46:00+00:00,2026-04-11 05:53:00+00:00
EVT-2026S1-0083,EQ-COMP-113,temperature_c,2026-04-08 06:00:00+00:00,63.96,°C,EQ-COMP-113|2026-04-08T06:00:00Z|temperature_c,observation,high,2026-04-07 09:46:00+00:00,2026-04-11 05:53:00+00:00
EVT-2026S1-0106,EQ-OVEN-366,current_a,2026-04-08 06:00:00+00:00,28.95,A,EQ-OVEN-366|2026-04-08T06:00:00Z|current_a,incident,high,2026-04-06 20:14:00+00:00,2026-04-10 17:22:00+00:00
EVT-2026S1-0106,EQ-OVEN-366,temperature_c,2026-04-08 06:00:00+00:00,49.43,°C,EQ-OVEN-366|2026-04-08T06:00:00Z|temperature_c,incident,high,2026-04-06 20:14:00+00:00,2026-04-10 17:22:00+00:00
EVT-2026S1-0083,EQ-COMP-113,pressure_bar,2026-04-08 12:00:00+00:00,5.59,bar,EQ-COMP-113|2026-04-08T12:00:00Z|pressure_bar,observation,high,2026-04-07 09:46:00+00:00,2026-04-11 05:53:00+00:00
EVT-2026S1-0083,EQ-COMP-113,temperature_c,2026-04-08 12:00:00+00:00,57.74,°C,EQ-COMP-113|2026-04-08T12:00:00Z|temperature_c,observation,high,2026-04-07 09:46:00+00:00,2026-04-11 05:53:00+00:00
EVT-2026S1-0106,EQ-OVEN-366,current_a,2026-04-08 12:00:00+00:00,26.4,A,EQ-OVEN-366|2026-04-08T12:00:00Z|current_a,incident,high,2026-04-06 20:14:00+00:00,2026-04-10 17:22:00+00:00
EVT-2026S1-0106,EQ-OVEN-366,temperature_c,2026-04-08 12:00:00+00:00,57.91,°C,EQ-OVEN-366|2026-04-08T12:00:00Z|temperature_c,incident,high,2026-04-06 20:14:00+00:00,2026-04-10 17:22:00+00:00
EVT-2026S1-0083,EQ-COMP-113,pressure_bar,2026-04-08 18:00:00+00:00,6.21,bar,EQ-COMP-113|2026-04-08T18:00:00Z|pressure_bar,observation,high,2026-04-07 09:46:00+00:00,2026-04-11 05:53:00+00:00
EVT-2026S1-0083,EQ-COMP-113,temperature_c,2026-04-08 18:00:00+00:00,61.43,°C,EQ-COMP-113|2026-04-08T18:00:00Z|temperature_c,observation,high,2026-04-07 09:46:00+00:00,2026-04-11 05:53:00+00:00
EVT-2026S1-0106,EQ-OVEN-366,current_a,2026-04-08 18:00:00+00:00,26.04,A,EQ-OVEN-366|2026-04-08T18:00:00Z|current_a,incident,high,2026-04-06 20:14:00+00:00,2026-04-10 17:22:00+00:00
EVT-2026S1-0106,EQ-OVEN-366,temperature_c,2026-04-08 18:00:00+00:00,60.92,°C,EQ-OVEN-366|2026-04-08T18:00:00Z|temperature_c,incident,high,2026-04-06 20:14:00+00:00,2026-04-10 17:22:00+00:00
EVT-2026S1-0083,EQ-COMP-113,pressure_bar,2026-04-09 00:00:00+00:00,6.21,bar,EQ-COMP-113|2026-04-09T00:00:00Z|pressure_bar,observation,high,2026-04-07 09:46:00+00:00,2026-04-11 05:53:00+00:00
EVT-2026S1-0083,EQ-COMP-113,temperature_c,2026-04-09 00:00:00+00:00,66.75,°C,EQ-COMP-113|2026-04-09T00:00:00Z|temperature_c,observation,high,2026-04-07 09:46:00+00:00,2026-04-11 05:53:00+00:00
EVT-2026S1-0106,EQ-OVEN-366,current_a,2026-04-09 00:00:00+00:00,28.69,A,EQ-OVEN-366|2026-04-09T00:00:00Z|current_a,incident,high,2026-04-06 20:14:00+00:00,2026-04-10 17:22:00+00:00
EVT-2026S1-0106,EQ-OVEN-366,temperature_c,2026-04-09 00:00:00+00:00,55.51,°C,EQ-OVEN-366|2026-04-09T00:00:00Z|temperature_c,incident,high,2026-04-06 20:14:00+00:00,2026-04-10 17:22:00+00:00
EVT-2026S1-0083,EQ-COMP-113,pressure_bar,2026-04-09 06:00:00+00:00,5.88,bar,EQ-COMP-113|2026-04-09T06:00:00Z|pressure_bar,observation,high,2026-04-07 09:46:00+00:00,2026-04-11 05:53:00+00:00
EVT-2026S1-0083,EQ-COMP-113,temperature_c,2026-04-09 06:00:00+00:00,66.24,°C,EQ-COMP-113|2026-04-09T06:00:00Z|temperature_c,observation,high,2026-04-07 09:46:00+00:00,2026-04-11 05:53:00+00:00
EVT-2026S1-0106,EQ-OVEN-366,current_a,2026-04-09 06:00:00+00:00,30.04,A,EQ-OVEN-366|2026-04-09T06:00:00Z|current_a,incident,high,2026-04-06 20:14:00+00:00,2026-04-10 17:22:00+00:00
EVT-2026S1-0106,EQ-OVEN-366,temperature_c,2026-04-09 06:00:00+00:00,54.16,°C,EQ-OVEN-366|2026-04-09T06:00:00Z|temperature_c,incident,high,2026-04-06 20:14:00+00:00,2026-04-10 17:22:00+00:00
EVT-2026S1-0003,EQ-COMP-002,pressure_bar,2026-04-09 12:00:00+00:00,6.69,bar,EQ-COMP-002|2026-04-09T12:00:00Z|pressure_bar,observation,high,2026-04-09 06:38:00+00:00,2026-04-13 08:38:00+00:00
EVT-2026S1-0003,EQ-COMP-002,temperature_c,2026-04-09 12:00:00+00:00,54.21,°C,EQ-COMP-002|2026-04-09T12:00:00Z|temperature_c,observation,high,2026-04-09 06:38:00+00:00,2026-04-13 08:38:00+00:00
EVT-2026S1-0083,EQ-COMP-113,pressure_bar,2026-04-09 12:00:00+00:00,5.97,bar,EQ-COMP-113|2026-04-09T12:00:00Z|pressure_bar,observation,high,2026-04-07 09:46:00+00:00,2026-04-11 05:53:00+00:00
EVT-2026S1-0083,EQ-COMP-113,temperature_c,2026-04-09 12:00:00+00:00,61.89,°C,EQ-COMP-113|2026-04-09T12:00:00Z|temperature_c,observation,high,2026-04-07 09:46:00+00:00,2026-04-11 05:53:00+00:00
EVT-2026S1-0106,EQ-OVEN-366,current_a,2026-04-09 12:00:00+00:00,27.21,A,EQ-OVEN-366|2026-04-09T12:00:00Z|current_a,incident,high,2026-04-06 20:14:00+00:00,2026-04-10 17:22:00+00:00
EVT-2026S1-0106,EQ-OVEN-366,temperature_c,2026-04-09 12:00:00+00:00,59.09,°C,EQ-OVEN-366|2026-04-09T12:00:00Z|temperature_c,incident,high,2026-04-06 20:14:00+00:00,2026-04-10 17:22:00+00:00
EVT-2026S1-0003,EQ-COMP-002,pressure_bar,2026-04-09 18:00:00+00:00,7.14,bar,EQ-COMP-002|2026-04-09T18:00:00Z|pressure_bar,observation,high,2026-04-09 06:38:00+00:00,2026-04-13 08:38:00+00:00
EVT-2026S1-0003,EQ-COMP-002,temperature_c,2026-04-09 18:00:00+00:00,58.78,°C,EQ-COMP-002|2026-04-09T18:00:00Z|temperature_c,observation,high,2026-04-09 06:38:00+00:00,2026-04-13 08:38:00+00:00
EVT-2026S1-0083,EQ-COMP-113,pressure_bar,2026-04-09 18:00:00+00:00,6.34,bar,EQ-COMP-113|2026-04-09T18:00:00Z|pressure_bar,observation,high,2026-04-07 09:46:00+00:00,2026-04-11 05:53:00+00:00
EVT-2026S1-0083,EQ-COMP-113,temperature_c,2026-04-09 18:00:00+00:00,60.48,°C,EQ-COMP-113|2026-04-09T18:00:00Z|temperature_c,observation,high,2026-04-07 09:46:00+00:00,2026-04-11 05:53:00+00:00
EVT-2026S1-0106,EQ-OVEN-366,current_a,2026-04-09 18:00:00+00:00,23.54,A,EQ-OVEN-366|2026-04-09T18:00:00Z|current_a,incident,high,2026-04-06 20:14:00+00:00,2026-04-10 17:22:00+00:00
EVT-2026S1-0106,EQ-OVEN-366,temperature_c,2026-04-09 18:00:00+00:00,57.56,°C,EQ-OVEN-366|2026-04-09T18:00:00Z|temperature_c,incident,high,2026-04-06 20:14:00+00:00,2026-04-10 17:22:00+00:00
EVT-2026S1-0003,EQ-COMP-002,pressure_bar,2026-04-10 00:00:00+00:00,6.76,bar,EQ-COMP-002|2026-04-10T00:00:00Z|pressure_bar,observation,high,2026-04-09 06:38:00+00:00,2026-04-13 08:38:00+00:00
EVT-2026S1-0003,EQ-COMP-002,temperature_c,2026-04-10 00:00:00+00:00,63.16,°C,EQ-COMP-002|2026-04-10T00:00:00Z|temperature_c,observation,high,2026-04-09 06:38:00+00:00,2026-04-13 08:38:00+00:00
EVT-2026S1-0083,EQ-COMP-113,pressure_bar,2026-04-10 00:00:00+00:00,5.9,bar,EQ-COMP-113|2026-04-10T00:00:00Z|pressure_bar,observation,high,2026-04-07 09:46:00+00:00,2026-04-11 05:53:00+00:00
EVT-2026S1-0083,EQ-COMP-113,temperature_c,2026-04-10 00:00:00+00:00,64.0,°C,EQ-COMP-113|2026-04-10T00:00:00Z|temperature_c,observation,high,2026-04-07 09:46:00+00:00,2026-04-11 05:53:00+00:00
EVT-2026S1-0106,EQ-OVEN-366,current_a,2026-04-10 00:00:00+00:00,26.09,A,EQ-OVEN-366|2026-04-10T00:00:00Z|current_a,incident,high,2026-04-06 20:14:00+00:00,2026-04-10 17:22:00+00:00
EVT-2026S1-0106,EQ-OVEN-366,temperature_c,2026-04-10 00:00:00+00:00,52.59,°C,EQ-OVEN-366|2026-04-10T00:00:00Z|temperature_c,incident,high,2026-04-06 20:14:00+00:00,2026-04-10 17:22:00+00:00
EVT-2026S1-0003,EQ-COMP-002,pressure_bar,2026-04-10 06:00:00+00:00,6.37,bar,EQ-COMP-002|2026-04-10T06:00:00Z|pressure_bar,observation,high,2026-04-09 06:38:00+00:00,2026-04-13 08:38:00+00:00
EVT-2026S1-0003,EQ-COMP-002,temperature_c,2026-04-10 06:00:00+00:00,59.74,°C,EQ-COMP-002|2026-04-10T06:00:00Z|temperature_c,observation,high,2026-04-09 06:38:00+00:00,2026-04-13 08:38:00+00:00
EVT-2026S1-0083,EQ-COMP-113,pressure_bar,2026-04-10 06:00:00+00:00,5.7,bar,EQ-COMP-113|2026-04-10T06:00:00Z|pressure_bar,observation,high,2026-04-07 09:46:00+00:00,2026-04-11 05:53:00+00:00
EVT-2026S1-0083,EQ-COMP-113,temperature_c,2026-04-10 06:00:00+00:00,65.27,°C,EQ-COMP-113|2026-04-10T06:00:00Z|temperature_c,observation,high,2026-04-07 09:46:00+00:00,2026-04-11 05:53:00+00:00
EVT-2026S1-0106,EQ-OVEN-366,current_a,2026-04-10 06:00:00+00:00,25.73,A,EQ-OVEN-366|2026-04-10T06:00:00Z|current_a,incident,high,2026-04-06 20:14:00+00:00,2026-04-10 17:22:00+00:00
EVT-2026S1-0106,EQ-OVEN-366,temperature_c,2026-04-10 06:00:00+00:00,49.48,°C,EQ-OVEN-366|2026-04-10T06:00:00Z|temperature_c,incident,high,2026-04-06 20:14:00+00:00,2026-04-10 17:22:00+00:00
EVT-2026S1-0003,EQ-COMP-002,pressure_bar,2026-04-10 12:00:00+00:00,6.87,bar,EQ-COMP-002|2026-04-10T12:00:00Z|pressure_bar,observation,high,2026-04-09 06:38:00+00:00,2026-04-13 08:38:00+00:00
EVT-2026S1-0003,EQ-COMP-002,temperature_c,2026-04-10 12:00:00+00:00,56.22,°C,EQ-COMP-002|2026-04-10T12:00:00Z|temperature_c,observation,high,2026-04-09 06:38:00+00:00,2026-04-13 08:38:00+00:00
EVT-2026S1-0083,EQ-COMP-113,pressure_bar,2026-04-10 12:00:00+00:00,5.86,bar,EQ-COMP-113|2026-04-10T12:00:00Z|pressure_bar,observation,high,2026-04-07 09:46:00+00:00,2026-04-11 05:53:00+00:00
EVT-2026S1-0083,EQ-COMP-113,temperature_c,2026-04-10 12:00:00+00:00,59.44,°C,EQ-COMP-113|2026-04-10T12:00:00Z|temperature_c,observation,high,2026-04-07 09:46:00+00:00,2026-04-11 05:53:00+00:00
EVT-2026S1-0106,EQ-OVEN-366,current_a,2026-04-10 12:00:00+00:00,23.57,A,EQ-OVEN-366|2026-04-10T12:00:00Z|current_a,incident,high,2026-04-06 20:14:00+00:00,2026-04-10 17:22:00+00:00
EVT-2026S1-0106,EQ-OVEN-366,temperature_c,2026-04-10 12:00:00+00:00,53.25,°C,EQ-OVEN-366|2026-04-10T12:00:00Z|temperature_c,incident,high,2026-04-06 20:14:00+00:00,2026-04-10 17:22:00+00:00
EVT-2026S1-0003,EQ-COMP-002,pressure_bar,2026-04-10 18:00:00+00:00,6.69,bar,EQ-COMP-002|2026-04-10T18:00:00Z|pressure_bar,observation,high,2026-04-09 06:38:00+00:00,2026-04-13 08:38:00+00:00
EVT-2026S1-0003,EQ-COMP-002,temperature_c,2026-04-10 18:00:00+00:00,58.86,°C,EQ-COMP-002|2026-04-10T18:00:00Z|temperature_c,observation,high,2026-04-09 06:38:00+00:00,2026-04-13 08:38:00+00:00
EVT-2026S1-0083,EQ-COMP-113,pressure_bar,2026-04-10 18:00:00+00:00,6.43,bar,EQ-COMP-113|2026-04-10T18:00:00Z|pressure_bar,observation,high,2026-04-07 09:46:00+00:00,2026-04-11 05:53:00+00:00
EVT-2026S1-0083,EQ-COMP-113,temperature_c,2026-04-10 18:00:00+00:00,61.06,°C,EQ-COMP-113|2026-04-10T18:00:00Z|temperature_c,observation,high,2026-04-07 09:46:00+00:00,2026-04-11 05:53:00+00:00
EVT-2026S1-0003,EQ-COMP-002,pressure_bar,2026-04-11 00:00:00+00:00,6.54,bar,EQ-COMP-002|2026-04-11T00:00:00Z|pressure_bar,observation,high,2026-04-09 06:38:00+00:00,2026-04-13 08:38:00+00:00
EVT-2026S1-0003,EQ-COMP-002,temperature_c,2026-04-11 00:00:00+00:00,59.81,°C,EQ-COMP-002|2026-04-11T00:00:00Z|temperature_c,observation,high,2026-04-09 06:38:00+00:00,2026-04-13 08:38:00+00:00
EVT-2026S1-0083,EQ-COMP-113,pressure_bar,2026-04-11 00:00:00+00:00,6.11,bar,EQ-COMP-113|2026-04-11T00:00:00Z|pressure_bar,observation,high,2026-04-07 09:46:00+00:00,2026-04-11 05:53:00+00:00
EVT-2026S1-0083,EQ-COMP-113,temperature_c,2026-04-11 00:00:00+00:00,62.19,°C,EQ-COMP-113|2026-04-11T00:00:00Z|temperature_c,observation,high,2026-04-07 09:46:00+00:00,2026-04-11 05:53:00+00:00
EVT-2026S1-0003,EQ-COMP-002,pressure_bar,2026-04-11 06:00:00+00:00,6.34,bar,EQ-COMP-002|2026-04-11T06:00:00Z|pressure_bar,observation,high,2026-04-09 06:38:00+00:00,2026-04-13 08:38:00+00:00
EVT-2026S1-0003,EQ-COMP-002,temperature_c,2026-04-11 06:00:00+00:00,63.2,°C,EQ-COMP-002|2026-04-11T06:00:00Z|temperature_c,observation,high,2026-04-09 06:38:00+00:00,2026-04-13 08:38:00+00:00
EVT-2026S1-0271,EQ-OVEN-123,current_a,2026-04-11 06:00:00+00:00,25.47,A,EQ-OVEN-123|2026-04-11T06:00:00Z|current_a,incident,medium,2026-04-11 04:19:00+00:00,2026-04-14 20:03:00+00:00
EVT-2026S1-0271,EQ-OVEN-123,temperature_c,2026-04-11 06:00:00+00:00,52.19,°C,EQ-OVEN-123|2026-04-11T06:00:00Z|temperature_c,incident,medium,2026-04-11 04:19:00+00:00,2026-04-14 20:03:00+00:00
EVT-2026S1-0003,EQ-COMP-002,pressure_bar,2026-04-11 12:00:00+00:00,6.74,bar,EQ-COMP-002|2026-04-11T12:00:00Z|pressure_bar,observation,high,2026-04-09 06:38:00+00:00,2026-04-13 08:38:00+00:00
EVT-2026S1-0003,EQ-COMP-002,temperature_c,2026-04-11 12:00:00+00:00,56.35,°C,EQ-COMP-002|2026-04-11T12:00:00Z|temperature_c,observation,high,2026-04-09 06:38:00+00:00,2026-04-13 08:38:00+00:00
EVT-2026S1-0271,EQ-OVEN-123,current_a,2026-04-11 12:00:00+00:00,21.89,A,EQ-OVEN-123|2026-04-11T12:00:00Z|current_a,incident,medium,2026-04-11 04:19:00+00:00,2026-04-14 20:03:00+00:00
EVT-2026S1-0271,EQ-OVEN-123,temperature_c,2026-04-11 12:00:00+00:00,58.11,°C,EQ-OVEN-123|2026-04-11T12:00:00Z|temperature_c,incident,medium,2026-04-11 04:19:00+00:00,2026-04-14 20:03:00+00:00
EVT-2026S1-0003,EQ-COMP-002,pressure_bar,2026-04-11 18:00:00+00:00,6.89,bar,EQ-COMP-002|2026-04-11T18:00:00Z|pressure_bar,observation,high,2026-04-09 06:38:00+00:00,2026-04-13 08:38:00+00:00
EVT-2026S1-0003,EQ-COMP-002,temperature_c,2026-04-11 18:00:00+00:00,58.16,°C,EQ-COMP-002|2026-04-11T18:00:00Z|temperature_c,observation,high,2026-04-09 06:38:00+00:00,2026-04-13 08:38:00+00:00
EVT-2026S1-0271,EQ-OVEN-123,current_a,2026-04-11 18:00:00+00:00,21.73,A,EQ-OVEN-123|2026-04-11T18:00:00Z|current_a,incident,medium,2026-04-11 04:19:00+00:00,2026-04-14 20:03:00+00:00
EVT-2026S1-0271,EQ-OVEN-123,temperature_c,2026-04-11 18:00:00+00:00,62.03,°C,EQ-OVEN-123|2026-04-11T18:00:00Z|temperature_c,incident,medium,2026-04-11 04:19:00+00:00,2026-04-14 20:03:00+00:00
EVT-2026S1-0003,EQ-COMP-002,pressure_bar,2026-04-12 00:00:00+00:00,6.41,bar,EQ-COMP-002|2026-04-12T00:00:00Z|pressure_bar,observation,high,2026-04-09 06:38:00+00:00,2026-04-13 08:38:00+00:00
EVT-2026S1-0003,EQ-COMP-002,temperature_c,2026-04-12 00:00:00+00:00,63.02,°C,EQ-COMP-002|2026-04-12T00:00:00Z|temperature_c,observation,high,2026-04-09 06:38:00+00:00,2026-04-13 08:38:00+00:00
EVT-2026S1-0271,EQ-OVEN-123,current_a,2026-04-12 00:00:00+00:00,23.98,A,EQ-OVEN-123|2026-04-12T00:00:00Z|current_a,incident,medium,2026-04-11 04:19:00+00:00,2026-04-14 20:03:00+00:00
EVT-2026S1-0271,EQ-OVEN-123,temperature_c,2026-04-12 00:00:00+00:00,53.98,°C,EQ-OVEN-123|2026-04-12T00:00:00Z|temperature_c,incident,medium,2026-04-11 04:19:00+00:00,2026-04-14 20:03:00+00:00
EVT-2026S1-0003,EQ-COMP-002,pressure_bar,2026-04-12 06:00:00+00:00,5.97,bar,EQ-COMP-002|2026-04-12T06:00:00Z|pressure_bar,observation,high,2026-04-09 06:38:00+00:00,2026-04-13 08:38:00+00:00
EVT-2026S1-0003,EQ-COMP-002,temperature_c,2026-04-12 06:00:00+00:00,58.94,°C,EQ-COMP-002|2026-04-12T06:00:00Z|temperature_c,observation,high,2026-04-09 06:38:00+00:00,2026-04-13 08:38:00+00:00
EVT-2026S1-0271,EQ-OVEN-123,current_a,2026-04-12 06:00:00+00:00,27.04,A,EQ-OVEN-123|2026-04-12T06:00:00Z|current_a,incident,medium,2026-04-11 04:19:00+00:00,2026-04-14 20:03:00+00:00
EVT-2026S1-0271,EQ-OVEN-123,temperature_c,2026-04-12 06:00:00+00:00,53.61,°C,EQ-OVEN-123|2026-04-12T06:00:00Z|temperature_c,incident,medium,2026-04-11 04:19:00+00:00,2026-04-14 20:03:00+00:00
EVT-2026S1-0003,EQ-COMP-002,pressure_bar,2026-04-12 12:00:00+00:00,,bar,EQ-COMP-002|2026-04-12T12:00:00Z|pressure_bar,observation,high,2026-04-09 06:38:00+00:00,2026-04-13 08:38:00+00:00
EVT-2026S1-0003,EQ-COMP-002,temperature_c,2026-04-12 12:00:00+00:00,53.68,°C,EQ-COMP-002|2026-04-12T12:00:00Z|temperature_c,observation,high,2026-04-09 06:38:00+00:00,2026-04-13 08:38:00+00:00
EVT-2026S1-0271,EQ-OVEN-123,current_a,2026-04-12 12:00:00+00:00,23.46,A,EQ-OVEN-123|2026-04-12T12:00:00Z|current_a,incident,medium,2026-04-11 04:19:00+00:00,2026-04-14 20:03:00+00:00
EVT-2026S1-0271,EQ-OVEN-123,temperature_c,2026-04-12 12:00:00+00:00,58.93,°C,EQ-OVEN-123|2026-04-12T12:00:00Z|temperature_c,incident,medium,2026-04-11 04:19:00+00:00,2026-04-14 20:03:00+00:00
EVT-2026S1-0003,EQ-COMP-002,pressure_bar,2026-04-12 18:00:00+00:00,6.53,bar,EQ-COMP-002|2026-04-12T18:00:00Z|pressure_bar,observation,high,2026-04-09 06:38:00+00:00,2026-04-13 08:38:00+00:00
EVT-2026S1-0003,EQ-COMP-002,temperature_c,2026-04-12 18:00:00+00:00,55.24,°C,EQ-COMP-002|2026-04-12T18:00:00Z|temperature_c,observation,high,2026-04-09 06:38:00+00:00,2026-04-13 08:38:00+00:00
EVT-2026S1-0271,EQ-OVEN-123,current_a,2026-04-12 18:00:00+00:00,22.08,A,EQ-OVEN-123|2026-04-12T18:00:00Z|current_a,incident,medium,2026-04-11 04:19:00+00:00,2026-04-14 20:03:00+00:00
EVT-2026S1-0271,EQ-OVEN-123,temperature_c,2026-04-12 18:00:00+00:00,61.77,°C,EQ-OVEN-123|2026-04-12T18:00:00Z|temperature_c,incident,medium,2026-04-11 04:19:00+00:00,2026-04-14 20:03:00+00:00
EVT-2026S1-0003,EQ-COMP-002,pressure_bar,2026-04-13 00:00:00+00:00,6.61,bar,EQ-COMP-002|2026-04-13T00:00:00Z|pressure_bar,observation,high,2026-04-09 06:38:00+00:00,2026-04-13 08:38:00+00:00
EVT-2026S1-0003,EQ-COMP-002,temperature_c,2026-04-13 00:00:00+00:00,64.13,°C,EQ-COMP-002|2026-04-13T00:00:00Z|temperature_c,observation,high,2026-04-09 06:38:00+00:00,2026-04-13 08:38:00+00:00
EVT-2026S1-0271,EQ-OVEN-123,current_a,2026-04-13 00:00:00+00:00,23.72,A,EQ-OVEN-123|2026-04-13T00:00:00Z|current_a,incident,medium,2026-04-11 04:19:00+00:00,2026-04-14 20:03:00+00:00
EVT-2026S1-0271,EQ-OVEN-123,temperature_c,2026-04-13 00:00:00+00:00,57.18,°C,EQ-OVEN-123|2026-04-13T00:00:00Z|temperature_c,incident,medium,2026-04-11 04:19:00+00:00,2026-04-14 20:03:00+00:00
EVT-2026S1-0003,EQ-COMP-002,pressure_bar,2026-04-13 06:00:00+00:00,6.3,bar,EQ-COMP-002|2026-04-13T06:00:00Z|pressure_bar,observation,high,2026-04-09 06:38:00+00:00,2026-04-13 08:38:00+00:00
EVT-2026S1-0003,EQ-COMP-002,temperature_c,2026-04-13 06:00:00+00:00,61.23,°C,EQ-COMP-002|2026-04-13T06:00:00Z|temperature_c,observation,high,2026-04-09 06:38:00+00:00,2026-04-13 08:38:00+00:00
EVT-2026S1-0271,EQ-OVEN-123,current_a,2026-04-13 06:00:00+00:00,26.25,A,EQ-OVEN-123|2026-04-13T06:00:00Z|current_a,incident,medium,2026-04-11 04:19:00+00:00,2026-04-14 20:03:00+00:00
EVT-2026S1-0271,EQ-OVEN-123,temperature_c,2026-04-13 06:00:00+00:00,52.74,°C,EQ-OVEN-123|2026-04-13T06:00:00Z|temperature_c,incident,medium,2026-04-11 04:19:00+00:00,2026-04-14 20:03:00+00:00
EVT-2026S1-0271,EQ-OVEN-123,current_a,2026-04-13 12:00:00+00:00,25.17,A,EQ-OVEN-123|2026-04-13T12:00:00Z|current_a,incident,medium,2026-04-11 04:19:00+00:00,2026-04-14 20:03:00+00:00
EVT-2026S1-0271,EQ-OVEN-123,temperature_c,2026-04-13 12:00:00+00:00,58.0,°C,EQ-OVEN-123|2026-04-13T12:00:00Z|temperature_c,incident,medium,2026-04-11 04:19:00+00:00,2026-04-14 20:03:00+00:00
EVT-2026S1-0232,EQ-FAN-284,rpm,2026-04-13 18:00:00+00:00,1617.43,rpm,EQ-FAN-284|2026-04-13T18:00:00Z|rpm,incident,low,2026-04-13 13:30:00+00:00,2026-04-17 02:19:00+00:00
EVT-2026S1-0232,EQ-FAN-284,vibration_mm_s,2026-04-13 18:00:00+00:00,2.28,mm/s,EQ-FAN-284|2026-04-13T18:00:00Z|vibration_mm_s,incident,low,2026-04-13 13:30:00+00:00,2026-04-17 02:19:00+00:00
EVT-2026S1-0271,EQ-OVEN-123,current_a,2026-04-13 18:00:00+00:00,22.94,A,EQ-OVEN-123|2026-04-13T18:00:00Z|current_a,incident,medium,2026-04-11 04:19:00+00:00,2026-04-14 20:03:00+00:00
EVT-2026S1-0271,EQ-OVEN-123,temperature_c,2026-04-13 18:00:00+00:00,60.22,°C,EQ-OVEN-123|2026-04-13T18:00:00Z|temperature_c,incident,medium,2026-04-11 04:19:00+00:00,2026-04-14 20:03:00+00:00
EVT-2026S1-0232,EQ-FAN-284,rpm,2026-04-14 00:00:00+00:00,1624.68,rpm,EQ-FAN-284|2026-04-14T00:00:00Z|rpm,incident,low,2026-04-13 13:30:00+00:00,2026-04-17 02:19:00+00:00
EVT-2026S1-0232,EQ-FAN-284,vibration_mm_s,2026-04-14 00:00:00+00:00,2.33,mm/s,EQ-FAN-284|2026-04-14T00:00:00Z|vibration_mm_s,incident,low,2026-04-13 13:30:00+00:00,2026-04-17 02:19:00+00:00
EVT-2026S1-0271,EQ-OVEN-123,current_a,2026-04-14 00:00:00+00:00,25.0,A,EQ-OVEN-123|2026-04-14T00:00:00Z|current_a,incident,medium,2026-04-11 04:19:00+00:00,2026-04-14 20:03:00+00:00
EVT-2026S1-0271,EQ-OVEN-123,temperature_c,2026-04-14 00:00:00+00:00,58.7,°C,EQ-OVEN-123|2026-04-14T00:00:00Z|temperature_c,incident,medium,2026-04-11 04:19:00+00:00,2026-04-14 20:03:00+00:00
EVT-2026S1-0232,EQ-FAN-284,rpm,2026-04-14 06:00:00+00:00,1616.96,rpm,EQ-FAN-284|2026-04-14T06:00:00Z|rpm,incident,low,2026-04-13 13:30:00+00:00,2026-04-17 02:19:00+00:00
EVT-2026S1-0232,EQ-FAN-284,vibration_mm_s,2026-04-14 06:00:00+00:00,2.88,mm/s,EQ-FAN-284|2026-04-14T06:00:00Z|vibration_mm_s,incident,low,2026-04-13 13:30:00+00:00,2026-04-17 02:19:00+00:00
EVT-2026S1-0271,EQ-OVEN-123,current_a,2026-04-14 06:00:00+00:00,26.87,A,EQ-OVEN-123|2026-04-14T06:00:00Z|current_a,incident,medium,2026-04-11 04:19:00+00:00,2026-04-14 20:03:00+00:00
EVT-2026S1-0271,EQ-OVEN-123,temperature_c,2026-04-14 06:00:00+00:00,53.82,°C,EQ-OVEN-123|2026-04-14T06:00:00Z|temperature_c,incident,medium,2026-04-11 04:19:00+00:00,2026-04-14 20:03:00+00:00
EVT-2026S1-0232,EQ-FAN-284,rpm,2026-04-14 12:00:00+00:00,1699.82,rpm,EQ-FAN-284|2026-04-14T12:00:00Z|rpm,incident,low,2026-04-13 13:30:00+00:00,2026-04-17 02:19:00+00:00
EVT-2026S1-0232,EQ-FAN-284,vibration_mm_s,2026-04-14 12:00:00+00:00,2.88,mm/s,EQ-FAN-284|2026-04-14T12:00:00Z|vibration_mm_s,incident,low,2026-04-13 13:30:00+00:00,2026-04-17 02:19:00+00:00
EVT-2026S1-0271,EQ-OVEN-123,current_a,2026-04-14 12:00:00+00:00,23.27,A,EQ-OVEN-123|2026-04-14T12:00:00Z|current_a,incident,medium,2026-04-11 04:19:00+00:00,2026-04-14 20:03:00+00:00
EVT-2026S1-0271,EQ-OVEN-123,temperature_c,2026-04-14 12:00:00+00:00,63.32,°C,EQ-OVEN-123|2026-04-14T12:00:00Z|temperature_c,incident,medium,2026-04-11 04:19:00+00:00,2026-04-14 20:03:00+00:00
EVT-2026S1-0232,EQ-FAN-284,rpm,2026-04-14 18:00:00+00:00,1647.97,rpm,EQ-FAN-284|2026-04-14T18:00:00Z|rpm,incident,low,2026-04-13 13:30:00+00:00,2026-04-17 02:19:00+00:00
EVT-2026S1-0232,EQ-FAN-284,vibration_mm_s,2026-04-14 18:00:00+00:00,2.48,mm/s,EQ-FAN-284|2026-04-14T18:00:00Z|vibration_mm_s,incident,low,2026-04-13 13:30:00+00:00,2026-04-17 02:19:00+00:00
EVT-2026S1-0271,EQ-OVEN-123,current_a,2026-04-14 18:00:00+00:00,24.73,A,EQ-OVEN-123|2026-04-14T18:00:00Z|current_a,incident,medium,2026-04-11 04:19:00+00:00,2026-04-14 20:03:00+00:00
EVT-2026S1-0271,EQ-OVEN-123,temperature_c,2026-04-14 18:00:00+00:00,62.87,°C,EQ-OVEN-123|2026-04-14T18:00:00Z|temperature_c,incident,medium,2026-04-11 04:19:00+00:00,2026-04-14 20:03:00+00:00
EVT-2026S1-0232,EQ-FAN-284,rpm,2026-04-15 00:00:00+00:00,1629.26,rpm,EQ-FAN-284|2026-04-15T00:00:00Z|rpm,incident,low,2026-04-13 13:30:00+00:00,2026-04-17 02:19:00+00:00
EVT-2026S1-0232,EQ-FAN-284,vibration_mm_s,2026-04-15 00:00:00+00:00,2.11,mm/s,EQ-FAN-284|2026-04-15T00:00:00Z|vibration_mm_s,incident,low,2026-04-13 13:30:00+00:00,2026-04-17 02:19:00+00:00
EVT-2026S1-0232,EQ-FAN-284,rpm,2026-04-15 06:00:00+00:00,1658.94,rpm,EQ-FAN-284|2026-04-15T06:00:00Z|rpm,incident,low,2026-04-13 13:30:00+00:00,2026-04-17 02:19:00+00:00
EVT-2026S1-0232,EQ-FAN-284,vibration_mm_s,2026-04-15 06:00:00+00:00,2.82,mm/s,EQ-FAN-284|2026-04-15T06:00:00Z|vibration_mm_s,incident,low,2026-04-13 13:30:00+00:00,2026-04-17 02:19:00+00:00
EVT-2026S1-0232,EQ-FAN-284,rpm,2026-04-15 12:00:00+00:00,1693.7,rpm,EQ-FAN-284|2026-04-15T12:00:00Z|rpm,incident,low,2026-04-13 13:30:00+00:00,2026-04-17 02:19:00+00:00
EVT-2026S1-0232,EQ-FAN-284,vibration_mm_s,2026-04-15 12:00:00+00:00,3.26,mm/s,EQ-FAN-284|2026-04-15T12:00:00Z|vibration_mm_s,incident,low,2026-04-13 13:30:00+00:00,2026-04-17 02:19:00+00:00
EVT-2026S1-0232,EQ-FAN-284,rpm,2026-04-15 18:00:00+00:00,1632.38,rpm,EQ-FAN-284|2026-04-15T18:00:00Z|rpm,incident,low,2026-04-13 13:30:00+00:00,2026-04-17 02:19:00+00:00
EVT-2026S1-0232,EQ-FAN-284,vibration_mm_s,2026-04-15 18:00:00+00:00,2.31,mm/s,EQ-FAN-284|2026-04-15T18:00:00Z|vibration_mm_s,incident,low,2026-04-13 13:30:00+00:00,2026-04-17 02:19:00+00:00
EVT-2026S1-0091,EQ-COMP-002,pressure_bar,2026-04-16 00:00:00+00:00,6.33,bar,EQ-COMP-002|2026-04-16T00:00:00Z|pressure_bar,observation,medium,2026-04-15 20:17:00+00:00,2026-04-19 08:35:00+00:00
EVT-2026S1-0091,EQ-COMP-002,temperature_c,2026-04-16 00:00:00+00:00,63.13,°C,EQ-COMP-002|2026-04-16T00:00:00Z|temperature_c,observation,medium,2026-04-15 20:17:00+00:00,2026-04-19 08:35:00+00:00
EVT-2026S1-0232,EQ-FAN-284,rpm,2026-04-16 00:00:00+00:00,1620.2,rpm,EQ-FAN-284|2026-04-16T00:00:00Z|rpm,incident,low,2026-04-13 13:30:00+00:00,2026-04-17 02:19:00+00:00
EVT-2026S1-0232,EQ-FAN-284,vibration_mm_s,2026-04-16 00:00:00+00:00,2.37,mm/s,EQ-FAN-284|2026-04-16T00:00:00Z|vibration_mm_s,incident,low,2026-04-13 13:30:00+00:00,2026-04-17 02:19:00+00:00
EVT-2026S1-0091,EQ-COMP-002,pressure_bar,2026-04-16 06:00:00+00:00,6.13,bar,EQ-COMP-002|2026-04-16T06:00:00Z|pressure_bar,observation,medium,2026-04-15 20:17:00+00:00,2026-04-19 08:35:00+00:00
EVT-2026S1-0091,EQ-COMP-002,temperature_c,2026-04-16 06:00:00+00:00,60.66,°C,EQ-COMP-002|2026-04-16T06:00:00Z|temperature_c,observation,medium,2026-04-15 20:17:00+00:00,2026-04-19 08:35:00+00:00
EVT-2026S1-0232,EQ-FAN-284,rpm,2026-04-16 06:00:00+00:00,1668.31,rpm,EQ-FAN-284|2026-04-16T06:00:00Z|rpm,incident,low,2026-04-13 13:30:00+00:00,2026-04-17 02:19:00+00:00
EVT-2026S1-0232,EQ-FAN-284,vibration_mm_s,2026-04-16 06:00:00+00:00,3.15,mm/s,EQ-FAN-284|2026-04-16T06:00:00Z|vibration_mm_s,incident,low,2026-04-13 13:30:00+00:00,2026-04-17 02:19:00+00:00
EVT-2026S1-0091,EQ-COMP-002,pressure_bar,2026-04-16 12:00:00+00:00,6.46,bar,EQ-COMP-002|2026-04-16T12:00:00Z|pressure_bar,observation,medium,2026-04-15 20:17:00+00:00,2026-04-19 08:35:00+00:00
EVT-2026S1-0091,EQ-COMP-002,temperature_c,2026-04-16 12:00:00+00:00,57.52,°C,EQ-COMP-002|2026-04-16T12:00:00Z|temperature_c,observation,medium,2026-04-15 20:17:00+00:00,2026-04-19 08:35:00+00:00
EVT-2026S1-0232,EQ-FAN-284,rpm,2026-04-16 12:00:00+00:00,1691.86,rpm,EQ-FAN-284|2026-04-16T12:00:00Z|rpm,incident,low,2026-04-13 13:30:00+00:00,2026-04-17 02:19:00+00:00
EVT-2026S1-0232,EQ-FAN-284,vibration_mm_s,2026-04-16 12:00:00+00:00,2.96,mm/s,EQ-FAN-284|2026-04-16T12:00:00Z|vibration_mm_s,incident,low,2026-04-13 13:30:00+00:00,2026-04-17 02:19:00+00:00
EVT-2026S1-0091,EQ-COMP-002,pressure_bar,2026-04-16 18:00:00+00:00,6.84,bar,EQ-COMP-002|2026-04-16T18:00:00Z|pressure_bar,observation,medium,2026-04-15 20:17:00+00:00,2026-04-19 08:35:00+00:00
EVT-2026S1-0091,EQ-COMP-002,temperature_c,2026-04-16 18:00:00+00:00,56.5,°C,EQ-COMP-002|2026-04-16T18:00:00Z|temperature_c,observation,medium,2026-04-15 20:17:00+00:00,2026-04-19 08:35:00+00:00
EVT-2026S1-0232,EQ-FAN-284,rpm,2026-04-16 18:00:00+00:00,1615.26,rpm,EQ-FAN-284|2026-04-16T18:00:00Z|rpm,incident,low,2026-04-13 13:30:00+00:00,2026-04-17 02:19:00+00:00
EVT-2026S1-0232,EQ-FAN-284,vibration_mm_s,2026-04-16 18:00:00+00:00,2.53,mm/s,EQ-FAN-284|2026-04-16T18:00:00Z|vibration_mm_s,incident,low,2026-04-13 13:30:00+00:00,2026-04-17 02:19:00+00:00
EVT-2026S1-0091,EQ-COMP-002,pressure_bar,2026-04-17 00:00:00+00:00,6.98,bar,EQ-COMP-002|2026-04-17T00:00:00Z|pressure_bar,observation,medium,2026-04-15 20:17:00+00:00,2026-04-19 08:35:00+00:00
EVT-2026S1-0091,EQ-COMP-002,temperature_c,2026-04-17 00:00:00+00:00,62.35,°C,EQ-COMP-002|2026-04-17T00:00:00Z|temperature_c,observation,medium,2026-04-15 20:17:00+00:00,2026-04-19 08:35:00+00:00
EVT-2026S1-0232,EQ-FAN-284,rpm,2026-04-17 00:00:00+00:00,1606.16,rpm,EQ-FAN-284|2026-04-17T00:00:00Z|rpm,incident,low,2026-04-13 13:30:00+00:00,2026-04-17 02:19:00+00:00
EVT-2026S1-0232,EQ-FAN-284,vibration_mm_s,2026-04-17 00:00:00+00:00,2.6,mm/s,EQ-FAN-284|2026-04-17T00:00:00Z|vibration_mm_s,incident,low,2026-04-13 13:30:00+00:00,2026-04-17 02:19:00+00:00
EVT-2026S1-0091,EQ-COMP-002,pressure_bar,2026-04-17 06:00:00+00:00,6.29,bar,EQ-COMP-002|2026-04-17T06:00:00Z|pressure_bar,observation,medium,2026-04-15 20:17:00+00:00,2026-04-19 08:35:00+00:00
EVT-2026S1-0091,EQ-COMP-002,temperature_c,2026-04-17 06:00:00+00:00,60.43,°C,EQ-COMP-002|2026-04-17T06:00:00Z|temperature_c,observation,medium,2026-04-15 20:17:00+00:00,2026-04-19 08:35:00+00:00
EVT-2026S1-0091,EQ-COMP-002,pressure_bar,2026-04-17 12:00:00+00:00,6.48,bar,EQ-COMP-002|2026-04-17T12:00:00Z|pressure_bar,observation,medium,2026-04-15 20:17:00+00:00,2026-04-19 08:35:00+00:00
EVT-2026S1-0091,EQ-COMP-002,temperature_c,2026-04-17 12:00:00+00:00,54.93,°C,EQ-COMP-002|2026-04-17T12:00:00Z|temperature_c,observation,medium,2026-04-15 20:17:00+00:00,2026-04-19 08:35:00+00:00
EVT-2026S1-0091,EQ-COMP-002,pressure_bar,2026-04-17 18:00:00+00:00,7.0,bar,EQ-COMP-002|2026-04-17T18:00:00Z|pressure_bar,observation,medium,2026-04-15 20:17:00+00:00,2026-04-19 08:35:00+00:00
EVT-2026S1-0091,EQ-COMP-002,temperature_c,2026-04-17 18:00:00+00:00,58.98,°C,EQ-COMP-002|2026-04-17T18:00:00Z|temperature_c,observation,medium,2026-04-15 20:17:00+00:00,2026-04-19 08:35:00+00:00
EVT-2026S1-0091,EQ-COMP-002,pressure_bar,2026-04-18 00:00:00+00:00,6.48,bar,EQ-COMP-002|2026-04-18T00:00:00Z|pressure_bar,observation,medium,2026-04-15 20:17:00+00:00,2026-04-19 08:35:00+00:00
EVT-2026S1-0091,EQ-COMP-002,temperature_c,2026-04-18 00:00:00+00:00,61.57,°C,EQ-COMP-002|2026-04-18T00:00:00Z|temperature_c,observation,medium,2026-04-15 20:17:00+00:00,2026-04-19 08:35:00+00:00
EVT-2026S1-0091,EQ-COMP-002,pressure_bar,2026-04-18 06:00:00+00:00,6.09,bar,EQ-COMP-002|2026-04-18T06:00:00Z|pressure_bar,observation,medium,2026-04-15 20:17:00+00:00,2026-04-19 08:35:00+00:00
EVT-2026S1-0091,EQ-COMP-002,temperature_c,2026-04-18 06:00:00+00:00,61.66,°C,EQ-COMP-002|2026-04-18T06:00:00Z|temperature_c,observation,medium,2026-04-15 20:17:00+00:00,2026-04-19 08:35:00+00:00
EVT-2026S1-0091,EQ-COMP-002,pressure_bar,2026-04-18 12:00:00+00:00,6.34,bar,EQ-COMP-002|2026-04-18T12:00:00Z|pressure_bar,observation,medium,2026-04-15 20:17:00+00:00,2026-04-19 08:35:00+00:00
EVT-2026S1-0091,EQ-COMP-002,temperature_c,2026-04-18 12:00:00+00:00,50.68,°C,EQ-COMP-002|2026-04-18T12:00:00Z|temperature_c,observation,medium,2026-04-15 20:17:00+00:00,2026-04-19 08:35:00+00:00
EVT-2026S1-0091,EQ-COMP-002,pressure_bar,2026-04-18 18:00:00+00:00,7.0,bar,EQ-COMP-002|2026-04-18T18:00:00Z|pressure_bar,observation,medium,2026-04-15 20:17:00+00:00,2026-04-19 08:35:00+00:00
EVT-2026S1-0091,EQ-COMP-002,temperature_c,2026-04-18 18:00:00+00:00,52.77,°C,EQ-COMP-002|2026-04-18T18:00:00Z|temperature_c,observation,medium,2026-04-15 20:17:00+00:00,2026-04-19 08:35:00+00:00
EVT-2026S1-0091,EQ-COMP-002,pressure_bar,2026-04-19 00:00:00+00:00,6.46,bar,EQ-COMP-002|2026-04-19T00:00:00Z|pressure_bar,observation,medium,2026-04-15 20:17:00+00:00,2026-04-19 08:35:00+00:00
EVT-2026S1-0091,EQ-COMP-002,temperature_c,2026-04-19 00:00:00+00:00,61.61,°C,EQ-COMP-002|2026-04-19T00:00:00Z|temperature_c,observation,medium,2026-04-15 20:17:00+00:00,2026-04-19 08:35:00+00:00
EVT-2026S1-X032,EQ-STEAM-341,pressure_bar,2026-04-19 00:00:00+00:00,5.23,bar,EQ-STEAM-341|2026-04-19T00:00:00Z|pressure_bar,observation,medium,2026-04-18 21:53:00+00:00,2026-04-22 10:50:00+00:00
EVT-2026S1-X032,EQ-STEAM-341,temperature_c,2026-04-19 00:00:00+00:00,52.66,°C,EQ-STEAM-341|2026-04-19T00:00:00Z|temperature_c,observation,medium,2026-04-18 21:53:00+00:00,2026-04-22 10:50:00+00:00
EVT-2026S1-0091,EQ-COMP-002,pressure_bar,2026-04-19 06:00:00+00:00,6.11,bar,EQ-COMP-002|2026-04-19T06:00:00Z|pressure_bar,observation,medium,2026-04-15 20:17:00+00:00,2026-04-19 08:35:00+00:00
EVT-2026S1-0091,EQ-COMP-002,temperature_c,2026-04-19 06:00:00+00:00,61.87,°C,EQ-COMP-002|2026-04-19T06:00:00Z|temperature_c,observation,medium,2026-04-15 20:17:00+00:00,2026-04-19 08:35:00+00:00
EVT-2026S1-X032,EQ-STEAM-341,pressure_bar,2026-04-19 06:00:00+00:00,5.73,bar,EQ-STEAM-341|2026-04-19T06:00:00Z|pressure_bar,observation,medium,2026-04-18 21:53:00+00:00,2026-04-22 10:50:00+00:00
EVT-2026S1-X032,EQ-STEAM-341,temperature_c,2026-04-19 06:00:00+00:00,59.24,°C,EQ-STEAM-341|2026-04-19T06:00:00Z|temperature_c,observation,medium,2026-04-18 21:53:00+00:00,2026-04-22 10:50:00+00:00
EVT-2026S1-X032,EQ-STEAM-341,pressure_bar,2026-04-19 12:00:00+00:00,6.33,bar,EQ-STEAM-341|2026-04-19T12:00:00Z|pressure_bar,observation,medium,2026-04-18 21:53:00+00:00,2026-04-22 10:50:00+00:00
EVT-2026S1-X032,EQ-STEAM-341,temperature_c,2026-04-19 12:00:00+00:00,58.62,°C,EQ-STEAM-341|2026-04-19T12:00:00Z|temperature_c,observation,medium,2026-04-18 21:53:00+00:00,2026-04-22 10:50:00+00:00
EVT-2026S1-X032,EQ-STEAM-341,pressure_bar,2026-04-19 18:00:00+00:00,5.89,bar,EQ-STEAM-341|2026-04-19T18:00:00Z|pressure_bar,observation,medium,2026-04-18 21:53:00+00:00,2026-04-22 10:50:00+00:00
EVT-2026S1-X032,EQ-STEAM-341,temperature_c,2026-04-19 18:00:00+00:00,51.61,°C,EQ-STEAM-341|2026-04-19T18:00:00Z|temperature_c,observation,medium,2026-04-18 21:53:00+00:00,2026-04-22 10:50:00+00:00
EVT-2026S1-X032,EQ-STEAM-341,pressure_bar,2026-04-20 00:00:00+00:00,5.69,bar,EQ-STEAM-341|2026-04-20T00:00:00Z|pressure_bar,observation,medium,2026-04-18 21:53:00+00:00,2026-04-22 10:50:00+00:00
EVT-2026S1-X032,EQ-STEAM-341,temperature_c,2026-04-20 00:00:00+00:00,53.13,°C,EQ-STEAM-341|2026-04-20T00:00:00Z|temperature_c,observation,medium,2026-04-18 21:53:00+00:00,2026-04-22 10:50:00+00:00
EVT-2026S1-X032,EQ-STEAM-341,pressure_bar,2026-04-20 06:00:00+00:00,6.03,bar,EQ-STEAM-341|2026-04-20T06:00:00Z|pressure_bar,observation,medium,2026-04-18 21:53:00+00:00,2026-04-22 10:50:00+00:00
EVT-2026S1-X032,EQ-STEAM-341,temperature_c,2026-04-20 06:00:00+00:00,60.05,°C,EQ-STEAM-341|2026-04-20T06:00:00Z|temperature_c,observation,medium,2026-04-18 21:53:00+00:00,2026-04-22 10:50:00+00:00
EVT-2026S1-X032,EQ-STEAM-341,pressure_bar,2026-04-20 12:00:00+00:00,6.01,bar,EQ-STEAM-341|2026-04-20T12:00:00Z|pressure_bar,observation,medium,2026-04-18 21:53:00+00:00,2026-04-22 10:50:00+00:00
EVT-2026S1-X032,EQ-STEAM-341,temperature_c,2026-04-20 12:00:00+00:00,54.79,°C,EQ-STEAM-341|2026-04-20T12:00:00Z|temperature_c,observation,medium,2026-04-18 21:53:00+00:00,2026-04-22 10:50:00+00:00
EVT-2026S1-X032,EQ-STEAM-341,pressure_bar,2026-04-20 18:00:00+00:00,6.3,bar,EQ-STEAM-341|2026-04-20T18:00:00Z|pressure_bar,observation,medium,2026-04-18 21:53:00+00:00,2026-04-22 10:50:00+00:00
EVT-2026S1-X032,EQ-STEAM-341,temperature_c,2026-04-20 18:00:00+00:00,51.21,°C,EQ-STEAM-341|2026-04-20T18:00:00Z|temperature_c,observation,medium,2026-04-18 21:53:00+00:00,2026-04-22 10:50:00+00:00
EVT-2026S1-X032,EQ-STEAM-341,pressure_bar,2026-04-21 00:00:00+00:00,5.72,bar,EQ-STEAM-341|2026-04-21T00:00:00Z|pressure_bar,observation,medium,2026-04-18 21:53:00+00:00,2026-04-22 10:50:00+00:00
EVT-2026S1-X032,EQ-STEAM-341,temperature_c,2026-04-21 00:00:00+00:00,53.76,°C,EQ-STEAM-341|2026-04-21T00:00:00Z|temperature_c,observation,medium,2026-04-18 21:53:00+00:00,2026-04-22 10:50:00+00:00
EVT-2026S1-X032,EQ-STEAM-341,pressure_bar,2026-04-21 06:00:00+00:00,5.92,bar,EQ-STEAM-341|2026-04-21T06:00:00Z|pressure_bar,observation,medium,2026-04-18 21:53:00+00:00,2026-04-22 10:50:00+00:00
EVT-2026S1-X032,EQ-STEAM-341,temperature_c,2026-04-21 06:00:00+00:00,58.28,°C,EQ-STEAM-341|2026-04-21T06:00:00Z|temperature_c,observation,medium,2026-04-18 21:53:00+00:00,2026-04-22 10:50:00+00:00
EVT-2026S1-X032,EQ-STEAM-341,pressure_bar,2026-04-21 12:00:00+00:00,6.4,bar,EQ-STEAM-341|2026-04-21T12:00:00Z|pressure_bar,observation,medium,2026-04-18 21:53:00+00:00,2026-04-22 10:50:00+00:00
EVT-2026S1-X032,EQ-STEAM-341,temperature_c,2026-04-21 12:00:00+00:00,59.39,°C,EQ-STEAM-341|2026-04-21T12:00:00Z|temperature_c,observation,medium,2026-04-18 21:53:00+00:00,2026-04-22 10:50:00+00:00
EVT-2026S1-X032,EQ-STEAM-341,pressure_bar,2026-04-21 18:00:00+00:00,6.14,bar,EQ-STEAM-341|2026-04-21T18:00:00Z|pressure_bar,observation,medium,2026-04-18 21:53:00+00:00,2026-04-22 10:50:00+00:00
EVT-2026S1-X032,EQ-STEAM-341,temperature_c,2026-04-21 18:00:00+00:00,51.36,°C,EQ-STEAM-341|2026-04-21T18:00:00Z|temperature_c,observation,medium,2026-04-18 21:53:00+00:00,2026-04-22 10:50:00+00:00
EVT-2026S1-X032,EQ-STEAM-341,pressure_bar,2026-04-22 00:00:00+00:00,5.88,bar,EQ-STEAM-341|2026-04-22T00:00:00Z|pressure_bar,observation,medium,2026-04-18 21:53:00+00:00,2026-04-22 10:50:00+00:00
EVT-2026S1-X032,EQ-STEAM-341,temperature_c,2026-04-22 00:00:00+00:00,53.29,°C,EQ-STEAM-341|2026-04-22T00:00:00Z|temperature_c,observation,medium,2026-04-18 21:53:00+00:00,2026-04-22 10:50:00+00:00
EVT-2026S1-X032,EQ-STEAM-341,pressure_bar,2026-04-22 06:00:00+00:00,6.04,bar,EQ-STEAM-341|2026-04-22T06:00:00Z|pressure_bar,observation,medium,2026-04-18 21:53:00+00:00,2026-04-22 10:50:00+00:00
EVT-2026S1-X032,EQ-STEAM-341,temperature_c,2026-04-22 06:00:00+00:00,60.53,°C,EQ-STEAM-341|2026-04-22T06:00:00Z|temperature_c,observation,medium,2026-04-18 21:53:00+00:00,2026-04-22 10:50:00+00:00
EVT-2026S1-X008,EQ-CHILL-168,pressure_bar,2026-04-24 00:00:00+00:00,7.27,bar,EQ-CHILL-168|2026-04-24T00:00:00Z|pressure_bar,intervention,high,2026-04-23 22:29:00+00:00,2026-04-27 17:09:00+00:00
EVT-2026S1-X008,EQ-CHILL-168,temperature_c,2026-04-24 00:00:00+00:00,62.26,°C,EQ-CHILL-168|2026-04-24T00:00:00Z|temperature_c,intervention,high,2026-04-23 22:29:00+00:00,2026-04-27 17:09:00+00:00
EVT-2026S1-X008,EQ-CHILL-168,pressure_bar,2026-04-24 06:00:00+00:00,7.02,bar,EQ-CHILL-168|2026-04-24T06:00:00Z|pressure_bar,intervention,high,2026-04-23 22:29:00+00:00,2026-04-27 17:09:00+00:00
EVT-2026S1-X008,EQ-CHILL-168,temperature_c,2026-04-24 06:00:00+00:00,59.3,°C,EQ-CHILL-168|2026-04-24T06:00:00Z|temperature_c,intervention,high,2026-04-23 22:29:00+00:00,2026-04-27 17:09:00+00:00
EVT-2026S1-X008,EQ-CHILL-168,pressure_bar,2026-04-24 12:00:00+00:00,7.26,bar,EQ-CHILL-168|2026-04-24T12:00:00Z|pressure_bar,intervention,high,2026-04-23 22:29:00+00:00,2026-04-27 17:09:00+00:00
EVT-2026S1-X008,EQ-CHILL-168,temperature_c,2026-04-24 12:00:00+00:00,56.17,°C,EQ-CHILL-168|2026-04-24T12:00:00Z|temperature_c,intervention,high,2026-04-23 22:29:00+00:00,2026-04-27 17:09:00+00:00
EVT-2026S1-X008,EQ-CHILL-168,pressure_bar,2026-04-24 18:00:00+00:00,7.29,bar,EQ-CHILL-168|2026-04-24T18:00:00Z|pressure_bar,intervention,high,2026-04-23 22:29:00+00:00,2026-04-27 17:09:00+00:00
EVT-2026S1-X008,EQ-CHILL-168,temperature_c,2026-04-24 18:00:00+00:00,58.63,°C,EQ-CHILL-168|2026-04-24T18:00:00Z|temperature_c,intervention,high,2026-04-23 22:29:00+00:00,2026-04-27 17:09:00+00:00
EVT-2026S1-X008,EQ-CHILL-168,pressure_bar,2026-04-25 00:00:00+00:00,7.33,bar,EQ-CHILL-168|2026-04-25T00:00:00Z|pressure_bar,intervention,high,2026-04-23 22:29:00+00:00,2026-04-27 17:09:00+00:00
EVT-2026S1-X008,EQ-CHILL-168,temperature_c,2026-04-25 00:00:00+00:00,62.35,°C,EQ-CHILL-168|2026-04-25T00:00:00Z|temperature_c,intervention,high,2026-04-23 22:29:00+00:00,2026-04-27 17:09:00+00:00
EVT-2026S1-X008,EQ-CHILL-168,pressure_bar,2026-04-25 06:00:00+00:00,6.96,bar,EQ-CHILL-168|2026-04-25T06:00:00Z|pressure_bar,intervention,high,2026-04-23 22:29:00+00:00,2026-04-27 17:09:00+00:00
EVT-2026S1-X008,EQ-CHILL-168,temperature_c,2026-04-25 06:00:00+00:00,59.06,°C,EQ-CHILL-168|2026-04-25T06:00:00Z|temperature_c,intervention,high,2026-04-23 22:29:00+00:00,2026-04-27 17:09:00+00:00
EVT-2026S1-X008,EQ-CHILL-168,pressure_bar,2026-04-25 12:00:00+00:00,6.83,bar,EQ-CHILL-168|2026-04-25T12:00:00Z|pressure_bar,intervention,high,2026-04-23 22:29:00+00:00,2026-04-27 17:09:00+00:00
EVT-2026S1-X008,EQ-CHILL-168,temperature_c,2026-04-25 12:00:00+00:00,55.39,°C,EQ-CHILL-168|2026-04-25T12:00:00Z|temperature_c,intervention,high,2026-04-23 22:29:00+00:00,2026-04-27 17:09:00+00:00
EVT-2026S1-X008,EQ-CHILL-168,pressure_bar,2026-04-25 18:00:00+00:00,7.31,bar,EQ-CHILL-168|2026-04-25T18:00:00Z|pressure_bar,intervention,high,2026-04-23 22:29:00+00:00,2026-04-27 17:09:00+00:00
EVT-2026S1-X008,EQ-CHILL-168,temperature_c,2026-04-25 18:00:00+00:00,55.93,°C,EQ-CHILL-168|2026-04-25T18:00:00Z|temperature_c,intervention,high,2026-04-23 22:29:00+00:00,2026-04-27 17:09:00+00:00
EVT-2026S1-X008,EQ-CHILL-168,pressure_bar,2026-04-26 00:00:00+00:00,7.42,bar,EQ-CHILL-168|2026-04-26T00:00:00Z|pressure_bar,intervention,high,2026-04-23 22:29:00+00:00,2026-04-27 17:09:00+00:00
EVT-2026S1-X008,EQ-CHILL-168,temperature_c,2026-04-26 00:00:00+00:00,64.07,°C,EQ-CHILL-168|2026-04-26T00:00:00Z|temperature_c,intervention,high,2026-04-23 22:29:00+00:00,2026-04-27 17:09:00+00:00
EVT-2026S1-X039,EQ-CONV-376,current_a,2026-04-26 00:00:00+00:00,21.29,A,EQ-CONV-376|2026-04-26T00:00:00Z|current_a,incident,medium,2026-04-25 22:53:00+00:00,2026-04-30 07:21:00+00:00
EVT-2026S1-X039,EQ-CONV-376,rpm,2026-04-26 00:00:00+00:00,1537.95,rpm,EQ-CONV-376|2026-04-26T00:00:00Z|rpm,incident,medium,2026-04-25 22:53:00+00:00,2026-04-30 07:21:00+00:00
EVT-2026S1-X008,EQ-CHILL-168,pressure_bar,2026-04-26 06:00:00+00:00,6.71,bar,EQ-CHILL-168|2026-04-26T06:00:00Z|pressure_bar,intervention,high,2026-04-23 22:29:00+00:00,2026-04-27 17:09:00+00:00
EVT-2026S1-X008,EQ-CHILL-168,temperature_c,2026-04-26 06:00:00+00:00,58.41,°C,EQ-CHILL-168|2026-04-26T06:00:00Z|temperature_c,intervention,high,2026-04-23 22:29:00+00:00,2026-04-27 17:09:00+00:00
EVT-2026S1-X039,EQ-CONV-376,current_a,2026-04-26 06:00:00+00:00,20.49,A,EQ-CONV-376|2026-04-26T06:00:00Z|current_a,incident,medium,2026-04-25 22:53:00+00:00,2026-04-30 07:21:00+00:00
EVT-2026S1-X039,EQ-CONV-376,rpm,2026-04-26 06:00:00+00:00,1509.74,rpm,EQ-CONV-376|2026-04-26T06:00:00Z|rpm,incident,medium,2026-04-25 22:53:00+00:00,2026-04-30 07:21:00+00:00
EVT-2026S1-X008,EQ-CHILL-168,pressure_bar,2026-04-26 12:00:00+00:00,7.06,bar,EQ-CHILL-168|2026-04-26T12:00:00Z|pressure_bar,intervention,high,2026-04-23 22:29:00+00:00,2026-04-27 17:09:00+00:00
EVT-2026S1-X008,EQ-CHILL-168,temperature_c,2026-04-26 12:00:00+00:00,55.38,°C,EQ-CHILL-168|2026-04-26T12:00:00Z|temperature_c,intervention,high,2026-04-23 22:29:00+00:00,2026-04-27 17:09:00+00:00
EVT-2026S1-X039,EQ-CONV-376,current_a,2026-04-26 12:00:00+00:00,20.41,A,EQ-CONV-376|2026-04-26T12:00:00Z|current_a,incident,medium,2026-04-25 22:53:00+00:00,2026-04-30 07:21:00+00:00
EVT-2026S1-X039,EQ-CONV-376,rpm,2026-04-26 12:00:00+00:00,1451.88,rpm,EQ-CONV-376|2026-04-26T12:00:00Z|rpm,incident,medium,2026-04-25 22:53:00+00:00,2026-04-30 07:21:00+00:00
EVT-2026S1-X008,EQ-CHILL-168,pressure_bar,2026-04-26 18:00:00+00:00,7.13,bar,EQ-CHILL-168|2026-04-26T18:00:00Z|pressure_bar,intervention,high,2026-04-23 22:29:00+00:00,2026-04-27 17:09:00+00:00
EVT-2026S1-X008,EQ-CHILL-168,temperature_c,2026-04-26 18:00:00+00:00,57.83,°C,EQ-CHILL-168|2026-04-26T18:00:00Z|temperature_c,intervention,high,2026-04-23 22:29:00+00:00,2026-04-27 17:09:00+00:00
EVT-2026S1-X039,EQ-CONV-376,current_a,2026-04-26 18:00:00+00:00,23.66,A,EQ-CONV-376|2026-04-26T18:00:00Z|current_a,incident,medium,2026-04-25 22:53:00+00:00,2026-04-30 07:21:00+00:00
EVT-2026S1-X039,EQ-CONV-376,rpm,2026-04-26 18:00:00+00:00,1446.93,rpm,EQ-CONV-376|2026-04-26T18:00:00Z|rpm,incident,medium,2026-04-25 22:53:00+00:00,2026-04-30 07:21:00+00:00
EVT-2026S1-X008,EQ-CHILL-168,pressure_bar,2026-04-27 00:00:00+00:00,7.19,bar,EQ-CHILL-168|2026-04-27T00:00:00Z|pressure_bar,intervention,high,2026-04-23 22:29:00+00:00,2026-04-27 17:09:00+00:00
EVT-2026S1-X008,EQ-CHILL-168,temperature_c,2026-04-27 00:00:00+00:00,62.17,°C,EQ-CHILL-168|2026-04-27T00:00:00Z|temperature_c,intervention,high,2026-04-23 22:29:00+00:00,2026-04-27 17:09:00+00:00
EVT-2026S1-X039,EQ-CONV-376,current_a,2026-04-27 00:00:00+00:00,21.61,A,EQ-CONV-376|2026-04-27T00:00:00Z|current_a,incident,medium,2026-04-25 22:53:00+00:00,2026-04-30 07:21:00+00:00
EVT-2026S1-X039,EQ-CONV-376,rpm,2026-04-27 00:00:00+00:00,1534.65,rpm,EQ-CONV-376|2026-04-27T00:00:00Z|rpm,incident,medium,2026-04-25 22:53:00+00:00,2026-04-30 07:21:00+00:00
EVT-2026S1-X008,EQ-CHILL-168,pressure_bar,2026-04-27 06:00:00+00:00,7.04,bar,EQ-CHILL-168|2026-04-27T06:00:00Z|pressure_bar,intervention,high,2026-04-23 22:29:00+00:00,2026-04-27 17:09:00+00:00
EVT-2026S1-X008,EQ-CHILL-168,temperature_c,2026-04-27 06:00:00+00:00,63.36,°C,EQ-CHILL-168|2026-04-27T06:00:00Z|temperature_c,intervention,high,2026-04-23 22:29:00+00:00,2026-04-27 17:09:00+00:00
EVT-2026S1-X039,EQ-CONV-376,current_a,2026-04-27 06:00:00+00:00,21.8,A,EQ-CONV-376|2026-04-27T06:00:00Z|current_a,incident,medium,2026-04-25 22:53:00+00:00,2026-04-30 07:21:00+00:00
EVT-2026S1-X039,EQ-CONV-376,rpm,2026-04-27 06:00:00+00:00,1532.25,rpm,EQ-CONV-376|2026-04-27T06:00:00Z|rpm,incident,medium,2026-04-25 22:53:00+00:00,2026-04-30 07:21:00+00:00
EVT-2026S1-X008,EQ-CHILL-168,pressure_bar,2026-04-27 12:00:00+00:00,6.96,bar,EQ-CHILL-168|2026-04-27T12:00:00Z|pressure_bar,intervention,high,2026-04-23 22:29:00+00:00,2026-04-27 17:09:00+00:00
EVT-2026S1-X008,EQ-CHILL-168,temperature_c,2026-04-27 12:00:00+00:00,55.42,°C,EQ-CHILL-168|2026-04-27T12:00:00Z|temperature_c,intervention,high,2026-04-23 22:29:00+00:00,2026-04-27 17:09:00+00:00
EVT-2026S1-X039,EQ-CONV-376,current_a,2026-04-27 12:00:00+00:00,21.52,A,EQ-CONV-376|2026-04-27T12:00:00Z|current_a,incident,medium,2026-04-25 22:53:00+00:00,2026-04-30 07:21:00+00:00
EVT-2026S1-X039,EQ-CONV-376,rpm,2026-04-27 12:00:00+00:00,1487.71,rpm,EQ-CONV-376|2026-04-27T12:00:00Z|rpm,incident,medium,2026-04-25 22:53:00+00:00,2026-04-30 07:21:00+00:00
EVT-2026S1-X039,EQ-CONV-376,current_a,2026-04-27 18:00:00+00:00,23.09,A,EQ-CONV-376|2026-04-27T18:00:00Z|current_a,incident,medium,2026-04-25 22:53:00+00:00,2026-04-30 07:21:00+00:00
EVT-2026S1-X039,EQ-CONV-376,rpm,2026-04-27 18:00:00+00:00,1497.25,rpm,EQ-CONV-376|2026-04-27T18:00:00Z|rpm,incident,medium,2026-04-25 22:53:00+00:00,2026-04-30 07:21:00+00:00
EVT-2026S1-0039,EQ-PUMP-006,temperature_c,2026-04-27 18:00:00+00:00,51.34,°C,EQ-PUMP-006|2026-04-27T18:00:00Z|temperature_c,incident,critical,2026-04-27 12:10:00+00:00,2026-05-01 11:56:00+00:00
EVT-2026S1-0039,EQ-PUMP-006,vibration_mm_s,2026-04-27 18:00:00+00:00,3.45,mm/s,EQ-PUMP-006|2026-04-27T18:00:00Z|vibration_mm_s,incident,critical,2026-04-27 12:10:00+00:00,2026-05-01 11:56:00+00:00
EVT-2026S1-X039,EQ-CONV-376,current_a,2026-04-28 00:00:00+00:00,22.39,A,EQ-CONV-376|2026-04-28T00:00:00Z|current_a,incident,medium,2026-04-25 22:53:00+00:00,2026-04-30 07:21:00+00:00
EVT-2026S1-X039,EQ-CONV-376,rpm,2026-04-28 00:00:00+00:00,1568.52,rpm,EQ-CONV-376|2026-04-28T00:00:00Z|rpm,incident,medium,2026-04-25 22:53:00+00:00,2026-04-30 07:21:00+00:00
EVT-2026S1-0039,EQ-PUMP-006,temperature_c,2026-04-28 00:00:00+00:00,57.03,°C,EQ-PUMP-006|2026-04-28T00:00:00Z|temperature_c,incident,critical,2026-04-27 12:10:00+00:00,2026-05-01 11:56:00+00:00
EVT-2026S1-0039,EQ-PUMP-006,vibration_mm_s,2026-04-28 00:00:00+00:00,4.19,mm/s,EQ-PUMP-006|2026-04-28T00:00:00Z|vibration_mm_s,incident,critical,2026-04-27 12:10:00+00:00,2026-05-01 11:56:00+00:00
EVT-2026S1-X039,EQ-CONV-376,current_a,2026-04-28 06:00:00+00:00,20.04,A,EQ-CONV-376|2026-04-28T06:00:00Z|current_a,incident,medium,2026-04-25 22:53:00+00:00,2026-04-30 07:21:00+00:00
EVT-2026S1-X039,EQ-CONV-376,rpm,2026-04-28 06:00:00+00:00,1572.83,rpm,EQ-CONV-376|2026-04-28T06:00:00Z|rpm,incident,medium,2026-04-25 22:53:00+00:00,2026-04-30 07:21:00+00:00
EVT-2026S1-0039,EQ-PUMP-006,temperature_c,2026-04-28 06:00:00+00:00,63.9,°C,EQ-PUMP-006|2026-04-28T06:00:00Z|temperature_c,incident,critical,2026-04-27 12:10:00+00:00,2026-05-01 11:56:00+00:00
EVT-2026S1-0039,EQ-PUMP-006,vibration_mm_s,2026-04-28 06:00:00+00:00,3.62,mm/s,EQ-PUMP-006|2026-04-28T06:00:00Z|vibration_mm_s,incident,critical,2026-04-27 12:10:00+00:00,2026-05-01 11:56:00+00:00
EVT-2026S1-X039,EQ-CONV-376,current_a,2026-04-28 12:00:00+00:00,22.69,A,EQ-CONV-376|2026-04-28T12:00:00Z|current_a,incident,medium,2026-04-25 22:53:00+00:00,2026-04-30 07:21:00+00:00
EVT-2026S1-X039,EQ-CONV-376,rpm,2026-04-28 12:00:00+00:00,1503.12,rpm,EQ-CONV-376|2026-04-28T12:00:00Z|rpm,incident,medium,2026-04-25 22:53:00+00:00,2026-04-30 07:21:00+00:00
EVT-2026S1-0039,EQ-PUMP-006,temperature_c,2026-04-28 12:00:00+00:00,66.52,°C,EQ-PUMP-006|2026-04-28T12:00:00Z|temperature_c,incident,critical,2026-04-27 12:10:00+00:00,2026-05-01 11:56:00+00:00
EVT-2026S1-0039,EQ-PUMP-006,vibration_mm_s,2026-04-28 12:00:00+00:00,3.72,mm/s,EQ-PUMP-006|2026-04-28T12:00:00Z|vibration_mm_s,incident,critical,2026-04-27 12:10:00+00:00,2026-05-01 11:56:00+00:00
EVT-2026S1-X039,EQ-CONV-376,current_a,2026-04-28 18:00:00+00:00,21.82,A,EQ-CONV-376|2026-04-28T18:00:00Z|current_a,incident,medium,2026-04-25 22:53:00+00:00,2026-04-30 07:21:00+00:00
EVT-2026S1-X039,EQ-CONV-376,rpm,2026-04-28 18:00:00+00:00,1500.61,rpm,EQ-CONV-376|2026-04-28T18:00:00Z|rpm,incident,medium,2026-04-25 22:53:00+00:00,2026-04-30 07:21:00+00:00
EVT-2026S1-0039,EQ-PUMP-006,temperature_c,2026-04-28 18:00:00+00:00,59.89,°C,EQ-PUMP-006|2026-04-28T18:00:00Z|temperature_c,incident,critical,2026-04-27 12:10:00+00:00,2026-05-01 11:56:00+00:00
EVT-2026S1-0039,EQ-PUMP-006,vibration_mm_s,2026-04-28 18:00:00+00:00,4.43,mm/s,EQ-PUMP-006|2026-04-28T18:00:00Z|vibration_mm_s,incident,critical,2026-04-27 12:10:00+00:00,2026-05-01 11:56:00+00:00
EVT-2026S1-X039,EQ-CONV-376,current_a,2026-04-29 00:00:00+00:00,19.89,A,EQ-CONV-376|2026-04-29T00:00:00Z|current_a,incident,medium,2026-04-25 22:53:00+00:00,2026-04-30 07:21:00+00:00
EVT-2026S1-X039,EQ-CONV-376,rpm,2026-04-29 00:00:00+00:00,1551.66,rpm,EQ-CONV-376|2026-04-29T00:00:00Z|rpm,incident,medium,2026-04-25 22:53:00+00:00,2026-04-30 07:21:00+00:00
EVT-2026S1-0022,EQ-FAN-003,rpm,2026-04-29 00:00:00+00:00,1437.85,rpm,EQ-FAN-003|2026-04-29T00:00:00Z|rpm,incident,medium,2026-04-28 19:35:00+00:00,2026-05-02 19:08:00+00:00
EVT-2026S1-0022,EQ-FAN-003,vibration_mm_s,2026-04-29 00:00:00+00:00,2.74,mm/s,EQ-FAN-003|2026-04-29T00:00:00Z|vibration_mm_s,incident,medium,2026-04-28 19:35:00+00:00,2026-05-02 19:08:00+00:00
EVT-2026S1-0039,EQ-PUMP-006,temperature_c,2026-04-29 00:00:00+00:00,61.4,°C,EQ-PUMP-006|2026-04-29T00:00:00Z|temperature_c,incident,critical,2026-04-27 12:10:00+00:00,2026-05-01 11:56:00+00:00
EVT-2026S1-0039,EQ-PUMP-006,vibration_mm_s,2026-04-29 00:00:00+00:00,4.87,mm/s,EQ-PUMP-006|2026-04-29T00:00:00Z|vibration_mm_s,incident,critical,2026-04-27 12:10:00+00:00,2026-05-01 11:56:00+00:00
EVT-2026S1-X039,EQ-CONV-376,current_a,2026-04-29 06:00:00+00:00,21.28,A,EQ-CONV-376|2026-04-29T06:00:00Z|current_a,incident,medium,2026-04-25 22:53:00+00:00,2026-04-30 07:21:00+00:00
EVT-2026S1-X039,EQ-CONV-376,rpm,2026-04-29 06:00:00+00:00,1516.4,rpm,EQ-CONV-376|2026-04-29T06:00:00Z|rpm,incident,medium,2026-04-25 22:53:00+00:00,2026-04-30 07:21:00+00:00
EVT-2026S1-0022,EQ-FAN-003,rpm,2026-04-29 06:00:00+00:00,1436.29,rpm,EQ-FAN-003|2026-04-29T06:00:00Z|rpm,incident,medium,2026-04-28 19:35:00+00:00,2026-05-02 19:08:00+00:00
EVT-2026S1-0022,EQ-FAN-003,vibration_mm_s,2026-04-29 06:00:00+00:00,2.65,mm/s,EQ-FAN-003|2026-04-29T06:00:00Z|vibration_mm_s,incident,medium,2026-04-28 19:35:00+00:00,2026-05-02 19:08:00+00:00
EVT-2026S1-0039,EQ-PUMP-006,temperature_c,2026-04-29 06:00:00+00:00,66.7,°C,EQ-PUMP-006|2026-04-29T06:00:00Z|temperature_c,incident,critical,2026-04-27 12:10:00+00:00,2026-05-01 11:56:00+00:00
EVT-2026S1-0039,EQ-PUMP-006,vibration_mm_s,2026-04-29 06:00:00+00:00,4.52,mm/s,EQ-PUMP-006|2026-04-29T06:00:00Z|vibration_mm_s,incident,critical,2026-04-27 12:10:00+00:00,2026-05-01 11:56:00+00:00
EVT-2026S1-X039,EQ-CONV-376,current_a,2026-04-29 12:00:00+00:00,22.68,A,EQ-CONV-376|2026-04-29T12:00:00Z|current_a,incident,medium,2026-04-25 22:53:00+00:00,2026-04-30 07:21:00+00:00
EVT-2026S1-X039,EQ-CONV-376,rpm,2026-04-29 12:00:00+00:00,1455.17,rpm,EQ-CONV-376|2026-04-29T12:00:00Z|rpm,incident,medium,2026-04-25 22:53:00+00:00,2026-04-30 07:21:00+00:00
EVT-2026S1-0022,EQ-FAN-003,rpm,2026-04-29 12:00:00+00:00,1417.2,rpm,EQ-FAN-003|2026-04-29T12:00:00Z|rpm,incident,medium,2026-04-28 19:35:00+00:00,2026-05-02 19:08:00+00:00
EVT-2026S1-0022,EQ-FAN-003,vibration_mm_s,2026-04-29 12:00:00+00:00,3.02,mm/s,EQ-FAN-003|2026-04-29T12:00:00Z|vibration_mm_s,incident,medium,2026-04-28 19:35:00+00:00,2026-05-02 19:08:00+00:00
EVT-2026S1-0039,EQ-PUMP-006,temperature_c,2026-04-29 12:00:00+00:00,69.29,°C,EQ-PUMP-006|2026-04-29T12:00:00Z|temperature_c,incident,critical,2026-04-27 12:10:00+00:00,2026-05-01 11:56:00+00:00
EVT-2026S1-0039,EQ-PUMP-006,vibration_mm_s,2026-04-29 12:00:00+00:00,4.5,mm/s,EQ-PUMP-006|2026-04-29T12:00:00Z|vibration_mm_s,incident,critical,2026-04-27 12:10:00+00:00,2026-05-01 11:56:00+00:00
EVT-2026S1-X039,EQ-CONV-376,current_a,2026-04-29 18:00:00+00:00,23.84,A,EQ-CONV-376|2026-04-29T18:00:00Z|current_a,incident,medium,2026-04-25 22:53:00+00:00,2026-04-30 07:21:00+00:00
EVT-2026S1-X039,EQ-CONV-376,rpm,2026-04-29 18:00:00+00:00,1496.53,rpm,EQ-CONV-376|2026-04-29T18:00:00Z|rpm,incident,medium,2026-04-25 22:53:00+00:00,2026-04-30 07:21:00+00:00
EVT-2026S1-0022,EQ-FAN-003,rpm,2026-04-29 18:00:00+00:00,1376.3,rpm,EQ-FAN-003|2026-04-29T18:00:00Z|rpm,incident,medium,2026-04-28 19:35:00+00:00,2026-05-02 19:08:00+00:00
EVT-2026S1-0022,EQ-FAN-003,vibration_mm_s,2026-04-29 18:00:00+00:00,3.37,mm/s,EQ-FAN-003|2026-04-29T18:00:00Z|vibration_mm_s,incident,medium,2026-04-28 19:35:00+00:00,2026-05-02 19:08:00+00:00
EVT-2026S1-0039,EQ-PUMP-006,temperature_c,2026-04-29 18:00:00+00:00,63.55,°C,EQ-PUMP-006|2026-04-29T18:00:00Z|temperature_c,incident,critical,2026-04-27 12:10:00+00:00,2026-05-01 11:56:00+00:00
EVT-2026S1-0039,EQ-PUMP-006,vibration_mm_s,2026-04-29 18:00:00+00:00,5.11,mm/s,EQ-PUMP-006|2026-04-29T18:00:00Z|vibration_mm_s,incident,critical,2026-04-27 12:10:00+00:00,2026-05-01 11:56:00+00:00
EVT-2026S1-X039,EQ-CONV-376,current_a,2026-04-30 00:00:00+00:00,20.97,A,EQ-CONV-376|2026-04-30T00:00:00Z|current_a,incident,medium,2026-04-25 22:53:00+00:00,2026-04-30 07:21:00+00:00
EVT-2026S1-X039,EQ-CONV-376,rpm,2026-04-30 00:00:00+00:00,1545.08,rpm,EQ-CONV-376|2026-04-30T00:00:00Z|rpm,incident,medium,2026-04-25 22:53:00+00:00,2026-04-30 07:21:00+00:00
EVT-2026S1-0022,EQ-FAN-003,rpm,2026-04-30 00:00:00+00:00,1421.02,rpm,EQ-FAN-003|2026-04-30T00:00:00Z|rpm,incident,medium,2026-04-28 19:35:00+00:00,2026-05-02 19:08:00+00:00
EVT-2026S1-0022,EQ-FAN-003,vibration_mm_s,2026-04-30 00:00:00+00:00,2.62,mm/s,EQ-FAN-003|2026-04-30T00:00:00Z|vibration_mm_s,incident,medium,2026-04-28 19:35:00+00:00,2026-05-02 19:08:00+00:00
EVT-2026S1-0039,EQ-PUMP-006,temperature_c,2026-04-30 00:00:00+00:00,65.03,°C,EQ-PUMP-006|2026-04-30T00:00:00Z|temperature_c,incident,critical,2026-04-27 12:10:00+00:00,2026-05-01 11:56:00+00:00
EVT-2026S1-0039,EQ-PUMP-006,vibration_mm_s,2026-04-30 00:00:00+00:00,4.93,mm/s,EQ-PUMP-006|2026-04-30T00:00:00Z|vibration_mm_s,incident,critical,2026-04-27 12:10:00+00:00,2026-05-01 11:56:00+00:00
EVT-2026S1-X039,EQ-CONV-376,current_a,2026-04-30 06:00:00+00:00,19.24,A,EQ-CONV-376|2026-04-30T06:00:00Z|current_a,incident,medium,2026-04-25 22:53:00+00:00,2026-04-30 07:21:00+00:00
EVT-2026S1-X039,EQ-CONV-376,rpm,2026-04-30 06:00:00+00:00,1524.95,rpm,EQ-CONV-376|2026-04-30T06:00:00Z|rpm,incident,medium,2026-04-25 22:53:00+00:00,2026-04-30 07:21:00+00:00
EVT-2026S1-0022,EQ-FAN-003,rpm,2026-04-30 06:00:00+00:00,1479.29,rpm,EQ-FAN-003|2026-04-30T06:00:00Z|rpm,incident,medium,2026-04-28 19:35:00+00:00,2026-05-02 19:08:00+00:00
EVT-2026S1-0022,EQ-FAN-003,vibration_mm_s,2026-04-30 06:00:00+00:00,3.2,mm/s,EQ-FAN-003|2026-04-30T06:00:00Z|vibration_mm_s,incident,medium,2026-04-28 19:35:00+00:00,2026-05-02 19:08:00+00:00
EVT-2026S1-0039,EQ-PUMP-006,temperature_c,2026-04-30 06:00:00+00:00,67.12,°C,EQ-PUMP-006|2026-04-30T06:00:00Z|temperature_c,incident,critical,2026-04-27 12:10:00+00:00,2026-05-01 11:56:00+00:00
EVT-2026S1-0039,EQ-PUMP-006,vibration_mm_s,2026-04-30 06:00:00+00:00,4.51,mm/s,EQ-PUMP-006|2026-04-30T06:00:00Z|vibration_mm_s,incident,critical,2026-04-27 12:10:00+00:00,2026-05-01 11:56:00+00:00
EVT-2026S1-0022,EQ-FAN-003,rpm,2026-04-30 12:00:00+00:00,1416.36,rpm,EQ-FAN-003|2026-04-30T12:00:00Z|rpm,incident,medium,2026-04-28 19:35:00+00:00,2026-05-02 19:08:00+00:00
EVT-2026S1-0022,EQ-FAN-003,vibration_mm_s,2026-04-30 12:00:00+00:00,3.42,mm/s,EQ-FAN-003|2026-04-30T12:00:00Z|vibration_mm_s,incident,medium,2026-04-28 19:35:00+00:00,2026-05-02 19:08:00+00:00
EVT-2026S1-0039,EQ-PUMP-006,temperature_c,2026-04-30 12:00:00+00:00,63.06,°C,EQ-PUMP-006|2026-04-30T12:00:00Z|temperature_c,incident,critical,2026-04-27 12:10:00+00:00,2026-05-01 11:56:00+00:00
EVT-2026S1-0039,EQ-PUMP-006,vibration_mm_s,2026-04-30 12:00:00+00:00,3.7,mm/s,EQ-PUMP-006|2026-04-30T12:00:00Z|vibration_mm_s,incident,critical,2026-04-27 12:10:00+00:00,2026-05-01 11:56:00+00:00
EVT-2026S1-0022,EQ-FAN-003,rpm,2026-04-30 18:00:00+00:00,1374.84,rpm,EQ-FAN-003|2026-04-30T18:00:00Z|rpm,incident,medium,2026-04-28 19:35:00+00:00,2026-05-02 19:08:00+00:00
EVT-2026S1-0022,EQ-FAN-003,vibration_mm_s,2026-04-30 18:00:00+00:00,2.96,mm/s,EQ-FAN-003|2026-04-30T18:00:00Z|vibration_mm_s,incident,medium,2026-04-28 19:35:00+00:00,2026-05-02 19:08:00+00:00
EVT-2026S1-0039,EQ-PUMP-006,temperature_c,2026-04-30 18:00:00+00:00,54.76,°C,EQ-PUMP-006|2026-04-30T18:00:00Z|temperature_c,incident,critical,2026-04-27 12:10:00+00:00,2026-05-01 11:56:00+00:00
EVT-2026S1-0039,EQ-PUMP-006,vibration_mm_s,2026-04-30 18:00:00+00:00,3.79,mm/s,EQ-PUMP-006|2026-04-30T18:00:00Z|vibration_mm_s,incident,critical,2026-04-27 12:10:00+00:00,2026-05-01 11:56:00+00:00
EVT-2026S1-0022,EQ-FAN-003,rpm,2026-05-01 00:00:00+00:00,1458.63,rpm,EQ-FAN-003|2026-05-01T00:00:00Z|rpm,incident,medium,2026-04-28 19:35:00+00:00,2026-05-02 19:08:00+00:00
EVT-2026S1-0022,EQ-FAN-003,vibration_mm_s,2026-05-01 00:00:00+00:00,2.26,mm/s,EQ-FAN-003|2026-05-01T00:00:00Z|vibration_mm_s,incident,medium,2026-04-28 19:35:00+00:00,2026-05-02 19:08:00+00:00
EVT-2026S1-0039,EQ-PUMP-006,temperature_c,2026-05-01 00:00:00+00:00,54.6,°C,EQ-PUMP-006|2026-05-01T00:00:00Z|temperature_c,incident,critical,2026-04-27 12:10:00+00:00,2026-05-01 11:56:00+00:00
EVT-2026S1-0039,EQ-PUMP-006,vibration_mm_s,2026-05-01 00:00:00+00:00,3.91,mm/s,EQ-PUMP-006|2026-05-01T00:00:00Z|vibration_mm_s,incident,critical,2026-04-27 12:10:00+00:00,2026-05-01 11:56:00+00:00
EVT-2026S1-0022,EQ-FAN-003,rpm,2026-05-01 06:00:00+00:00,1474.93,rpm,EQ-FAN-003|2026-05-01T06:00:00Z|rpm,incident,medium,2026-04-28 19:35:00+00:00,2026-05-02 19:08:00+00:00
EVT-2026S1-0022,EQ-FAN-003,vibration_mm_s,2026-05-01 06:00:00+00:00,2.83,mm/s,EQ-FAN-003|2026-05-01T06:00:00Z|vibration_mm_s,incident,medium,2026-04-28 19:35:00+00:00,2026-05-02 19:08:00+00:00
EVT-2026S1-0039,EQ-PUMP-006,temperature_c,2026-05-01 06:00:00+00:00,59.45,°C,EQ-PUMP-006|2026-05-01T06:00:00Z|temperature_c,incident,critical,2026-04-27 12:10:00+00:00,2026-05-01 11:56:00+00:00
EVT-2026S1-0039,EQ-PUMP-006,vibration_mm_s,2026-05-01 06:00:00+00:00,3.28,mm/s,EQ-PUMP-006|2026-05-01T06:00:00Z|vibration_mm_s,incident,critical,2026-04-27 12:10:00+00:00,2026-05-01 11:56:00+00:00
EVT-2026S1-0022,EQ-FAN-003,rpm,2026-05-01 12:00:00+00:00,1419.0,rpm,EQ-FAN-003|2026-05-01T12:00:00Z|rpm,incident,medium,2026-04-28 19:35:00+00:00,2026-05-02 19:08:00+00:00
EVT-2026S1-0022,EQ-FAN-003,vibration_mm_s,2026-05-01 12:00:00+00:00,3.22,mm/s,EQ-FAN-003|2026-05-01T12:00:00Z|vibration_mm_s,incident,medium,2026-04-28 19:35:00+00:00,2026-05-02 19:08:00+00:00
EVT-2026S1-0022,EQ-FAN-003,rpm,2026-05-01 18:00:00+00:00,1382.0,rpm,EQ-FAN-003|2026-05-01T18:00:00Z|rpm,incident,medium,2026-04-28 19:35:00+00:00,2026-05-02 19:08:00+00:00
EVT-2026S1-0022,EQ-FAN-003,vibration_mm_s,2026-05-01 18:00:00+00:00,3.19,mm/s,EQ-FAN-003|2026-05-01T18:00:00Z|vibration_mm_s,incident,medium,2026-04-28 19:35:00+00:00,2026-05-02 19:08:00+00:00
EVT-2026S1-0022,EQ-FAN-003,rpm,2026-05-02 00:00:00+00:00,1432.34,rpm,EQ-FAN-003|2026-05-02T00:00:00Z|rpm,incident,medium,2026-04-28 19:35:00+00:00,2026-05-02 19:08:00+00:00
EVT-2026S1-0022,EQ-FAN-003,vibration_mm_s,2026-05-02 00:00:00+00:00,2.53,mm/s,EQ-FAN-003|2026-05-02T00:00:00Z|vibration_mm_s,incident,medium,2026-04-28 19:35:00+00:00,2026-05-02 19:08:00+00:00
EVT-2026S1-0022,EQ-FAN-003,rpm,2026-05-02 06:00:00+00:00,1469.0,rpm,EQ-FAN-003|2026-05-02T06:00:00Z|rpm,incident,medium,2026-04-28 19:35:00+00:00,2026-05-02 19:08:00+00:00
EVT-2026S1-0022,EQ-FAN-003,vibration_mm_s,2026-05-02 06:00:00+00:00,2.52,mm/s,EQ-FAN-003|2026-05-02T06:00:00Z|vibration_mm_s,incident,medium,2026-04-28 19:35:00+00:00,2026-05-02 19:08:00+00:00
EVT-2026S1-0022,EQ-FAN-003,rpm,2026-05-02 12:00:00+00:00,1392.99,rpm,EQ-FAN-003|2026-05-02T12:00:00Z|rpm,incident,medium,2026-04-28 19:35:00+00:00,2026-05-02 19:08:00+00:00
EVT-2026S1-0022,EQ-FAN-003,vibration_mm_s,2026-05-02 12:00:00+00:00,2.86,mm/s,EQ-FAN-003|2026-05-02T12:00:00Z|vibration_mm_s,incident,medium,2026-04-28 19:35:00+00:00,2026-05-02 19:08:00+00:00
EVT-2026S1-0022,EQ-FAN-003,rpm,2026-05-02 18:00:00+00:00,1393.15,rpm,EQ-FAN-003|2026-05-02T18:00:00Z|rpm,incident,medium,2026-04-28 19:35:00+00:00,2026-05-02 19:08:00+00:00
EVT-2026S1-0022,EQ-FAN-003,vibration_mm_s,2026-05-02 18:00:00+00:00,3.02,mm/s,EQ-FAN-003|2026-05-02T18:00:00Z|vibration_mm_s,incident,medium,2026-04-28 19:35:00+00:00,2026-05-02 19:08:00+00:00
EVT-2026S1-0030,EQ-OVEN-001,current_a,2026-05-02 18:00:00+00:00,22.75,A,EQ-OVEN-001|2026-05-02T18:00:00Z|current_a,intervention,low,2026-05-02 14:10:00+00:00,2026-05-06 05:47:00+00:00
EVT-2026S1-0030,EQ-OVEN-001,temperature_c,2026-05-02 18:00:00+00:00,49.68,°C,EQ-OVEN-001|2026-05-02T18:00:00Z|temperature_c,intervention,low,2026-05-02 14:10:00+00:00,2026-05-06 05:47:00+00:00
EVT-2026S1-0030,EQ-OVEN-001,current_a,2026-05-03 00:00:00+00:00,21.47,A,EQ-OVEN-001|2026-05-03T00:00:00Z|current_a,intervention,low,2026-05-02 14:10:00+00:00,2026-05-06 05:47:00+00:00
EVT-2026S1-0030,EQ-OVEN-001,temperature_c,2026-05-03 00:00:00+00:00,54.76,°C,EQ-OVEN-001|2026-05-03T00:00:00Z|temperature_c,intervention,low,2026-05-02 14:10:00+00:00,2026-05-06 05:47:00+00:00
EVT-2026S1-0030,EQ-OVEN-001,current_a,2026-05-03 06:00:00+00:00,25.43,A,EQ-OVEN-001|2026-05-03T06:00:00Z|current_a,intervention,low,2026-05-02 14:10:00+00:00,2026-05-06 05:47:00+00:00
EVT-2026S1-0030,EQ-OVEN-001,temperature_c,2026-05-03 06:00:00+00:00,50.59,°C,EQ-OVEN-001|2026-05-03T06:00:00Z|temperature_c,intervention,low,2026-05-02 14:10:00+00:00,2026-05-06 05:47:00+00:00
EVT-2026S1-0030,EQ-OVEN-001,current_a,2026-05-03 12:00:00+00:00,25.05,A,EQ-OVEN-001|2026-05-03T12:00:00Z|current_a,intervention,low,2026-05-02 14:10:00+00:00,2026-05-06 05:47:00+00:00
EVT-2026S1-0030,EQ-OVEN-001,temperature_c,2026-05-03 12:00:00+00:00,46.44,°C,EQ-OVEN-001|2026-05-03T12:00:00Z|temperature_c,intervention,low,2026-05-02 14:10:00+00:00,2026-05-06 05:47:00+00:00
EVT-2026S1-0030,EQ-OVEN-001,current_a,2026-05-03 18:00:00+00:00,21.85,A,EQ-OVEN-001|2026-05-03T18:00:00Z|current_a,intervention,low,2026-05-02 14:10:00+00:00,2026-05-06 05:47:00+00:00
EVT-2026S1-0030,EQ-OVEN-001,temperature_c,2026-05-03 18:00:00+00:00,47.64,°C,EQ-OVEN-001|2026-05-03T18:00:00Z|temperature_c,intervention,low,2026-05-02 14:10:00+00:00,2026-05-06 05:47:00+00:00
EVT-2026S1-0030,EQ-OVEN-001,current_a,2026-05-04 00:00:00+00:00,24.07,A,EQ-OVEN-001|2026-05-04T00:00:00Z|current_a,intervention,low,2026-05-02 14:10:00+00:00,2026-05-06 05:47:00+00:00
EVT-2026S1-0030,EQ-OVEN-001,temperature_c,2026-05-04 00:00:00+00:00,56.37,°C,EQ-OVEN-001|2026-05-04T00:00:00Z|temperature_c,intervention,low,2026-05-02 14:10:00+00:00,2026-05-06 05:47:00+00:00
EVT-2026S1-0030,EQ-OVEN-001,current_a,2026-05-04 06:00:00+00:00,27.97,A,EQ-OVEN-001|2026-05-04T06:00:00Z|current_a,intervention,low,2026-05-02 14:10:00+00:00,2026-05-06 05:47:00+00:00
EVT-2026S1-0030,EQ-OVEN-001,temperature_c,2026-05-04 06:00:00+00:00,51.17,°C,EQ-OVEN-001|2026-05-04T06:00:00Z|temperature_c,intervention,low,2026-05-02 14:10:00+00:00,2026-05-06 05:47:00+00:00
EVT-2026S1-0030,EQ-OVEN-001,current_a,2026-05-04 12:00:00+00:00,25.58,A,EQ-OVEN-001|2026-05-04T12:00:00Z|current_a,intervention,low,2026-05-02 14:10:00+00:00,2026-05-06 05:47:00+00:00
EVT-2026S1-0030,EQ-OVEN-001,temperature_c,2026-05-04 12:00:00+00:00,46.54,°C,EQ-OVEN-001|2026-05-04T12:00:00Z|temperature_c,intervention,low,2026-05-02 14:10:00+00:00,2026-05-06 05:47:00+00:00
EVT-2026S1-0030,EQ-OVEN-001,current_a,2026-05-04 18:00:00+00:00,23.14,A,EQ-OVEN-001|2026-05-04T18:00:00Z|current_a,intervention,low,2026-05-02 14:10:00+00:00,2026-05-06 05:47:00+00:00
EVT-2026S1-0030,EQ-OVEN-001,temperature_c,2026-05-04 18:00:00+00:00,53.47,°C,EQ-OVEN-001|2026-05-04T18:00:00Z|temperature_c,intervention,low,2026-05-02 14:10:00+00:00,2026-05-06 05:47:00+00:00
EVT-2026S1-0030,EQ-OVEN-001,current_a,2026-05-05 00:00:00+00:00,22.36,A,EQ-OVEN-001|2026-05-05T00:00:00Z|current_a,intervention,low,2026-05-02 14:10:00+00:00,2026-05-06 05:47:00+00:00
EVT-2026S1-0030,EQ-OVEN-001,temperature_c,2026-05-05 00:00:00+00:00,54.81,°C,EQ-OVEN-001|2026-05-05T00:00:00Z|temperature_c,intervention,low,2026-05-02 14:10:00+00:00,2026-05-06 05:47:00+00:00
EVT-2026S1-0371,EQ-MIX-159,current_a,2026-05-05 06:00:00+00:00,24.01,A,EQ-MIX-159|2026-05-05T06:00:00Z|current_a,incident,medium,2026-05-05 03:33:00+00:00,2026-05-09 10:04:00+00:00
EVT-2026S1-0371,EQ-MIX-159,vibration_mm_s,2026-05-05 06:00:00+00:00,3.1,mm/s,EQ-MIX-159|2026-05-05T06:00:00Z|vibration_mm_s,incident,medium,2026-05-05 03:33:00+00:00,2026-05-09 10:04:00+00:00
EVT-2026S1-0030,EQ-OVEN-001,current_a,2026-05-05 06:00:00+00:00,25.48,A,EQ-OVEN-001|2026-05-05T06:00:00Z|current_a,intervention,low,2026-05-02 14:10:00+00:00,2026-05-06 05:47:00+00:00
EVT-2026S1-0030,EQ-OVEN-001,temperature_c,2026-05-05 06:00:00+00:00,51.28,°C,EQ-OVEN-001|2026-05-05T06:00:00Z|temperature_c,intervention,low,2026-05-02 14:10:00+00:00,2026-05-06 05:47:00+00:00
EVT-2026S1-0371,EQ-MIX-159,current_a,2026-05-05 12:00:00+00:00,26.99,A,EQ-MIX-159|2026-05-05T12:00:00Z|current_a,incident,medium,2026-05-05 03:33:00+00:00,2026-05-09 10:04:00+00:00
EVT-2026S1-0371,EQ-MIX-159,vibration_mm_s,2026-05-05 12:00:00+00:00,3.17,mm/s,EQ-MIX-159|2026-05-05T12:00:00Z|vibration_mm_s,incident,medium,2026-05-05 03:33:00+00:00,2026-05-09 10:04:00+00:00
EVT-2026S1-0030,EQ-OVEN-001,current_a,2026-05-05 12:00:00+00:00,25.55,A,EQ-OVEN-001|2026-05-05T12:00:00Z|current_a,intervention,low,2026-05-02 14:10:00+00:00,2026-05-06 05:47:00+00:00
EVT-2026S1-0030,EQ-OVEN-001,temperature_c,2026-05-05 12:00:00+00:00,48.65,°C,EQ-OVEN-001|2026-05-05T12:00:00Z|temperature_c,intervention,low,2026-05-02 14:10:00+00:00,2026-05-06 05:47:00+00:00
EVT-2026S1-0036,EQ-CHILL-001,pressure_bar,2026-05-05 18:00:00+00:00,5.77,bar,EQ-CHILL-001|2026-05-05T18:00:00Z|pressure_bar,incident,medium,2026-05-05 14:24:00+00:00,2026-05-09 08:06:00+00:00
EVT-2026S1-0036,EQ-CHILL-001,temperature_c,2026-05-05 18:00:00+00:00,51.37,°C,EQ-CHILL-001|2026-05-05T18:00:00Z|temperature_c,incident,medium,2026-05-05 14:24:00+00:00,2026-05-09 08:06:00+00:00
EVT-2026S1-0064,EQ-FAN-204,vibration_mm_s,2026-05-05 18:00:00+00:00,2.94,mm/s,EQ-FAN-204|2026-05-05T18:00:00Z|vibration_mm_s,incident,critical,2026-05-05 13:25:00+00:00,2026-05-09 05:41:00+00:00
EVT-2026S1-0371,EQ-MIX-159,current_a,2026-05-05 18:00:00+00:00,26.55,A,EQ-MIX-159|2026-05-05T18:00:00Z|current_a,incident,medium,2026-05-05 03:33:00+00:00,2026-05-09 10:04:00+00:00
EVT-2026S1-0371,EQ-MIX-159,vibration_mm_s,2026-05-05 18:00:00+00:00,2.35,mm/s,EQ-MIX-159|2026-05-05T18:00:00Z|vibration_mm_s,incident,medium,2026-05-05 03:33:00+00:00,2026-05-09 10:04:00+00:00
EVT-2026S1-0030,EQ-OVEN-001,current_a,2026-05-05 18:00:00+00:00,22.6,A,EQ-OVEN-001|2026-05-05T18:00:00Z|current_a,intervention,low,2026-05-02 14:10:00+00:00,2026-05-06 05:47:00+00:00
EVT-2026S1-0030,EQ-OVEN-001,temperature_c,2026-05-05 18:00:00+00:00,50.65,°C,EQ-OVEN-001|2026-05-05T18:00:00Z|temperature_c,intervention,low,2026-05-02 14:10:00+00:00,2026-05-06 05:47:00+00:00
EVT-2026S1-X038,EQ-ROBOT-358,current_a,2026-05-05 18:00:00+00:00,24.68,A,EQ-ROBOT-358|2026-05-05T18:00:00Z|current_a,incident,high,2026-05-05 17:45:00+00:00,2026-05-09 00:53:00+00:00
EVT-2026S1-X038,EQ-ROBOT-358,vibration_mm_s,2026-05-05 18:00:00+00:00,2.43,mm/s,EQ-ROBOT-358|2026-05-05T18:00:00Z|vibration_mm_s,incident,high,2026-05-05 17:45:00+00:00,2026-05-09 00:53:00+00:00
EVT-2026S1-0036,EQ-CHILL-001,pressure_bar,2026-05-06 00:00:00+00:00,6.23,bar,EQ-CHILL-001|2026-05-06T00:00:00Z|pressure_bar,incident,medium,2026-05-05 14:24:00+00:00,2026-05-09 08:06:00+00:00
EVT-2026S1-0036,EQ-CHILL-001,temperature_c,2026-05-06 00:00:00+00:00,53.57,°C,EQ-CHILL-001|2026-05-06T00:00:00Z|temperature_c,incident,medium,2026-05-05 14:24:00+00:00,2026-05-09 08:06:00+00:00
EVT-2026S1-0064,EQ-FAN-204,vibration_mm_s,2026-05-06 00:00:00+00:00,2.99,mm/s,EQ-FAN-204|2026-05-06T00:00:00Z|vibration_mm_s,incident,critical,2026-05-05 13:25:00+00:00,2026-05-09 05:41:00+00:00
EVT-2026S1-0371,EQ-MIX-159,current_a,2026-05-06 00:00:00+00:00,23.56,A,EQ-MIX-159|2026-05-06T00:00:00Z|current_a,incident,medium,2026-05-05 03:33:00+00:00,2026-05-09 10:04:00+00:00
EVT-2026S1-0371,EQ-MIX-159,vibration_mm_s,2026-05-06 00:00:00+00:00,2.58,mm/s,EQ-MIX-159|2026-05-06T00:00:00Z|vibration_mm_s,incident,medium,2026-05-05 03:33:00+00:00,2026-05-09 10:04:00+00:00
EVT-2026S1-0030,EQ-OVEN-001,current_a,2026-05-06 00:00:00+00:00,24.18,A,EQ-OVEN-001|2026-05-06T00:00:00Z|current_a,intervention,low,2026-05-02 14:10:00+00:00,2026-05-06 05:47:00+00:00
EVT-2026S1-0030,EQ-OVEN-001,temperature_c,2026-05-06 00:00:00+00:00,56.83,°C,EQ-OVEN-001|2026-05-06T00:00:00Z|temperature_c,intervention,low,2026-05-02 14:10:00+00:00,2026-05-06 05:47:00+00:00
EVT-2026S1-X038,EQ-ROBOT-358,current_a,2026-05-06 00:00:00+00:00,22.73,A,EQ-ROBOT-358|2026-05-06T00:00:00Z|current_a,incident,high,2026-05-05 17:45:00+00:00,2026-05-09 00:53:00+00:00
EVT-2026S1-X038,EQ-ROBOT-358,vibration_mm_s,2026-05-06 00:00:00+00:00,3.22,mm/s,EQ-ROBOT-358|2026-05-06T00:00:00Z|vibration_mm_s,incident,high,2026-05-05 17:45:00+00:00,2026-05-09 00:53:00+00:00
EVT-2026S1-0036,EQ-CHILL-001,pressure_bar,2026-05-06 06:00:00+00:00,5.98,bar,EQ-CHILL-001|2026-05-06T06:00:00Z|pressure_bar,incident,medium,2026-05-05 14:24:00+00:00,2026-05-09 08:06:00+00:00
EVT-2026S1-0036,EQ-CHILL-001,temperature_c,2026-05-06 06:00:00+00:00,61.34,°C,EQ-CHILL-001|2026-05-06T06:00:00Z|temperature_c,incident,medium,2026-05-05 14:24:00+00:00,2026-05-09 08:06:00+00:00
EVT-2026S1-0064,EQ-FAN-204,vibration_mm_s,2026-05-06 06:00:00+00:00,3.47,mm/s,EQ-FAN-204|2026-05-06T06:00:00Z|vibration_mm_s,incident,critical,2026-05-05 13:25:00+00:00,2026-05-09 05:41:00+00:00
EVT-2026S1-0371,EQ-MIX-159,current_a,2026-05-06 06:00:00+00:00,23.3,A,EQ-MIX-159|2026-05-06T06:00:00Z|current_a,incident,medium,2026-05-05 03:33:00+00:00,2026-05-09 10:04:00+00:00
EVT-2026S1-0371,EQ-MIX-159,vibration_mm_s,2026-05-06 06:00:00+00:00,3.4,mm/s,EQ-MIX-159|2026-05-06T06:00:00Z|vibration_mm_s,incident,medium,2026-05-05 03:33:00+00:00,2026-05-09 10:04:00+00:00
EVT-2026S1-X038,EQ-ROBOT-358,current_a,2026-05-06 06:00:00+00:00,20.98,A,EQ-ROBOT-358|2026-05-06T06:00:00Z|current_a,incident,high,2026-05-05 17:45:00+00:00,2026-05-09 00:53:00+00:00
EVT-2026S1-X038,EQ-ROBOT-358,vibration_mm_s,2026-05-06 06:00:00+00:00,3.32,mm/s,EQ-ROBOT-358|2026-05-06T06:00:00Z|vibration_mm_s,incident,high,2026-05-05 17:45:00+00:00,2026-05-09 00:53:00+00:00
EVT-2026S1-0036,EQ-CHILL-001,pressure_bar,2026-05-06 12:00:00+00:00,5.49,bar,EQ-CHILL-001|2026-05-06T12:00:00Z|pressure_bar,incident,medium,2026-05-05 14:24:00+00:00,2026-05-09 08:06:00+00:00
EVT-2026S1-0036,EQ-CHILL-001,temperature_c,2026-05-06 12:00:00+00:00,58.97,°C,EQ-CHILL-001|2026-05-06T12:00:00Z|temperature_c,incident,medium,2026-05-05 14:24:00+00:00,2026-05-09 08:06:00+00:00
EVT-2026S1-0064,EQ-FAN-204,vibration_mm_s,2026-05-06 12:00:00+00:00,3.8,mm/s,EQ-FAN-204|2026-05-06T12:00:00Z|vibration_mm_s,incident,critical,2026-05-05 13:25:00+00:00,2026-05-09 05:41:00+00:00
EVT-2026S1-0371,EQ-MIX-159,current_a,2026-05-06 12:00:00+00:00,26.74,A,EQ-MIX-159|2026-05-06T12:00:00Z|current_a,incident,medium,2026-05-05 03:33:00+00:00,2026-05-09 10:04:00+00:00
EVT-2026S1-0371,EQ-MIX-159,vibration_mm_s,2026-05-06 12:00:00+00:00,2.71,mm/s,EQ-MIX-159|2026-05-06T12:00:00Z|vibration_mm_s,incident,medium,2026-05-05 03:33:00+00:00,2026-05-09 10:04:00+00:00
EVT-2026S1-X038,EQ-ROBOT-358,current_a,2026-05-06 12:00:00+00:00,19.39,A,EQ-ROBOT-358|2026-05-06T12:00:00Z|current_a,incident,high,2026-05-05 17:45:00+00:00,2026-05-09 00:53:00+00:00
EVT-2026S1-X038,EQ-ROBOT-358,vibration_mm_s,2026-05-06 12:00:00+00:00,3.22,mm/s,EQ-ROBOT-358|2026-05-06T12:00:00Z|vibration_mm_s,incident,high,2026-05-05 17:45:00+00:00,2026-05-09 00:53:00+00:00
EVT-2026S1-0036,EQ-CHILL-001,pressure_bar,2026-05-06 18:00:00+00:00,5.75,bar,EQ-CHILL-001|2026-05-06T18:00:00Z|pressure_bar,incident,medium,2026-05-05 14:24:00+00:00,2026-05-09 08:06:00+00:00
EVT-2026S1-0036,EQ-CHILL-001,temperature_c,2026-05-06 18:00:00+00:00,55.99,°C,EQ-CHILL-001|2026-05-06T18:00:00Z|temperature_c,incident,medium,2026-05-05 14:24:00+00:00,2026-05-09 08:06:00+00:00
EVT-2026S1-0064,EQ-FAN-204,vibration_mm_s,2026-05-06 18:00:00+00:00,4.03,mm/s,EQ-FAN-204|2026-05-06T18:00:00Z|vibration_mm_s,incident,critical,2026-05-05 13:25:00+00:00,2026-05-09 05:41:00+00:00
EVT-2026S1-0371,EQ-MIX-159,current_a,2026-05-06 18:00:00+00:00,26.45,A,EQ-MIX-159|2026-05-06T18:00:00Z|current_a,incident,medium,2026-05-05 03:33:00+00:00,2026-05-09 10:04:00+00:00
EVT-2026S1-0371,EQ-MIX-159,vibration_mm_s,2026-05-06 18:00:00+00:00,2.55,mm/s,EQ-MIX-159|2026-05-06T18:00:00Z|vibration_mm_s,incident,medium,2026-05-05 03:33:00+00:00,2026-05-09 10:04:00+00:00
EVT-2026S1-X038,EQ-ROBOT-358,current_a,2026-05-06 18:00:00+00:00,23.78,A,EQ-ROBOT-358|2026-05-06T18:00:00Z|current_a,incident,high,2026-05-05 17:45:00+00:00,2026-05-09 00:53:00+00:00
EVT-2026S1-X038,EQ-ROBOT-358,vibration_mm_s,2026-05-06 18:00:00+00:00,3.01,mm/s,EQ-ROBOT-358|2026-05-06T18:00:00Z|vibration_mm_s,incident,high,2026-05-05 17:45:00+00:00,2026-05-09 00:53:00+00:00
EVT-2026S1-0036,EQ-CHILL-001,pressure_bar,2026-05-07 00:00:00+00:00,6.28,bar,EQ-CHILL-001|2026-05-07T00:00:00Z|pressure_bar,incident,medium,2026-05-05 14:24:00+00:00,2026-05-09 08:06:00+00:00
EVT-2026S1-0036,EQ-CHILL-001,temperature_c,2026-05-07 00:00:00+00:00,52.2,°C,EQ-CHILL-001|2026-05-07T00:00:00Z|temperature_c,incident,medium,2026-05-05 14:24:00+00:00,2026-05-09 08:06:00+00:00
EVT-2026S1-0064,EQ-FAN-204,vibration_mm_s,2026-05-07 00:00:00+00:00,3.77,mm/s,EQ-FAN-204|2026-05-07T00:00:00Z|vibration_mm_s,incident,critical,2026-05-05 13:25:00+00:00,2026-05-09 05:41:00+00:00
EVT-2026S1-0371,EQ-MIX-159,current_a,2026-05-07 00:00:00+00:00,24.4,A,EQ-MIX-159|2026-05-07T00:00:00Z|current_a,incident,medium,2026-05-05 03:33:00+00:00,2026-05-09 10:04:00+00:00
EVT-2026S1-0371,EQ-MIX-159,vibration_mm_s,2026-05-07 00:00:00+00:00,2.92,mm/s,EQ-MIX-159|2026-05-07T00:00:00Z|vibration_mm_s,incident,medium,2026-05-05 03:33:00+00:00,2026-05-09 10:04:00+00:00
EVT-2026S1-X038,EQ-ROBOT-358,current_a,2026-05-07 00:00:00+00:00,24.91,A,EQ-ROBOT-358|2026-05-07T00:00:00Z|current_a,incident,high,2026-05-05 17:45:00+00:00,2026-05-09 00:53:00+00:00
EVT-2026S1-X038,EQ-ROBOT-358,vibration_mm_s,2026-05-07 00:00:00+00:00,3.44,mm/s,EQ-ROBOT-358|2026-05-07T00:00:00Z|vibration_mm_s,incident,high,2026-05-05 17:45:00+00:00,2026-05-09 00:53:00+00:00
EVT-2026S1-0036,EQ-CHILL-001,pressure_bar,2026-05-07 06:00:00+00:00,5.88,bar,EQ-CHILL-001|2026-05-07T06:00:00Z|pressure_bar,incident,medium,2026-05-05 14:24:00+00:00,2026-05-09 08:06:00+00:00
EVT-2026S1-0036,EQ-CHILL-001,temperature_c,2026-05-07 06:00:00+00:00,60.65,°C,EQ-CHILL-001|2026-05-07T06:00:00Z|temperature_c,incident,medium,2026-05-05 14:24:00+00:00,2026-05-09 08:06:00+00:00
EVT-2026S1-0064,EQ-FAN-204,vibration_mm_s,2026-05-07 06:00:00+00:00,4.33,mm/s,EQ-FAN-204|2026-05-07T06:00:00Z|vibration_mm_s,incident,critical,2026-05-05 13:25:00+00:00,2026-05-09 05:41:00+00:00
EVT-2026S1-0371,EQ-MIX-159,current_a,2026-05-07 06:00:00+00:00,25.48,A,EQ-MIX-159|2026-05-07T06:00:00Z|current_a,incident,medium,2026-05-05 03:33:00+00:00,2026-05-09 10:04:00+00:00
EVT-2026S1-0371,EQ-MIX-159,vibration_mm_s,2026-05-07 06:00:00+00:00,3.17,mm/s,EQ-MIX-159|2026-05-07T06:00:00Z|vibration_mm_s,incident,medium,2026-05-05 03:33:00+00:00,2026-05-09 10:04:00+00:00
EVT-2026S1-X038,EQ-ROBOT-358,current_a,2026-05-07 06:00:00+00:00,21.62,A,EQ-ROBOT-358|2026-05-07T06:00:00Z|current_a,incident,high,2026-05-05 17:45:00+00:00,2026-05-09 00:53:00+00:00
EVT-2026S1-X038,EQ-ROBOT-358,vibration_mm_s,2026-05-07 06:00:00+00:00,3.64,mm/s,EQ-ROBOT-358|2026-05-07T06:00:00Z|vibration_mm_s,incident,high,2026-05-05 17:45:00+00:00,2026-05-09 00:53:00+00:00
EVT-2026S1-0036,EQ-CHILL-001,pressure_bar,2026-05-07 12:00:00+00:00,5.8,bar,EQ-CHILL-001|2026-05-07T12:00:00Z|pressure_bar,incident,medium,2026-05-05 14:24:00+00:00,2026-05-09 08:06:00+00:00
EVT-2026S1-0036,EQ-CHILL-001,temperature_c,2026-05-07 12:00:00+00:00,57.81,°C,EQ-CHILL-001|2026-05-07T12:00:00Z|temperature_c,incident,medium,2026-05-05 14:24:00+00:00,2026-05-09 08:06:00+00:00
EVT-2026S1-0064,EQ-FAN-204,vibration_mm_s,2026-05-07 12:00:00+00:00,4.62,mm/s,EQ-FAN-204|2026-05-07T12:00:00Z|vibration_mm_s,incident,critical,2026-05-05 13:25:00+00:00,2026-05-09 05:41:00+00:00
EVT-2026S1-0371,EQ-MIX-159,current_a,2026-05-07 12:00:00+00:00,28.38,A,EQ-MIX-159|2026-05-07T12:00:00Z|current_a,incident,medium,2026-05-05 03:33:00+00:00,2026-05-09 10:04:00+00:00
EVT-2026S1-0371,EQ-MIX-159,vibration_mm_s,2026-05-07 12:00:00+00:00,2.73,mm/s,EQ-MIX-159|2026-05-07T12:00:00Z|vibration_mm_s,incident,medium,2026-05-05 03:33:00+00:00,2026-05-09 10:04:00+00:00
EVT-2026S1-X028,EQ-PUMP-350,temperature_c,2026-05-07 12:00:00+00:00,66.35,°C,EQ-PUMP-350|2026-05-07T12:00:00Z|temperature_c,observation,critical,2026-05-07 09:47:00+00:00,2026-05-11 09:41:00+00:00
EVT-2026S1-X028,EQ-PUMP-350,vibration_mm_s,2026-05-07 12:00:00+00:00,2.93,mm/s,EQ-PUMP-350|2026-05-07T12:00:00Z|vibration_mm_s,observation,critical,2026-05-07 09:47:00+00:00,2026-05-11 09:41:00+00:00
EVT-2026S1-X038,EQ-ROBOT-358,current_a,2026-05-07 12:00:00+00:00,22.82,A,EQ-ROBOT-358|2026-05-07T12:00:00Z|current_a,incident,high,2026-05-05 17:45:00+00:00,2026-05-09 00:53:00+00:00
EVT-2026S1-X038,EQ-ROBOT-358,vibration_mm_s,2026-05-07 12:00:00+00:00,3.83,mm/s,EQ-ROBOT-358|2026-05-07T12:00:00Z|vibration_mm_s,incident,high,2026-05-05 17:45:00+00:00,2026-05-09 00:53:00+00:00
EVT-2026S1-0036,EQ-CHILL-001,pressure_bar,2026-05-07 18:00:00+00:00,5.71,bar,EQ-CHILL-001|2026-05-07T18:00:00Z|pressure_bar,incident,medium,2026-05-05 14:24:00+00:00,2026-05-09 08:06:00+00:00
EVT-2026S1-0036,EQ-CHILL-001,temperature_c,2026-05-07 18:00:00+00:00,52.38,°C,EQ-CHILL-001|2026-05-07T18:00:00Z|temperature_c,incident,medium,2026-05-05 14:24:00+00:00,2026-05-09 08:06:00+00:00
EVT-2026S1-0064,EQ-FAN-204,vibration_mm_s,2026-05-07 18:00:00+00:00,4.4,mm/s,EQ-FAN-204|2026-05-07T18:00:00Z|vibration_mm_s,incident,critical,2026-05-05 13:25:00+00:00,2026-05-09 05:41:00+00:00
EVT-2026S1-0371,EQ-MIX-159,current_a,2026-05-07 18:00:00+00:00,27.68,A,EQ-MIX-159|2026-05-07T18:00:00Z|current_a,incident,medium,2026-05-05 03:33:00+00:00,2026-05-09 10:04:00+00:00
EVT-2026S1-0371,EQ-MIX-159,vibration_mm_s,2026-05-07 18:00:00+00:00,2.54,mm/s,EQ-MIX-159|2026-05-07T18:00:00Z|vibration_mm_s,incident,medium,2026-05-05 03:33:00+00:00,2026-05-09 10:04:00+00:00
EVT-2026S1-X028,EQ-PUMP-350,temperature_c,2026-05-07 18:00:00+00:00,54.86,°C,EQ-PUMP-350|2026-05-07T18:00:00Z|temperature_c,observation,critical,2026-05-07 09:47:00+00:00,2026-05-11 09:41:00+00:00
EVT-2026S1-X028,EQ-PUMP-350,vibration_mm_s,2026-05-07 18:00:00+00:00,2.78,mm/s,EQ-PUMP-350|2026-05-07T18:00:00Z|vibration_mm_s,observation,critical,2026-05-07 09:47:00+00:00,2026-05-11 09:41:00+00:00
EVT-2026S1-X038,EQ-ROBOT-358,current_a,2026-05-07 18:00:00+00:00,26.01,A,EQ-ROBOT-358|2026-05-07T18:00:00Z|current_a,incident,high,2026-05-05 17:45:00+00:00,2026-05-09 00:53:00+00:00
EVT-2026S1-X038,EQ-ROBOT-358,vibration_mm_s,2026-05-07 18:00:00+00:00,3.49,mm/s,EQ-ROBOT-358|2026-05-07T18:00:00Z|vibration_mm_s,incident,high,2026-05-05 17:45:00+00:00,2026-05-09 00:53:00+00:00
EVT-2026S1-0036,EQ-CHILL-001,pressure_bar,2026-05-08 00:00:00+00:00,5.99,bar,EQ-CHILL-001|2026-05-08T00:00:00Z|pressure_bar,incident,medium,2026-05-05 14:24:00+00:00,2026-05-09 08:06:00+00:00
EVT-2026S1-0036,EQ-CHILL-001,temperature_c,2026-05-08 00:00:00+00:00,54.0,°C,EQ-CHILL-001|2026-05-08T00:00:00Z|temperature_c,incident,medium,2026-05-05 14:24:00+00:00,2026-05-09 08:06:00+00:00
EVT-2026S1-0064,EQ-FAN-204,vibration_mm_s,2026-05-08 00:00:00+00:00,4.0,mm/s,EQ-FAN-204|2026-05-08T00:00:00Z|vibration_mm_s,incident,critical,2026-05-05 13:25:00+00:00,2026-05-09 05:41:00+00:00
EVT-2026S1-0371,EQ-MIX-159,current_a,2026-05-08 00:00:00+00:00,25.79,A,EQ-MIX-159|2026-05-08T00:00:00Z|current_a,incident,medium,2026-05-05 03:33:00+00:00,2026-05-09 10:04:00+00:00
EVT-2026S1-0371,EQ-MIX-159,vibration_mm_s,2026-05-08 00:00:00+00:00,2.54,mm/s,EQ-MIX-159|2026-05-08T00:00:00Z|vibration_mm_s,incident,medium,2026-05-05 03:33:00+00:00,2026-05-09 10:04:00+00:00
EVT-2026S1-X028,EQ-PUMP-350,temperature_c,2026-05-08 00:00:00+00:00,63.85,°C,EQ-PUMP-350|2026-05-08T00:00:00Z|temperature_c,observation,critical,2026-05-07 09:47:00+00:00,2026-05-11 09:41:00+00:00
EVT-2026S1-X028,EQ-PUMP-350,vibration_mm_s,2026-05-08 00:00:00+00:00,3.11,mm/s,EQ-PUMP-350|2026-05-08T00:00:00Z|vibration_mm_s,observation,critical,2026-05-07 09:47:00+00:00,2026-05-11 09:41:00+00:00
EVT-2026S1-X038,EQ-ROBOT-358,current_a,2026-05-08 00:00:00+00:00,26.64,A,EQ-ROBOT-358|2026-05-08T00:00:00Z|current_a,incident,high,2026-05-05 17:45:00+00:00,2026-05-09 00:53:00+00:00
EVT-2026S1-X038,EQ-ROBOT-358,vibration_mm_s,2026-05-08 00:00:00+00:00,4.3,mm/s,EQ-ROBOT-358|2026-05-08T00:00:00Z|vibration_mm_s,incident,high,2026-05-05 17:45:00+00:00,2026-05-09 00:53:00+00:00
EVT-2026S1-0036,EQ-CHILL-001,pressure_bar,2026-05-08 06:00:00+00:00,6.17,bar,EQ-CHILL-001|2026-05-08T06:00:00Z|pressure_bar,incident,medium,2026-05-05 14:24:00+00:00,2026-05-09 08:06:00+00:00
EVT-2026S1-0036,EQ-CHILL-001,temperature_c,2026-05-08 06:00:00+00:00,58.59,°C,EQ-CHILL-001|2026-05-08T06:00:00Z|temperature_c,incident,medium,2026-05-05 14:24:00+00:00,2026-05-09 08:06:00+00:00
EVT-2026S1-0064,EQ-FAN-204,vibration_mm_s,2026-05-08 06:00:00+00:00,4.1,mm/s,EQ-FAN-204|2026-05-08T06:00:00Z|vibration_mm_s,incident,critical,2026-05-05 13:25:00+00:00,2026-05-09 05:41:00+00:00
EVT-2026S1-0371,EQ-MIX-159,current_a,2026-05-08 06:00:00+00:00,25.7,A,EQ-MIX-159|2026-05-08T06:00:00Z|current_a,incident,medium,2026-05-05 03:33:00+00:00,2026-05-09 10:04:00+00:00
EVT-2026S1-0371,EQ-MIX-159,vibration_mm_s,2026-05-08 06:00:00+00:00,3.07,mm/s,EQ-MIX-159|2026-05-08T06:00:00Z|vibration_mm_s,incident,medium,2026-05-05 03:33:00+00:00,2026-05-09 10:04:00+00:00
EVT-2026S1-X028,EQ-PUMP-350,temperature_c,2026-05-08 06:00:00+00:00,66.55,°C,EQ-PUMP-350|2026-05-08T06:00:00Z|temperature_c,observation,critical,2026-05-07 09:47:00+00:00,2026-05-11 09:41:00+00:00
EVT-2026S1-X028,EQ-PUMP-350,vibration_mm_s,2026-05-08 06:00:00+00:00,3.02,mm/s,EQ-PUMP-350|2026-05-08T06:00:00Z|vibration_mm_s,observation,critical,2026-05-07 09:47:00+00:00,2026-05-11 09:41:00+00:00
EVT-2026S1-X038,EQ-ROBOT-358,current_a,2026-05-08 06:00:00+00:00,20.37,A,EQ-ROBOT-358|2026-05-08T06:00:00Z|current_a,incident,high,2026-05-05 17:45:00+00:00,2026-05-09 00:53:00+00:00
EVT-2026S1-X038,EQ-ROBOT-358,vibration_mm_s,2026-05-08 06:00:00+00:00,3.59,mm/s,EQ-ROBOT-358|2026-05-08T06:00:00Z|vibration_mm_s,incident,high,2026-05-05 17:45:00+00:00,2026-05-09 00:53:00+00:00
EVT-2026S1-0036,EQ-CHILL-001,pressure_bar,2026-05-08 12:00:00+00:00,5.2,bar,EQ-CHILL-001|2026-05-08T12:00:00Z|pressure_bar,incident,medium,2026-05-05 14:24:00+00:00,2026-05-09 08:06:00+00:00
EVT-2026S1-0036,EQ-CHILL-001,temperature_c,2026-05-08 12:00:00+00:00,57.69,°C,EQ-CHILL-001|2026-05-08T12:00:00Z|temperature_c,incident,medium,2026-05-05 14:24:00+00:00,2026-05-09 08:06:00+00:00
EVT-2026S1-0064,EQ-FAN-204,vibration_mm_s,2026-05-08 12:00:00+00:00,3.91,mm/s,EQ-FAN-204|2026-05-08T12:00:00Z|vibration_mm_s,incident,critical,2026-05-05 13:25:00+00:00,2026-05-09 05:41:00+00:00
EVT-2026S1-0371,EQ-MIX-159,current_a,2026-05-08 12:00:00+00:00,29.08,A,EQ-MIX-159|2026-05-08T12:00:00Z|current_a,incident,medium,2026-05-05 03:33:00+00:00,2026-05-09 10:04:00+00:00
EVT-2026S1-0371,EQ-MIX-159,vibration_mm_s,2026-05-08 12:00:00+00:00,2.99,mm/s,EQ-MIX-159|2026-05-08T12:00:00Z|vibration_mm_s,incident,medium,2026-05-05 03:33:00+00:00,2026-05-09 10:04:00+00:00
EVT-2026S1-X028,EQ-PUMP-350,temperature_c,2026-05-08 12:00:00+00:00,61.08,°C,EQ-PUMP-350|2026-05-08T12:00:00Z|temperature_c,observation,critical,2026-05-07 09:47:00+00:00,2026-05-11 09:41:00+00:00
EVT-2026S1-X028,EQ-PUMP-350,vibration_mm_s,2026-05-08 12:00:00+00:00,2.57,mm/s,EQ-PUMP-350|2026-05-08T12:00:00Z|vibration_mm_s,observation,critical,2026-05-07 09:47:00+00:00,2026-05-11 09:41:00+00:00
EVT-2026S1-X038,EQ-ROBOT-358,current_a,2026-05-08 12:00:00+00:00,18.55,A,EQ-ROBOT-358|2026-05-08T12:00:00Z|current_a,incident,high,2026-05-05 17:45:00+00:00,2026-05-09 00:53:00+00:00
EVT-2026S1-X038,EQ-ROBOT-358,vibration_mm_s,2026-05-08 12:00:00+00:00,3.11,mm/s,EQ-ROBOT-358|2026-05-08T12:00:00Z|vibration_mm_s,incident,high,2026-05-05 17:45:00+00:00,2026-05-09 00:53:00+00:00
EVT-2026S1-0036,EQ-CHILL-001,pressure_bar,2026-05-08 18:00:00+00:00,5.6,bar,EQ-CHILL-001|2026-05-08T18:00:00Z|pressure_bar,incident,medium,2026-05-05 14:24:00+00:00,2026-05-09 08:06:00+00:00
EVT-2026S1-0036,EQ-CHILL-001,temperature_c,2026-05-08 18:00:00+00:00,51.69,°C,EQ-CHILL-001|2026-05-08T18:00:00Z|temperature_c,incident,medium,2026-05-05 14:24:00+00:00,2026-05-09 08:06:00+00:00
EVT-2026S1-0064,EQ-FAN-204,vibration_mm_s,2026-05-08 18:00:00+00:00,3.44,mm/s,EQ-FAN-204|2026-05-08T18:00:00Z|vibration_mm_s,incident,critical,2026-05-05 13:25:00+00:00,2026-05-09 05:41:00+00:00
EVT-2026S1-0371,EQ-MIX-159,current_a,2026-05-08 18:00:00+00:00,27.19,A,EQ-MIX-159|2026-05-08T18:00:00Z|current_a,incident,medium,2026-05-05 03:33:00+00:00,2026-05-09 10:04:00+00:00
EVT-2026S1-0371,EQ-MIX-159,vibration_mm_s,2026-05-08 18:00:00+00:00,2.48,mm/s,EQ-MIX-159|2026-05-08T18:00:00Z|vibration_mm_s,incident,medium,2026-05-05 03:33:00+00:00,2026-05-09 10:04:00+00:00
EVT-2026S1-X028,EQ-PUMP-350,temperature_c,2026-05-08 18:00:00+00:00,58.39,°C,EQ-PUMP-350|2026-05-08T18:00:00Z|temperature_c,observation,critical,2026-05-07 09:47:00+00:00,2026-05-11 09:41:00+00:00
EVT-2026S1-X028,EQ-PUMP-350,vibration_mm_s,2026-05-08 18:00:00+00:00,3.42,mm/s,EQ-PUMP-350|2026-05-08T18:00:00Z|vibration_mm_s,observation,critical,2026-05-07 09:47:00+00:00,2026-05-11 09:41:00+00:00
EVT-2026S1-X038,EQ-ROBOT-358,current_a,2026-05-08 18:00:00+00:00,23.29,A,EQ-ROBOT-358|2026-05-08T18:00:00Z|current_a,incident,high,2026-05-05 17:45:00+00:00,2026-05-09 00:53:00+00:00
EVT-2026S1-X038,EQ-ROBOT-358,vibration_mm_s,2026-05-08 18:00:00+00:00,2.6,mm/s,EQ-ROBOT-358|2026-05-08T18:00:00Z|vibration_mm_s,incident,high,2026-05-05 17:45:00+00:00,2026-05-09 00:53:00+00:00
EVT-2026S1-0036,EQ-CHILL-001,pressure_bar,2026-05-09 00:00:00+00:00,6.23,bar,EQ-CHILL-001|2026-05-09T00:00:00Z|pressure_bar,incident,medium,2026-05-05 14:24:00+00:00,2026-05-09 08:06:00+00:00
EVT-2026S1-0036,EQ-CHILL-001,temperature_c,2026-05-09 00:00:00+00:00,49.55,°C,EQ-CHILL-001|2026-05-09T00:00:00Z|temperature_c,incident,medium,2026-05-05 14:24:00+00:00,2026-05-09 08:06:00+00:00
EVT-2026S1-0064,EQ-FAN-204,vibration_mm_s,2026-05-09 00:00:00+00:00,2.53,mm/s,EQ-FAN-204|2026-05-09T00:00:00Z|vibration_mm_s,incident,critical,2026-05-05 13:25:00+00:00,2026-05-09 05:41:00+00:00
EVT-2026S1-0371,EQ-MIX-159,current_a,2026-05-09 00:00:00+00:00,23.83,A,EQ-MIX-159|2026-05-09T00:00:00Z|current_a,incident,medium,2026-05-05 03:33:00+00:00,2026-05-09 10:04:00+00:00
EVT-2026S1-0371,EQ-MIX-159,vibration_mm_s,2026-05-09 00:00:00+00:00,2.28,mm/s,EQ-MIX-159|2026-05-09T00:00:00Z|vibration_mm_s,incident,medium,2026-05-05 03:33:00+00:00,2026-05-09 10:04:00+00:00
EVT-2026S1-X028,EQ-PUMP-350,temperature_c,2026-05-09 00:00:00+00:00,58.34,°C,EQ-PUMP-350|2026-05-09T00:00:00Z|temperature_c,observation,critical,2026-05-07 09:47:00+00:00,2026-05-11 09:41:00+00:00
EVT-2026S1-X028,EQ-PUMP-350,vibration_mm_s,2026-05-09 00:00:00+00:00,3.17,mm/s,EQ-PUMP-350|2026-05-09T00:00:00Z|vibration_mm_s,observation,critical,2026-05-07 09:47:00+00:00,2026-05-11 09:41:00+00:00
EVT-2026S1-X038,EQ-ROBOT-358,current_a,2026-05-09 00:00:00+00:00,22.55,A,EQ-ROBOT-358|2026-05-09T00:00:00Z|current_a,incident,high,2026-05-05 17:45:00+00:00,2026-05-09 00:53:00+00:00
EVT-2026S1-X038,EQ-ROBOT-358,vibration_mm_s,2026-05-09 00:00:00+00:00,2.82,mm/s,EQ-ROBOT-358|2026-05-09T00:00:00Z|vibration_mm_s,incident,high,2026-05-05 17:45:00+00:00,2026-05-09 00:53:00+00:00
EVT-2026S1-0036,EQ-CHILL-001,pressure_bar,2026-05-09 06:00:00+00:00,5.84,bar,EQ-CHILL-001|2026-05-09T06:00:00Z|pressure_bar,incident,medium,2026-05-05 14:24:00+00:00,2026-05-09 08:06:00+00:00
EVT-2026S1-0036,EQ-CHILL-001,temperature_c,2026-05-09 06:00:00+00:00,60.71,°C,EQ-CHILL-001|2026-05-09T06:00:00Z|temperature_c,incident,medium,2026-05-05 14:24:00+00:00,2026-05-09 08:06:00+00:00
EVT-2026S1-0371,EQ-MIX-159,current_a,2026-05-09 06:00:00+00:00,22.64,A,EQ-MIX-159|2026-05-09T06:00:00Z|current_a,incident,medium,2026-05-05 03:33:00+00:00,2026-05-09 10:04:00+00:00
EVT-2026S1-0371,EQ-MIX-159,vibration_mm_s,2026-05-09 06:00:00+00:00,3.25,mm/s,EQ-MIX-159|2026-05-09T06:00:00Z|vibration_mm_s,incident,medium,2026-05-05 03:33:00+00:00,2026-05-09 10:04:00+00:00
EVT-2026S1-X028,EQ-PUMP-350,temperature_c,2026-05-09 06:00:00+00:00,63.39,°C,EQ-PUMP-350|2026-05-09T06:00:00Z|temperature_c,observation,critical,2026-05-07 09:47:00+00:00,2026-05-11 09:41:00+00:00
EVT-2026S1-X028,EQ-PUMP-350,vibration_mm_s,2026-05-09 06:00:00+00:00,2.94,mm/s,EQ-PUMP-350|2026-05-09T06:00:00Z|vibration_mm_s,observation,critical,2026-05-07 09:47:00+00:00,2026-05-11 09:41:00+00:00
EVT-2026S1-X028,EQ-PUMP-350,temperature_c,2026-05-09 12:00:00+00:00,60.17,°C,EQ-PUMP-350|2026-05-09T12:00:00Z|temperature_c,observation,critical,2026-05-07 09:47:00+00:00,2026-05-11 09:41:00+00:00
EVT-2026S1-X028,EQ-PUMP-350,vibration_mm_s,2026-05-09 12:00:00+00:00,2.9,mm/s,EQ-PUMP-350|2026-05-09T12:00:00Z|vibration_mm_s,observation,critical,2026-05-07 09:47:00+00:00,2026-05-11 09:41:00+00:00
EVT-2026S1-0272,EQ-MIX-259,current_a,2026-05-09 18:00:00+00:00,23.53,A,EQ-MIX-259|2026-05-09T18:00:00Z|current_a,observation,low,2026-05-09 15:36:00+00:00,2026-05-12 19:23:00+00:00
EVT-2026S1-0272,EQ-MIX-259,vibration_mm_s,2026-05-09 18:00:00+00:00,3.03,mm/s,EQ-MIX-259|2026-05-09T18:00:00Z|vibration_mm_s,observation,low,2026-05-09 15:36:00+00:00,2026-05-12 19:23:00+00:00
EVT-2026S1-X028,EQ-PUMP-350,temperature_c,2026-05-09 18:00:00+00:00,55.21,°C,EQ-PUMP-350|2026-05-09T18:00:00Z|temperature_c,observation,critical,2026-05-07 09:47:00+00:00,2026-05-11 09:41:00+00:00
EVT-2026S1-X028,EQ-PUMP-350,vibration_mm_s,2026-05-09 18:00:00+00:00,2.64,mm/s,EQ-PUMP-350|2026-05-09T18:00:00Z|vibration_mm_s,observation,critical,2026-05-07 09:47:00+00:00,2026-05-11 09:41:00+00:00
EVT-2026S1-0272,EQ-MIX-259,current_a,2026-05-10 00:00:00+00:00,22.43,A,EQ-MIX-259|2026-05-10T00:00:00Z|current_a,observation,low,2026-05-09 15:36:00+00:00,2026-05-12 19:23:00+00:00
EVT-2026S1-0272,EQ-MIX-259,vibration_mm_s,2026-05-10 00:00:00+00:00,2.48,mm/s,EQ-MIX-259|2026-05-10T00:00:00Z|vibration_mm_s,observation,low,2026-05-09 15:36:00+00:00,2026-05-12 19:23:00+00:00
EVT-2026S1-X028,EQ-PUMP-350,temperature_c,2026-05-10 00:00:00+00:00,57.58,°C,EQ-PUMP-350|2026-05-10T00:00:00Z|temperature_c,observation,critical,2026-05-07 09:47:00+00:00,2026-05-11 09:41:00+00:00
EVT-2026S1-X028,EQ-PUMP-350,vibration_mm_s,2026-05-10 00:00:00+00:00,2.96,mm/s,EQ-PUMP-350|2026-05-10T00:00:00Z|vibration_mm_s,observation,critical,2026-05-07 09:47:00+00:00,2026-05-11 09:41:00+00:00
EVT-2026S1-0272,EQ-MIX-259,current_a,2026-05-10 06:00:00+00:00,21.05,A,EQ-MIX-259|2026-05-10T06:00:00Z|current_a,observation,low,2026-05-09 15:36:00+00:00,2026-05-12 19:23:00+00:00
EVT-2026S1-0272,EQ-MIX-259,vibration_mm_s,2026-05-10 06:00:00+00:00,2.64,mm/s,EQ-MIX-259|2026-05-10T06:00:00Z|vibration_mm_s,observation,low,2026-05-09 15:36:00+00:00,2026-05-12 19:23:00+00:00
EVT-2026S1-X028,EQ-PUMP-350,temperature_c,2026-05-10 06:00:00+00:00,64.63,°C,EQ-PUMP-350|2026-05-10T06:00:00Z|temperature_c,observation,critical,2026-05-07 09:47:00+00:00,2026-05-11 09:41:00+00:00
EVT-2026S1-X028,EQ-PUMP-350,vibration_mm_s,2026-05-10 06:00:00+00:00,2.99,mm/s,EQ-PUMP-350|2026-05-10T06:00:00Z|vibration_mm_s,observation,critical,2026-05-07 09:47:00+00:00,2026-05-11 09:41:00+00:00
EVT-2026S1-0272,EQ-MIX-259,current_a,2026-05-10 12:00:00+00:00,19.38,A,EQ-MIX-259|2026-05-10T12:00:00Z|current_a,observation,low,2026-05-09 15:36:00+00:00,2026-05-12 19:23:00+00:00
EVT-2026S1-0272,EQ-MIX-259,vibration_mm_s,2026-05-10 12:00:00+00:00,2.88,mm/s,EQ-MIX-259|2026-05-10T12:00:00Z|vibration_mm_s,observation,low,2026-05-09 15:36:00+00:00,2026-05-12 19:23:00+00:00
EVT-2026S1-X028,EQ-PUMP-350,temperature_c,2026-05-10 12:00:00+00:00,62.54,°C,EQ-PUMP-350|2026-05-10T12:00:00Z|temperature_c,observation,critical,2026-05-07 09:47:00+00:00,2026-05-11 09:41:00+00:00
EVT-2026S1-X028,EQ-PUMP-350,vibration_mm_s,2026-05-10 12:00:00+00:00,2.64,mm/s,EQ-PUMP-350|2026-05-10T12:00:00Z|vibration_mm_s,observation,critical,2026-05-07 09:47:00+00:00,2026-05-11 09:41:00+00:00
EVT-2026S1-0272,EQ-MIX-259,current_a,2026-05-10 18:00:00+00:00,21.95,A,EQ-MIX-259|2026-05-10T18:00:00Z|current_a,observation,low,2026-05-09 15:36:00+00:00,2026-05-12 19:23:00+00:00
EVT-2026S1-0272,EQ-MIX-259,vibration_mm_s,2026-05-10 18:00:00+00:00,2.86,mm/s,EQ-MIX-259|2026-05-10T18:00:00Z|vibration_mm_s,observation,low,2026-05-09 15:36:00+00:00,2026-05-12 19:23:00+00:00
EVT-2026S1-X028,EQ-PUMP-350,temperature_c,2026-05-10 18:00:00+00:00,55.5,°C,EQ-PUMP-350|2026-05-10T18:00:00Z|temperature_c,observation,critical,2026-05-07 09:47:00+00:00,2026-05-11 09:41:00+00:00
EVT-2026S1-X028,EQ-PUMP-350,vibration_mm_s,2026-05-10 18:00:00+00:00,3.27,mm/s,EQ-PUMP-350|2026-05-10T18:00:00Z|vibration_mm_s,observation,critical,2026-05-07 09:47:00+00:00,2026-05-11 09:41:00+00:00
EVT-2026S1-0272,EQ-MIX-259,current_a,2026-05-11 00:00:00+00:00,24.39,A,EQ-MIX-259|2026-05-11T00:00:00Z|current_a,observation,low,2026-05-09 15:36:00+00:00,2026-05-12 19:23:00+00:00
EVT-2026S1-0272,EQ-MIX-259,vibration_mm_s,2026-05-11 00:00:00+00:00,2.46,mm/s,EQ-MIX-259|2026-05-11T00:00:00Z|vibration_mm_s,observation,low,2026-05-09 15:36:00+00:00,2026-05-12 19:23:00+00:00
EVT-2026S1-X028,EQ-PUMP-350,temperature_c,2026-05-11 00:00:00+00:00,61.18,°C,EQ-PUMP-350|2026-05-11T00:00:00Z|temperature_c,observation,critical,2026-05-07 09:47:00+00:00,2026-05-11 09:41:00+00:00
EVT-2026S1-X028,EQ-PUMP-350,vibration_mm_s,2026-05-11 00:00:00+00:00,3.42,mm/s,EQ-PUMP-350|2026-05-11T00:00:00Z|vibration_mm_s,observation,critical,2026-05-07 09:47:00+00:00,2026-05-11 09:41:00+00:00
EVT-2026S1-0272,EQ-MIX-259,current_a,2026-05-11 06:00:00+00:00,22.64,A,EQ-MIX-259|2026-05-11T06:00:00Z|current_a,observation,low,2026-05-09 15:36:00+00:00,2026-05-12 19:23:00+00:00
EVT-2026S1-0272,EQ-MIX-259,vibration_mm_s,2026-05-11 06:00:00+00:00,2.31,mm/s,EQ-MIX-259|2026-05-11T06:00:00Z|vibration_mm_s,observation,low,2026-05-09 15:36:00+00:00,2026-05-12 19:23:00+00:00
EVT-2026S1-0326,EQ-OVEN-386,current_a,2026-05-11 06:00:00+00:00,24.81,A,EQ-OVEN-386|2026-05-11T06:00:00Z|current_a,incident,high,2026-05-11 01:07:00+00:00,2026-05-14 20:31:00+00:00
EVT-2026S1-0326,EQ-OVEN-386,temperature_c,2026-05-11 06:00:00+00:00,65.22,°C,EQ-OVEN-386|2026-05-11T06:00:00Z|temperature_c,incident,high,2026-05-11 01:07:00+00:00,2026-05-14 20:31:00+00:00
EVT-2026S1-X028,EQ-PUMP-350,temperature_c,2026-05-11 06:00:00+00:00,62.79,°C,EQ-PUMP-350|2026-05-11T06:00:00Z|temperature_c,observation,critical,2026-05-07 09:47:00+00:00,2026-05-11 09:41:00+00:00
EVT-2026S1-X028,EQ-PUMP-350,vibration_mm_s,2026-05-11 06:00:00+00:00,3.13,mm/s,EQ-PUMP-350|2026-05-11T06:00:00Z|vibration_mm_s,observation,critical,2026-05-07 09:47:00+00:00,2026-05-11 09:41:00+00:00
EVT-2026S1-0272,EQ-MIX-259,current_a,2026-05-11 12:00:00+00:00,20.48,A,EQ-MIX-259|2026-05-11T12:00:00Z|current_a,observation,low,2026-05-09 15:36:00+00:00,2026-05-12 19:23:00+00:00
EVT-2026S1-0272,EQ-MIX-259,vibration_mm_s,2026-05-11 12:00:00+00:00,3.15,mm/s,EQ-MIX-259|2026-05-11T12:00:00Z|vibration_mm_s,observation,low,2026-05-09 15:36:00+00:00,2026-05-12 19:23:00+00:00
EVT-2026S1-0326,EQ-OVEN-386,current_a,2026-05-11 12:00:00+00:00,23.3,A,EQ-OVEN-386|2026-05-11T12:00:00Z|current_a,incident,high,2026-05-11 01:07:00+00:00,2026-05-14 20:31:00+00:00
EVT-2026S1-0326,EQ-OVEN-386,temperature_c,2026-05-11 12:00:00+00:00,70.7,°C,EQ-OVEN-386|2026-05-11T12:00:00Z|temperature_c,incident,high,2026-05-11 01:07:00+00:00,2026-05-14 20:31:00+00:00
EVT-2026S1-0272,EQ-MIX-259,current_a,2026-05-11 18:00:00+00:00,21.59,A,EQ-MIX-259|2026-05-11T18:00:00Z|current_a,observation,low,2026-05-09 15:36:00+00:00,2026-05-12 19:23:00+00:00
EVT-2026S1-0272,EQ-MIX-259,vibration_mm_s,2026-05-11 18:00:00+00:00,3.19,mm/s,EQ-MIX-259|2026-05-11T18:00:00Z|vibration_mm_s,observation,low,2026-05-09 15:36:00+00:00,2026-05-12 19:23:00+00:00
EVT-2026S1-0326,EQ-OVEN-386,current_a,2026-05-11 18:00:00+00:00,24.56,A,EQ-OVEN-386|2026-05-11T18:00:00Z|current_a,incident,high,2026-05-11 01:07:00+00:00,2026-05-14 20:31:00+00:00
EVT-2026S1-0326,EQ-OVEN-386,temperature_c,2026-05-11 18:00:00+00:00,66.37,°C,EQ-OVEN-386|2026-05-11T18:00:00Z|temperature_c,incident,high,2026-05-11 01:07:00+00:00,2026-05-14 20:31:00+00:00
EVT-2026S1-0272,EQ-MIX-259,current_a,2026-05-12 00:00:00+00:00,24.79,A,EQ-MIX-259|2026-05-12T00:00:00Z|current_a,observation,low,2026-05-09 15:36:00+00:00,2026-05-12 19:23:00+00:00
EVT-2026S1-0272,EQ-MIX-259,vibration_mm_s,2026-05-12 00:00:00+00:00,2.53,mm/s,EQ-MIX-259|2026-05-12T00:00:00Z|vibration_mm_s,observation,low,2026-05-09 15:36:00+00:00,2026-05-12 19:23:00+00:00
EVT-2026S1-0326,EQ-OVEN-386,current_a,2026-05-12 00:00:00+00:00,28.49,A,EQ-OVEN-386|2026-05-12T00:00:00Z|current_a,incident,high,2026-05-11 01:07:00+00:00,2026-05-14 20:31:00+00:00
EVT-2026S1-0326,EQ-OVEN-386,temperature_c,2026-05-12 00:00:00+00:00,64.21,°C,EQ-OVEN-386|2026-05-12T00:00:00Z|temperature_c,incident,high,2026-05-11 01:07:00+00:00,2026-05-14 20:31:00+00:00
EVT-2026S1-0272,EQ-MIX-259,current_a,2026-05-12 06:00:00+00:00,22.38,A,EQ-MIX-259|2026-05-12T06:00:00Z|current_a,observation,low,2026-05-09 15:36:00+00:00,2026-05-12 19:23:00+00:00
EVT-2026S1-0272,EQ-MIX-259,vibration_mm_s,2026-05-12 06:00:00+00:00,2.3,mm/s,EQ-MIX-259|2026-05-12T06:00:00Z|vibration_mm_s,observation,low,2026-05-09 15:36:00+00:00,2026-05-12 19:23:00+00:00
EVT-2026S1-0326,EQ-OVEN-386,current_a,2026-05-12 06:00:00+00:00,26.13,A,EQ-OVEN-386|2026-05-12T06:00:00Z|current_a,incident,high,2026-05-11 01:07:00+00:00,2026-05-14 20:31:00+00:00
EVT-2026S1-0326,EQ-OVEN-386,temperature_c,2026-05-12 06:00:00+00:00,67.39,°C,EQ-OVEN-386|2026-05-12T06:00:00Z|temperature_c,incident,high,2026-05-11 01:07:00+00:00,2026-05-14 20:31:00+00:00
EVT-2026S1-0272,EQ-MIX-259,current_a,2026-05-12 12:00:00+00:00,20.68,A,EQ-MIX-259|2026-05-12T12:00:00Z|current_a,observation,low,2026-05-09 15:36:00+00:00,2026-05-12 19:23:00+00:00
EVT-2026S1-0272,EQ-MIX-259,vibration_mm_s,2026-05-12 12:00:00+00:00,2.59,mm/s,EQ-MIX-259|2026-05-12T12:00:00Z|vibration_mm_s,observation,low,2026-05-09 15:36:00+00:00,2026-05-12 19:23:00+00:00
EVT-2026S1-0326,EQ-OVEN-386,current_a,2026-05-12 12:00:00+00:00,24.3,A,EQ-OVEN-386|2026-05-12T12:00:00Z|current_a,incident,high,2026-05-11 01:07:00+00:00,2026-05-14 20:31:00+00:00
EVT-2026S1-0326,EQ-OVEN-386,temperature_c,2026-05-12 12:00:00+00:00,71.61,°C,EQ-OVEN-386|2026-05-12T12:00:00Z|temperature_c,incident,high,2026-05-11 01:07:00+00:00,2026-05-14 20:31:00+00:00
EVT-2026S1-0272,EQ-MIX-259,current_a,2026-05-12 18:00:00+00:00,22.72,A,EQ-MIX-259|2026-05-12T18:00:00Z|current_a,observation,low,2026-05-09 15:36:00+00:00,2026-05-12 19:23:00+00:00
EVT-2026S1-0272,EQ-MIX-259,vibration_mm_s,2026-05-12 18:00:00+00:00,2.88,mm/s,EQ-MIX-259|2026-05-12T18:00:00Z|vibration_mm_s,observation,low,2026-05-09 15:36:00+00:00,2026-05-12 19:23:00+00:00
EVT-2026S1-0326,EQ-OVEN-386,current_a,2026-05-12 18:00:00+00:00,24.18,A,EQ-OVEN-386|2026-05-12T18:00:00Z|current_a,incident,high,2026-05-11 01:07:00+00:00,2026-05-14 20:31:00+00:00
EVT-2026S1-0326,EQ-OVEN-386,temperature_c,2026-05-12 18:00:00+00:00,70.28,°C,EQ-OVEN-386|2026-05-12T18:00:00Z|temperature_c,incident,high,2026-05-11 01:07:00+00:00,2026-05-14 20:31:00+00:00
EVT-2026S1-0326,EQ-OVEN-386,current_a,2026-05-13 00:00:00+00:00,27.97,A,EQ-OVEN-386|2026-05-13T00:00:00Z|current_a,incident,high,2026-05-11 01:07:00+00:00,2026-05-14 20:31:00+00:00
EVT-2026S1-0326,EQ-OVEN-386,temperature_c,2026-05-13 00:00:00+00:00,65.17,°C,EQ-OVEN-386|2026-05-13T00:00:00Z|temperature_c,incident,high,2026-05-11 01:07:00+00:00,2026-05-14 20:31:00+00:00
EVT-2026S1-0326,EQ-OVEN-386,current_a,2026-05-13 06:00:00+00:00,27.29,A,EQ-OVEN-386|2026-05-13T06:00:00Z|current_a,incident,high,2026-05-11 01:07:00+00:00,2026-05-14 20:31:00+00:00
EVT-2026S1-0326,EQ-OVEN-386,temperature_c,2026-05-13 06:00:00+00:00,67.55,°C,EQ-OVEN-386|2026-05-13T06:00:00Z|temperature_c,incident,high,2026-05-11 01:07:00+00:00,2026-05-14 20:31:00+00:00
EVT-2026S1-0326,EQ-OVEN-386,current_a,2026-05-13 12:00:00+00:00,24.32,A,EQ-OVEN-386|2026-05-13T12:00:00Z|current_a,incident,high,2026-05-11 01:07:00+00:00,2026-05-14 20:31:00+00:00
EVT-2026S1-0326,EQ-OVEN-386,temperature_c,2026-05-13 12:00:00+00:00,74.27,°C,EQ-OVEN-386|2026-05-13T12:00:00Z|temperature_c,incident,high,2026-05-11 01:07:00+00:00,2026-05-14 20:31:00+00:00
EVT-2026S1-0326,EQ-OVEN-386,current_a,2026-05-13 18:00:00+00:00,27.14,A,EQ-OVEN-386|2026-05-13T18:00:00Z|current_a,incident,high,2026-05-11 01:07:00+00:00,2026-05-14 20:31:00+00:00
EVT-2026S1-0326,EQ-OVEN-386,temperature_c,2026-05-13 18:00:00+00:00,70.67,°C,EQ-OVEN-386|2026-05-13T18:00:00Z|temperature_c,incident,high,2026-05-11 01:07:00+00:00,2026-05-14 20:31:00+00:00
EVT-2026S1-0326,EQ-OVEN-386,current_a,2026-05-14 00:00:00+00:00,26.86,A,EQ-OVEN-386|2026-05-14T00:00:00Z|current_a,incident,high,2026-05-11 01:07:00+00:00,2026-05-14 20:31:00+00:00
EVT-2026S1-0326,EQ-OVEN-386,temperature_c,2026-05-14 00:00:00+00:00,61.24,°C,EQ-OVEN-386|2026-05-14T00:00:00Z|temperature_c,incident,high,2026-05-11 01:07:00+00:00,2026-05-14 20:31:00+00:00
EVT-2026S1-0326,EQ-OVEN-386,current_a,2026-05-14 06:00:00+00:00,26.37,A,EQ-OVEN-386|2026-05-14T06:00:00Z|current_a,incident,high,2026-05-11 01:07:00+00:00,2026-05-14 20:31:00+00:00
EVT-2026S1-0326,EQ-OVEN-386,temperature_c,2026-05-14 06:00:00+00:00,69.24,°C,EQ-OVEN-386|2026-05-14T06:00:00Z|temperature_c,incident,high,2026-05-11 01:07:00+00:00,2026-05-14 20:31:00+00:00
EVT-2026S1-0326,EQ-OVEN-386,current_a,2026-05-14 12:00:00+00:00,22.49,A,EQ-OVEN-386|2026-05-14T12:00:00Z|current_a,incident,high,2026-05-11 01:07:00+00:00,2026-05-14 20:31:00+00:00
EVT-2026S1-0326,EQ-OVEN-386,temperature_c,2026-05-14 12:00:00+00:00,66.97,°C,EQ-OVEN-386|2026-05-14T12:00:00Z|temperature_c,incident,high,2026-05-11 01:07:00+00:00,2026-05-14 20:31:00+00:00
EVT-2026S1-0326,EQ-OVEN-386,current_a,2026-05-14 18:00:00+00:00,20.32,A,EQ-OVEN-386|2026-05-14T18:00:00Z|current_a,incident,high,2026-05-11 01:07:00+00:00,2026-05-14 20:31:00+00:00
EVT-2026S1-0326,EQ-OVEN-386,temperature_c,2026-05-14 18:00:00+00:00,63.08,°C,EQ-OVEN-386|2026-05-14T18:00:00Z|temperature_c,incident,high,2026-05-11 01:07:00+00:00,2026-05-14 20:31:00+00:00
EVT-2026S1-0018,EQ-COMP-002,pressure_bar,2026-05-16 12:00:00+00:00,6.71,bar,EQ-COMP-002|2026-05-16T12:00:00Z|pressure_bar,incident,high,2026-05-16 09:33:00+00:00,2026-05-20 04:03:00+00:00
EVT-2026S1-0018,EQ-COMP-002,temperature_c,2026-05-16 12:00:00+00:00,57.95,°C,EQ-COMP-002|2026-05-16T12:00:00Z|temperature_c,incident,high,2026-05-16 09:33:00+00:00,2026-05-20 04:03:00+00:00
EVT-2026S1-0018,EQ-COMP-002,pressure_bar,2026-05-16 18:00:00+00:00,6.41,bar,EQ-COMP-002|2026-05-16T18:00:00Z|pressure_bar,incident,high,2026-05-16 09:33:00+00:00,2026-05-20 04:03:00+00:00
EVT-2026S1-0018,EQ-COMP-002,temperature_c,2026-05-16 18:00:00+00:00,56.94,°C,EQ-COMP-002|2026-05-16T18:00:00Z|temperature_c,incident,high,2026-05-16 09:33:00+00:00,2026-05-20 04:03:00+00:00
EVT-2026S1-0018,EQ-COMP-002,pressure_bar,2026-05-17 00:00:00+00:00,6.15,bar,EQ-COMP-002|2026-05-17T00:00:00Z|pressure_bar,incident,high,2026-05-16 09:33:00+00:00,2026-05-20 04:03:00+00:00
EVT-2026S1-0018,EQ-COMP-002,temperature_c,2026-05-17 00:00:00+00:00,64.0,°C,EQ-COMP-002|2026-05-17T00:00:00Z|temperature_c,incident,high,2026-05-16 09:33:00+00:00,2026-05-20 04:03:00+00:00
EVT-2026S1-0018,EQ-COMP-002,pressure_bar,2026-05-17 06:00:00+00:00,5.76,bar,EQ-COMP-002|2026-05-17T06:00:00Z|pressure_bar,incident,high,2026-05-16 09:33:00+00:00,2026-05-20 04:03:00+00:00
EVT-2026S1-0018,EQ-COMP-002,temperature_c,2026-05-17 06:00:00+00:00,62.52,°C,EQ-COMP-002|2026-05-17T06:00:00Z|temperature_c,incident,high,2026-05-16 09:33:00+00:00,2026-05-20 04:03:00+00:00
EVT-2026S1-0018,EQ-COMP-002,pressure_bar,2026-05-17 12:00:00+00:00,6.08,bar,EQ-COMP-002|2026-05-17T12:00:00Z|pressure_bar,incident,high,2026-05-16 09:33:00+00:00,2026-05-20 04:03:00+00:00
EVT-2026S1-0018,EQ-COMP-002,temperature_c,2026-05-17 12:00:00+00:00,56.18,°C,EQ-COMP-002|2026-05-17T12:00:00Z|temperature_c,incident,high,2026-05-16 09:33:00+00:00,2026-05-20 04:03:00+00:00
EVT-2026S1-0018,EQ-COMP-002,pressure_bar,2026-05-17 18:00:00+00:00,6.44,bar,EQ-COMP-002|2026-05-17T18:00:00Z|pressure_bar,incident,high,2026-05-16 09:33:00+00:00,2026-05-20 04:03:00+00:00
EVT-2026S1-0018,EQ-COMP-002,temperature_c,2026-05-17 18:00:00+00:00,60.27,°C,EQ-COMP-002|2026-05-17T18:00:00Z|temperature_c,incident,high,2026-05-16 09:33:00+00:00,2026-05-20 04:03:00+00:00
EVT-2026S1-0018,EQ-COMP-002,pressure_bar,2026-05-18 00:00:00+00:00,6.15,bar,EQ-COMP-002|2026-05-18T00:00:00Z|pressure_bar,incident,high,2026-05-16 09:33:00+00:00,2026-05-20 04:03:00+00:00
EVT-2026S1-0018,EQ-COMP-002,temperature_c,2026-05-18 00:00:00+00:00,69.26,°C,EQ-COMP-002|2026-05-18T00:00:00Z|temperature_c,incident,high,2026-05-16 09:33:00+00:00,2026-05-20 04:03:00+00:00
EVT-2026S1-0018,EQ-COMP-002,pressure_bar,2026-05-18 06:00:00+00:00,5.92,bar,EQ-COMP-002|2026-05-18T06:00:00Z|pressure_bar,incident,high,2026-05-16 09:33:00+00:00,2026-05-20 04:03:00+00:00
EVT-2026S1-0018,EQ-COMP-002,temperature_c,2026-05-18 06:00:00+00:00,69.0,°C,EQ-COMP-002|2026-05-18T06:00:00Z|temperature_c,incident,high,2026-05-16 09:33:00+00:00,2026-05-20 04:03:00+00:00
EVT-2026S1-X012,EQ-CONV-003,current_a,2026-05-18 06:00:00+00:00,21.92,A,EQ-CONV-003|2026-05-18T06:00:00Z|current_a,incident,critical,2026-05-18 04:19:00+00:00,2026-05-22 14:37:00+00:00
EVT-2026S1-X012,EQ-CONV-003,rpm,2026-05-18 06:00:00+00:00,1246.6,rpm,EQ-CONV-003|2026-05-18T06:00:00Z|rpm,incident,critical,2026-05-18 04:19:00+00:00,2026-05-22 14:37:00+00:00
EVT-2026S1-0018,EQ-COMP-002,pressure_bar,2026-05-18 12:00:00+00:00,6.21,bar,EQ-COMP-002|2026-05-18T12:00:00Z|pressure_bar,incident,high,2026-05-16 09:33:00+00:00,2026-05-20 04:03:00+00:00
EVT-2026S1-0018,EQ-COMP-002,temperature_c,2026-05-18 12:00:00+00:00,61.21,°C,EQ-COMP-002|2026-05-18T12:00:00Z|temperature_c,incident,high,2026-05-16 09:33:00+00:00,2026-05-20 04:03:00+00:00
EVT-2026S1-X012,EQ-CONV-003,current_a,2026-05-18 12:00:00+00:00,23.82,A,EQ-CONV-003|2026-05-18T12:00:00Z|current_a,incident,critical,2026-05-18 04:19:00+00:00,2026-05-22 14:37:00+00:00
EVT-2026S1-X012,EQ-CONV-003,rpm,2026-05-18 12:00:00+00:00,1253.13,rpm,EQ-CONV-003|2026-05-18T12:00:00Z|rpm,incident,critical,2026-05-18 04:19:00+00:00,2026-05-22 14:37:00+00:00
EVT-2026S1-0018,EQ-COMP-002,pressure_bar,2026-05-18 18:00:00+00:00,6.17,bar,EQ-COMP-002|2026-05-18T18:00:00Z|pressure_bar,incident,high,2026-05-16 09:33:00+00:00,2026-05-20 04:03:00+00:00
EVT-2026S1-0018,EQ-COMP-002,temperature_c,2026-05-18 18:00:00+00:00,62.16,°C,EQ-COMP-002|2026-05-18T18:00:00Z|temperature_c,incident,high,2026-05-16 09:33:00+00:00,2026-05-20 04:03:00+00:00
EVT-2026S1-X012,EQ-CONV-003,current_a,2026-05-18 18:00:00+00:00,20.25,A,EQ-CONV-003|2026-05-18T18:00:00Z|current_a,incident,critical,2026-05-18 04:19:00+00:00,2026-05-22 14:37:00+00:00
EVT-2026S1-X012,EQ-CONV-003,rpm,2026-05-18 18:00:00+00:00,1337.49,rpm,EQ-CONV-003|2026-05-18T18:00:00Z|rpm,incident,critical,2026-05-18 04:19:00+00:00,2026-05-22 14:37:00+00:00
EVT-2026S1-0018,EQ-COMP-002,pressure_bar,2026-05-19 00:00:00+00:00,6.39,bar,EQ-COMP-002|2026-05-19T00:00:00Z|pressure_bar,incident,high,2026-05-16 09:33:00+00:00,2026-05-20 04:03:00+00:00
EVT-2026S1-0018,EQ-COMP-002,temperature_c,2026-05-19 00:00:00+00:00,69.49,°C,EQ-COMP-002|2026-05-19T00:00:00Z|temperature_c,incident,high,2026-05-16 09:33:00+00:00,2026-05-20 04:03:00+00:00
EVT-2026S1-0203,EQ-COMP-233,pressure_bar,2026-05-19 00:00:00+00:00,6.41,bar,EQ-COMP-233|2026-05-19T00:00:00Z|pressure_bar,intervention,high,2026-05-18 22:24:00+00:00,2026-05-22 05:19:00+00:00
EVT-2026S1-0203,EQ-COMP-233,temperature_c,2026-05-19 00:00:00+00:00,64.81,°C,EQ-COMP-233|2026-05-19 00:00:00|temperature_c,intervention,high,2026-05-18 22:24:00+00:00,2026-05-22 05:19:00+00:00
EVT-2026S1-X012,EQ-CONV-003,current_a,2026-05-19 00:00:00+00:00,22.3,A,EQ-CONV-003|2026-05-19T00:00:00Z|current_a,incident,critical,2026-05-18 04:19:00+00:00,2026-05-22 14:37:00+00:00
EVT-2026S1-X012,EQ-CONV-003,rpm,2026-05-19 00:00:00+00:00,1267.25,rpm,EQ-CONV-003|2026-05-19T00:00:00Z|rpm,incident,critical,2026-05-18 04:19:00+00:00,2026-05-22 14:37:00+00:00
EVT-2026S1-0018,EQ-COMP-002,pressure_bar,2026-05-19 06:00:00+00:00,6.09,bar,EQ-COMP-002|2026-05-19T06:00:00Z|pressure_bar,incident,high,2026-05-16 09:33:00+00:00,2026-05-20 04:03:00+00:00
EVT-2026S1-0018,EQ-COMP-002,temperature_c,2026-05-19 06:00:00+00:00,67.48,°C,EQ-COMP-002|2026-05-19T06:00:00Z|temperature_c,incident,high,2026-05-16 09:33:00+00:00,2026-05-20 04:03:00+00:00
EVT-2026S1-0203,EQ-COMP-233,pressure_bar,2026-05-19 06:00:00+00:00,6.94,bar,EQ-COMP-233|2026-05-19T06:00:00Z|pressure_bar,intervention,high,2026-05-18 22:24:00+00:00,2026-05-22 05:19:00+00:00
EVT-2026S1-0203,EQ-COMP-233,temperature_c,2026-05-19 06:00:00+00:00,61.33,°C,EQ-COMP-233|2026-05-19 06:00:00|temperature_c,intervention,high,2026-05-18 22:24:00+00:00,2026-05-22 05:19:00+00:00
EVT-2026S1-X012,EQ-CONV-003,current_a,2026-05-19 06:00:00+00:00,25.51,A,EQ-CONV-003|2026-05-19T06:00:00Z|current_a,incident,critical,2026-05-18 04:19:00+00:00,2026-05-22 14:37:00+00:00
EVT-2026S1-X012,EQ-CONV-003,rpm,2026-05-19 06:00:00+00:00,1214.7,rpm,EQ-CONV-003|2026-05-19T06:00:00Z|rpm,incident,critical,2026-05-18 04:19:00+00:00,2026-05-22 14:37:00+00:00
EVT-2026S1-0018,EQ-COMP-002,pressure_bar,2026-05-19 12:00:00+00:00,6.25,bar,EQ-COMP-002|2026-05-19T12:00:00Z|pressure_bar,incident,high,2026-05-16 09:33:00+00:00,2026-05-20 04:03:00+00:00
EVT-2026S1-0018,EQ-COMP-002,temperature_c,2026-05-19 12:00:00+00:00,59.42,°C,EQ-COMP-002|2026-05-19T12:00:00Z|temperature_c,incident,high,2026-05-16 09:33:00+00:00,2026-05-20 04:03:00+00:00
EVT-2026S1-0203,EQ-COMP-233,pressure_bar,2026-05-19 12:00:00+00:00,7.04,bar,EQ-COMP-233|2026-05-19T12:00:00Z|pressure_bar,intervention,high,2026-05-18 22:24:00+00:00,2026-05-22 05:19:00+00:00
EVT-2026S1-0203,EQ-COMP-233,temperature_c,2026-05-19 12:00:00+00:00,55.7,°C,EQ-COMP-233|2026-05-19 12:00:00|temperature_c,intervention,high,2026-05-18 22:24:00+00:00,2026-05-22 05:19:00+00:00
EVT-2026S1-X012,EQ-CONV-003,current_a,2026-05-19 12:00:00+00:00,26.31,A,EQ-CONV-003|2026-05-19T12:00:00Z|current_a,incident,critical,2026-05-18 04:19:00+00:00,2026-05-22 14:37:00+00:00
EVT-2026S1-X012,EQ-CONV-003,rpm,2026-05-19 12:00:00+00:00,1240.26,rpm,EQ-CONV-003|2026-05-19T12:00:00Z|rpm,incident,critical,2026-05-18 04:19:00+00:00,2026-05-22 14:37:00+00:00
EVT-2026S1-0342,EQ-CONV-262,current_a,2026-05-19 12:00:00+00:00,29.72,A,EQ-CONV-262|2026-05-19T12:00:00Z|current_a,intervention,medium,2026-05-19 11:30:00+00:00,2026-05-23 12:17:00+00:00
EVT-2026S1-0342,EQ-CONV-262,rpm,2026-05-19 12:00:00+00:00,1423.42,rpm,EQ-CONV-262|2026-05-19T12:00:00Z|rpm,intervention,medium,2026-05-19 11:30:00+00:00,2026-05-23 12:17:00+00:00
EVT-2026S1-0432,EQ-STEAM-352,pressure_bar,2026-05-19 12:00:00+00:00,6.5,bar,EQ-STEAM-352|2026-05-19T12:00:00Z|pressure_bar,observation,medium,2026-05-19 07:23:00+00:00,2026-05-23 14:11:00+00:00
EVT-2026S1-0432,EQ-STEAM-352,temperature_c,2026-05-19 12:00:00+00:00,56.99,°C,EQ-STEAM-352|2026-05-19T12:00:00Z|temperature_c,observation,medium,2026-05-19 07:23:00+00:00,2026-05-23 14:11:00+00:00
EVT-2026S1-0018,EQ-COMP-002,pressure_bar,2026-05-19 18:00:00+00:00,6.67,bar,EQ-COMP-002|2026-05-19T18:00:00Z|pressure_bar,incident,high,2026-05-16 09:33:00+00:00,2026-05-20 04:03:00+00:00
EVT-2026S1-0018,EQ-COMP-002,temperature_c,2026-05-19 18:00:00+00:00,58.11,°C,EQ-COMP-002|2026-05-19T18:00:00Z|temperature_c,incident,high,2026-05-16 09:33:00+00:00,2026-05-20 04:03:00+00:00
EVT-2026S1-0203,EQ-COMP-233,pressure_bar,2026-05-19 18:00:00+00:00,6.35,bar,EQ-COMP-233|2026-05-19T18:00:00Z|pressure_bar,intervention,high,2026-05-18 22:24:00+00:00,2026-05-22 05:19:00+00:00
EVT-2026S1-0203,EQ-COMP-233,temperature_c,2026-05-19 18:00:00+00:00,60.37,°C,EQ-COMP-233|2026-05-19 18:00:00|temperature_c,intervention,high,2026-05-18 22:24:00+00:00,2026-05-22 05:19:00+00:00
EVT-2026S1-X012,EQ-CONV-003,current_a,2026-05-19 18:00:00+00:00,24.26,A,EQ-CONV-003|2026-05-19T18:00:00Z|current_a,incident,critical,2026-05-18 04:19:00+00:00,2026-05-22 14:37:00+00:00
EVT-2026S1-X012,EQ-CONV-003,rpm,2026-05-19 18:00:00+00:00,1276.7,rpm,EQ-CONV-003|2026-05-19T18:00:00Z|rpm,incident,critical,2026-05-18 04:19:00+00:00,2026-05-22 14:37:00+00:00
EVT-2026S1-0342,EQ-CONV-262,current_a,2026-05-19 18:00:00+00:00,31.09,A,EQ-CONV-262|2026-05-19T18:00:00Z|current_a,intervention,medium,2026-05-19 11:30:00+00:00,2026-05-23 12:17:00+00:00
EVT-2026S1-0342,EQ-CONV-262,rpm,2026-05-19 18:00:00+00:00,1507.43,rpm,EQ-CONV-262|2026-05-19T18:00:00Z|rpm,intervention,medium,2026-05-19 11:30:00+00:00,2026-05-23 12:17:00+00:00
EVT-2026S1-0432,EQ-STEAM-352,pressure_bar,2026-05-19 18:00:00+00:00,6.03,bar,EQ-STEAM-352|2026-05-19T18:00:00Z|pressure_bar,observation,medium,2026-05-19 07:23:00+00:00,2026-05-23 14:11:00+00:00
EVT-2026S1-0432,EQ-STEAM-352,temperature_c,2026-05-19 18:00:00+00:00,59.04,°C,EQ-STEAM-352|2026-05-19T18:00:00Z|temperature_c,observation,medium,2026-05-19 07:23:00+00:00,2026-05-23 14:11:00+00:00
EVT-2026S1-0018,EQ-COMP-002,pressure_bar,2026-05-20 00:00:00+00:00,6.41,bar,EQ-COMP-002|2026-05-20T00:00:00Z|pressure_bar,incident,high,2026-05-16 09:33:00+00:00,2026-05-20 04:03:00+00:00
EVT-2026S1-0018,EQ-COMP-002,temperature_c,2026-05-20 00:00:00+00:00,64.29,°C,EQ-COMP-002|2026-05-20T00:00:00Z|temperature_c,incident,high,2026-05-16 09:33:00+00:00,2026-05-20 04:03:00+00:00
EVT-2026S1-0203,EQ-COMP-233,pressure_bar,2026-05-20 00:00:00+00:00,6.36,bar,EQ-COMP-233|2026-05-20T00:00:00Z|pressure_bar,intervention,high,2026-05-18 22:24:00+00:00,2026-05-22 05:19:00+00:00
EVT-2026S1-0203,EQ-COMP-233,temperature_c,2026-05-20 00:00:00+00:00,61.06,°C,EQ-COMP-233|2026-05-20 00:00:00|temperature_c,intervention,high,2026-05-18 22:24:00+00:00,2026-05-22 05:19:00+00:00
EVT-2026S1-X012,EQ-CONV-003,current_a,2026-05-20 00:00:00+00:00,23.89,A,EQ-CONV-003|2026-05-20T00:00:00Z|current_a,incident,critical,2026-05-18 04:19:00+00:00,2026-05-22 14:37:00+00:00
EVT-2026S1-X012,EQ-CONV-003,rpm,2026-05-20 00:00:00+00:00,1169.75,rpm,EQ-CONV-003|2026-05-20T00:00:00Z|rpm,incident,critical,2026-05-18 04:19:00+00:00,2026-05-22 14:37:00+00:00
EVT-2026S1-0342,EQ-CONV-262,current_a,2026-05-20 00:00:00+00:00,29.2,A,EQ-CONV-262|2026-05-20T00:00:00Z|current_a,intervention,medium,2026-05-19 11:30:00+00:00,2026-05-23 12:17:00+00:00
EVT-2026S1-0342,EQ-CONV-262,rpm,2026-05-20 00:00:00+00:00,1475.77,rpm,EQ-CONV-262|2026-05-20T00:00:00Z|rpm,intervention,medium,2026-05-19 11:30:00+00:00,2026-05-23 12:17:00+00:00
EVT-2026S1-0432,EQ-STEAM-352,pressure_bar,2026-05-20 00:00:00+00:00,6.22,bar,EQ-STEAM-352|2026-05-20T00:00:00Z|pressure_bar,observation,medium,2026-05-19 07:23:00+00:00,2026-05-23 14:11:00+00:00
EVT-2026S1-0432,EQ-STEAM-352,temperature_c,2026-05-20 00:00:00+00:00,62.1,°C,EQ-STEAM-352|2026-05-20T00:00:00Z|temperature_c,observation,medium,2026-05-19 07:23:00+00:00,2026-05-23 14:11:00+00:00
EVT-2026S1-0203,EQ-COMP-233,pressure_bar,2026-05-20 06:00:00+00:00,6.64,bar,EQ-COMP-233|2026-05-20T06:00:00Z|pressure_bar,intervention,high,2026-05-18 22:24:00+00:00,2026-05-22 05:19:00+00:00
EVT-2026S1-0203,EQ-COMP-233,temperature_c,2026-05-20 06:00:00+00:00,59.03,°C,EQ-COMP-233|2026-05-20 06:00:00|temperature_c,intervention,high,2026-05-18 22:24:00+00:00,2026-05-22 05:19:00+00:00
EVT-2026S1-X012,EQ-CONV-003,current_a,2026-05-20 06:00:00+00:00,27.71,A,EQ-CONV-003|2026-05-20T06:00:00Z|current_a,incident,critical,2026-05-18 04:19:00+00:00,2026-05-22 14:37:00+00:00
EVT-2026S1-X012,EQ-CONV-003,rpm,2026-05-20 06:00:00+00:00,1120.52,rpm,EQ-CONV-003|2026-05-20T06:00:00Z|rpm,incident,critical,2026-05-18 04:19:00+00:00,2026-05-22 14:37:00+00:00
EVT-2026S1-0342,EQ-CONV-262,current_a,2026-05-20 06:00:00+00:00,26.65,A,EQ-CONV-262|2026-05-20T06:00:00Z|current_a,intervention,medium,2026-05-19 11:30:00+00:00,2026-05-23 12:17:00+00:00
EVT-2026S1-0342,EQ-CONV-262,rpm,2026-05-20 06:00:00+00:00,1438.57,rpm,EQ-CONV-262|2026-05-20T06:00:00Z|rpm,intervention,medium,2026-05-19 11:30:00+00:00,2026-05-23 12:17:00+00:00
EVT-2026S1-0432,EQ-STEAM-352,pressure_bar,2026-05-20 06:00:00+00:00,6.65,bar,EQ-STEAM-352|2026-05-20T06:00:00Z|pressure_bar,observation,medium,2026-05-19 07:23:00+00:00,2026-05-23 14:11:00+00:00
EVT-2026S1-0432,EQ-STEAM-352,temperature_c,2026-05-20 06:00:00+00:00,62.52,°C,EQ-STEAM-352|2026-05-20T06:00:00Z|temperature_c,observation,medium,2026-05-19 07:23:00+00:00,2026-05-23 14:11:00+00:00
EVT-2026S1-0203,EQ-COMP-233,pressure_bar,2026-05-20 12:00:00+00:00,6.88,bar,EQ-COMP-233|2026-05-20T12:00:00Z|pressure_bar,intervention,high,2026-05-18 22:24:00+00:00,2026-05-22 05:19:00+00:00
EVT-2026S1-0203,EQ-COMP-233,temperature_c,2026-05-20 12:00:00+00:00,55.66,°C,EQ-COMP-233|2026-05-20 12:00:00|temperature_c,intervention,high,2026-05-18 22:24:00+00:00,2026-05-22 05:19:00+00:00
EVT-2026S1-X012,EQ-CONV-003,current_a,2026-05-20 12:00:00+00:00,28.21,A,EQ-CONV-003|2026-05-20T12:00:00Z|current_a,incident,critical,2026-05-18 04:19:00+00:00,2026-05-22 14:37:00+00:00
EVT-2026S1-X012,EQ-CONV-003,rpm,2026-05-20 12:00:00+00:00,1209.39,rpm,EQ-CONV-003|2026-05-20T12:00:00Z|rpm,incident,critical,2026-05-18 04:19:00+00:00,2026-05-22 14:37:00+00:00
EVT-2026S1-0342,EQ-CONV-262,current_a,2026-05-20 12:00:00+00:00,28.03,A,EQ-CONV-262|2026-05-20T12:00:00Z|current_a,intervention,medium,2026-05-19 11:30:00+00:00,2026-05-23 12:17:00+00:00
EVT-2026S1-0342,EQ-CONV-262,rpm,2026-05-20 12:00:00+00:00,1480.11,rpm,EQ-CONV-262|2026-05-20T12:00:00Z|rpm,intervention,medium,2026-05-19 11:30:00+00:00,2026-05-23 12:17:00+00:00
EVT-2026S1-0432,EQ-STEAM-352,pressure_bar,2026-05-20 12:00:00+00:00,6.38,bar,EQ-STEAM-352|2026-05-20T12:00:00Z|pressure_bar,observation,medium,2026-05-19 07:23:00+00:00,2026-05-23 14:11:00+00:00
EVT-2026S1-0432,EQ-STEAM-352,temperature_c,2026-05-20 12:00:00+00:00,56.01,°C,EQ-STEAM-352|2026-05-20T12:00:00Z|temperature_c,observation,medium,2026-05-19 07:23:00+00:00,2026-05-23 14:11:00+00:00
EVT-2026S1-0203,EQ-COMP-233,pressure_bar,2026-05-20 18:00:00+00:00,6.39,bar,EQ-COMP-233|2026-05-20T18:00:00Z|pressure_bar,intervention,high,2026-05-18 22:24:00+00:00,2026-05-22 05:19:00+00:00
EVT-2026S1-0203,EQ-COMP-233,temperature_c,2026-05-20 18:00:00+00:00,60.11,°C,EQ-COMP-233|2026-05-20 18:00:00|temperature_c,intervention,high,2026-05-18 22:24:00+00:00,2026-05-22 05:19:00+00:00
EVT-2026S1-0002,EQ-CONV-003,current_a,2026-05-20 18:00:00+00:00,24.55,A,EQ-CONV-003|2026-05-20T18:00:00Z|current_a,incident,medium,2026-05-20 13:48:00+00:00,2026-05-23 16:49:00+00:00
EVT-2026S1-X012,EQ-CONV-003,current_a,2026-05-20 18:00:00+00:00,24.55,A,EQ-CONV-003|2026-05-20T18:00:00Z|current_a,incident,critical,2026-05-18 04:19:00+00:00,2026-05-22 14:37:00+00:00
EVT-2026S1-0002,EQ-CONV-003,rpm,2026-05-20 18:00:00+00:00,1255.61,rpm,EQ-CONV-003|2026-05-20T18:00:00Z|rpm,incident,medium,2026-05-20 13:48:00+00:00,2026-05-23 16:49:00+00:00
EVT-2026S1-X012,EQ-CONV-003,rpm,2026-05-20 18:00:00+00:00,1255.61,rpm,EQ-CONV-003|2026-05-20T18:00:00Z|rpm,incident,critical,2026-05-18 04:19:00+00:00,2026-05-22 14:37:00+00:00
EVT-2026S1-0342,EQ-CONV-262,current_a,2026-05-20 18:00:00+00:00,30.17,A,EQ-CONV-262|2026-05-20T18:00:00Z|current_a,intervention,medium,2026-05-19 11:30:00+00:00,2026-05-23 12:17:00+00:00
EVT-2026S1-0342,EQ-CONV-262,rpm,2026-05-20 18:00:00+00:00,1540.06,rpm,EQ-CONV-262|2026-05-20T18:00:00Z|rpm,intervention,medium,2026-05-19 11:30:00+00:00,2026-05-23 12:17:00+00:00
EVT-2026S1-0432,EQ-STEAM-352,pressure_bar,2026-05-20 18:00:00+00:00,6.16,bar,EQ-STEAM-352|2026-05-20T18:00:00Z|pressure_bar,observation,medium,2026-05-19 07:23:00+00:00,2026-05-23 14:11:00+00:00
EVT-2026S1-0432,EQ-STEAM-352,temperature_c,2026-05-20 18:00:00+00:00,56.01,°C,EQ-STEAM-352|2026-05-20T18:00:00Z|temperature_c,observation,medium,2026-05-19 07:23:00+00:00,2026-05-23 14:11:00+00:00
EVT-2026S1-0203,EQ-COMP-233,pressure_bar,2026-05-21 00:00:00+00:00,6.57,bar,EQ-COMP-233|2026-05-21T00:00:00Z|pressure_bar,intervention,high,2026-05-18 22:24:00+00:00,2026-05-22 05:19:00+00:00
EVT-2026S1-0203,EQ-COMP-233,temperature_c,2026-05-21 00:00:00+00:00,63.63,°C,EQ-COMP-233|2026-05-21 00:00:00|temperature_c,intervention,high,2026-05-18 22:24:00+00:00,2026-05-22 05:19:00+00:00
EVT-2026S1-0002,EQ-CONV-003,current_a,2026-05-21 00:00:00+00:00,22.73,A,EQ-CONV-003|2026-05-21T00:00:00Z|current_a,incident,medium,2026-05-20 13:48:00+00:00,2026-05-23 16:49:00+00:00
EVT-2026S1-X012,EQ-CONV-003,current_a,2026-05-21 00:00:00+00:00,22.73,A,EQ-CONV-003|2026-05-21T00:00:00Z|current_a,incident,critical,2026-05-18 04:19:00+00:00,2026-05-22 14:37:00+00:00
EVT-2026S1-0002,EQ-CONV-003,rpm,2026-05-21 00:00:00+00:00,1191.34,rpm,EQ-CONV-003|2026-05-21T00:00:00Z|rpm,incident,medium,2026-05-20 13:48:00+00:00,2026-05-23 16:49:00+00:00
EVT-2026S1-X012,EQ-CONV-003,rpm,2026-05-21 00:00:00+00:00,1191.34,rpm,EQ-CONV-003|2026-05-21T00:00:00Z|rpm,incident,critical,2026-05-18 04:19:00+00:00,2026-05-22 14:37:00+00:00
EVT-2026S1-0342,EQ-CONV-262,current_a,2026-05-21 00:00:00+00:00,27.69,A,EQ-CONV-262|2026-05-21T00:00:00Z|current_a,intervention,medium,2026-05-19 11:30:00+00:00,2026-05-23 12:17:00+00:00
EVT-2026S1-0342,EQ-CONV-262,rpm,2026-05-21 00:00:00+00:00,1464.51,rpm,EQ-CONV-262|2026-05-21T00:00:00Z|rpm,intervention,medium,2026-05-19 11:30:00+00:00,2026-05-23 12:17:00+00:00
EVT-2026S1-0432,EQ-STEAM-352,pressure_bar,2026-05-21 00:00:00+00:00,6.03,bar,EQ-STEAM-352|2026-05-21T00:00:00Z|pressure_bar,observation,medium,2026-05-19 07:23:00+00:00,2026-05-23 14:11:00+00:00
EVT-2026S1-0432,EQ-STEAM-352,temperature_c,2026-05-21 00:00:00+00:00,64.07,°C,EQ-STEAM-352|2026-05-21T00:00:00Z|temperature_c,observation,medium,2026-05-19 07:23:00+00:00,2026-05-23 14:11:00+00:00
EVT-2026S1-0203,EQ-COMP-233,pressure_bar,2026-05-21 06:00:00+00:00,6.81,bar,EQ-COMP-233|2026-05-21T06:00:00Z|pressure_bar,intervention,high,2026-05-18 22:24:00+00:00,2026-05-22 05:19:00+00:00
EVT-2026S1-0203,EQ-COMP-233,temperature_c,2026-05-21 06:00:00+00:00,59.79,°C,EQ-COMP-233|2026-05-21 06:00:00|temperature_c,intervention,high,2026-05-18 22:24:00+00:00,2026-05-22 05:19:00+00:00
EVT-2026S1-0002,EQ-CONV-003,current_a,2026-05-21 06:00:00+00:00,25.86,A,EQ-CONV-003|2026-05-21T06:00:00Z|current_a,incident,medium,2026-05-20 13:48:00+00:00,2026-05-23 16:49:00+00:00
EVT-2026S1-X012,EQ-CONV-003,current_a,2026-05-21 06:00:00+00:00,25.86,A,EQ-CONV-003|2026-05-21T06:00:00Z|current_a,incident,critical,2026-05-18 04:19:00+00:00,2026-05-22 14:37:00+00:00
EVT-2026S1-0002,EQ-CONV-003,rpm,2026-05-21 06:00:00+00:00,1104.53,rpm,EQ-CONV-003|2026-05-21T06:00:00Z|rpm,incident,medium,2026-05-20 13:48:00+00:00,2026-05-23 16:49:00+00:00
EVT-2026S1-X012,EQ-CONV-003,rpm,2026-05-21 06:00:00+00:00,1104.53,rpm,EQ-CONV-003|2026-05-21T06:00:00Z|rpm,incident,critical,2026-05-18 04:19:00+00:00,2026-05-22 14:37:00+00:00
EVT-2026S1-0342,EQ-CONV-262,current_a,2026-05-21 06:00:00+00:00,27.66,A,EQ-CONV-262|2026-05-21T06:00:00Z|current_a,intervention,medium,2026-05-19 11:30:00+00:00,2026-05-23 12:17:00+00:00
EVT-2026S1-0342,EQ-CONV-262,rpm,2026-05-21 06:00:00+00:00,1449.96,rpm,EQ-CONV-262|2026-05-21T06:00:00Z|rpm,intervention,medium,2026-05-19 11:30:00+00:00,2026-05-23 12:17:00+00:00
EVT-2026S1-0432,EQ-STEAM-352,pressure_bar,2026-05-21 06:00:00+00:00,6.86,bar,EQ-STEAM-352|2026-05-21T06:00:00Z|pressure_bar,observation,medium,2026-05-19 07:23:00+00:00,2026-05-23 14:11:00+00:00
EVT-2026S1-0432,EQ-STEAM-352,temperature_c,2026-05-21 06:00:00+00:00,64.15,°C,EQ-STEAM-352|2026-05-21T06:00:00Z|temperature_c,observation,medium,2026-05-19 07:23:00+00:00,2026-05-23 14:11:00+00:00
EVT-2026S1-0203,EQ-COMP-233,pressure_bar,2026-05-21 12:00:00+00:00,7.26,bar,EQ-COMP-233|2026-05-21T12:00:00Z|pressure_bar,intervention,high,2026-05-18 22:24:00+00:00,2026-05-22 05:19:00+00:00
EVT-2026S1-0203,EQ-COMP-233,temperature_c,2026-05-21 12:00:00+00:00,53.56,°C,EQ-COMP-233|2026-05-21 12:00:00|temperature_c,intervention,high,2026-05-18 22:24:00+00:00,2026-05-22 05:19:00+00:00
EVT-2026S1-0002,EQ-CONV-003,current_a,2026-05-21 12:00:00+00:00,27.22,A,EQ-CONV-003|2026-05-21T12:00:00Z|current_a,incident,medium,2026-05-20 13:48:00+00:00,2026-05-23 16:49:00+00:00
EVT-2026S1-X012,EQ-CONV-003,current_a,2026-05-21 12:00:00+00:00,27.22,A,EQ-CONV-003|2026-05-21T12:00:00Z|current_a,incident,critical,2026-05-18 04:19:00+00:00,2026-05-22 14:37:00+00:00
EVT-2026S1-0002,EQ-CONV-003,rpm,2026-05-21 12:00:00+00:00,1189.7,rpm,EQ-CONV-003|2026-05-21T12:00:00Z|rpm,incident,medium,2026-05-20 13:48:00+00:00,2026-05-23 16:49:00+00:00
EVT-2026S1-X012,EQ-CONV-003,rpm,2026-05-21 12:00:00+00:00,1189.7,rpm,EQ-CONV-003|2026-05-21T12:00:00Z|rpm,incident,critical,2026-05-18 04:19:00+00:00,2026-05-22 14:37:00+00:00
EVT-2026S1-0342,EQ-CONV-262,current_a,2026-05-21 12:00:00+00:00,28.53,A,EQ-CONV-262|2026-05-21T12:00:00Z|current_a,intervention,medium,2026-05-19 11:30:00+00:00,2026-05-23 12:17:00+00:00
EVT-2026S1-0342,EQ-CONV-262,rpm,2026-05-21 12:00:00+00:00,1432.07,rpm,EQ-CONV-262|2026-05-21T12:00:00Z|rpm,intervention,medium,2026-05-19 11:30:00+00:00,2026-05-23 12:17:00+00:00
EVT-2026S1-0432,EQ-STEAM-352,pressure_bar,2026-05-21 12:00:00+00:00,6.34,bar,EQ-STEAM-352|2026-05-21T12:00:00Z|pressure_bar,observation,medium,2026-05-19 07:23:00+00:00,2026-05-23 14:11:00+00:00
EVT-2026S1-0432,EQ-STEAM-352,temperature_c,2026-05-21 12:00:00+00:00,57.72,°C,EQ-STEAM-352|2026-05-21T12:00:00Z|temperature_c,observation,medium,2026-05-19 07:23:00+00:00,2026-05-23 14:11:00+00:00
EVT-2026S1-0203,EQ-COMP-233,pressure_bar,2026-05-21 18:00:00+00:00,6.24,bar,EQ-COMP-233|2026-05-21T18:00:00Z|pressure_bar,intervention,high,2026-05-18 22:24:00+00:00,2026-05-22 05:19:00+00:00
EVT-2026S1-0203,EQ-COMP-233,temperature_c,2026-05-21 18:00:00+00:00,60.68,°C,EQ-COMP-233|2026-05-21 18:00:00|temperature_c,intervention,high,2026-05-18 22:24:00+00:00,2026-05-22 05:19:00+00:00
EVT-2026S1-0002,EQ-CONV-003,current_a,2026-05-21 18:00:00+00:00,22.51,A,EQ-CONV-003|2026-05-21T18:00:00Z|current_a,incident,medium,2026-05-20 13:48:00+00:00,2026-05-23 16:49:00+00:00
EVT-2026S1-X012,EQ-CONV-003,current_a,2026-05-21 18:00:00+00:00,22.51,A,EQ-CONV-003|2026-05-21T18:00:00Z|current_a,incident,critical,2026-05-18 04:19:00+00:00,2026-05-22 14:37:00+00:00
EVT-2026S1-0002,EQ-CONV-003,rpm,2026-05-21 18:00:00+00:00,1278.22,rpm,EQ-CONV-003|2026-05-21T18:00:00Z|rpm,incident,medium,2026-05-20 13:48:00+00:00,2026-05-23 16:49:00+00:00
EVT-2026S1-X012,EQ-CONV-003,rpm,2026-05-21 18:00:00+00:00,1278.22,rpm,EQ-CONV-003|2026-05-21T18:00:00Z|rpm,incident,critical,2026-05-18 04:19:00+00:00,2026-05-22 14:37:00+00:00
EVT-2026S1-0342,EQ-CONV-262,current_a,2026-05-21 18:00:00+00:00,31.51,A,EQ-CONV-262|2026-05-21T18:00:00Z|current_a,intervention,medium,2026-05-19 11:30:00+00:00,2026-05-23 12:17:00+00:00
EVT-2026S1-0342,EQ-CONV-262,rpm,2026-05-21 18:00:00+00:00,1499.98,rpm,EQ-CONV-262|2026-05-21T18:00:00Z|rpm,intervention,medium,2026-05-19 11:30:00+00:00,2026-05-23 12:17:00+00:00
EVT-2026S1-0432,EQ-STEAM-352,pressure_bar,2026-05-21 18:00:00+00:00,6.28,bar,EQ-STEAM-352|2026-05-21T18:00:00Z|pressure_bar,observation,medium,2026-05-19 07:23:00+00:00,2026-05-23 14:11:00+00:00
EVT-2026S1-0432,EQ-STEAM-352,temperature_c,2026-05-21 18:00:00+00:00,57.15,°C,EQ-STEAM-352|2026-05-21T18:00:00Z|temperature_c,observation,medium,2026-05-19 07:23:00+00:00,2026-05-23 14:11:00+00:00
EVT-2026S1-0203,EQ-COMP-233,pressure_bar,2026-05-22 00:00:00+00:00,6.58,bar,EQ-COMP-233|2026-05-22T00:00:00Z|pressure_bar,intervention,high,2026-05-18 22:24:00+00:00,2026-05-22 05:19:00+00:00
EVT-2026S1-0203,EQ-COMP-233,temperature_c,2026-05-22 00:00:00+00:00,64.05,°C,EQ-COMP-233|2026-05-22 00:00:00|temperature_c,intervention,high,2026-05-18 22:24:00+00:00,2026-05-22 05:19:00+00:00
EVT-2026S1-0002,EQ-CONV-003,current_a,2026-05-22 00:00:00+00:00,20.24,A,EQ-CONV-003|2026-05-22T00:00:00Z|current_a,incident,medium,2026-05-20 13:48:00+00:00,2026-05-23 16:49:00+00:00
EVT-2026S1-X012,EQ-CONV-003,current_a,2026-05-22 00:00:00+00:00,20.24,A,EQ-CONV-003|2026-05-22T00:00:00Z|current_a,incident,critical,2026-05-18 04:19:00+00:00,2026-05-22 14:37:00+00:00
EVT-2026S1-0002,EQ-CONV-003,rpm,2026-05-22 00:00:00+00:00,1273.73,rpm,EQ-CONV-003|2026-05-22T00:00:00Z|rpm,incident,medium,2026-05-20 13:48:00+00:00,2026-05-23 16:49:00+00:00
EVT-2026S1-X012,EQ-CONV-003,rpm,2026-05-22 00:00:00+00:00,1273.73,rpm,EQ-CONV-003|2026-05-22T00:00:00Z|rpm,incident,critical,2026-05-18 04:19:00+00:00,2026-05-22 14:37:00+00:00
EVT-2026S1-0342,EQ-CONV-262,current_a,2026-05-22 00:00:00+00:00,28.72,A,EQ-CONV-262|2026-05-22T00:00:00Z|current_a,intervention,medium,2026-05-19 11:30:00+00:00,2026-05-23 12:17:00+00:00
EVT-2026S1-0342,EQ-CONV-262,rpm,2026-05-22 00:00:00+00:00,1500.55,rpm,EQ-CONV-262|2026-05-22T00:00:00Z|rpm,intervention,medium,2026-05-19 11:30:00+00:00,2026-05-23 12:17:00+00:00
EVT-2026S1-0432,EQ-STEAM-352,pressure_bar,2026-05-22 00:00:00+00:00,6.34,bar,EQ-STEAM-352|2026-05-22T00:00:00Z|pressure_bar,observation,medium,2026-05-19 07:23:00+00:00,2026-05-23 14:11:00+00:00
EVT-2026S1-0432,EQ-STEAM-352,temperature_c,2026-05-22 00:00:00+00:00,63.41,°C,EQ-STEAM-352|2026-05-22T00:00:00Z|temperature_c,observation,medium,2026-05-19 07:23:00+00:00,2026-05-23 14:11:00+00:00
EVT-2026S1-0002,EQ-CONV-003,current_a,2026-05-22 06:00:00+00:00,22.85,A,EQ-CONV-003|2026-05-22T06:00:00Z|current_a,incident,medium,2026-05-20 13:48:00+00:00,2026-05-23 16:49:00+00:00
EVT-2026S1-X012,EQ-CONV-003,current_a,2026-05-22 06:00:00+00:00,22.85,A,EQ-CONV-003|2026-05-22T06:00:00Z|current_a,incident,critical,2026-05-18 04:19:00+00:00,2026-05-22 14:37:00+00:00
EVT-2026S1-0002,EQ-CONV-003,rpm,2026-05-22 06:00:00+00:00,1241.81,rpm,EQ-CONV-003|2026-05-22T06:00:00Z|rpm,incident,medium,2026-05-20 13:48:00+00:00,2026-05-23 16:49:00+00:00
EVT-2026S1-X012,EQ-CONV-003,rpm,2026-05-22 06:00:00+00:00,1241.81,rpm,EQ-CONV-003|2026-05-22T06:00:00Z|rpm,incident,critical,2026-05-18 04:19:00+00:00,2026-05-22 14:37:00+00:00
EVT-2026S1-0342,EQ-CONV-262,current_a,2026-05-22 06:00:00+00:00,25.1,A,EQ-CONV-262|2026-05-22T06:00:00Z|current_a,intervention,medium,2026-05-19 11:30:00+00:00,2026-05-23 12:17:00+00:00
EVT-2026S1-0342,EQ-CONV-262,rpm,2026-05-22 06:00:00+00:00,1435.58,rpm,EQ-CONV-262|2026-05-22T06:00:00Z|rpm,intervention,medium,2026-05-19 11:30:00+00:00,2026-05-23 12:17:00+00:00
EVT-2026S1-0432,EQ-STEAM-352,pressure_bar,2026-05-22 06:00:00+00:00,6.61,bar,EQ-STEAM-352|2026-05-22T06:00:00Z|pressure_bar,observation,medium,2026-05-19 07:23:00+00:00,2026-05-23 14:11:00+00:00
EVT-2026S1-0432,EQ-STEAM-352,temperature_c,2026-05-22 06:00:00+00:00,63.22,°C,EQ-STEAM-352|2026-05-22T06:00:00Z|temperature_c,observation,medium,2026-05-19 07:23:00+00:00,2026-05-23 14:11:00+00:00
EVT-2026S1-0002,EQ-CONV-003,current_a,2026-05-22 12:00:00+00:00,24.64,A,EQ-CONV-003|2026-05-22T12:00:00Z|current_a,incident,medium,2026-05-20 13:48:00+00:00,2026-05-23 16:49:00+00:00
EVT-2026S1-X012,EQ-CONV-003,current_a,2026-05-22 12:00:00+00:00,24.64,A,EQ-CONV-003|2026-05-22T12:00:00Z|current_a,incident,critical,2026-05-18 04:19:00+00:00,2026-05-22 14:37:00+00:00
EVT-2026S1-0002,EQ-CONV-003,rpm,2026-05-22 12:00:00+00:00,1289.15,rpm,EQ-CONV-003|2026-05-22T12:00:00Z|rpm,incident,medium,2026-05-20 13:48:00+00:00,2026-05-23 16:49:00+00:00
EVT-2026S1-X012,EQ-CONV-003,rpm,2026-05-22 12:00:00+00:00,1289.15,rpm,EQ-CONV-003|2026-05-22T12:00:00Z|rpm,incident,critical,2026-05-18 04:19:00+00:00,2026-05-22 14:37:00+00:00
EVT-2026S1-0342,EQ-CONV-262,current_a,2026-05-22 12:00:00+00:00,28.69,A,EQ-CONV-262|2026-05-22T12:00:00Z|current_a,intervention,medium,2026-05-19 11:30:00+00:00,2026-05-23 12:17:00+00:00
EVT-2026S1-0342,EQ-CONV-262,rpm,2026-05-22 12:00:00+00:00,1470.96,rpm,EQ-CONV-262|2026-05-22T12:00:00Z|rpm,intervention,medium,2026-05-19 11:30:00+00:00,2026-05-23 12:17:00+00:00
EVT-2026S1-0432,EQ-STEAM-352,pressure_bar,2026-05-22 12:00:00+00:00,6.75,bar,EQ-STEAM-352|2026-05-22T12:00:00Z|pressure_bar,observation,medium,2026-05-19 07:23:00+00:00,2026-05-23 14:11:00+00:00
EVT-2026S1-0432,EQ-STEAM-352,temperature_c,2026-05-22 12:00:00+00:00,57.7,°C,EQ-STEAM-352|2026-05-22T12:00:00Z|temperature_c,observation,medium,2026-05-19 07:23:00+00:00,2026-05-23 14:11:00+00:00
EVT-2026S1-0002,EQ-CONV-003,current_a,2026-05-22 18:00:00+00:00,21.33,A,EQ-CONV-003|2026-05-22T18:00:00Z|current_a,incident,medium,2026-05-20 13:48:00+00:00,2026-05-23 16:49:00+00:00
EVT-2026S1-0002,EQ-CONV-003,rpm,2026-05-22 18:00:00+00:00,1317.94,rpm,EQ-CONV-003|2026-05-22T18:00:00Z|rpm,incident,medium,2026-05-20 13:48:00+00:00,2026-05-23 16:49:00+00:00
EVT-2026S1-0342,EQ-CONV-262,current_a,2026-05-22 18:00:00+00:00,32.03,A,EQ-CONV-262|2026-05-22T18:00:00Z|current_a,intervention,medium,2026-05-19 11:30:00+00:00,2026-05-23 12:17:00+00:00
EVT-2026S1-0342,EQ-CONV-262,rpm,2026-05-22 18:00:00+00:00,1491.56,rpm,EQ-CONV-262|2026-05-22T18:00:00Z|rpm,intervention,medium,2026-05-19 11:30:00+00:00,2026-05-23 12:17:00+00:00
EVT-2026S1-0432,EQ-STEAM-352,pressure_bar,2026-05-22 18:00:00+00:00,6.48,bar,EQ-STEAM-352|2026-05-22T18:00:00Z|pressure_bar,observation,medium,2026-05-19 07:23:00+00:00,2026-05-23 14:11:00+00:00
EVT-2026S1-0432,EQ-STEAM-352,temperature_c,2026-05-22 18:00:00+00:00,55.61,°C,EQ-STEAM-352|2026-05-22T18:00:00Z|temperature_c,observation,medium,2026-05-19 07:23:00+00:00,2026-05-23 14:11:00+00:00
EVT-2026S1-0002,EQ-CONV-003,current_a,2026-05-23 00:00:00+00:00,17.13,A,EQ-CONV-003|2026-05-23T00:00:00Z|current_a,incident,medium,2026-05-20 13:48:00+00:00,2026-05-23 16:49:00+00:00
EVT-2026S1-0002,EQ-CONV-003,rpm,2026-05-23 00:00:00+00:00,1309.62,rpm,EQ-CONV-003|2026-05-23T00:00:00Z|rpm,incident,medium,2026-05-20 13:48:00+00:00,2026-05-23 16:49:00+00:00
EVT-2026S1-0342,EQ-CONV-262,current_a,2026-05-23 00:00:00+00:00,27.11,A,EQ-CONV-262|2026-05-23T00:00:00Z|current_a,intervention,medium,2026-05-19 11:30:00+00:00,2026-05-23 12:17:00+00:00
EVT-2026S1-0342,EQ-CONV-262,rpm,2026-05-23 00:00:00+00:00,1463.94,rpm,EQ-CONV-262|2026-05-23T00:00:00Z|rpm,intervention,medium,2026-05-19 11:30:00+00:00,2026-05-23 12:17:00+00:00
EVT-2026S1-0432,EQ-STEAM-352,pressure_bar,2026-05-23 00:00:00+00:00,5.91,bar,EQ-STEAM-352|2026-05-23T00:00:00Z|pressure_bar,observation,medium,2026-05-19 07:23:00+00:00,2026-05-23 14:11:00+00:00
EVT-2026S1-0432,EQ-STEAM-352,temperature_c,2026-05-23 00:00:00+00:00,59.26,°C,EQ-STEAM-352|2026-05-23T00:00:00Z|temperature_c,observation,medium,2026-05-19 07:23:00+00:00,2026-05-23 14:11:00+00:00
EVT-2026S1-0002,EQ-CONV-003,current_a,2026-05-23 06:00:00+00:00,21.09,A,EQ-CONV-003|2026-05-23T06:00:00Z|current_a,incident,medium,2026-05-20 13:48:00+00:00,2026-05-23 16:49:00+00:00
EVT-2026S1-0002,EQ-CONV-003,rpm,2026-05-23 06:00:00+00:00,1246.92,rpm,EQ-CONV-003|2026-05-23T06:00:00Z|rpm,incident,medium,2026-05-20 13:48:00+00:00,2026-05-23 16:49:00+00:00
EVT-2026S1-0342,EQ-CONV-262,current_a,2026-05-23 06:00:00+00:00,25.26,A,EQ-CONV-262|2026-05-23T06:00:00Z|current_a,intervention,medium,2026-05-19 11:30:00+00:00,2026-05-23 12:17:00+00:00
EVT-2026S1-0342,EQ-CONV-262,rpm,2026-05-23 06:00:00+00:00,1390.49,rpm,EQ-CONV-262|2026-05-23T06:00:00Z|rpm,intervention,medium,2026-05-19 11:30:00+00:00,2026-05-23 12:17:00+00:00
EVT-2026S1-0432,EQ-STEAM-352,pressure_bar,2026-05-23 06:00:00+00:00,6.4,bar,EQ-STEAM-352|2026-05-23T06:00:00Z|pressure_bar,observation,medium,2026-05-19 07:23:00+00:00,2026-05-23 14:11:00+00:00
EVT-2026S1-0432,EQ-STEAM-352,temperature_c,2026-05-23 06:00:00+00:00,62.33,°C,EQ-STEAM-352|2026-05-23T06:00:00Z|temperature_c,observation,medium,2026-05-19 07:23:00+00:00,2026-05-23 14:11:00+00:00
EVT-2026S1-0002,EQ-CONV-003,current_a,2026-05-23 12:00:00+00:00,20.93,A,EQ-CONV-003|2026-05-23T12:00:00Z|current_a,incident,medium,2026-05-20 13:48:00+00:00,2026-05-23 16:49:00+00:00
EVT-2026S1-0002,EQ-CONV-003,rpm,2026-05-23 12:00:00+00:00,1286.84,rpm,EQ-CONV-003|2026-05-23T12:00:00Z|rpm,incident,medium,2026-05-20 13:48:00+00:00,2026-05-23 16:49:00+00:00
EVT-2026S1-0342,EQ-CONV-262,current_a,2026-05-23 12:00:00+00:00,26.85,A,EQ-CONV-262|2026-05-23T12:00:00Z|current_a,intervention,medium,2026-05-19 11:30:00+00:00,2026-05-23 12:17:00+00:00
EVT-2026S1-0342,EQ-CONV-262,rpm,2026-05-23 12:00:00+00:00,1450.44,rpm,EQ-CONV-262|2026-05-23T12:00:00Z|rpm,intervention,medium,2026-05-19 11:30:00+00:00,2026-05-23 12:17:00+00:00
EVT-2026S1-0432,EQ-STEAM-352,pressure_bar,2026-05-23 12:00:00+00:00,6.57,bar,EQ-STEAM-352|2026-05-23T12:00:00Z|pressure_bar,observation,medium,2026-05-19 07:23:00+00:00,2026-05-23 14:11:00+00:00
EVT-2026S1-0432,EQ-STEAM-352,temperature_c,2026-05-23 12:00:00+00:00,54.31,°C,EQ-STEAM-352|2026-05-23T12:00:00Z|temperature_c,observation,medium,2026-05-19 07:23:00+00:00,2026-05-23 14:11:00+00:00
EVT-2026S1-X016,EQ-COMP-002,pressure_bar,2026-05-24 18:00:00+00:00,6.71,bar,EQ-COMP-002|2026-05-24T18:00:00Z|pressure_bar,incident,medium,2026-05-24 17:13:00+00:00,2026-05-28 22:38:00+00:00
EVT-2026S1-X016,EQ-COMP-002,temperature_c,2026-05-24 18:00:00+00:00,56.87,°C,EQ-COMP-002|2026-05-24T18:00:00Z|temperature_c,incident,medium,2026-05-24 17:13:00+00:00,2026-05-28 22:38:00+00:00
EVT-2026S1-X016,EQ-COMP-002,pressure_bar,2026-05-25 00:00:00+00:00,6.69,bar,EQ-COMP-002|2026-05-25T00:00:00Z|pressure_bar,incident,medium,2026-05-24 17:13:00+00:00,2026-05-28 22:38:00+00:00
EVT-2026S1-X016,EQ-COMP-002,temperature_c,2026-05-25 00:00:00+00:00,65.36,°C,EQ-COMP-002|2026-05-25T00:00:00Z|temperature_c,incident,medium,2026-05-24 17:13:00+00:00,2026-05-28 22:38:00+00:00
EVT-2026S1-X016,EQ-COMP-002,pressure_bar,2026-05-25 06:00:00+00:00,6.23,bar,EQ-COMP-002|2026-05-25T06:00:00Z|pressure_bar,incident,medium,2026-05-24 17:13:00+00:00,2026-05-28 22:38:00+00:00
EVT-2026S1-X016,EQ-COMP-002,temperature_c,2026-05-25 06:00:00+00:00,61.23,°C,EQ-COMP-002|2026-05-25T06:00:00Z|temperature_c,incident,medium,2026-05-24 17:13:00+00:00,2026-05-28 22:38:00+00:00
EVT-2026S1-X016,EQ-COMP-002,pressure_bar,2026-05-25 12:00:00+00:00,6.7,bar,EQ-COMP-002|2026-05-25T12:00:00Z|pressure_bar,incident,medium,2026-05-24 17:13:00+00:00,2026-05-28 22:38:00+00:00
EVT-2026S1-X016,EQ-COMP-002,temperature_c,2026-05-25 12:00:00+00:00,56.68,°C,EQ-COMP-002|2026-05-25T12:00:00Z|temperature_c,incident,medium,2026-05-24 17:13:00+00:00,2026-05-28 22:38:00+00:00
EVT-2026S1-X016,EQ-COMP-002,pressure_bar,2026-05-25 18:00:00+00:00,6.74,bar,EQ-COMP-002|2026-05-25T18:00:00Z|pressure_bar,incident,medium,2026-05-24 17:13:00+00:00,2026-05-28 22:38:00+00:00
EVT-2026S1-X016,EQ-COMP-002,temperature_c,2026-05-25 18:00:00+00:00,55.23,°C,EQ-COMP-002|2026-05-25T18:00:00Z|temperature_c,incident,medium,2026-05-24 17:13:00+00:00,2026-05-28 22:38:00+00:00
EVT-2026S1-X016,EQ-COMP-002,pressure_bar,2026-05-26 00:00:00+00:00,6.66,bar,EQ-COMP-002|2026-05-26T00:00:00Z|pressure_bar,incident,medium,2026-05-24 17:13:00+00:00,2026-05-28 22:38:00+00:00
EVT-2026S1-X016,EQ-COMP-002,temperature_c,2026-05-26 00:00:00+00:00,62.12,°C,EQ-COMP-002|2026-05-26T00:00:00Z|temperature_c,incident,medium,2026-05-24 17:13:00+00:00,2026-05-28 22:38:00+00:00
EVT-2026S1-X016,EQ-COMP-002,pressure_bar,2026-05-26 06:00:00+00:00,6.4,bar,EQ-COMP-002|2026-05-26T06:00:00Z|pressure_bar,incident,medium,2026-05-24 17:13:00+00:00,2026-05-28 22:38:00+00:00
EVT-2026S1-X016,EQ-COMP-002,temperature_c,2026-05-26 06:00:00+00:00,63.05,°C,EQ-COMP-002|2026-05-26T06:00:00Z|temperature_c,incident,medium,2026-05-24 17:13:00+00:00,2026-05-28 22:38:00+00:00
EVT-2026S1-X016,EQ-COMP-002,pressure_bar,2026-05-26 12:00:00+00:00,6.71,bar,EQ-COMP-002|2026-05-26T12:00:00Z|pressure_bar,incident,medium,2026-05-24 17:13:00+00:00,2026-05-28 22:38:00+00:00
EVT-2026S1-X016,EQ-COMP-002,temperature_c,2026-05-26 12:00:00+00:00,56.53,°C,EQ-COMP-002|2026-05-26T12:00:00Z|temperature_c,incident,medium,2026-05-24 17:13:00+00:00,2026-05-28 22:38:00+00:00
EVT-2026S1-X016,EQ-COMP-002,pressure_bar,2026-05-26 18:00:00+00:00,6.85,bar,EQ-COMP-002|2026-05-26T18:00:00Z|pressure_bar,incident,medium,2026-05-24 17:13:00+00:00,2026-05-28 22:38:00+00:00
EVT-2026S1-X016,EQ-COMP-002,temperature_c,2026-05-26 18:00:00+00:00,54.34,°C,EQ-COMP-002|2026-05-26T18:00:00Z|temperature_c,incident,medium,2026-05-24 17:13:00+00:00,2026-05-28 22:38:00+00:00
EVT-2026S1-X016,EQ-COMP-002,pressure_bar,2026-05-27 00:00:00+00:00,6.53,bar,EQ-COMP-002|2026-05-27T00:00:00Z|pressure_bar,incident,medium,2026-05-24 17:13:00+00:00,2026-05-28 22:38:00+00:00
EVT-2026S1-X016,EQ-COMP-002,temperature_c,2026-05-27 00:00:00+00:00,64.43,°C,EQ-COMP-002|2026-05-27T00:00:00Z|temperature_c,incident,medium,2026-05-24 17:13:00+00:00,2026-05-28 22:38:00+00:00
EVT-2026S1-X033,EQ-PUMP-006,temperature_c,2026-05-27 00:00:00+00:00,55.78,°C,EQ-PUMP-006|2026-05-27T00:00:00Z|temperature_c,incident,high,2026-05-26 18:29:00+00:00,2026-05-31 00:59:00+00:00
EVT-2026S1-X033,EQ-PUMP-006,vibration_mm_s,2026-05-27 00:00:00+00:00,3.79,mm/s,EQ-PUMP-006|2026-05-27T00:00:00Z|vibration_mm_s,incident,high,2026-05-26 18:29:00+00:00,2026-05-31 00:59:00+00:00
EVT-2026S1-X016,EQ-COMP-002,pressure_bar,2026-05-27 06:00:00+00:00,6.37,bar,EQ-COMP-002|2026-05-27T06:00:00Z|pressure_bar,incident,medium,2026-05-24 17:13:00+00:00,2026-05-28 22:38:00+00:00
EVT-2026S1-X016,EQ-COMP-002,temperature_c,2026-05-27 06:00:00+00:00,62.33,°C,EQ-COMP-002|2026-05-27T06:00:00Z|temperature_c,incident,medium,2026-05-24 17:13:00+00:00,2026-05-28 22:38:00+00:00
EVT-2026S1-X033,EQ-PUMP-006,temperature_c,2026-05-27 06:00:00+00:00,56.52,°C,EQ-PUMP-006|2026-05-27T06:00:00Z|temperature_c,incident,high,2026-05-26 18:29:00+00:00,2026-05-31 00:59:00+00:00
EVT-2026S1-X033,EQ-PUMP-006,vibration_mm_s,2026-05-27 06:00:00+00:00,3.12,mm/s,EQ-PUMP-006|2026-05-27T06:00:00Z|vibration_mm_s,incident,high,2026-05-26 18:29:00+00:00,2026-05-31 00:59:00+00:00
EVT-2026S1-X016,EQ-COMP-002,pressure_bar,2026-05-27 12:00:00+00:00,6.56,bar,EQ-COMP-002|2026-05-27T12:00:00Z|pressure_bar,incident,medium,2026-05-24 17:13:00+00:00,2026-05-28 22:38:00+00:00
EVT-2026S1-X016,EQ-COMP-002,temperature_c,2026-05-27 12:00:00+00:00,54.2,°C,EQ-COMP-002|2026-05-27T12:00:00Z|temperature_c,incident,medium,2026-05-24 17:13:00+00:00,2026-05-28 22:38:00+00:00
EVT-2026S1-X033,EQ-PUMP-006,temperature_c,2026-05-27 12:00:00+00:00,59.99,°C,EQ-PUMP-006|2026-05-27T12:00:00Z|temperature_c,incident,high,2026-05-26 18:29:00+00:00,2026-05-31 00:59:00+00:00
EVT-2026S1-X033,EQ-PUMP-006,vibration_mm_s,2026-05-27 12:00:00+00:00,3.9,mm/s,EQ-PUMP-006|2026-05-27T12:00:00Z|vibration_mm_s,incident,high,2026-05-26 18:29:00+00:00,2026-05-31 00:59:00+00:00
EVT-2026S1-X016,EQ-COMP-002,pressure_bar,2026-05-27 18:00:00+00:00,6.92,bar,EQ-COMP-002|2026-05-27T18:00:00Z|pressure_bar,incident,medium,2026-05-24 17:13:00+00:00,2026-05-28 22:38:00+00:00
EVT-2026S1-X016,EQ-COMP-002,temperature_c,2026-05-27 18:00:00+00:00,59.63,°C,EQ-COMP-002|2026-05-27T18:00:00Z|temperature_c,incident,medium,2026-05-24 17:13:00+00:00,2026-05-28 22:38:00+00:00
EVT-2026S1-X033,EQ-PUMP-006,temperature_c,2026-05-27 18:00:00+00:00,52.89,°C,EQ-PUMP-006|2026-05-27T18:00:00Z|temperature_c,incident,high,2026-05-26 18:29:00+00:00,2026-05-31 00:59:00+00:00
EVT-2026S1-X033,EQ-PUMP-006,vibration_mm_s,2026-05-27 18:00:00+00:00,4.06,mm/s,EQ-PUMP-006|2026-05-27T18:00:00Z|vibration_mm_s,incident,high,2026-05-26 18:29:00+00:00,2026-05-31 00:59:00+00:00
EVT-2026S1-X016,EQ-COMP-002,pressure_bar,2026-05-28 00:00:00+00:00,6.56,bar,EQ-COMP-002|2026-05-28T00:00:00Z|pressure_bar,incident,medium,2026-05-24 17:13:00+00:00,2026-05-28 22:38:00+00:00
EVT-2026S1-X016,EQ-COMP-002,temperature_c,2026-05-28 00:00:00+00:00,62.73,°C,EQ-COMP-002|2026-05-28T00:00:00Z|temperature_c,incident,medium,2026-05-24 17:13:00+00:00,2026-05-28 22:38:00+00:00
EVT-2026S1-X033,EQ-PUMP-006,temperature_c,2026-05-28 00:00:00+00:00,56.21,°C,EQ-PUMP-006|2026-05-28T00:00:00Z|temperature_c,incident,high,2026-05-26 18:29:00+00:00,2026-05-31 00:59:00+00:00
EVT-2026S1-X033,EQ-PUMP-006,vibration_mm_s,2026-05-28 00:00:00+00:00,3.97,mm/s,EQ-PUMP-006|2026-05-28T00:00:00Z|vibration_mm_s,incident,high,2026-05-26 18:29:00+00:00,2026-05-31 00:59:00+00:00
EVT-2026S1-X016,EQ-COMP-002,pressure_bar,2026-05-28 06:00:00+00:00,6.46,bar,EQ-COMP-002|2026-05-28T06:00:00Z|pressure_bar,incident,medium,2026-05-24 17:13:00+00:00,2026-05-28 22:38:00+00:00
EVT-2026S1-X016,EQ-COMP-002,temperature_c,2026-05-28 06:00:00+00:00,64.84,°C,EQ-COMP-002|2026-05-28T06:00:00Z|temperature_c,incident,medium,2026-05-24 17:13:00+00:00,2026-05-28 22:38:00+00:00
EVT-2026S1-X033,EQ-PUMP-006,temperature_c,2026-05-28 06:00:00+00:00,62.52,°C,EQ-PUMP-006|2026-05-28T06:00:00Z|temperature_c,incident,high,2026-05-26 18:29:00+00:00,2026-05-31 00:59:00+00:00
EVT-2026S1-X033,EQ-PUMP-006,vibration_mm_s,2026-05-28 06:00:00+00:00,3.74,mm/s,EQ-PUMP-006|2026-05-28T06:00:00Z|vibration_mm_s,incident,high,2026-05-26 18:29:00+00:00,2026-05-31 00:59:00+00:00
EVT-2026S1-X016,EQ-COMP-002,pressure_bar,2026-05-28 12:00:00+00:00,6.77,bar,EQ-COMP-002|2026-05-28T12:00:00Z|pressure_bar,incident,medium,2026-05-24 17:13:00+00:00,2026-05-28 22:38:00+00:00
EVT-2026S1-X016,EQ-COMP-002,temperature_c,2026-05-28 12:00:00+00:00,55.99,°C,EQ-COMP-002|2026-05-28T12:00:00Z|temperature_c,incident,medium,2026-05-24 17:13:00+00:00,2026-05-28 22:38:00+00:00
EVT-2026S1-X033,EQ-PUMP-006,temperature_c,2026-05-28 12:00:00+00:00,65.04,°C,EQ-PUMP-006|2026-05-28T12:00:00Z|temperature_c,incident,high,2026-05-26 18:29:00+00:00,2026-05-31 00:59:00+00:00
EVT-2026S1-X033,EQ-PUMP-006,vibration_mm_s,2026-05-28 12:00:00+00:00,4.14,mm/s,EQ-PUMP-006|2026-05-28T12:00:00Z|vibration_mm_s,incident,high,2026-05-26 18:29:00+00:00,2026-05-31 00:59:00+00:00
EVT-2026S1-X016,EQ-COMP-002,pressure_bar,2026-05-28 18:00:00+00:00,7.09,bar,EQ-COMP-002|2026-05-28T18:00:00Z|pressure_bar,incident,medium,2026-05-24 17:13:00+00:00,2026-05-28 22:38:00+00:00
EVT-2026S1-X016,EQ-COMP-002,temperature_c,2026-05-28 18:00:00+00:00,59.22,°C,EQ-COMP-002|2026-05-28T18:00:00Z|temperature_c,incident,medium,2026-05-24 17:13:00+00:00,2026-05-28 22:38:00+00:00
EVT-2026S1-X033,EQ-PUMP-006,temperature_c,2026-05-28 18:00:00+00:00,57.2,°C,EQ-PUMP-006|2026-05-28T18:00:00Z|temperature_c,incident,high,2026-05-26 18:29:00+00:00,2026-05-31 00:59:00+00:00
EVT-2026S1-X033,EQ-PUMP-006,vibration_mm_s,2026-05-28 18:00:00+00:00,4.4,mm/s,EQ-PUMP-006|2026-05-28T18:00:00Z|vibration_mm_s,incident,high,2026-05-26 18:29:00+00:00,2026-05-31 00:59:00+00:00
EVT-2026S1-X033,EQ-PUMP-006,temperature_c,2026-05-29 00:00:00+00:00,59.61,°C,EQ-PUMP-006|2026-05-29T00:00:00Z|temperature_c,incident,high,2026-05-26 18:29:00+00:00,2026-05-31 00:59:00+00:00
EVT-2026S1-X033,EQ-PUMP-006,vibration_mm_s,2026-05-29 00:00:00+00:00,4.42,mm/s,EQ-PUMP-006|2026-05-29T00:00:00Z|vibration_mm_s,incident,high,2026-05-26 18:29:00+00:00,2026-05-31 00:59:00+00:00
EVT-2026S1-X033,EQ-PUMP-006,temperature_c,2026-05-29 06:00:00+00:00,66.24,°C,EQ-PUMP-006|2026-05-29T06:00:00Z|temperature_c,incident,high,2026-05-26 18:29:00+00:00,2026-05-31 00:59:00+00:00
EVT-2026S1-X033,EQ-PUMP-006,vibration_mm_s,2026-05-29 06:00:00+00:00,3.74,mm/s,EQ-PUMP-006|2026-05-29T06:00:00Z|vibration_mm_s,incident,high,2026-05-26 18:29:00+00:00,2026-05-31 00:59:00+00:00
EVT-2026S1-0216,EQ-CONV-376,current_a,2026-05-29 12:00:00+00:00,23.45,A,EQ-CONV-376|2026-05-29T12:00:00Z|current_a,observation,high,2026-05-29 06:21:00+00:00,2026-06-02 02:03:00+00:00
EVT-2026S1-0216,EQ-CONV-376,rpm,2026-05-29 12:00:00+00:00,1510.29,rpm,EQ-CONV-376|2026-05-29T12:00:00Z|rpm,observation,high,2026-05-29 06:21:00+00:00,2026-06-02 02:03:00+00:00
EVT-2026S1-X033,EQ-PUMP-006,temperature_c,2026-05-29 12:00:00+00:00,63.84,°C,EQ-PUMP-006|2026-05-29T12:00:00Z|temperature_c,incident,high,2026-05-26 18:29:00+00:00,2026-05-31 00:59:00+00:00
EVT-2026S1-X033,EQ-PUMP-006,vibration_mm_s,2026-05-29 12:00:00+00:00,4.08,mm/s,EQ-PUMP-006|2026-05-29T12:00:00Z|vibration_mm_s,incident,high,2026-05-26 18:29:00+00:00,2026-05-31 00:59:00+00:00
EVT-2026S1-0216,EQ-CONV-376,current_a,2026-05-29 18:00:00+00:00,24.63,A,EQ-CONV-376|2026-05-29T18:00:00Z|current_a,observation,high,2026-05-29 06:21:00+00:00,2026-06-02 02:03:00+00:00
EVT-2026S1-0216,EQ-CONV-376,rpm,2026-05-29 18:00:00+00:00,1506.28,rpm,EQ-CONV-376|2026-05-29T18:00:00Z|rpm,observation,high,2026-05-29 06:21:00+00:00,2026-06-02 02:03:00+00:00
EVT-2026S1-X033,EQ-PUMP-006,temperature_c,2026-05-29 18:00:00+00:00,58.71,°C,EQ-PUMP-006|2026-05-29T18:00:00Z|temperature_c,incident,high,2026-05-26 18:29:00+00:00,2026-05-31 00:59:00+00:00
EVT-2026S1-X033,EQ-PUMP-006,vibration_mm_s,2026-05-29 18:00:00+00:00,4.29,mm/s,EQ-PUMP-006|2026-05-29T18:00:00Z|vibration_mm_s,incident,high,2026-05-26 18:29:00+00:00,2026-05-31 00:59:00+00:00
EVT-2026S1-0216,EQ-CONV-376,current_a,2026-05-30 00:00:00+00:00,18.47,A,EQ-CONV-376|2026-05-30T00:00:00Z|current_a,observation,high,2026-05-29 06:21:00+00:00,2026-06-02 02:03:00+00:00
EVT-2026S1-0216,EQ-CONV-376,rpm,2026-05-30 00:00:00+00:00,1532.15,rpm,EQ-CONV-376|2026-05-30T00:00:00Z|rpm,observation,high,2026-05-29 06:21:00+00:00,2026-06-02 02:03:00+00:00
EVT-2026S1-X033,EQ-PUMP-006,temperature_c,2026-05-30 00:00:00+00:00,60.42,°C,EQ-PUMP-006|2026-05-30T00:00:00Z|temperature_c,incident,high,2026-05-26 18:29:00+00:00,2026-05-31 00:59:00+00:00
EVT-2026S1-X033,EQ-PUMP-006,vibration_mm_s,2026-05-30 00:00:00+00:00,4.2,mm/s,EQ-PUMP-006|2026-05-30T00:00:00Z|vibration_mm_s,incident,high,2026-05-26 18:29:00+00:00,2026-05-31 00:59:00+00:00
EVT-2026S1-0378,EQ-ROBOT-358,current_a,2026-05-30 00:00:00+00:00,21.47,A,EQ-ROBOT-358|2026-05-30T00:00:00Z|current_a,observation,medium,2026-05-29 20:28:00+00:00,2026-06-02 08:51:00+00:00
EVT-2026S1-0378,EQ-ROBOT-358,vibration_mm_s,2026-05-30 00:00:00+00:00,2.5,mm/s,EQ-ROBOT-358|2026-05-30T00:00:00Z|vibration_mm_s,observation,medium,2026-05-29 20:28:00+00:00,2026-06-02 08:51:00+00:00
EVT-2026S1-0216,EQ-CONV-376,current_a,2026-05-30 06:00:00+00:00,19.65,A,EQ-CONV-376|2026-05-30T06:00:00Z|current_a,observation,high,2026-05-29 06:21:00+00:00,2026-06-02 02:03:00+00:00
EVT-2026S1-0216,EQ-CONV-376,rpm,2026-05-30 06:00:00+00:00,1498.43,rpm,EQ-CONV-376|2026-05-30T06:00:00Z|rpm,observation,high,2026-05-29 06:21:00+00:00,2026-06-02 02:03:00+00:00
EVT-2026S1-X033,EQ-PUMP-006,temperature_c,2026-05-30 06:00:00+00:00,60.05,°C,EQ-PUMP-006|2026-05-30T06:00:00Z|temperature_c,incident,high,2026-05-26 18:29:00+00:00,2026-05-31 00:59:00+00:00
EVT-2026S1-X033,EQ-PUMP-006,vibration_mm_s,2026-05-30 06:00:00+00:00,2.94,mm/s,EQ-PUMP-006|2026-05-30T06:00:00Z|vibration_mm_s,incident,high,2026-05-26 18:29:00+00:00,2026-05-31 00:59:00+00:00
EVT-2026S1-0378,EQ-ROBOT-358,current_a,2026-05-30 06:00:00+00:00,17.7,A,EQ-ROBOT-358|2026-05-30T06:00:00Z|current_a,observation,medium,2026-05-29 20:28:00+00:00,2026-06-02 08:51:00+00:00
EVT-2026S1-0378,EQ-ROBOT-358,vibration_mm_s,2026-05-30 06:00:00+00:00,3.12,mm/s,EQ-ROBOT-358|2026-05-30T06:00:00Z|vibration_mm_s,observation,medium,2026-05-29 20:28:00+00:00,2026-06-02 08:51:00+00:00
EVT-2026S1-0216,EQ-CONV-376,current_a,2026-05-30 12:00:00+00:00,21.63,A,EQ-CONV-376|2026-05-30T12:00:00Z|current_a,observation,high,2026-05-29 06:21:00+00:00,2026-06-02 02:03:00+00:00
EVT-2026S1-0216,EQ-CONV-376,rpm,2026-05-30 12:00:00+00:00,1468.61,rpm,EQ-CONV-376|2026-05-30T12:00:00Z|rpm,observation,high,2026-05-29 06:21:00+00:00,2026-06-02 02:03:00+00:00
EVT-2026S1-X033,EQ-PUMP-006,temperature_c,2026-05-30 12:00:00+00:00,59.34,°C,EQ-PUMP-006|2026-05-30T12:00:00Z|temperature_c,incident,high,2026-05-26 18:29:00+00:00,2026-05-31 00:59:00+00:00
EVT-2026S1-X033,EQ-PUMP-006,vibration_mm_s,2026-05-30 12:00:00+00:00,2.93,mm/s,EQ-PUMP-006|2026-05-30T12:00:00Z|vibration_mm_s,incident,high,2026-05-26 18:29:00+00:00,2026-05-31 00:59:00+00:00
EVT-2026S1-0378,EQ-ROBOT-358,current_a,2026-05-30 12:00:00+00:00,18.07,A,EQ-ROBOT-358|2026-05-30T12:00:00Z|current_a,observation,medium,2026-05-29 20:28:00+00:00,2026-06-02 08:51:00+00:00
EVT-2026S1-0378,EQ-ROBOT-358,vibration_mm_s,2026-05-30 12:00:00+00:00,2.67,mm/s,EQ-ROBOT-358|2026-05-30T12:00:00Z|vibration_mm_s,observation,medium,2026-05-29 20:28:00+00:00,2026-06-02 08:51:00+00:00
EVT-2026S1-0216,EQ-CONV-376,current_a,2026-05-30 18:00:00+00:00,22.61,A,EQ-CONV-376|2026-05-30T18:00:00Z|current_a,observation,high,2026-05-29 06:21:00+00:00,2026-06-02 02:03:00+00:00
EVT-2026S1-0216,EQ-CONV-376,rpm,2026-05-30 18:00:00+00:00,1487.24,rpm,EQ-CONV-376|2026-05-30T18:00:00Z|rpm,observation,high,2026-05-29 06:21:00+00:00,2026-06-02 02:03:00+00:00
EVT-2026S1-X033,EQ-PUMP-006,temperature_c,2026-05-30 18:00:00+00:00,52.12,°C,EQ-PUMP-006|2026-05-30T18:00:00Z|temperature_c,incident,high,2026-05-26 18:29:00+00:00,2026-05-31 00:59:00+00:00
EVT-2026S1-X033,EQ-PUMP-006,vibration_mm_s,2026-05-30 18:00:00+00:00,3.43,mm/s,EQ-PUMP-006|2026-05-30T18:00:00Z|vibration_mm_s,incident,high,2026-05-26 18:29:00+00:00,2026-05-31 00:59:00+00:00
EVT-2026S1-0378,EQ-ROBOT-358,current_a,2026-05-30 18:00:00+00:00,21.41,A,EQ-ROBOT-358|2026-05-30T18:00:00Z|current_a,observation,medium,2026-05-29 20:28:00+00:00,2026-06-02 08:51:00+00:00
EVT-2026S1-0378,EQ-ROBOT-358,vibration_mm_s,2026-05-30 18:00:00+00:00,2.5,mm/s,EQ-ROBOT-358|2026-05-30T18:00:00Z|vibration_mm_s,observation,medium,2026-05-29 20:28:00+00:00,2026-06-02 08:51:00+00:00
EVT-2026S1-0216,EQ-CONV-376,current_a,2026-05-31 00:00:00+00:00,19.74,A,EQ-CONV-376|2026-05-31T00:00:00Z|current_a,observation,high,2026-05-29 06:21:00+00:00,2026-06-02 02:03:00+00:00
EVT-2026S1-0216,EQ-CONV-376,rpm,2026-05-31 00:00:00+00:00,1545.18,rpm,EQ-CONV-376|2026-05-31T00:00:00Z|rpm,observation,high,2026-05-29 06:21:00+00:00,2026-06-02 02:03:00+00:00
EVT-2026S1-X033,EQ-PUMP-006,temperature_c,2026-05-31 00:00:00+00:00,50.78,°C,EQ-PUMP-006|2026-05-31T00:00:00Z|temperature_c,incident,high,2026-05-26 18:29:00+00:00,2026-05-31 00:59:00+00:00
EVT-2026S1-X033,EQ-PUMP-006,vibration_mm_s,2026-05-31 00:00:00+00:00,3.48,mm/s,EQ-PUMP-006|2026-05-31T00:00:00Z|vibration_mm_s,incident,high,2026-05-26 18:29:00+00:00,2026-05-31 00:59:00+00:00
EVT-2026S1-0378,EQ-ROBOT-358,current_a,2026-05-31 00:00:00+00:00,21.52,A,EQ-ROBOT-358|2026-05-31T00:00:00Z|current_a,observation,medium,2026-05-29 20:28:00+00:00,2026-06-02 08:51:00+00:00
EVT-2026S1-0378,EQ-ROBOT-358,vibration_mm_s,2026-05-31 00:00:00+00:00,2.95,mm/s,EQ-ROBOT-358|2026-05-31T00:00:00Z|vibration_mm_s,observation,medium,2026-05-29 20:28:00+00:00,2026-06-02 08:51:00+00:00
EVT-2026S1-0216,EQ-CONV-376,current_a,2026-05-31 06:00:00+00:00,19.81,A,EQ-CONV-376|2026-05-31T06:00:00Z|current_a,observation,high,2026-05-29 06:21:00+00:00,2026-06-02 02:03:00+00:00
EVT-2026S1-0216,EQ-CONV-376,rpm,2026-05-31 06:00:00+00:00,1523.15,rpm,EQ-CONV-376|2026-05-31T06:00:00Z|rpm,observation,high,2026-05-29 06:21:00+00:00,2026-06-02 02:03:00+00:00
EVT-2026S1-X021,EQ-FAN-002,current_a,2026-05-31 06:00:00+00:00,,A,EQ-FAN-002|2026-05-31T06:00:00Z|current_a,incident,medium,2026-05-31 05:50:00+00:00,2026-06-04 03:24:00+00:00
EVT-2026S1-X021,EQ-FAN-002,rpm,2026-05-31 06:00:00+00:00,1208.56,rpm,EQ-FAN-002|2026-05-31T06:00:00Z|rpm,incident,medium,2026-05-31 05:50:00+00:00,2026-06-04 03:24:00+00:00
EVT-2026S1-X021,EQ-FAN-002,vibration_mm_s,2026-05-31 06:00:00+00:00,3.11,mm/s,EQ-FAN-002|2026-05-31T06:00:00Z|vibration_mm_s,incident,medium,2026-05-31 05:50:00+00:00,2026-06-04 03:24:00+00:00
EVT-2026S1-0378,EQ-ROBOT-358,current_a,2026-05-31 06:00:00+00:00,18.74,A,EQ-ROBOT-358|2026-05-31T06:00:00Z|current_a,observation,medium,2026-05-29 20:28:00+00:00,2026-06-02 08:51:00+00:00
EVT-2026S1-0378,EQ-ROBOT-358,vibration_mm_s,2026-05-31 06:00:00+00:00,2.71,mm/s,EQ-ROBOT-358|2026-05-31T06:00:00Z|vibration_mm_s,observation,medium,2026-05-29 20:28:00+00:00,2026-06-02 08:51:00+00:00
EVT-2026S1-0216,EQ-CONV-376,current_a,2026-05-31 12:00:00+00:00,23.28,A,EQ-CONV-376|2026-05-31T12:00:00Z|current_a,observation,high,2026-05-29 06:21:00+00:00,2026-06-02 02:03:00+00:00
EVT-2026S1-0216,EQ-CONV-376,rpm,2026-05-31 12:00:00+00:00,1455.48,rpm,EQ-CONV-376|2026-05-31T12:00:00Z|rpm,observation,high,2026-05-29 06:21:00+00:00,2026-06-02 02:03:00+00:00
EVT-2026S1-X021,EQ-FAN-002,current_a,2026-05-31 12:00:00+00:00,23.92,A,EQ-FAN-002|2026-05-31T12:00:00Z|current_a,incident,medium,2026-05-31 05:50:00+00:00,2026-06-04 03:24:00+00:00
EVT-2026S1-X021,EQ-FAN-002,rpm,2026-05-31 12:00:00+00:00,1281.47,rpm,EQ-FAN-002|2026-05-31T12:00:00Z|rpm,incident,medium,2026-05-31 05:50:00+00:00,2026-06-04 03:24:00+00:00
EVT-2026S1-X021,EQ-FAN-002,vibration_mm_s,2026-05-31 12:00:00+00:00,2.82,mm/s,EQ-FAN-002|2026-05-31T12:00:00Z|vibration_mm_s,incident,medium,2026-05-31 05:50:00+00:00,2026-06-04 03:24:00+00:00
EVT-2026S1-0378,EQ-ROBOT-358,current_a,2026-05-31 12:00:00+00:00,18.85,A,EQ-ROBOT-358|2026-05-31T12:00:00Z|current_a,observation,medium,2026-05-29 20:28:00+00:00,2026-06-02 08:51:00+00:00
EVT-2026S1-0378,EQ-ROBOT-358,vibration_mm_s,2026-05-31 12:00:00+00:00,2.55,mm/s,EQ-ROBOT-358|2026-05-31T12:00:00Z|vibration_mm_s,observation,medium,2026-05-29 20:28:00+00:00,2026-06-02 08:51:00+00:00
EVT-2026S1-0216,EQ-CONV-376,current_a,2026-05-31 18:00:00+00:00,21.6,A,EQ-CONV-376|2026-05-31T18:00:00Z|current_a,observation,high,2026-05-29 06:21:00+00:00,2026-06-02 02:03:00+00:00
EVT-2026S1-0216,EQ-CONV-376,rpm,2026-05-31 18:00:00+00:00,1506.23,rpm,EQ-CONV-376|2026-05-31T18:00:00Z|rpm,observation,high,2026-05-29 06:21:00+00:00,2026-06-02 02:03:00+00:00
EVT-2026S1-X021,EQ-FAN-002,current_a,2026-05-31 18:00:00+00:00,24.66,A,EQ-FAN-002|2026-05-31T18:00:00Z|current_a,incident,medium,2026-05-31 05:50:00+00:00,2026-06-04 03:24:00+00:00
EVT-2026S1-X021,EQ-FAN-002,rpm,2026-05-31 18:00:00+00:00,1233.94,rpm,EQ-FAN-002|2026-05-31T18:00:00Z|rpm,incident,medium,2026-05-31 05:50:00+00:00,2026-06-04 03:24:00+00:00
EVT-2026S1-X021,EQ-FAN-002,vibration_mm_s,2026-05-31 18:00:00+00:00,2.53,mm/s,EQ-FAN-002|2026-05-31T18:00:00Z|vibration_mm_s,incident,medium,2026-05-31 05:50:00+00:00,2026-06-04 03:24:00+00:00
EVT-2026S1-0378,EQ-ROBOT-358,current_a,2026-05-31 18:00:00+00:00,22.7,A,EQ-ROBOT-358|2026-05-31T18:00:00Z|current_a,observation,medium,2026-05-29 20:28:00+00:00,2026-06-02 08:51:00+00:00
EVT-2026S1-0378,EQ-ROBOT-358,vibration_mm_s,2026-05-31 18:00:00+00:00,2.25,mm/s,EQ-ROBOT-358|2026-05-31T18:00:00Z|vibration_mm_s,observation,medium,2026-05-29 20:28:00+00:00,2026-06-02 08:51:00+00:00
EVT-2026S1-0216,EQ-CONV-376,current_a,2026-06-01 00:00:00+00:00,19.67,A,EQ-CONV-376|2026-06-01T00:00:00Z|current_a,observation,high,2026-05-29 06:21:00+00:00,2026-06-02 02:03:00+00:00
EVT-2026S1-0216,EQ-CONV-376,rpm,2026-06-01 00:00:00+00:00,1558.3,rpm,EQ-CONV-376|2026-06-01T00:00:00Z|rpm,observation,high,2026-05-29 06:21:00+00:00,2026-06-02 02:03:00+00:00
EVT-2026S1-X021,EQ-FAN-002,current_a,2026-06-01 00:00:00+00:00,23.8,A,EQ-FAN-002|2026-06-01T00:00:00Z|current_a,incident,medium,2026-05-31 05:50:00+00:00,2026-06-04 03:24:00+00:00
EVT-2026S1-X021,EQ-FAN-002,rpm,2026-06-01 00:00:00+00:00,1206.95,rpm,EQ-FAN-002|2026-06-01T00:00:00Z|rpm,incident,medium,2026-05-31 05:50:00+00:00,2026-06-04 03:24:00+00:00
EVT-2026S1-X021,EQ-FAN-002,vibration_mm_s,2026-06-01 00:00:00+00:00,3.2,mm/s,EQ-FAN-002|2026-06-01T00:00:00Z|vibration_mm_s,incident,medium,2026-05-31 05:50:00+00:00,2026-06-04 03:24:00+00:00
EVT-2026S1-0378,EQ-ROBOT-358,current_a,2026-06-01 00:00:00+00:00,23.87,A,EQ-ROBOT-358|2026-06-01T00:00:00Z|current_a,observation,medium,2026-05-29 20:28:00+00:00,2026-06-02 08:51:00+00:00
EVT-2026S1-0378,EQ-ROBOT-358,vibration_mm_s,2026-06-01 00:00:00+00:00,3.06,mm/s,EQ-ROBOT-358|2026-06-01T00:00:00Z|vibration_mm_s,observation,medium,2026-05-29 20:28:00+00:00,2026-06-02 08:51:00+00:00
EVT-2026S1-0216,EQ-CONV-376,current_a,2026-06-01 06:00:00+00:00,20.56,A,EQ-CONV-376|2026-06-01T06:00:00Z|current_a,observation,high,2026-05-29 06:21:00+00:00,2026-06-02 02:03:00+00:00
EVT-2026S1-0216,EQ-CONV-376,rpm,2026-06-01 06:00:00+00:00,1539.85,rpm,EQ-CONV-376|2026-06-01T06:00:00Z|rpm,observation,high,2026-05-29 06:21:00+00:00,2026-06-02 02:03:00+00:00
EVT-2026S1-X021,EQ-FAN-002,current_a,2026-06-01 06:00:00+00:00,22.76,A,EQ-FAN-002|2026-06-01T06:00:00Z|current_a,incident,medium,2026-05-31 05:50:00+00:00,2026-06-04 03:24:00+00:00
EVT-2026S1-X021,EQ-FAN-002,rpm,2026-06-01 06:00:00+00:00,1253.25,rpm,EQ-FAN-002|2026-06-01T06:00:00Z|rpm,incident,medium,2026-05-31 05:50:00+00:00,2026-06-04 03:24:00+00:00
EVT-2026S1-X021,EQ-FAN-002,vibration_mm_s,2026-06-01 06:00:00+00:00,2.94,mm/s,EQ-FAN-002|2026-06-01T06:00:00Z|vibration_mm_s,incident,medium,2026-05-31 05:50:00+00:00,2026-06-04 03:24:00+00:00
EVT-2026S1-0378,EQ-ROBOT-358,current_a,2026-06-01 06:00:00+00:00,18.38,A,EQ-ROBOT-358|2026-06-01T06:00:00Z|current_a,observation,medium,2026-05-29 20:28:00+00:00,2026-06-02 08:51:00+00:00
EVT-2026S1-0378,EQ-ROBOT-358,vibration_mm_s,2026-06-01 06:00:00+00:00,3.36,mm/s,EQ-ROBOT-358|2026-06-01T06:00:00Z|vibration_mm_s,observation,medium,2026-05-29 20:28:00+00:00,2026-06-02 08:51:00+00:00
EVT-2026S1-0216,EQ-CONV-376,current_a,2026-06-01 12:00:00+00:00,22.73,A,EQ-CONV-376|2026-06-01T12:00:00Z|current_a,observation,high,2026-05-29 06:21:00+00:00,2026-06-02 02:03:00+00:00
EVT-2026S1-0216,EQ-CONV-376,rpm,2026-06-01 12:00:00+00:00,1488.31,rpm,EQ-CONV-376|2026-06-01T12:00:00Z|rpm,observation,high,2026-05-29 06:21:00+00:00,2026-06-02 02:03:00+00:00
EVT-2026S1-X021,EQ-FAN-002,current_a,2026-06-01 12:00:00+00:00,26.04,A,EQ-FAN-002|2026-06-01T12:00:00Z|current_a,incident,medium,2026-05-31 05:50:00+00:00,2026-06-04 03:24:00+00:00
EVT-2026S1-X021,EQ-FAN-002,rpm,2026-06-01 12:00:00+00:00,1288.3,rpm,EQ-FAN-002|2026-06-01T12:00:00Z|rpm,incident,medium,2026-05-31 05:50:00+00:00,2026-06-04 03:24:00+00:00
EVT-2026S1-X021,EQ-FAN-002,vibration_mm_s,2026-06-01 12:00:00+00:00,3.04,mm/s,EQ-FAN-002|2026-06-01T12:00:00Z|vibration_mm_s,incident,medium,2026-05-31 05:50:00+00:00,2026-06-04 03:24:00+00:00
EVT-2026S1-0378,EQ-ROBOT-358,current_a,2026-06-01 12:00:00+00:00,21.29,A,EQ-ROBOT-358|2026-06-01T12:00:00Z|current_a,observation,medium,2026-05-29 20:28:00+00:00,2026-06-02 08:51:00+00:00
EVT-2026S1-0378,EQ-ROBOT-358,vibration_mm_s,2026-06-01 12:00:00+00:00,2.71,mm/s,EQ-ROBOT-358|2026-06-01T12:00:00Z|vibration_mm_s,observation,medium,2026-05-29 20:28:00+00:00,2026-06-02 08:51:00+00:00
EVT-2026S1-0216,EQ-CONV-376,current_a,2026-06-01 18:00:00+00:00,23.27,A,EQ-CONV-376|2026-06-01T18:00:00Z|current_a,observation,high,2026-05-29 06:21:00+00:00,2026-06-02 02:03:00+00:00
EVT-2026S1-0216,EQ-CONV-376,rpm,2026-06-01 18:00:00+00:00,1501.36,rpm,EQ-CONV-376|2026-06-01T18:00:00Z|rpm,observation,high,2026-05-29 06:21:00+00:00,2026-06-02 02:03:00+00:00
EVT-2026S1-X021,EQ-FAN-002,current_a,2026-06-01 18:00:00+00:00,25.1,A,EQ-FAN-002|2026-06-01T18:00:00Z|current_a,incident,medium,2026-05-31 05:50:00+00:00,2026-06-04 03:24:00+00:00
EVT-2026S1-X021,EQ-FAN-002,rpm,2026-06-01 18:00:00+00:00,1249.53,rpm,EQ-FAN-002|2026-06-01T18:00:00Z|rpm,incident,medium,2026-05-31 05:50:00+00:00,2026-06-04 03:24:00+00:00
EVT-2026S1-X021,EQ-FAN-002,vibration_mm_s,2026-06-01 18:00:00+00:00,2.7,mm/s,EQ-FAN-002|2026-06-01T18:00:00Z|vibration_mm_s,incident,medium,2026-05-31 05:50:00+00:00,2026-06-04 03:24:00+00:00
EVT-2026S1-0378,EQ-ROBOT-358,current_a,2026-06-01 18:00:00+00:00,21.81,A,EQ-ROBOT-358|2026-06-01T18:00:00Z|current_a,observation,medium,2026-05-29 20:28:00+00:00,2026-06-02 08:51:00+00:00
EVT-2026S1-0378,EQ-ROBOT-358,vibration_mm_s,2026-06-01 18:00:00+00:00,2.5,mm/s,EQ-ROBOT-358|2026-06-01T18:00:00Z|vibration_mm_s,observation,medium,2026-05-29 20:28:00+00:00,2026-06-02 08:51:00+00:00
EVT-2026S1-0216,EQ-CONV-376,current_a,2026-06-02 00:00:00+00:00,20.51,A,EQ-CONV-376|2026-06-02T00:00:00Z|current_a,observation,high,2026-05-29 06:21:00+00:00,2026-06-02 02:03:00+00:00
EVT-2026S1-0216,EQ-CONV-376,rpm,2026-06-02 00:00:00+00:00,1554.75,rpm,EQ-CONV-376|2026-06-02T00:00:00Z|rpm,observation,high,2026-05-29 06:21:00+00:00,2026-06-02 02:03:00+00:00
EVT-2026S1-X021,EQ-FAN-002,current_a,2026-06-02 00:00:00+00:00,21.89,A,EQ-FAN-002|2026-06-02T00:00:00Z|current_a,incident,medium,2026-05-31 05:50:00+00:00,2026-06-04 03:24:00+00:00
EVT-2026S1-X021,EQ-FAN-002,rpm,2026-06-02 00:00:00+00:00,1207.64,rpm,EQ-FAN-002|2026-06-02T00:00:00Z|rpm,incident,medium,2026-05-31 05:50:00+00:00,2026-06-04 03:24:00+00:00
EVT-2026S1-X021,EQ-FAN-002,vibration_mm_s,2026-06-02 00:00:00+00:00,3.04,mm/s,EQ-FAN-002|2026-06-02T00:00:00Z|vibration_mm_s,incident,medium,2026-05-31 05:50:00+00:00,2026-06-04 03:24:00+00:00
EVT-2026S1-0378,EQ-ROBOT-358,current_a,2026-06-02 00:00:00+00:00,22.19,A,EQ-ROBOT-358|2026-06-02T00:00:00Z|current_a,observation,medium,2026-05-29 20:28:00+00:00,2026-06-02 08:51:00+00:00
EVT-2026S1-0378,EQ-ROBOT-358,vibration_mm_s,2026-06-02 00:00:00+00:00,2.93,mm/s,EQ-ROBOT-358|2026-06-02T00:00:00Z|vibration_mm_s,observation,medium,2026-05-29 20:28:00+00:00,2026-06-02 08:51:00+00:00
EVT-2026S1-X007,EQ-STEAM-352,pressure_bar,2026-06-02 00:00:00+00:00,6.38,bar,EQ-STEAM-352|2026-06-02T00:00:00Z|pressure_bar,incident,high,2026-06-01 20:26:00+00:00,2026-06-05 04:58:00+00:00
EVT-2026S1-X007,EQ-STEAM-352,temperature_c,2026-06-02 00:00:00+00:00,62.02,°C,EQ-STEAM-352|2026-06-02T00:00:00Z|temperature_c,incident,high,2026-06-01 20:26:00+00:00,2026-06-05 04:58:00+00:00
EVT-2026S1-X021,EQ-FAN-002,current_a,2026-06-02 06:00:00+00:00,22.73,A,EQ-FAN-002|2026-06-02T06:00:00Z|current_a,incident,medium,2026-05-31 05:50:00+00:00,2026-06-04 03:24:00+00:00
EVT-2026S1-X021,EQ-FAN-002,rpm,2026-06-02 06:00:00+00:00,1251.08,rpm,EQ-FAN-002|2026-06-02T06:00:00Z|rpm,incident,medium,2026-05-31 05:50:00+00:00,2026-06-04 03:24:00+00:00
EVT-2026S1-X021,EQ-FAN-002,vibration_mm_s,2026-06-02 06:00:00+00:00,2.84,mm/s,EQ-FAN-002|2026-06-02T06:00:00Z|vibration_mm_s,incident,medium,2026-05-31 05:50:00+00:00,2026-06-04 03:24:00+00:00
EVT-2026S1-0378,EQ-ROBOT-358,current_a,2026-06-02 06:00:00+00:00,19.93,A,EQ-ROBOT-358|2026-06-02T06:00:00Z|current_a,observation,medium,2026-05-29 20:28:00+00:00,2026-06-02 08:51:00+00:00
EVT-2026S1-0378,EQ-ROBOT-358,vibration_mm_s,2026-06-02 06:00:00+00:00,3.33,mm/s,EQ-ROBOT-358|2026-06-02T06:00:00Z|vibration_mm_s,observation,medium,2026-05-29 20:28:00+00:00,2026-06-02 08:51:00+00:00
EVT-2026S1-X007,EQ-STEAM-352,pressure_bar,2026-06-02 06:00:00+00:00,6.41,bar,EQ-STEAM-352|2026-06-02T06:00:00Z|pressure_bar,incident,high,2026-06-01 20:26:00+00:00,2026-06-05 04:58:00+00:00
EVT-2026S1-X007,EQ-STEAM-352,temperature_c,2026-06-02 06:00:00+00:00,64.69,°C,EQ-STEAM-352|2026-06-02T06:00:00Z|temperature_c,incident,high,2026-06-01 20:26:00+00:00,2026-06-05 04:58:00+00:00
EVT-2026S1-X021,EQ-FAN-002,current_a,2026-06-02 12:00:00+00:00,23.43,A,EQ-FAN-002|2026-06-02T12:00:00Z|current_a,incident,medium,2026-05-31 05:50:00+00:00,2026-06-04 03:24:00+00:00
EVT-2026S1-X021,EQ-FAN-002,rpm,2026-06-02 12:00:00+00:00,1317.29,rpm,EQ-FAN-002|2026-06-02T12:00:00Z|rpm,incident,medium,2026-05-31 05:50:00+00:00,2026-06-04 03:24:00+00:00
EVT-2026S1-X021,EQ-FAN-002,vibration_mm_s,2026-06-02 12:00:00+00:00,3.18,mm/s,EQ-FAN-002|2026-06-02T12:00:00Z|vibration_mm_s,incident,medium,2026-05-31 05:50:00+00:00,2026-06-04 03:24:00+00:00
EVT-2026S1-X007,EQ-STEAM-352,pressure_bar,2026-06-02 12:00:00+00:00,6.51,bar,EQ-STEAM-352|2026-06-02T12:00:00Z|pressure_bar,incident,high,2026-06-01 20:26:00+00:00,2026-06-05 04:58:00+00:00
EVT-2026S1-X007,EQ-STEAM-352,temperature_c,2026-06-02 12:00:00+00:00,55.33,°C,EQ-STEAM-352|2026-06-02T12:00:00Z|temperature_c,incident,high,2026-06-01 20:26:00+00:00,2026-06-05 04:58:00+00:00
EVT-2026S1-X021,EQ-FAN-002,current_a,2026-06-02 18:00:00+00:00,23.73,A,EQ-FAN-002|2026-06-02T18:00:00Z|current_a,incident,medium,2026-05-31 05:50:00+00:00,2026-06-04 03:24:00+00:00
EVT-2026S1-X021,EQ-FAN-002,rpm,2026-06-02 18:00:00+00:00,1267.27,rpm,EQ-FAN-002|2026-06-02T18:00:00Z|rpm,incident,medium,2026-05-31 05:50:00+00:00,2026-06-04 03:24:00+00:00
EVT-2026S1-X021,EQ-FAN-002,vibration_mm_s,2026-06-02 18:00:00+00:00,2.81,mm/s,EQ-FAN-002|2026-06-02T18:00:00Z|vibration_mm_s,incident,medium,2026-05-31 05:50:00+00:00,2026-06-04 03:24:00+00:00
EVT-2026S1-X007,EQ-STEAM-352,pressure_bar,2026-06-02 18:00:00+00:00,5.87,bar,EQ-STEAM-352|2026-06-02T18:00:00Z|pressure_bar,incident,high,2026-06-01 20:26:00+00:00,2026-06-05 04:58:00+00:00
EVT-2026S1-X007,EQ-STEAM-352,temperature_c,2026-06-02 18:00:00+00:00,59.11,°C,EQ-STEAM-352|2026-06-02T18:00:00Z|temperature_c,incident,high,2026-06-01 20:26:00+00:00,2026-06-05 04:58:00+00:00
EVT-2026S1-X021,EQ-FAN-002,current_a,2026-06-03 00:00:00+00:00,23.27,A,EQ-FAN-002|2026-06-03T00:00:00Z|current_a,incident,medium,2026-05-31 05:50:00+00:00,2026-06-04 03:24:00+00:00
EVT-2026S1-X021,EQ-FAN-002,rpm,2026-06-03 00:00:00+00:00,1221.25,rpm,EQ-FAN-002|2026-06-03T00:00:00Z|rpm,incident,medium,2026-05-31 05:50:00+00:00,2026-06-04 03:24:00+00:00
EVT-2026S1-X021,EQ-FAN-002,vibration_mm_s,2026-06-03 00:00:00+00:00,2.83,mm/s,EQ-FAN-002|2026-06-03T00:00:00Z|vibration_mm_s,incident,medium,2026-05-31 05:50:00+00:00,2026-06-04 03:24:00+00:00
EVT-2026S1-X007,EQ-STEAM-352,pressure_bar,2026-06-03 00:00:00+00:00,5.83,bar,EQ-STEAM-352|2026-06-03T00:00:00Z|pressure_bar,incident,high,2026-06-01 20:26:00+00:00,2026-06-05 04:58:00+00:00
EVT-2026S1-X007,EQ-STEAM-352,temperature_c,2026-06-03 00:00:00+00:00,64.49,°C,EQ-STEAM-352|2026-06-03T00:00:00Z|temperature_c,incident,high,2026-06-01 20:26:00+00:00,2026-06-05 04:58:00+00:00
EVT-2026S1-X021,EQ-FAN-002,current_a,2026-06-03 06:00:00+00:00,23.53,A,EQ-FAN-002|2026-06-03T06:00:00Z|current_a,incident,medium,2026-05-31 05:50:00+00:00,2026-06-04 03:24:00+00:00
EVT-2026S1-X021,EQ-FAN-002,rpm,2026-06-03 06:00:00+00:00,1237.87,rpm,EQ-FAN-002|2026-06-03T06:00:00Z|rpm,incident,medium,2026-05-31 05:50:00+00:00,2026-06-04 03:24:00+00:00
EVT-2026S1-X021,EQ-FAN-002,vibration_mm_s,2026-06-03 06:00:00+00:00,3.64,mm/s,EQ-FAN-002|2026-06-03T06:00:00Z|vibration_mm_s,incident,medium,2026-05-31 05:50:00+00:00,2026-06-04 03:24:00+00:00
EVT-2026S1-X007,EQ-STEAM-352,pressure_bar,2026-06-03 06:00:00+00:00,6.19,bar,EQ-STEAM-352|2026-06-03T06:00:00Z|pressure_bar,incident,high,2026-06-01 20:26:00+00:00,2026-06-05 04:58:00+00:00
EVT-2026S1-X007,EQ-STEAM-352,temperature_c,2026-06-03 06:00:00+00:00,65.92,°C,EQ-STEAM-352|2026-06-03T06:00:00Z|temperature_c,incident,high,2026-06-01 20:26:00+00:00,2026-06-05 04:58:00+00:00
EVT-2026S1-X021,EQ-FAN-002,current_a,2026-06-03 12:00:00+00:00,26.86,A,EQ-FAN-002|2026-06-03T12:00:00Z|current_a,incident,medium,2026-05-31 05:50:00+00:00,2026-06-04 03:24:00+00:00
EVT-2026S1-X021,EQ-FAN-002,rpm,2026-06-03 12:00:00+00:00,1254.94,rpm,EQ-FAN-002|2026-06-03T12:00:00Z|rpm,incident,medium,2026-05-31 05:50:00+00:00,2026-06-04 03:24:00+00:00
EVT-2026S1-X021,EQ-FAN-002,vibration_mm_s,2026-06-03 12:00:00+00:00,2.96,mm/s,EQ-FAN-002|2026-06-03T12:00:00Z|vibration_mm_s,incident,medium,2026-05-31 05:50:00+00:00,2026-06-04 03:24:00+00:00
EVT-2026S1-X007,EQ-STEAM-352,pressure_bar,2026-06-03 12:00:00+00:00,6.13,bar,EQ-STEAM-352|2026-06-03T12:00:00Z|pressure_bar,incident,high,2026-06-01 20:26:00+00:00,2026-06-05 04:58:00+00:00
EVT-2026S1-X007,EQ-STEAM-352,temperature_c,2026-06-03 12:00:00+00:00,64.85,°C,EQ-STEAM-352|2026-06-03T12:00:00Z|temperature_c,incident,high,2026-06-01 20:26:00+00:00,2026-06-05 04:58:00+00:00
EVT-2026S1-X021,EQ-FAN-002,current_a,2026-06-03 18:00:00+00:00,23.61,A,EQ-FAN-002|2026-06-03T18:00:00Z|current_a,incident,medium,2026-05-31 05:50:00+00:00,2026-06-04 03:24:00+00:00
EVT-2026S1-X021,EQ-FAN-002,rpm,2026-06-03 18:00:00+00:00,1248.15,rpm,EQ-FAN-002|2026-06-03T18:00:00Z|rpm,incident,medium,2026-05-31 05:50:00+00:00,2026-06-04 03:24:00+00:00
EVT-2026S1-X021,EQ-FAN-002,vibration_mm_s,2026-06-03 18:00:00+00:00,2.56,mm/s,EQ-FAN-002|2026-06-03T18:00:00Z|vibration_mm_s,incident,medium,2026-05-31 05:50:00+00:00,2026-06-04 03:24:00+00:00
EVT-2026S1-X007,EQ-STEAM-352,pressure_bar,2026-06-03 18:00:00+00:00,6.03,bar,EQ-STEAM-352|2026-06-03T18:00:00Z|pressure_bar,incident,high,2026-06-01 20:26:00+00:00,2026-06-05 04:58:00+00:00
EVT-2026S1-X007,EQ-STEAM-352,temperature_c,2026-06-03 18:00:00+00:00,61.52,°C,EQ-STEAM-352|2026-06-03T18:00:00Z|temperature_c,incident,high,2026-06-01 20:26:00+00:00,2026-06-05 04:58:00+00:00
EVT-2026S1-X021,EQ-FAN-002,current_a,2026-06-04 00:00:00+00:00,21.76,A,EQ-FAN-002|2026-06-04T00:00:00Z|current_a,incident,medium,2026-05-31 05:50:00+00:00,2026-06-04 03:24:00+00:00
EVT-2026S1-X021,EQ-FAN-002,rpm,2026-06-04 00:00:00+00:00,1198.69,rpm,EQ-FAN-002|2026-06-04T00:00:00Z|rpm,incident,medium,2026-05-31 05:50:00+00:00,2026-06-04 03:24:00+00:00
EVT-2026S1-X021,EQ-FAN-002,vibration_mm_s,2026-06-04 00:00:00+00:00,3.28,mm/s,EQ-FAN-002|2026-06-04T00:00:00Z|vibration_mm_s,incident,medium,2026-05-31 05:50:00+00:00,2026-06-04 03:24:00+00:00
EVT-2026S1-X007,EQ-STEAM-352,pressure_bar,2026-06-04 00:00:00+00:00,5.55,bar,EQ-STEAM-352|2026-06-04T00:00:00Z|pressure_bar,incident,high,2026-06-01 20:26:00+00:00,2026-06-05 04:58:00+00:00
EVT-2026S1-X007,EQ-STEAM-352,temperature_c,2026-06-04 00:00:00+00:00,68.67,°C,EQ-STEAM-352|2026-06-04T00:00:00Z|temperature_c,incident,high,2026-06-01 20:26:00+00:00,2026-06-05 04:58:00+00:00
EVT-2026S1-X007,EQ-STEAM-352,pressure_bar,2026-06-04 06:00:00+00:00,6.11,bar,EQ-STEAM-352|2026-06-04T06:00:00Z|pressure_bar,incident,high,2026-06-01 20:26:00+00:00,2026-06-05 04:58:00+00:00
EVT-2026S1-X007,EQ-STEAM-352,temperature_c,2026-06-04 06:00:00+00:00,66.81,°C,EQ-STEAM-352|2026-06-04T06:00:00Z|temperature_c,incident,high,2026-06-01 20:26:00+00:00,2026-06-05 04:58:00+00:00
EVT-2026S1-X007,EQ-STEAM-352,pressure_bar,2026-06-04 12:00:00+00:00,6.51,bar,EQ-STEAM-352|2026-06-04T12:00:00Z|pressure_bar,incident,high,2026-06-01 20:26:00+00:00,2026-06-05 04:58:00+00:00
EVT-2026S1-X007,EQ-STEAM-352,temperature_c,2026-06-04 12:00:00+00:00,57.45,°C,EQ-STEAM-352|2026-06-04T12:00:00Z|temperature_c,incident,high,2026-06-01 20:26:00+00:00,2026-06-05 04:58:00+00:00
EVT-2026S1-0484,EQ-CHILL-115,pressure_bar,2026-06-04 18:00:00+00:00,7.03,bar,EQ-CHILL-115|2026-06-04T18:00:00Z|pressure_bar,observation,high,2026-06-04 15:02:00+00:00,2026-06-08 15:05:00+00:00
EVT-2026S1-0484,EQ-CHILL-115,temperature_c,2026-06-04 18:00:00+00:00,55.6,°C,EQ-CHILL-115|2026-06-04T18:00:00Z|temperature_c,observation,high,2026-06-04 15:02:00+00:00,2026-06-08 15:05:00+00:00
EVT-2026S1-X007,EQ-STEAM-352,pressure_bar,2026-06-04 18:00:00+00:00,6.08,bar,EQ-STEAM-352|2026-06-04T18:00:00Z|pressure_bar,incident,high,2026-06-01 20:26:00+00:00,2026-06-05 04:58:00+00:00
EVT-2026S1-X007,EQ-STEAM-352,temperature_c,2026-06-04 18:00:00+00:00,60.34,°C,EQ-STEAM-352|2026-06-04T18:00:00Z|temperature_c,incident,high,2026-06-01 20:26:00+00:00,2026-06-05 04:58:00+00:00
EVT-2026S1-0484,EQ-CHILL-115,pressure_bar,2026-06-05 00:00:00+00:00,7.07,bar,EQ-CHILL-115|2026-06-05T00:00:00Z|pressure_bar,observation,high,2026-06-04 15:02:00+00:00,2026-06-08 15:05:00+00:00
EVT-2026S1-0484,EQ-CHILL-115,temperature_c,2026-06-05 00:00:00+00:00,59.64,°C,EQ-CHILL-115|2026-06-05T00:00:00Z|temperature_c,observation,high,2026-06-04 15:02:00+00:00,2026-06-08 15:05:00+00:00
EVT-2026S1-X007,EQ-STEAM-352,pressure_bar,2026-06-05 00:00:00+00:00,6.27,bar,EQ-STEAM-352|2026-06-05T00:00:00Z|pressure_bar,incident,high,2026-06-01 20:26:00+00:00,2026-06-05 04:58:00+00:00
EVT-2026S1-X007,EQ-STEAM-352,temperature_c,2026-06-05 00:00:00+00:00,64.62,°C,EQ-STEAM-352|2026-06-05T00:00:00Z|temperature_c,incident,high,2026-06-01 20:26:00+00:00,2026-06-05 04:58:00+00:00
EVT-2026S1-0484,EQ-CHILL-115,pressure_bar,2026-06-05 06:00:00+00:00,6.91,bar,EQ-CHILL-115|2026-06-05T06:00:00Z|pressure_bar,observation,high,2026-06-04 15:02:00+00:00,2026-06-08 15:05:00+00:00
EVT-2026S1-0484,EQ-CHILL-115,temperature_c,2026-06-05 06:00:00+00:00,65.13,°C,EQ-CHILL-115|2026-06-05T06:00:00Z|temperature_c,observation,high,2026-06-04 15:02:00+00:00,2026-06-08 15:05:00+00:00
EVT-2026S1-0484,EQ-CHILL-115,pressure_bar,2026-06-05 12:00:00+00:00,6.81,bar,EQ-CHILL-115|2026-06-05T12:00:00Z|pressure_bar,observation,high,2026-06-04 15:02:00+00:00,2026-06-08 15:05:00+00:00
EVT-2026S1-0484,EQ-CHILL-115,temperature_c,2026-06-05 12:00:00+00:00,62.56,°C,EQ-CHILL-115|2026-06-05T12:00:00Z|temperature_c,observation,high,2026-06-04 15:02:00+00:00,2026-06-08 15:05:00+00:00
EVT-2026S1-0308,EQ-CHILL-188,pressure_bar,2026-06-05 12:00:00+00:00,5.9,bar,EQ-CHILL-188|2026-06-05T12:00:00Z|pressure_bar,alert,high,2026-06-05 07:16:00+00:00,2026-06-09 10:34:00+00:00
EVT-2026S1-0308,EQ-CHILL-188,temperature_c,2026-06-05 12:00:00+00:00,56.54,°C,EQ-CHILL-188|2026-06-05T12:00:00Z|temperature_c,alert,high,2026-06-05 07:16:00+00:00,2026-06-09 10:34:00+00:00
EVT-2026S1-0484,EQ-CHILL-115,pressure_bar,2026-06-05 18:00:00+00:00,6.76,bar,EQ-CHILL-115|2026-06-05T18:00:00Z|pressure_bar,observation,high,2026-06-04 15:02:00+00:00,2026-06-08 15:05:00+00:00
EVT-2026S1-0484,EQ-CHILL-115,temperature_c,2026-06-05 18:00:00+00:00,53.52,°C,EQ-CHILL-115|2026-06-05T18:00:00Z|temperature_c,observation,high,2026-06-04 15:02:00+00:00,2026-06-08 15:05:00+00:00
EVT-2026S1-0088,EQ-CHILL-168,pressure_bar,2026-06-05 18:00:00+00:00,7.75,bar,EQ-CHILL-168|2026-06-05T18:00:00Z|pressure_bar,intervention,high,2026-06-05 15:47:00+00:00,2026-06-09 21:53:00+00:00
EVT-2026S1-0088,EQ-CHILL-168,temperature_c,2026-06-05 18:00:00+00:00,59.24,°C,EQ-CHILL-168|2026-06-05T18:00:00Z|temperature_c,intervention,high,2026-06-05 15:47:00+00:00,2026-06-09 21:53:00+00:00
EVT-2026S1-0308,EQ-CHILL-188,pressure_bar,2026-06-05 18:00:00+00:00,6.61,bar,EQ-CHILL-188|2026-06-05T18:00:00Z|pressure_bar,alert,high,2026-06-05 07:16:00+00:00,2026-06-09 10:34:00+00:00
EVT-2026S1-0308,EQ-CHILL-188,temperature_c,2026-06-05 18:00:00+00:00,60.84,°C,EQ-CHILL-188|2026-06-05T18:00:00Z|temperature_c,alert,high,2026-06-05 07:16:00+00:00,2026-06-09 10:34:00+00:00
EVT-2026S1-X014,EQ-PUMP-171,temperature_c,2026-06-05 18:00:00+00:00,57.55,°C,EQ-PUMP-171|2026-06-05T18:00:00Z|temperature_c,intervention,medium,2026-06-05 16:07:00+00:00,2026-06-10 03:39:00+00:00
EVT-2026S1-X014,EQ-PUMP-171,vibration_mm_s,2026-06-05 18:00:00+00:00,3.44,mm/s,EQ-PUMP-171|2026-06-05T18:00:00Z|vibration_mm_s,intervention,medium,2026-06-05 16:07:00+00:00,2026-06-10 03:39:00+00:00
EVT-2026S1-0350,EQ-PUMP-350,temperature_c,2026-06-05 18:00:00+00:00,54.91,°C,EQ-PUMP-350|2026-06-05T18:00:00Z|temperature_c,intervention,high,2026-06-05 13:09:00+00:00,2026-06-08 21:49:00+00:00
EVT-2026S1-0350,EQ-PUMP-350,vibration_mm_s,2026-06-05 18:00:00+00:00,3.0,mm/s,EQ-PUMP-350|2026-06-05T18:00:00Z|vibration_mm_s,intervention,high,2026-06-05 13:09:00+00:00,2026-06-08 21:49:00+00:00
EVT-2026S1-0484,EQ-CHILL-115,pressure_bar,2026-06-06 00:00:00+00:00,6.98,bar,EQ-CHILL-115|2026-06-06T00:00:00Z|pressure_bar,observation,high,2026-06-04 15:02:00+00:00,2026-06-08 15:05:00+00:00
EVT-2026S1-0484,EQ-CHILL-115,temperature_c,2026-06-06 00:00:00+00:00,55.93,°C,EQ-CHILL-115|2026-06-06T00:00:00Z|temperature_c,observation,high,2026-06-04 15:02:00+00:00,2026-06-08 15:05:00+00:00
EVT-2026S1-0088,EQ-CHILL-168,pressure_bar,2026-06-06 00:00:00+00:00,7.18,bar,EQ-CHILL-168|2026-06-06T00:00:00Z|pressure_bar,intervention,high,2026-06-05 15:47:00+00:00,2026-06-09 21:53:00+00:00
EVT-2026S1-0088,EQ-CHILL-168,temperature_c,2026-06-06 00:00:00+00:00,66.31,°C,EQ-CHILL-168|2026-06-06T00:00:00Z|temperature_c,intervention,high,2026-06-05 15:47:00+00:00,2026-06-09 21:53:00+00:00
EVT-2026S1-0308,EQ-CHILL-188,pressure_bar,2026-06-06 00:00:00+00:00,6.47,bar,EQ-CHILL-188|2026-06-06T00:00:00Z|pressure_bar,alert,high,2026-06-05 07:16:00+00:00,2026-06-09 10:34:00+00:00
EVT-2026S1-0308,EQ-CHILL-188,temperature_c,2026-06-06 00:00:00+00:00,63.71,°C,EQ-CHILL-188|2026-06-06T00:00:00Z|temperature_c,alert,high,2026-06-05 07:16:00+00:00,2026-06-09 10:34:00+00:00
EVT-2026S1-X009,EQ-COMP-233,pressure_bar,2026-06-06 00:00:00+00:00,6.13,bar,EQ-COMP-233|2026-06-06T00:00:00Z|pressure_bar,incident,high,2026-06-05 19:33:00+00:00,2026-06-10 04:05:00+00:00
EVT-2026S1-X009,EQ-COMP-233,temperature_c,2026-06-06 00:00:00+00:00,64.01,°C,EQ-COMP-233|2026-06-06 00:00:00|temperature_c,incident,high,2026-06-05 19:33:00+00:00,2026-06-10 04:05:00+00:00
EVT-2026S1-X042,EQ-COMP-249,pressure_bar,2026-06-06 00:00:00+00:00,5.51,bar,EQ-COMP-249|2026-06-06T00:00:00Z|pressure_bar,observation,low,2026-06-05 20:11:00+00:00,2026-06-09 15:33:00+00:00
EVT-2026S1-X014,EQ-PUMP-171,temperature_c,2026-06-06 00:00:00+00:00,64.49,°C,EQ-PUMP-171|2026-06-06T00:00:00Z|temperature_c,intervention,medium,2026-06-05 16:07:00+00:00,2026-06-10 03:39:00+00:00
EVT-2026S1-X014,EQ-PUMP-171,vibration_mm_s,2026-06-06 00:00:00+00:00,2.81,mm/s,EQ-PUMP-171|2026-06-06T00:00:00Z|vibration_mm_s,intervention,medium,2026-06-05 16:07:00+00:00,2026-06-10 03:39:00+00:00
EVT-2026S1-0350,EQ-PUMP-350,temperature_c,2026-06-06 00:00:00+00:00,57.08,°C,EQ-PUMP-350|2026-06-06T00:00:00Z|temperature_c,intervention,high,2026-06-05 13:09:00+00:00,2026-06-08 21:49:00+00:00
EVT-2026S1-0350,EQ-PUMP-350,vibration_mm_s,2026-06-06 00:00:00+00:00,3.31,mm/s,EQ-PUMP-350|2026-06-06T00:00:00Z|vibration_mm_s,intervention,high,2026-06-05 13:09:00+00:00,2026-06-08 21:49:00+00:00
EVT-2026S1-0484,EQ-CHILL-115,pressure_bar,2026-06-06 06:00:00+00:00,7.14,bar,EQ-CHILL-115|2026-06-06T06:00:00Z|pressure_bar,observation,high,2026-06-04 15:02:00+00:00,2026-06-08 15:05:00+00:00
EVT-2026S1-0484,EQ-CHILL-115,temperature_c,2026-06-06 06:00:00+00:00,61.5,°C,EQ-CHILL-115|2026-06-06T06:00:00Z|temperature_c,observation,high,2026-06-04 15:02:00+00:00,2026-06-08 15:05:00+00:00
EVT-2026S1-0088,EQ-CHILL-168,pressure_bar,2026-06-06 06:00:00+00:00,6.94,bar,EQ-CHILL-168|2026-06-06T06:00:00Z|pressure_bar,intervention,high,2026-06-05 15:47:00+00:00,2026-06-09 21:53:00+00:00
EVT-2026S1-0088,EQ-CHILL-168,temperature_c,2026-06-06 06:00:00+00:00,58.09,°C,EQ-CHILL-168|2026-06-06T06:00:00Z|temperature_c,intervention,high,2026-06-05 15:47:00+00:00,2026-06-09 21:53:00+00:00
EVT-2026S1-0308,EQ-CHILL-188,pressure_bar,2026-06-06 06:00:00+00:00,6.26,bar,EQ-CHILL-188|2026-06-06T06:00:00Z|pressure_bar,alert,high,2026-06-05 07:16:00+00:00,2026-06-09 10:34:00+00:00
EVT-2026S1-0308,EQ-CHILL-188,temperature_c,2026-06-06 06:00:00+00:00,58.01,°C,EQ-CHILL-188|2026-06-06T06:00:00Z|temperature_c,alert,high,2026-06-05 07:16:00+00:00,2026-06-09 10:34:00+00:00
EVT-2026S1-X009,EQ-COMP-233,pressure_bar,2026-06-06 06:00:00+00:00,6.82,bar,EQ-COMP-233|2026-06-06T06:00:00Z|pressure_bar,incident,high,2026-06-05 19:33:00+00:00,2026-06-10 04:05:00+00:00
EVT-2026S1-X009,EQ-COMP-233,temperature_c,2026-06-06 06:00:00+00:00,59.66,°C,EQ-COMP-233|2026-06-06 06:00:00|temperature_c,incident,high,2026-06-05 19:33:00+00:00,2026-06-10 04:05:00+00:00
EVT-2026S1-X042,EQ-COMP-249,pressure_bar,2026-06-06 06:00:00+00:00,4.83,bar,EQ-COMP-249|2026-06-06T06:00:00Z|pressure_bar,observation,low,2026-06-05 20:11:00+00:00,2026-06-09 15:33:00+00:00
EVT-2026S1-X014,EQ-PUMP-171,temperature_c,2026-06-06 06:00:00+00:00,62.24,°C,EQ-PUMP-171|2026-06-06T06:00:00Z|temperature_c,intervention,medium,2026-06-05 16:07:00+00:00,2026-06-10 03:39:00+00:00
EVT-2026S1-X014,EQ-PUMP-171,vibration_mm_s,2026-06-06 06:00:00+00:00,2.34,mm/s,EQ-PUMP-171|2026-06-06T06:00:00Z|vibration_mm_s,intervention,medium,2026-06-05 16:07:00+00:00,2026-06-10 03:39:00+00:00
EVT-2026S1-0350,EQ-PUMP-350,temperature_c,2026-06-06 06:00:00+00:00,63.67,°C,EQ-PUMP-350|2026-06-06T06:00:00Z|temperature_c,intervention,high,2026-06-05 13:09:00+00:00,2026-06-08 21:49:00+00:00
EVT-2026S1-0350,EQ-PUMP-350,vibration_mm_s,2026-06-06 06:00:00+00:00,2.97,mm/s,EQ-PUMP-350|2026-06-06T06:00:00Z|vibration_mm_s,intervention,high,2026-06-05 13:09:00+00:00,2026-06-08 21:49:00+00:00
EVT-2026S1-0484,EQ-CHILL-115,pressure_bar,2026-06-06 12:00:00+00:00,6.64,bar,EQ-CHILL-115|2026-06-06T12:00:00Z|pressure_bar,observation,high,2026-06-04 15:02:00+00:00,2026-06-08 15:05:00+00:00
EVT-2026S1-0484,EQ-CHILL-115,temperature_c,2026-06-06 12:00:00+00:00,61.74,°C,EQ-CHILL-115|2026-06-06T12:00:00Z|temperature_c,observation,high,2026-06-04 15:02:00+00:00,2026-06-08 15:05:00+00:00
EVT-2026S1-0088,EQ-CHILL-168,pressure_bar,2026-06-06 12:00:00+00:00,6.97,bar,EQ-CHILL-168|2026-06-06T12:00:00Z|pressure_bar,intervention,high,2026-06-05 15:47:00+00:00,2026-06-09 21:53:00+00:00
EVT-2026S1-0088,EQ-CHILL-168,temperature_c,2026-06-06 12:00:00+00:00,53.85,°C,EQ-CHILL-168|2026-06-06T12:00:00Z|temperature_c,intervention,high,2026-06-05 15:47:00+00:00,2026-06-09 21:53:00+00:00
EVT-2026S1-0308,EQ-CHILL-188,pressure_bar,2026-06-06 12:00:00+00:00,5.75,bar,EQ-CHILL-188|2026-06-06T12:00:00Z|pressure_bar,alert,high,2026-06-05 07:16:00+00:00,2026-06-09 10:34:00+00:00
EVT-2026S1-0308,EQ-CHILL-188,temperature_c,2026-06-06 12:00:00+00:00,53.15,°C,EQ-CHILL-188|2026-06-06T12:00:00Z|temperature_c,alert,high,2026-06-05 07:16:00+00:00,2026-06-09 10:34:00+00:00
EVT-2026S1-X009,EQ-COMP-233,pressure_bar,2026-06-06 12:00:00+00:00,6.65,bar,EQ-COMP-233|2026-06-06T12:00:00Z|pressure_bar,incident,high,2026-06-05 19:33:00+00:00,2026-06-10 04:05:00+00:00
EVT-2026S1-X009,EQ-COMP-233,temperature_c,2026-06-06 12:00:00+00:00,54.44,°C,EQ-COMP-233|2026-06-06 12:00:00|temperature_c,incident,high,2026-06-05 19:33:00+00:00,2026-06-10 04:05:00+00:00
EVT-2026S1-X042,EQ-COMP-249,pressure_bar,2026-06-06 12:00:00+00:00,5.26,bar,EQ-COMP-249|2026-06-06T12:00:00Z|pressure_bar,observation,low,2026-06-05 20:11:00+00:00,2026-06-09 15:33:00+00:00
EVT-2026S1-X014,EQ-PUMP-171,temperature_c,2026-06-06 12:00:00+00:00,56.02,°C,EQ-PUMP-171|2026-06-06T12:00:00Z|temperature_c,intervention,medium,2026-06-05 16:07:00+00:00,2026-06-10 03:39:00+00:00
EVT-2026S1-X014,EQ-PUMP-171,vibration_mm_s,2026-06-06 12:00:00+00:00,2.76,mm/s,EQ-PUMP-171|2026-06-06T12:00:00Z|vibration_mm_s,intervention,medium,2026-06-05 16:07:00+00:00,2026-06-10 03:39:00+00:00
EVT-2026S1-0350,EQ-PUMP-350,temperature_c,2026-06-06 12:00:00+00:00,59.74,°C,EQ-PUMP-350|2026-06-06T12:00:00Z|temperature_c,intervention,high,2026-06-05 13:09:00+00:00,2026-06-08 21:49:00+00:00
EVT-2026S1-0350,EQ-PUMP-350,vibration_mm_s,2026-06-06 12:00:00+00:00,2.63,mm/s,EQ-PUMP-350|2026-06-06T12:00:00Z|vibration_mm_s,intervention,high,2026-06-05 13:09:00+00:00,2026-06-08 21:49:00+00:00
EVT-2026S1-0484,EQ-CHILL-115,pressure_bar,2026-06-06 18:00:00+00:00,6.84,bar,EQ-CHILL-115|2026-06-06T18:00:00Z|pressure_bar,observation,high,2026-06-04 15:02:00+00:00,2026-06-08 15:05:00+00:00
EVT-2026S1-0484,EQ-CHILL-115,temperature_c,2026-06-06 18:00:00+00:00,51.71,°C,EQ-CHILL-115|2026-06-06T18:00:00Z|temperature_c,observation,high,2026-06-04 15:02:00+00:00,2026-06-08 15:05:00+00:00
EVT-2026S1-0088,EQ-CHILL-168,pressure_bar,2026-06-06 18:00:00+00:00,7.32,bar,EQ-CHILL-168|2026-06-06T18:00:00Z|pressure_bar,intervention,high,2026-06-05 15:47:00+00:00,2026-06-09 21:53:00+00:00
EVT-2026S1-0088,EQ-CHILL-168,temperature_c,2026-06-06 18:00:00+00:00,57.1,°C,EQ-CHILL-168|2026-06-06T18:00:00Z|temperature_c,intervention,high,2026-06-05 15:47:00+00:00,2026-06-09 21:53:00+00:00
EVT-2026S1-0308,EQ-CHILL-188,pressure_bar,2026-06-06 18:00:00+00:00,5.63,bar,EQ-CHILL-188|2026-06-06T18:00:00Z|pressure_bar,alert,high,2026-06-05 07:16:00+00:00,2026-06-09 10:34:00+00:00
EVT-2026S1-0308,EQ-CHILL-188,temperature_c,2026-06-06 18:00:00+00:00,61.05,°C,EQ-CHILL-188|2026-06-06T18:00:00Z|temperature_c,alert,high,2026-06-05 07:16:00+00:00,2026-06-09 10:34:00+00:00
EVT-2026S1-X009,EQ-COMP-233,pressure_bar,2026-06-06 18:00:00+00:00,6.35,bar,EQ-COMP-233|2026-06-06T18:00:00Z|pressure_bar,incident,high,2026-06-05 19:33:00+00:00,2026-06-10 04:05:00+00:00
EVT-2026S1-X009,EQ-COMP-233,temperature_c,2026-06-06 18:00:00+00:00,61.38,°C,EQ-COMP-233|2026-06-06 18:00:00|temperature_c,incident,high,2026-06-05 19:33:00+00:00,2026-06-10 04:05:00+00:00
EVT-2026S1-X042,EQ-COMP-249,pressure_bar,2026-06-06 18:00:00+00:00,5.53,bar,EQ-COMP-249|2026-06-06T18:00:00Z|pressure_bar,observation,low,2026-06-05 20:11:00+00:00,2026-06-09 15:33:00+00:00
EVT-2026S1-X014,EQ-PUMP-171,temperature_c,2026-06-06 18:00:00+00:00,57.66,°C,EQ-PUMP-171|2026-06-06T18:00:00Z|temperature_c,intervention,medium,2026-06-05 16:07:00+00:00,2026-06-10 03:39:00+00:00
EVT-2026S1-X014,EQ-PUMP-171,vibration_mm_s,2026-06-06 18:00:00+00:00,3.22,mm/s,EQ-PUMP-171|2026-06-06T18:00:00Z|vibration_mm_s,intervention,medium,2026-06-05 16:07:00+00:00,2026-06-10 03:39:00+00:00
EVT-2026S1-0350,EQ-PUMP-350,temperature_c,2026-06-06 18:00:00+00:00,54.4,°C,EQ-PUMP-350|2026-06-06T18:00:00Z|temperature_c,intervention,high,2026-06-05 13:09:00+00:00,2026-06-08 21:49:00+00:00
EVT-2026S1-0350,EQ-PUMP-350,vibration_mm_s,2026-06-06 18:00:00+00:00,2.74,mm/s,EQ-PUMP-350|2026-06-06T18:00:00Z|vibration_mm_s,intervention,high,2026-06-05 13:09:00+00:00,2026-06-08 21:49:00+00:00
EVT-2026S1-0484,EQ-CHILL-115,pressure_bar,2026-06-07 00:00:00+00:00,7.46,bar,EQ-CHILL-115|2026-06-07T00:00:00Z|pressure_bar,observation,high,2026-06-04 15:02:00+00:00,2026-06-08 15:05:00+00:00
EVT-2026S1-0484,EQ-CHILL-115,temperature_c,2026-06-07 00:00:00+00:00,56.98,°C,EQ-CHILL-115|2026-06-07T00:00:00Z|temperature_c,observation,high,2026-06-04 15:02:00+00:00,2026-06-08 15:05:00+00:00
EVT-2026S1-0088,EQ-CHILL-168,pressure_bar,2026-06-07 00:00:00+00:00,7.02,bar,EQ-CHILL-168|2026-06-07T00:00:00Z|pressure_bar,intervention,high,2026-06-05 15:47:00+00:00,2026-06-09 21:53:00+00:00
EVT-2026S1-0088,EQ-CHILL-168,temperature_c,2026-06-07 00:00:00+00:00,65.49,°C,EQ-CHILL-168|2026-06-07T00:00:00Z|temperature_c,intervention,high,2026-06-05 15:47:00+00:00,2026-06-09 21:53:00+00:00
EVT-2026S1-0308,EQ-CHILL-188,pressure_bar,2026-06-07 00:00:00+00:00,6.4,bar,EQ-CHILL-188|2026-06-07T00:00:00Z|pressure_bar,alert,high,2026-06-05 07:16:00+00:00,2026-06-09 10:34:00+00:00
EVT-2026S1-0308,EQ-CHILL-188,temperature_c,2026-06-07 00:00:00+00:00,65.89,°C,EQ-CHILL-188|2026-06-07T00:00:00Z|temperature_c,alert,high,2026-06-05 07:16:00+00:00,2026-06-09 10:34:00+00:00
EVT-2026S1-X009,EQ-COMP-233,pressure_bar,2026-06-07 00:00:00+00:00,5.85,bar,EQ-COMP-233|2026-06-07T00:00:00Z|pressure_bar,incident,high,2026-06-05 19:33:00+00:00,2026-06-10 04:05:00+00:00
EVT-2026S1-X009,EQ-COMP-233,temperature_c,2026-06-07 00:00:00+00:00,65.34,°C,EQ-COMP-233|2026-06-07 00:00:00|temperature_c,incident,high,2026-06-05 19:33:00+00:00,2026-06-10 04:05:00+00:00
EVT-2026S1-X042,EQ-COMP-249,pressure_bar,2026-06-07 00:00:00+00:00,5.24,bar,EQ-COMP-249|2026-06-07T00:00:00Z|pressure_bar,observation,low,2026-06-05 20:11:00+00:00,2026-06-09 15:33:00+00:00
EVT-2026S1-X014,EQ-PUMP-171,temperature_c,2026-06-07 00:00:00+00:00,63.93,°C,EQ-PUMP-171|2026-06-07T00:00:00Z|temperature_c,intervention,medium,2026-06-05 16:07:00+00:00,2026-06-10 03:39:00+00:00
EVT-2026S1-X014,EQ-PUMP-171,vibration_mm_s,2026-06-07 00:00:00+00:00,2.85,mm/s,EQ-PUMP-171|2026-06-07T00:00:00Z|vibration_mm_s,intervention,medium,2026-06-05 16:07:00+00:00,2026-06-10 03:39:00+00:00
EVT-2026S1-0350,EQ-PUMP-350,temperature_c,2026-06-07 00:00:00+00:00,57.15,°C,EQ-PUMP-350|2026-06-07T00:00:00Z|temperature_c,intervention,high,2026-06-05 13:09:00+00:00,2026-06-08 21:49:00+00:00
EVT-2026S1-0350,EQ-PUMP-350,vibration_mm_s,2026-06-07 00:00:00+00:00,3.03,mm/s,EQ-PUMP-350|2026-06-07T00:00:00Z|vibration_mm_s,intervention,high,2026-06-05 13:09:00+00:00,2026-06-08 21:49:00+00:00
EVT-2026S1-0484,EQ-CHILL-115,pressure_bar,2026-06-07 06:00:00+00:00,7.07,bar,EQ-CHILL-115|2026-06-07T06:00:00Z|pressure_bar,observation,high,2026-06-04 15:02:00+00:00,2026-06-08 15:05:00+00:00
EVT-2026S1-0484,EQ-CHILL-115,temperature_c,2026-06-07 06:00:00+00:00,61.49,°C,EQ-CHILL-115|2026-06-07T06:00:00Z|temperature_c,observation,high,2026-06-04 15:02:00+00:00,2026-06-08 15:05:00+00:00
EVT-2026S1-0088,EQ-CHILL-168,pressure_bar,2026-06-07 06:00:00+00:00,6.94,bar,EQ-CHILL-168|2026-06-07T06:00:00Z|pressure_bar,intervention,high,2026-06-05 15:47:00+00:00,2026-06-09 21:53:00+00:00
EVT-2026S1-0088,EQ-CHILL-168,temperature_c,2026-06-07 06:00:00+00:00,58.43,°C,EQ-CHILL-168|2026-06-07T06:00:00Z|temperature_c,intervention,high,2026-06-05 15:47:00+00:00,2026-06-09 21:53:00+00:00
EVT-2026S1-0308,EQ-CHILL-188,pressure_bar,2026-06-07 06:00:00+00:00,5.71,bar,EQ-CHILL-188|2026-06-07T06:00:00Z|pressure_bar,alert,high,2026-06-05 07:16:00+00:00,2026-06-09 10:34:00+00:00
EVT-2026S1-0308,EQ-CHILL-188,temperature_c,2026-06-07 06:00:00+00:00,62.88,°C,EQ-CHILL-188|2026-06-07T06:00:00Z|temperature_c,alert,high,2026-06-05 07:16:00+00:00,2026-06-09 10:34:00+00:00
EVT-2026S1-X009,EQ-COMP-233,pressure_bar,2026-06-07 06:00:00+00:00,6.52,bar,EQ-COMP-233|2026-06-07T06:00:00Z|pressure_bar,incident,high,2026-06-05 19:33:00+00:00,2026-06-10 04:05:00+00:00
EVT-2026S1-X009,EQ-COMP-233,temperature_c,2026-06-07 06:00:00+00:00,63.05,°C,EQ-COMP-233|2026-06-07 06:00:00|temperature_c,incident,high,2026-06-05 19:33:00+00:00,2026-06-10 04:05:00+00:00
EVT-2026S1-X042,EQ-COMP-249,pressure_bar,2026-06-07 06:00:00+00:00,5.09,bar,EQ-COMP-249|2026-06-07T06:00:00Z|pressure_bar,observation,low,2026-06-05 20:11:00+00:00,2026-06-09 15:33:00+00:00
EVT-2026S1-X014,EQ-PUMP-171,temperature_c,2026-06-07 06:00:00+00:00,63.66,°C,EQ-PUMP-171|2026-06-07T06:00:00Z|temperature_c,intervention,medium,2026-06-05 16:07:00+00:00,2026-06-10 03:39:00+00:00
EVT-2026S1-X014,EQ-PUMP-171,vibration_mm_s,2026-06-07 06:00:00+00:00,2.53,mm/s,EQ-PUMP-171|2026-06-07T06:00:00Z|vibration_mm_s,intervention,medium,2026-06-05 16:07:00+00:00,2026-06-10 03:39:00+00:00
EVT-2026S1-0350,EQ-PUMP-350,temperature_c,2026-06-07 06:00:00+00:00,62.68,°C,EQ-PUMP-350|2026-06-07T06:00:00Z|temperature_c,intervention,high,2026-06-05 13:09:00+00:00,2026-06-08 21:49:00+00:00
EVT-2026S1-0350,EQ-PUMP-350,vibration_mm_s,2026-06-07 06:00:00+00:00,2.79,mm/s,EQ-PUMP-350|2026-06-07T06:00:00Z|vibration_mm_s,intervention,high,2026-06-05 13:09:00+00:00,2026-06-08 21:49:00+00:00
EVT-2026S1-0484,EQ-CHILL-115,pressure_bar,2026-06-07 12:00:00+00:00,6.67,bar,EQ-CHILL-115|2026-06-07T12:00:00Z|pressure_bar,observation,high,2026-06-04 15:02:00+00:00,2026-06-08 15:05:00+00:00
EVT-2026S1-0484,EQ-CHILL-115,temperature_c,2026-06-07 12:00:00+00:00,63.46,°C,EQ-CHILL-115|2026-06-07T12:00:00Z|temperature_c,observation,high,2026-06-04 15:02:00+00:00,2026-06-08 15:05:00+00:00
EVT-2026S1-0088,EQ-CHILL-168,pressure_bar,2026-06-07 12:00:00+00:00,6.76,bar,EQ-CHILL-168|2026-06-07T12:00:00Z|pressure_bar,intervention,high,2026-06-05 15:47:00+00:00,2026-06-09 21:53:00+00:00
EVT-2026S1-0088,EQ-CHILL-168,temperature_c,2026-06-07 12:00:00+00:00,53.8,°C,EQ-CHILL-168|2026-06-07T12:00:00Z|temperature_c,intervention,high,2026-06-05 15:47:00+00:00,2026-06-09 21:53:00+00:00
EVT-2026S1-0308,EQ-CHILL-188,pressure_bar,2026-06-07 12:00:00+00:00,5.51,bar,EQ-CHILL-188|2026-06-07T12:00:00Z|pressure_bar,alert,high,2026-06-05 07:16:00+00:00,2026-06-09 10:34:00+00:00
EVT-2026S1-0308,EQ-CHILL-188,temperature_c,2026-06-07 12:00:00+00:00,58.15,°C,EQ-CHILL-188|2026-06-07T12:00:00Z|temperature_c,alert,high,2026-06-05 07:16:00+00:00,2026-06-09 10:34:00+00:00
EVT-2026S1-X009,EQ-COMP-233,pressure_bar,2026-06-07 12:00:00+00:00,6.52,bar,EQ-COMP-233|2026-06-07T12:00:00Z|pressure_bar,incident,high,2026-06-05 19:33:00+00:00,2026-06-10 04:05:00+00:00
EVT-2026S1-X009,EQ-COMP-233,temperature_c,2026-06-07 12:00:00+00:00,57.27,°C,EQ-COMP-233|2026-06-07 12:00:00|temperature_c,incident,high,2026-06-05 19:33:00+00:00,2026-06-10 04:05:00+00:00
EVT-2026S1-X042,EQ-COMP-249,pressure_bar,2026-06-07 12:00:00+00:00,5.26,bar,EQ-COMP-249|2026-06-07T12:00:00Z|pressure_bar,observation,low,2026-06-05 20:11:00+00:00,2026-06-09 15:33:00+00:00
EVT-2026S1-X014,EQ-PUMP-171,temperature_c,2026-06-07 12:00:00+00:00,55.65,°C,EQ-PUMP-171|2026-06-07T12:00:00Z|temperature_c,intervention,medium,2026-06-05 16:07:00+00:00,2026-06-10 03:39:00+00:00
EVT-2026S1-X014,EQ-PUMP-171,vibration_mm_s,2026-06-07 12:00:00+00:00,3.01,mm/s,EQ-PUMP-171|2026-06-07T12:00:00Z|vibration_mm_s,intervention,medium,2026-06-05 16:07:00+00:00,2026-06-10 03:39:00+00:00
EVT-2026S1-0350,EQ-PUMP-350,temperature_c,2026-06-07 12:00:00+00:00,59.7,°C,EQ-PUMP-350|2026-06-07T12:00:00Z|temperature_c,intervention,high,2026-06-05 13:09:00+00:00,2026-06-08 21:49:00+00:00
EVT-2026S1-0350,EQ-PUMP-350,vibration_mm_s,2026-06-07 12:00:00+00:00,2.62,mm/s,EQ-PUMP-350|2026-06-07T12:00:00Z|vibration_mm_s,intervention,high,2026-06-05 13:09:00+00:00,2026-06-08 21:49:00+00:00
EVT-2026S1-0484,EQ-CHILL-115,pressure_bar,2026-06-07 18:00:00+00:00,6.85,bar,EQ-CHILL-115|2026-06-07T18:00:00Z|pressure_bar,observation,high,2026-06-04 15:02:00+00:00,2026-06-08 15:05:00+00:00
EVT-2026S1-0484,EQ-CHILL-115,temperature_c,2026-06-07 18:00:00+00:00,56.32,°C,EQ-CHILL-115|2026-06-07T18:00:00Z|temperature_c,observation,high,2026-06-04 15:02:00+00:00,2026-06-08 15:05:00+00:00
EVT-2026S1-0088,EQ-CHILL-168,pressure_bar,2026-06-07 18:00:00+00:00,7.32,bar,EQ-CHILL-168|2026-06-07T18:00:00Z|pressure_bar,intervention,high,2026-06-05 15:47:00+00:00,2026-06-09 21:53:00+00:00
EVT-2026S1-0088,EQ-CHILL-168,temperature_c,2026-06-07 18:00:00+00:00,58.8,°C,EQ-CHILL-168|2026-06-07T18:00:00Z|temperature_c,intervention,high,2026-06-05 15:47:00+00:00,2026-06-09 21:53:00+00:00
EVT-2026S1-0308,EQ-CHILL-188,pressure_bar,2026-06-07 18:00:00+00:00,5.94,bar,EQ-CHILL-188|2026-06-07T18:00:00Z|pressure_bar,alert,high,2026-06-05 07:16:00+00:00,2026-06-09 10:34:00+00:00
EVT-2026S1-0308,EQ-CHILL-188,temperature_c,2026-06-07 18:00:00+00:00,63.69,°C,EQ-CHILL-188|2026-06-07T18:00:00Z|temperature_c,alert,high,2026-06-05 07:16:00+00:00,2026-06-09 10:34:00+00:00
EVT-2026S1-X009,EQ-COMP-233,pressure_bar,2026-06-07 18:00:00+00:00,5.8,bar,EQ-COMP-233|2026-06-07T18:00:00Z|pressure_bar,incident,high,2026-06-05 19:33:00+00:00,2026-06-10 04:05:00+00:00
EVT-2026S1-X009,EQ-COMP-233,temperature_c,2026-06-07 18:00:00+00:00,63.31,°C,EQ-COMP-233|2026-06-07 18:00:00|temperature_c,incident,high,2026-06-05 19:33:00+00:00,2026-06-10 04:05:00+00:00
EVT-2026S1-X042,EQ-COMP-249,pressure_bar,2026-06-07 18:00:00+00:00,5.59,bar,EQ-COMP-249|2026-06-07T18:00:00Z|pressure_bar,observation,low,2026-06-05 20:11:00+00:00,2026-06-09 15:33:00+00:00
EVT-2026S1-X014,EQ-PUMP-171,temperature_c,2026-06-07 18:00:00+00:00,57.94,°C,EQ-PUMP-171|2026-06-07T18:00:00Z|temperature_c,intervention,medium,2026-06-05 16:07:00+00:00,2026-06-10 03:39:00+00:00
EVT-2026S1-X014,EQ-PUMP-171,vibration_mm_s,2026-06-07 18:00:00+00:00,3.29,mm/s,EQ-PUMP-171|2026-06-07T18:00:00Z|vibration_mm_s,intervention,medium,2026-06-05 16:07:00+00:00,2026-06-10 03:39:00+00:00
EVT-2026S1-0350,EQ-PUMP-350,temperature_c,2026-06-07 18:00:00+00:00,54.79,°C,EQ-PUMP-350|2026-06-07T18:00:00Z|temperature_c,intervention,high,2026-06-05 13:09:00+00:00,2026-06-08 21:49:00+00:00
EVT-2026S1-0350,EQ-PUMP-350,vibration_mm_s,2026-06-07 18:00:00+00:00,2.84,mm/s,EQ-PUMP-350|2026-06-07T18:00:00Z|vibration_mm_s,intervention,high,2026-06-05 13:09:00+00:00,2026-06-08 21:49:00+00:00
EVT-2026S1-0484,EQ-CHILL-115,pressure_bar,2026-06-08 00:00:00+00:00,7.49,bar,EQ-CHILL-115|2026-06-08T00:00:00Z|pressure_bar,observation,high,2026-06-04 15:02:00+00:00,2026-06-08 15:05:00+00:00
EVT-2026S1-0484,EQ-CHILL-115,temperature_c,2026-06-08 00:00:00+00:00,55.16,°C,EQ-CHILL-115|2026-06-08T00:00:00Z|temperature_c,observation,high,2026-06-04 15:02:00+00:00,2026-06-08 15:05:00+00:00
EVT-2026S1-0088,EQ-CHILL-168,pressure_bar,2026-06-08 00:00:00+00:00,7.38,bar,EQ-CHILL-168|2026-06-08T00:00:00Z|pressure_bar,intervention,high,2026-06-05 15:47:00+00:00,2026-06-09 21:53:00+00:00
EVT-2026S1-0088,EQ-CHILL-168,temperature_c,2026-06-08 00:00:00+00:00,62.09,°C,EQ-CHILL-168|2026-06-08T00:00:00Z|temperature_c,intervention,high,2026-06-05 15:47:00+00:00,2026-06-09 21:53:00+00:00
EVT-2026S1-0308,EQ-CHILL-188,pressure_bar,2026-06-08 00:00:00+00:00,6.18,bar,EQ-CHILL-188|2026-06-08T00:00:00Z|pressure_bar,alert,high,2026-06-05 07:16:00+00:00,2026-06-09 10:34:00+00:00
EVT-2026S1-0308,EQ-CHILL-188,temperature_c,2026-06-08 00:00:00+00:00,68.96,°C,EQ-CHILL-188|2026-06-08T00:00:00Z|temperature_c,alert,high,2026-06-05 07:16:00+00:00,2026-06-09 10:34:00+00:00
EVT-2026S1-X009,EQ-COMP-233,pressure_bar,2026-06-08 00:00:00+00:00,5.97,bar,EQ-COMP-233|2026-06-08T00:00:00Z|pressure_bar,incident,high,2026-06-05 19:33:00+00:00,2026-06-10 04:05:00+00:00
EVT-2026S1-X009,EQ-COMP-233,temperature_c,2026-06-08 00:00:00+00:00,71.26,°C,EQ-COMP-233|2026-06-08 00:00:00|temperature_c,incident,high,2026-06-05 19:33:00+00:00,2026-06-10 04:05:00+00:00
EVT-2026S1-X042,EQ-COMP-249,pressure_bar,2026-06-08 00:00:00+00:00,5.46,bar,EQ-COMP-249|2026-06-08T00:00:00Z|pressure_bar,observation,low,2026-06-05 20:11:00+00:00,2026-06-09 15:33:00+00:00
EVT-2026S1-X014,EQ-PUMP-171,temperature_c,2026-06-08 00:00:00+00:00,63.4,°C,EQ-PUMP-171|2026-06-08T00:00:00Z|temperature_c,intervention,medium,2026-06-05 16:07:00+00:00,2026-06-10 03:39:00+00:00
EVT-2026S1-X014,EQ-PUMP-171,vibration_mm_s,2026-06-08 00:00:00+00:00,3.14,mm/s,EQ-PUMP-171|2026-06-08T00:00:00Z|vibration_mm_s,intervention,medium,2026-06-05 16:07:00+00:00,2026-06-10 03:39:00+00:00
EVT-2026S1-0350,EQ-PUMP-350,temperature_c,2026-06-08 00:00:00+00:00,63.15,°C,EQ-PUMP-350|2026-06-08T00:00:00Z|temperature_c,intervention,high,2026-06-05 13:09:00+00:00,2026-06-08 21:49:00+00:00
EVT-2026S1-0350,EQ-PUMP-350,vibration_mm_s,2026-06-08 00:00:00+00:00,3.39,mm/s,EQ-PUMP-350|2026-06-08T00:00:00Z|vibration_mm_s,intervention,high,2026-06-05 13:09:00+00:00,2026-06-08 21:49:00+00:00
EVT-2026S1-0484,EQ-CHILL-115,pressure_bar,2026-06-08 06:00:00+00:00,6.85,bar,EQ-CHILL-115|2026-06-08T06:00:00Z|pressure_bar,observation,high,2026-06-04 15:02:00+00:00,2026-06-08 15:05:00+00:00
EVT-2026S1-0484,EQ-CHILL-115,temperature_c,2026-06-08 06:00:00+00:00,65.7,°C,EQ-CHILL-115|2026-06-08T06:00:00Z|temperature_c,observation,high,2026-06-04 15:02:00+00:00,2026-06-08 15:05:00+00:00
EVT-2026S1-0088,EQ-CHILL-168,pressure_bar,2026-06-08 06:00:00+00:00,6.94,bar,EQ-CHILL-168|2026-06-08T06:00:00Z|pressure_bar,intervention,high,2026-06-05 15:47:00+00:00,2026-06-09 21:53:00+00:00
EVT-2026S1-0088,EQ-CHILL-168,temperature_c,2026-06-08 06:00:00+00:00,60.61,°C,EQ-CHILL-168|2026-06-08T06:00:00Z|temperature_c,intervention,high,2026-06-05 15:47:00+00:00,2026-06-09 21:53:00+00:00
EVT-2026S1-0308,EQ-CHILL-188,pressure_bar,2026-06-08 06:00:00+00:00,6.16,bar,EQ-CHILL-188|2026-06-08T06:00:00Z|pressure_bar,alert,high,2026-06-05 07:16:00+00:00,2026-06-09 10:34:00+00:00
EVT-2026S1-0308,EQ-CHILL-188,temperature_c,2026-06-08 06:00:00+00:00,63.43,°C,EQ-CHILL-188|2026-06-08T06:00:00Z|temperature_c,alert,high,2026-06-05 07:16:00+00:00,2026-06-09 10:34:00+00:00
EVT-2026S1-X009,EQ-COMP-233,pressure_bar,2026-06-08 06:00:00+00:00,6.58,bar,EQ-COMP-233|2026-06-08T06:00:00Z|pressure_bar,incident,high,2026-06-05 19:33:00+00:00,2026-06-10 04:05:00+00:00
EVT-2026S1-X009,EQ-COMP-233,temperature_c,2026-06-08 06:00:00+00:00,67.33,°C,EQ-COMP-233|2026-06-08 06:00:00|temperature_c,incident,high,2026-06-05 19:33:00+00:00,2026-06-10 04:05:00+00:00
EVT-2026S1-X042,EQ-COMP-249,pressure_bar,2026-06-08 06:00:00+00:00,5.12,bar,EQ-COMP-249|2026-06-08T06:00:00Z|pressure_bar,observation,low,2026-06-05 20:11:00+00:00,2026-06-09 15:33:00+00:00
EVT-2026S1-X014,EQ-PUMP-171,temperature_c,2026-06-08 06:00:00+00:00,63.98,°C,EQ-PUMP-171|2026-06-08T06:00:00Z|temperature_c,intervention,medium,2026-06-05 16:07:00+00:00,2026-06-10 03:39:00+00:00
EVT-2026S1-X014,EQ-PUMP-171,vibration_mm_s,2026-06-08 06:00:00+00:00,2.74,mm/s,EQ-PUMP-171|2026-06-08T06:00:00Z|vibration_mm_s,intervention,medium,2026-06-05 16:07:00+00:00,2026-06-10 03:39:00+00:00
EVT-2026S1-0350,EQ-PUMP-350,temperature_c,2026-06-08 06:00:00+00:00,63.86,°C,EQ-PUMP-350|2026-06-08T06:00:00Z|temperature_c,intervention,high,2026-06-05 13:09:00+00:00,2026-06-08 21:49:00+00:00
EVT-2026S1-0350,EQ-PUMP-350,vibration_mm_s,2026-06-08 06:00:00+00:00,2.99,mm/s,EQ-PUMP-350|2026-06-08T06:00:00Z|vibration_mm_s,intervention,high,2026-06-05 13:09:00+00:00,2026-06-08 21:49:00+00:00
EVT-2026S1-0484,EQ-CHILL-115,pressure_bar,2026-06-08 12:00:00+00:00,6.53,bar,EQ-CHILL-115|2026-06-08T12:00:00Z|pressure_bar,observation,high,2026-06-04 15:02:00+00:00,2026-06-08 15:05:00+00:00
EVT-2026S1-0484,EQ-CHILL-115,temperature_c,2026-06-08 12:00:00+00:00,60.55,°C,EQ-CHILL-115|2026-06-08T12:00:00Z|temperature_c,observation,high,2026-06-04 15:02:00+00:00,2026-06-08 15:05:00+00:00
EVT-2026S1-0088,EQ-CHILL-168,pressure_bar,2026-06-08 12:00:00+00:00,7.19,bar,EQ-CHILL-168|2026-06-08T12:00:00Z|pressure_bar,intervention,high,2026-06-05 15:47:00+00:00,2026-06-09 21:53:00+00:00
EVT-2026S1-0088,EQ-CHILL-168,temperature_c,2026-06-08 12:00:00+00:00,56.24,°C,EQ-CHILL-168|2026-06-08T12:00:00Z|temperature_c,intervention,high,2026-06-05 15:47:00+00:00,2026-06-09 21:53:00+00:00
EVT-2026S1-0308,EQ-CHILL-188,pressure_bar,2026-06-08 12:00:00+00:00,5.93,bar,EQ-CHILL-188|2026-06-08T12:00:00Z|pressure_bar,alert,high,2026-06-05 07:16:00+00:00,2026-06-09 10:34:00+00:00
EVT-2026S1-0308,EQ-CHILL-188,temperature_c,2026-06-08 12:00:00+00:00,57.38,°C,EQ-CHILL-188|2026-06-08T12:00:00Z|temperature_c,alert,high,2026-06-05 07:16:00+00:00,2026-06-09 10:34:00+00:00
EVT-2026S1-X009,EQ-COMP-233,pressure_bar,2026-06-08 12:00:00+00:00,6.38,bar,EQ-COMP-233|2026-06-08T12:00:00Z|pressure_bar,incident,high,2026-06-05 19:33:00+00:00,2026-06-10 04:05:00+00:00
EVT-2026S1-X009,EQ-COMP-233,temperature_c,2026-06-08 12:00:00+00:00,60.32,°C,EQ-COMP-233|2026-06-08 12:00:00|temperature_c,incident,high,2026-06-05 19:33:00+00:00,2026-06-10 04:05:00+00:00
EVT-2026S1-X042,EQ-COMP-249,pressure_bar,2026-06-08 12:00:00+00:00,5.27,bar,EQ-COMP-249|2026-06-08T12:00:00Z|pressure_bar,observation,low,2026-06-05 20:11:00+00:00,2026-06-09 15:33:00+00:00
EVT-2026S1-X014,EQ-PUMP-171,temperature_c,2026-06-08 12:00:00+00:00,57.41,°C,EQ-PUMP-171|2026-06-08T12:00:00Z|temperature_c,intervention,medium,2026-06-05 16:07:00+00:00,2026-06-10 03:39:00+00:00
EVT-2026S1-X014,EQ-PUMP-171,vibration_mm_s,2026-06-08 12:00:00+00:00,2.87,mm/s,EQ-PUMP-171|2026-06-08T12:00:00Z|vibration_mm_s,intervention,medium,2026-06-05 16:07:00+00:00,2026-06-10 03:39:00+00:00
EVT-2026S1-0350,EQ-PUMP-350,temperature_c,2026-06-08 12:00:00+00:00,62.34,°C,EQ-PUMP-350|2026-06-08T12:00:00Z|temperature_c,intervention,high,2026-06-05 13:09:00+00:00,2026-06-08 21:49:00+00:00
EVT-2026S1-0350,EQ-PUMP-350,vibration_mm_s,2026-06-08 12:00:00+00:00,2.71,mm/s,EQ-PUMP-350|2026-06-08T12:00:00Z|vibration_mm_s,intervention,high,2026-06-05 13:09:00+00:00,2026-06-08 21:49:00+00:00
EVT-2026S1-0088,EQ-CHILL-168,pressure_bar,2026-06-08 18:00:00+00:00,7.72,bar,EQ-CHILL-168|2026-06-08T18:00:00Z|pressure_bar,intervention,high,2026-06-05 15:47:00+00:00,2026-06-09 21:53:00+00:00
EVT-2026S1-0088,EQ-CHILL-168,temperature_c,2026-06-08 18:00:00+00:00,59.51,°C,EQ-CHILL-168|2026-06-08T18:00:00Z|temperature_c,intervention,high,2026-06-05 15:47:00+00:00,2026-06-09 21:53:00+00:00
EVT-2026S1-0308,EQ-CHILL-188,pressure_bar,2026-06-08 18:00:00+00:00,6.09,bar,EQ-CHILL-188|2026-06-08T18:00:00Z|pressure_bar,alert,high,2026-06-05 07:16:00+00:00,2026-06-09 10:34:00+00:00
EVT-2026S1-0308,EQ-CHILL-188,temperature_c,2026-06-08 18:00:00+00:00,59.83,°C,EQ-CHILL-188|2026-06-08T18:00:00Z|temperature_c,alert,high,2026-06-05 07:16:00+00:00,2026-06-09 10:34:00+00:00
EVT-2026S1-X009,EQ-COMP-233,pressure_bar,2026-06-08 18:00:00+00:00,5.83,bar,EQ-COMP-233|2026-06-08T18:00:00Z|pressure_bar,incident,high,2026-06-05 19:33:00+00:00,2026-06-10 04:05:00+00:00
EVT-2026S1-X009,EQ-COMP-233,temperature_c,2026-06-08 18:00:00+00:00,66.1,°C,EQ-COMP-233|2026-06-08 18:00:00|temperature_c,incident,high,2026-06-05 19:33:00+00:00,2026-06-10 04:05:00+00:00
EVT-2026S1-X042,EQ-COMP-249,pressure_bar,2026-06-08 18:00:00+00:00,5.76,bar,EQ-COMP-249|2026-06-08T18:00:00Z|pressure_bar,observation,low,2026-06-05 20:11:00+00:00,2026-06-09 15:33:00+00:00
EVT-2026S1-X014,EQ-PUMP-171,temperature_c,2026-06-08 18:00:00+00:00,58.28,°C,EQ-PUMP-171|2026-06-08T18:00:00Z|temperature_c,intervention,medium,2026-06-05 16:07:00+00:00,2026-06-10 03:39:00+00:00
EVT-2026S1-X014,EQ-PUMP-171,vibration_mm_s,2026-06-08 18:00:00+00:00,3.44,mm/s,EQ-PUMP-171|2026-06-08T18:00:00Z|vibration_mm_s,intervention,medium,2026-06-05 16:07:00+00:00,2026-06-10 03:39:00+00:00
EVT-2026S1-0350,EQ-PUMP-350,temperature_c,2026-06-08 18:00:00+00:00,55.37,°C,EQ-PUMP-350|2026-06-08T18:00:00Z|temperature_c,intervention,high,2026-06-05 13:09:00+00:00,2026-06-08 21:49:00+00:00
EVT-2026S1-0350,EQ-PUMP-350,vibration_mm_s,2026-06-08 18:00:00+00:00,3.05,mm/s,EQ-PUMP-350|2026-06-08T18:00:00Z|vibration_mm_s,intervention,high,2026-06-05 13:09:00+00:00,2026-06-08 21:49:00+00:00
EVT-2026S1-0088,EQ-CHILL-168,pressure_bar,2026-06-09 00:00:00+00:00,7.57,bar,EQ-CHILL-168|2026-06-09T00:00:00Z|pressure_bar,intervention,high,2026-06-05 15:47:00+00:00,2026-06-09 21:53:00+00:00
EVT-2026S1-0088,EQ-CHILL-168,temperature_c,2026-06-09 00:00:00+00:00,63.16,°C,EQ-CHILL-168|2026-06-09T00:00:00Z|temperature_c,intervention,high,2026-06-05 15:47:00+00:00,2026-06-09 21:53:00+00:00
EVT-2026S1-0308,EQ-CHILL-188,pressure_bar,2026-06-09 00:00:00+00:00,6.7,bar,EQ-CHILL-188|2026-06-09T00:00:00Z|pressure_bar,alert,high,2026-06-05 07:16:00+00:00,2026-06-09 10:34:00+00:00
EVT-2026S1-0308,EQ-CHILL-188,temperature_c,2026-06-09 00:00:00+00:00,64.53,°C,EQ-CHILL-188|2026-06-09T00:00:00Z|temperature_c,alert,high,2026-06-05 07:16:00+00:00,2026-06-09 10:34:00+00:00
EVT-2026S1-X009,EQ-COMP-233,pressure_bar,2026-06-09 00:00:00+00:00,6.0,bar,EQ-COMP-233|2026-06-09T00:00:00Z|pressure_bar,incident,high,2026-06-05 19:33:00+00:00,2026-06-10 04:05:00+00:00
EVT-2026S1-X009,EQ-COMP-233,temperature_c,2026-06-09 00:00:00+00:00,70.64,°C,EQ-COMP-233|2026-06-09 00:00:00|temperature_c,incident,high,2026-06-05 19:33:00+00:00,2026-06-10 04:05:00+00:00
EVT-2026S1-X042,EQ-COMP-249,pressure_bar,2026-06-09 00:00:00+00:00,5.35,bar,EQ-COMP-249|2026-06-09T00:00:00Z|pressure_bar,observation,low,2026-06-05 20:11:00+00:00,2026-06-09 15:33:00+00:00
EVT-2026S1-X014,EQ-PUMP-171,temperature_c,2026-06-09 00:00:00+00:00,65.47,°C,EQ-PUMP-171|2026-06-09T00:00:00Z|temperature_c,intervention,medium,2026-06-05 16:07:00+00:00,2026-06-10 03:39:00+00:00
EVT-2026S1-X014,EQ-PUMP-171,vibration_mm_s,2026-06-09 00:00:00+00:00,2.52,mm/s,EQ-PUMP-171|2026-06-09T00:00:00Z|vibration_mm_s,intervention,medium,2026-06-05 16:07:00+00:00,2026-06-10 03:39:00+00:00
EVT-2026S1-0088,EQ-CHILL-168,pressure_bar,2026-06-09 06:00:00+00:00,6.71,bar,EQ-CHILL-168|2026-06-09T06:00:00Z|pressure_bar,intervention,high,2026-06-05 15:47:00+00:00,2026-06-09 21:53:00+00:00
EVT-2026S1-0088,EQ-CHILL-168,temperature_c,2026-06-09 06:00:00+00:00,59.99,°C,EQ-CHILL-168|2026-06-09T06:00:00Z|temperature_c,intervention,high,2026-06-05 15:47:00+00:00,2026-06-09 21:53:00+00:00
EVT-2026S1-0308,EQ-CHILL-188,pressure_bar,2026-06-09 06:00:00+00:00,6.74,bar,EQ-CHILL-188|2026-06-09T06:00:00Z|pressure_bar,alert,high,2026-06-05 07:16:00+00:00,2026-06-09 10:34:00+00:00
EVT-2026S1-0308,EQ-CHILL-188,temperature_c,2026-06-09 06:00:00+00:00,57.98,°C,EQ-CHILL-188|2026-06-09T06:00:00Z|temperature_c,alert,high,2026-06-05 07:16:00+00:00,2026-06-09 10:34:00+00:00
EVT-2026S1-X009,EQ-COMP-233,pressure_bar,2026-06-09 06:00:00+00:00,6.5,bar,EQ-COMP-233|2026-06-09T06:00:00Z|pressure_bar,incident,high,2026-06-05 19:33:00+00:00,2026-06-10 04:05:00+00:00
EVT-2026S1-X009,EQ-COMP-233,temperature_c,2026-06-09 06:00:00+00:00,65.54,°C,EQ-COMP-233|2026-06-09 06:00:00|temperature_c,incident,high,2026-06-05 19:33:00+00:00,2026-06-10 04:05:00+00:00
EVT-2026S1-X042,EQ-COMP-249,pressure_bar,2026-06-09 06:00:00+00:00,5.21,bar,EQ-COMP-249|2026-06-09T06:00:00Z|pressure_bar,observation,low,2026-06-05 20:11:00+00:00,2026-06-09 15:33:00+00:00
EVT-2026S1-X014,EQ-PUMP-171,temperature_c,2026-06-09 06:00:00+00:00,64.04,°C,EQ-PUMP-171|2026-06-09T06:00:00Z|temperature_c,intervention,medium,2026-06-05 16:07:00+00:00,2026-06-10 03:39:00+00:00
EVT-2026S1-X014,EQ-PUMP-171,vibration_mm_s,2026-06-09 06:00:00+00:00,2.54,mm/s,EQ-PUMP-171|2026-06-09T06:00:00Z|vibration_mm_s,intervention,medium,2026-06-05 16:07:00+00:00,2026-06-10 03:39:00+00:00
EVT-2026S1-0088,EQ-CHILL-168,pressure_bar,2026-06-09 12:00:00+00:00,7.0,bar,EQ-CHILL-168|2026-06-09T12:00:00Z|pressure_bar,intervention,high,2026-06-05 15:47:00+00:00,2026-06-09 21:53:00+00:00
EVT-2026S1-0088,EQ-CHILL-168,temperature_c,2026-06-09 12:00:00+00:00,56.02,°C,EQ-CHILL-168|2026-06-09T12:00:00Z|temperature_c,intervention,high,2026-06-05 15:47:00+00:00,2026-06-09 21:53:00+00:00
EVT-2026S1-X009,EQ-COMP-233,pressure_bar,2026-06-09 12:00:00+00:00,6.86,bar,EQ-COMP-233|2026-06-09T12:00:00Z|pressure_bar,incident,high,2026-06-05 19:33:00+00:00,2026-06-10 04:05:00+00:00
EVT-2026S1-X009,EQ-COMP-233,temperature_c,2026-06-09 12:00:00+00:00,56.08,°C,EQ-COMP-233|2026-06-09 12:00:00|temperature_c,incident,high,2026-06-05 19:33:00+00:00,2026-06-10 04:05:00+00:00
EVT-2026S1-X042,EQ-COMP-249,pressure_bar,2026-06-09 12:00:00+00:00,5.28,bar,EQ-COMP-249|2026-06-09T12:00:00Z|pressure_bar,observation,low,2026-06-05 20:11:00+00:00,2026-06-09 15:33:00+00:00
EVT-2026S1-X014,EQ-PUMP-171,temperature_c,2026-06-09 12:00:00+00:00,54.9,°C,EQ-PUMP-171|2026-06-09T12:00:00Z|temperature_c,intervention,medium,2026-06-05 16:07:00+00:00,2026-06-10 03:39:00+00:00
EVT-2026S1-X014,EQ-PUMP-171,vibration_mm_s,2026-06-09 12:00:00+00:00,3.26,mm/s,EQ-PUMP-171|2026-06-09T12:00:00Z|vibration_mm_s,intervention,medium,2026-06-05 16:07:00+00:00,2026-06-10 03:39:00+00:00
EVT-2026S1-0088,EQ-CHILL-168,pressure_bar,2026-06-09 18:00:00+00:00,7.45,bar,EQ-CHILL-168|2026-06-09T18:00:00Z|pressure_bar,intervention,high,2026-06-05 15:47:00+00:00,2026-06-09 21:53:00+00:00
EVT-2026S1-0088,EQ-CHILL-168,temperature_c,2026-06-09 18:00:00+00:00,57.34,°C,EQ-CHILL-168|2026-06-09T18:00:00Z|temperature_c,intervention,high,2026-06-05 15:47:00+00:00,2026-06-09 21:53:00+00:00
EVT-2026S1-X009,EQ-COMP-233,pressure_bar,2026-06-09 18:00:00+00:00,6.5,bar,EQ-COMP-233|2026-06-09T18:00:00Z|pressure_bar,incident,high,2026-06-05 19:33:00+00:00,2026-06-10 04:05:00+00:00
EVT-2026S1-X009,EQ-COMP-233,temperature_c,2026-06-09 18:00:00+00:00,59.56,°C,EQ-COMP-233|2026-06-09 18:00:00|temperature_c,incident,high,2026-06-05 19:33:00+00:00,2026-06-10 04:05:00+00:00
EVT-2026S1-X014,EQ-PUMP-171,temperature_c,2026-06-09 18:00:00+00:00,59.91,°C,EQ-PUMP-171|2026-06-09T18:00:00Z|temperature_c,intervention,medium,2026-06-05 16:07:00+00:00,2026-06-10 03:39:00+00:00
EVT-2026S1-X014,EQ-PUMP-171,vibration_mm_s,2026-06-09 18:00:00+00:00,2.9,mm/s,EQ-PUMP-171|2026-06-09T18:00:00Z|vibration_mm_s,intervention,medium,2026-06-05 16:07:00+00:00,2026-06-10 03:39:00+00:00
EVT-2026S1-X009,EQ-COMP-233,pressure_bar,2026-06-10 00:00:00+00:00,6.11,bar,EQ-COMP-233|2026-06-10T00:00:00Z|pressure_bar,incident,high,2026-06-05 19:33:00+00:00,2026-06-10 04:05:00+00:00
EVT-2026S1-X009,EQ-COMP-233,temperature_c,2026-06-10 00:00:00+00:00,65.95,°C,EQ-COMP-233|2026-06-10 00:00:00|temperature_c,incident,high,2026-06-05 19:33:00+00:00,2026-06-10 04:05:00+00:00
EVT-2026S1-0361,EQ-PUMP-171,temperature_c,2026-06-10 00:00:00+00:00,65.81,°C,EQ-PUMP-171|2026-06-10T00:00:00Z|temperature_c,intervention,high,2026-06-09 21:20:00+00:00,2026-06-13 06:29:00+00:00
EVT-2026S1-X014,EQ-PUMP-171,temperature_c,2026-06-10 00:00:00+00:00,65.81,°C,EQ-PUMP-171|2026-06-10T00:00:00Z|temperature_c,intervention,medium,2026-06-05 16:07:00+00:00,2026-06-10 03:39:00+00:00
EVT-2026S1-0361,EQ-PUMP-171,vibration_mm_s,2026-06-10 00:00:00+00:00,2.53,mm/s,EQ-PUMP-171|2026-06-10T00:00:00Z|vibration_mm_s,intervention,high,2026-06-09 21:20:00+00:00,2026-06-13 06:29:00+00:00
EVT-2026S1-X014,EQ-PUMP-171,vibration_mm_s,2026-06-10 00:00:00+00:00,2.53,mm/s,EQ-PUMP-171|2026-06-10T00:00:00Z|vibration_mm_s,intervention,medium,2026-06-05 16:07:00+00:00,2026-06-10 03:39:00+00:00
EVT-2026S1-0361,EQ-PUMP-171,temperature_c,2026-06-10 06:00:00+00:00,63.59,°C,EQ-PUMP-171|2026-06-10T06:00:00Z|temperature_c,intervention,high,2026-06-09 21:20:00+00:00,2026-06-13 06:29:00+00:00
EVT-2026S1-0361,EQ-PUMP-171,vibration_mm_s,2026-06-10 06:00:00+00:00,2.4,mm/s,EQ-PUMP-171|2026-06-10T06:00:00Z|vibration_mm_s,intervention,high,2026-06-09 21:20:00+00:00,2026-06-13 06:29:00+00:00
EVT-2026S1-0361,EQ-PUMP-171,temperature_c,2026-06-10 12:00:00+00:00,58.67,°C,EQ-PUMP-171|2026-06-10T12:00:00Z|temperature_c,intervention,high,2026-06-09 21:20:00+00:00,2026-06-13 06:29:00+00:00
EVT-2026S1-0361,EQ-PUMP-171,vibration_mm_s,2026-06-10 12:00:00+00:00,3.06,mm/s,EQ-PUMP-171|2026-06-10T12:00:00Z|vibration_mm_s,intervention,high,2026-06-09 21:20:00+00:00,2026-06-13 06:29:00+00:00
EVT-2026S1-0361,EQ-PUMP-171,temperature_c,2026-06-10 18:00:00+00:00,59.56,°C,EQ-PUMP-171|2026-06-10T18:00:00Z|temperature_c,intervention,high,2026-06-09 21:20:00+00:00,2026-06-13 06:29:00+00:00
EVT-2026S1-0361,EQ-PUMP-171,vibration_mm_s,2026-06-10 18:00:00+00:00,3.44,mm/s,EQ-PUMP-171|2026-06-10T18:00:00Z|vibration_mm_s,intervention,high,2026-06-09 21:20:00+00:00,2026-06-13 06:29:00+00:00
EVT-2026S1-0361,EQ-PUMP-171,temperature_c,2026-06-11 00:00:00+00:00,64.66,°C,EQ-PUMP-171|2026-06-11T00:00:00Z|temperature_c,intervention,high,2026-06-09 21:20:00+00:00,2026-06-13 06:29:00+00:00
EVT-2026S1-0361,EQ-PUMP-171,vibration_mm_s,2026-06-11 00:00:00+00:00,2.85,mm/s,EQ-PUMP-171|2026-06-11T00:00:00Z|vibration_mm_s,intervention,high,2026-06-09 21:20:00+00:00,2026-06-13 06:29:00+00:00
EVT-2026S1-0361,EQ-PUMP-171,temperature_c,2026-06-11 06:00:00+00:00,63.41,°C,EQ-PUMP-171|2026-06-11T06:00:00Z|temperature_c,intervention,high,2026-06-09 21:20:00+00:00,2026-06-13 06:29:00+00:00
EVT-2026S1-0361,EQ-PUMP-171,vibration_mm_s,2026-06-11 06:00:00+00:00,2.62,mm/s,EQ-PUMP-171|2026-06-11T06:00:00Z|vibration_mm_s,intervention,high,2026-06-09 21:20:00+00:00,2026-06-13 06:29:00+00:00
EVT-2026S1-0172,EQ-OVEN-223,current_a,2026-06-11 12:00:00+00:00,21.22,A,EQ-OVEN-223|2026-06-11T12:00:00Z|current_a,incident,low,2026-06-11 09:59:00+00:00,2026-06-15 07:54:00+00:00
EVT-2026S1-0172,EQ-OVEN-223,temperature_c,2026-06-11 12:00:00+00:00,64.12,°C,EQ-OVEN-223|2026-06-11T12:00:00Z|temperature_c,incident,low,2026-06-11 09:59:00+00:00,2026-06-15 07:54:00+00:00
EVT-2026S1-0361,EQ-PUMP-171,temperature_c,2026-06-11 12:00:00+00:00,58.92,°C,EQ-PUMP-171|2026-06-11T12:00:00Z|temperature_c,intervention,high,2026-06-09 21:20:00+00:00,2026-06-13 06:29:00+00:00
EVT-2026S1-0361,EQ-PUMP-171,vibration_mm_s,2026-06-11 12:00:00+00:00,2.91,mm/s,EQ-PUMP-171|2026-06-11T12:00:00Z|vibration_mm_s,intervention,high,2026-06-09 21:20:00+00:00,2026-06-13 06:29:00+00:00
EVT-2026S1-0172,EQ-OVEN-223,current_a,2026-06-11 18:00:00+00:00,25.53,A,EQ-OVEN-223|2026-06-11T18:00:00Z|current_a,incident,low,2026-06-11 09:59:00+00:00,2026-06-15 07:54:00+00:00
EVT-2026S1-0172,EQ-OVEN-223,temperature_c,2026-06-11 18:00:00+00:00,59.19,°C,EQ-OVEN-223|2026-06-11T18:00:00Z|temperature_c,incident,low,2026-06-11 09:59:00+00:00,2026-06-15 07:54:00+00:00
EVT-2026S1-0361,EQ-PUMP-171,temperature_c,2026-06-11 18:00:00+00:00,60.7,°C,EQ-PUMP-171|2026-06-11T18:00:00Z|temperature_c,intervention,high,2026-06-09 21:20:00+00:00,2026-06-13 06:29:00+00:00
EVT-2026S1-0361,EQ-PUMP-171,vibration_mm_s,2026-06-11 18:00:00+00:00,2.83,mm/s,EQ-PUMP-171|2026-06-11T18:00:00Z|vibration_mm_s,intervention,high,2026-06-09 21:20:00+00:00,2026-06-13 06:29:00+00:00
EVT-2026S1-0172,EQ-OVEN-223,current_a,2026-06-12 00:00:00+00:00,25.72,A,EQ-OVEN-223|2026-06-12T00:00:00Z|current_a,incident,low,2026-06-11 09:59:00+00:00,2026-06-15 07:54:00+00:00
EVT-2026S1-0172,EQ-OVEN-223,temperature_c,2026-06-12 00:00:00+00:00,56.73,°C,EQ-OVEN-223|2026-06-12T00:00:00Z|temperature_c,incident,low,2026-06-11 09:59:00+00:00,2026-06-15 07:54:00+00:00
EVT-2026S1-0361,EQ-PUMP-171,temperature_c,2026-06-12 00:00:00+00:00,62.28,°C,EQ-PUMP-171|2026-06-12T00:00:00Z|temperature_c,intervention,high,2026-06-09 21:20:00+00:00,2026-06-13 06:29:00+00:00
EVT-2026S1-0361,EQ-PUMP-171,vibration_mm_s,2026-06-12 00:00:00+00:00,2.55,mm/s,EQ-PUMP-171|2026-06-12T00:00:00Z|vibration_mm_s,intervention,high,2026-06-09 21:20:00+00:00,2026-06-13 06:29:00+00:00
EVT-2026S1-0172,EQ-OVEN-223,current_a,2026-06-12 06:00:00+00:00,20.88,A,EQ-OVEN-223|2026-06-12T06:00:00Z|current_a,incident,low,2026-06-11 09:59:00+00:00,2026-06-15 07:54:00+00:00
EVT-2026S1-0172,EQ-OVEN-223,temperature_c,2026-06-12 06:00:00+00:00,62.43,°C,EQ-OVEN-223|2026-06-12T06:00:00Z|temperature_c,incident,low,2026-06-11 09:59:00+00:00,2026-06-15 07:54:00+00:00
EVT-2026S1-0361,EQ-PUMP-171,temperature_c,2026-06-12 06:00:00+00:00,61.93,°C,EQ-PUMP-171|2026-06-12T06:00:00Z|temperature_c,intervention,high,2026-06-09 21:20:00+00:00,2026-06-13 06:29:00+00:00
EVT-2026S1-0361,EQ-PUMP-171,vibration_mm_s,2026-06-12 06:00:00+00:00,3.02,mm/s,EQ-PUMP-171|2026-06-12T06:00:00Z|vibration_mm_s,intervention,high,2026-06-09 21:20:00+00:00,2026-06-13 06:29:00+00:00
EVT-2026S1-0172,EQ-OVEN-223,current_a,2026-06-12 12:00:00+00:00,21.27,A,EQ-OVEN-223|2026-06-12T12:00:00Z|current_a,incident,low,2026-06-11 09:59:00+00:00,2026-06-15 07:54:00+00:00
EVT-2026S1-0172,EQ-OVEN-223,temperature_c,2026-06-12 12:00:00+00:00,65.1,°C,EQ-OVEN-223|2026-06-12T12:00:00Z|temperature_c,incident,low,2026-06-11 09:59:00+00:00,2026-06-15 07:54:00+00:00
EVT-2026S1-0361,EQ-PUMP-171,temperature_c,2026-06-12 12:00:00+00:00,60.7,°C,EQ-PUMP-171|2026-06-12T12:00:00Z|temperature_c,intervention,high,2026-06-09 21:20:00+00:00,2026-06-13 06:29:00+00:00
EVT-2026S1-0361,EQ-PUMP-171,vibration_mm_s,2026-06-12 12:00:00+00:00,3.37,mm/s,EQ-PUMP-171|2026-06-12T12:00:00Z|vibration_mm_s,intervention,high,2026-06-09 21:20:00+00:00,2026-06-13 06:29:00+00:00
EVT-2026S1-0172,EQ-OVEN-223,current_a,2026-06-12 18:00:00+00:00,24.42,A,EQ-OVEN-223|2026-06-12T18:00:00Z|current_a,incident,low,2026-06-11 09:59:00+00:00,2026-06-15 07:54:00+00:00
EVT-2026S1-0172,EQ-OVEN-223,temperature_c,2026-06-12 18:00:00+00:00,61.81,°C,EQ-OVEN-223|2026-06-12T18:00:00Z|temperature_c,incident,low,2026-06-11 09:59:00+00:00,2026-06-15 07:54:00+00:00
EVT-2026S1-0361,EQ-PUMP-171,temperature_c,2026-06-12 18:00:00+00:00,59.08,°C,EQ-PUMP-171|2026-06-12T18:00:00Z|temperature_c,intervention,high,2026-06-09 21:20:00+00:00,2026-06-13 06:29:00+00:00
EVT-2026S1-0361,EQ-PUMP-171,vibration_mm_s,2026-06-12 18:00:00+00:00,3.64,mm/s,EQ-PUMP-171|2026-06-12T18:00:00Z|vibration_mm_s,intervention,high,2026-06-09 21:20:00+00:00,2026-06-13 06:29:00+00:00
EVT-2026S1-0172,EQ-OVEN-223,current_a,2026-06-13 00:00:00+00:00,22.63,A,EQ-OVEN-223|2026-06-13T00:00:00Z|current_a,incident,low,2026-06-11 09:59:00+00:00,2026-06-15 07:54:00+00:00
EVT-2026S1-0172,EQ-OVEN-223,temperature_c,2026-06-13 00:00:00+00:00,57.75,°C,EQ-OVEN-223|2026-06-13T00:00:00Z|temperature_c,incident,low,2026-06-11 09:59:00+00:00,2026-06-15 07:54:00+00:00
EVT-2026S1-0361,EQ-PUMP-171,temperature_c,2026-06-13 00:00:00+00:00,62.23,°C,EQ-PUMP-171|2026-06-13T00:00:00Z|temperature_c,intervention,high,2026-06-09 21:20:00+00:00,2026-06-13 06:29:00+00:00
EVT-2026S1-0361,EQ-PUMP-171,vibration_mm_s,2026-06-13 00:00:00+00:00,2.47,mm/s,EQ-PUMP-171|2026-06-13T00:00:00Z|vibration_mm_s,intervention,high,2026-06-09 21:20:00+00:00,2026-06-13 06:29:00+00:00
EVT-2026S1-0172,EQ-OVEN-223,current_a,2026-06-13 06:00:00+00:00,20.69,A,EQ-OVEN-223|2026-06-13T06:00:00Z|current_a,incident,low,2026-06-11 09:59:00+00:00,2026-06-15 07:54:00+00:00
EVT-2026S1-0172,EQ-OVEN-223,temperature_c,2026-06-13 06:00:00+00:00,63.58,°C,EQ-OVEN-223|2026-06-13T06:00:00Z|temperature_c,incident,low,2026-06-11 09:59:00+00:00,2026-06-15 07:54:00+00:00
EVT-2026S1-0361,EQ-PUMP-171,temperature_c,2026-06-13 06:00:00+00:00,63.81,°C,EQ-PUMP-171|2026-06-13T06:00:00Z|temperature_c,intervention,high,2026-06-09 21:20:00+00:00,2026-06-13 06:29:00+00:00
EVT-2026S1-0361,EQ-PUMP-171,vibration_mm_s,2026-06-13 06:00:00+00:00,2.22,mm/s,EQ-PUMP-171|2026-06-13T06:00:00Z|vibration_mm_s,intervention,high,2026-06-09 21:20:00+00:00,2026-06-13 06:29:00+00:00
EVT-2026S1-0172,EQ-OVEN-223,current_a,2026-06-13 12:00:00+00:00,21.88,A,EQ-OVEN-223|2026-06-13T12:00:00Z|current_a,incident,low,2026-06-11 09:59:00+00:00,2026-06-15 07:54:00+00:00
EVT-2026S1-0172,EQ-OVEN-223,temperature_c,2026-06-13 12:00:00+00:00,63.02,°C,EQ-OVEN-223|2026-06-13T12:00:00Z|temperature_c,incident,low,2026-06-11 09:59:00+00:00,2026-06-15 07:54:00+00:00
EVT-2026S1-0172,EQ-OVEN-223,current_a,2026-06-13 18:00:00+00:00,25.68,A,EQ-OVEN-223|2026-06-13T18:00:00Z|current_a,incident,low,2026-06-11 09:59:00+00:00,2026-06-15 07:54:00+00:00
EVT-2026S1-0172,EQ-OVEN-223,temperature_c,2026-06-13 18:00:00+00:00,55.93,°C,EQ-OVEN-223|2026-06-13T18:00:00Z|temperature_c,incident,low,2026-06-11 09:59:00+00:00,2026-06-15 07:54:00+00:00
EVT-2026S1-0172,EQ-OVEN-223,current_a,2026-06-14 00:00:00+00:00,25.93,A,EQ-OVEN-223|2026-06-14T00:00:00Z|current_a,incident,low,2026-06-11 09:59:00+00:00,2026-06-15 07:54:00+00:00
EVT-2026S1-0172,EQ-OVEN-223,temperature_c,2026-06-14 00:00:00+00:00,55.73,°C,EQ-OVEN-223|2026-06-14T00:00:00Z|temperature_c,incident,low,2026-06-11 09:59:00+00:00,2026-06-15 07:54:00+00:00
EVT-2026S1-0172,EQ-OVEN-223,current_a,2026-06-14 06:00:00+00:00,20.94,A,EQ-OVEN-223|2026-06-14T06:00:00Z|current_a,incident,low,2026-06-11 09:59:00+00:00,2026-06-15 07:54:00+00:00
EVT-2026S1-0172,EQ-OVEN-223,temperature_c,2026-06-14 06:00:00+00:00,64.58,°C,EQ-OVEN-223|2026-06-14T06:00:00Z|temperature_c,incident,low,2026-06-11 09:59:00+00:00,2026-06-15 07:54:00+00:00
EVT-2026S1-0172,EQ-OVEN-223,current_a,2026-06-14 12:00:00+00:00,21.42,A,EQ-OVEN-223|2026-06-14T12:00:00Z|current_a,incident,low,2026-06-11 09:59:00+00:00,2026-06-15 07:54:00+00:00
EVT-2026S1-0172,EQ-OVEN-223,temperature_c,2026-06-14 12:00:00+00:00,64.86,°C,EQ-OVEN-223|2026-06-14T12:00:00Z|temperature_c,incident,low,2026-06-11 09:59:00+00:00,2026-06-15 07:54:00+00:00
EVT-2026S1-0172,EQ-OVEN-223,current_a,2026-06-14 18:00:00+00:00,25.04,A,EQ-OVEN-223|2026-06-14T18:00:00Z|current_a,incident,low,2026-06-11 09:59:00+00:00,2026-06-15 07:54:00+00:00
EVT-2026S1-0172,EQ-OVEN-223,temperature_c,2026-06-14 18:00:00+00:00,56.37,°C,EQ-OVEN-223|2026-06-14T18:00:00Z|temperature_c,incident,low,2026-06-11 09:59:00+00:00,2026-06-15 07:54:00+00:00
EVT-2026S1-0172,EQ-OVEN-223,current_a,2026-06-15 00:00:00+00:00,26.25,A,EQ-OVEN-223|2026-06-15T00:00:00Z|current_a,incident,low,2026-06-11 09:59:00+00:00,2026-06-15 07:54:00+00:00
EVT-2026S1-0172,EQ-OVEN-223,temperature_c,2026-06-15 00:00:00+00:00,61.2,°C,EQ-OVEN-223|2026-06-15T00:00:00Z|temperature_c,incident,low,2026-06-11 09:59:00+00:00,2026-06-15 07:54:00+00:00
EVT-2026S1-0172,EQ-OVEN-223,current_a,2026-06-15 06:00:00+00:00,21.27,A,EQ-OVEN-223|2026-06-15T06:00:00Z|current_a,incident,low,2026-06-11 09:59:00+00:00,2026-06-15 07:54:00+00:00
EVT-2026S1-0172,EQ-OVEN-223,temperature_c,2026-06-15 06:00:00+00:00,65.11,°C,EQ-OVEN-223|2026-06-15T06:00:00Z|temperature_c,incident,low,2026-06-11 09:59:00+00:00,2026-06-15 07:54:00+00:00
EVT-2026S1-0015,EQ-PUMP-001,vibration_mm_s,2026-06-16 02:00:00+00:00,2.84,mm/s,EQ-PUMP-001|2026-06-16T02:00:00Z|vibration_mm_s,observation,low,2026-06-16 01:51:00+00:00,2026-06-20 11:22:00+00:00
EVT-2026S1-0015,EQ-PUMP-001,pressure_bar,2026-06-16 06:00:00+00:00,6.53,bar,EQ-PUMP-001|2026-06-16T06:00:00Z|pressure_bar,observation,low,2026-06-16 01:51:00+00:00,2026-06-20 11:22:00+00:00
EVT-2026S1-0015,EQ-PUMP-001,temperature_c,2026-06-16 06:00:00+00:00,63.22,°C,EQ-PUMP-001|2026-06-16T06:00:00Z|temperature_c,observation,low,2026-06-16 01:51:00+00:00,2026-06-20 11:22:00+00:00
EVT-2026S1-0015,EQ-PUMP-001,vibration_mm_s,2026-06-16 08:00:00+00:00,3.23,mm/s,EQ-PUMP-001|2026-06-16T08:00:00Z|vibration_mm_s,observation,low,2026-06-16 01:51:00+00:00,2026-06-20 11:22:00+00:00
EVT-2026S1-0015,EQ-PUMP-001,pressure_bar,2026-06-16 12:00:00+00:00,5.83,bar,EQ-PUMP-001|2026-06-16T12:00:00Z|pressure_bar,observation,low,2026-06-16 01:51:00+00:00,2026-06-20 11:22:00+00:00
EVT-2026S1-0015,EQ-PUMP-001,temperature_c,2026-06-16 12:00:00+00:00,55.28,°C,EQ-PUMP-001|2026-06-16T12:00:00Z|temperature_c,observation,low,2026-06-16 01:51:00+00:00,2026-06-20 11:22:00+00:00
EVT-2026S1-0015,EQ-PUMP-001,vibration_mm_s,2026-06-16 14:00:00+00:00,2.75,mm/s,EQ-PUMP-001|2026-06-16T14:00:00Z|vibration_mm_s,observation,low,2026-06-16 01:51:00+00:00,2026-06-20 11:22:00+00:00
EVT-2026S1-0015,EQ-PUMP-001,pressure_bar,2026-06-16 18:00:00+00:00,5.96,bar,EQ-PUMP-001|2026-06-16T18:00:00Z|pressure_bar,observation,low,2026-06-16 01:51:00+00:00,2026-06-20 11:22:00+00:00
EVT-2026S1-0015,EQ-PUMP-001,temperature_c,2026-06-16 18:00:00+00:00,56.14,°C,EQ-PUMP-001|2026-06-16T18:00:00Z|temperature_c,observation,low,2026-06-16 01:51:00+00:00,2026-06-20 11:22:00+00:00
EVT-2026S1-0015,EQ-PUMP-001,vibration_mm_s,2026-06-16 20:00:00+00:00,2.54,mm/s,EQ-PUMP-001|2026-06-16T20:00:00Z|vibration_mm_s,observation,low,2026-06-16 01:51:00+00:00,2026-06-20 11:22:00+00:00
EVT-2026S1-0151,EQ-CAB-134,current_a,2026-06-17 00:00:00+00:00,22.65,A,EQ-CAB-134|2026-06-17T00:00:00Z|current_a,incident,medium,2026-06-16 21:39:00+00:00,2026-06-20 01:31:00+00:00
EVT-2026S1-0151,EQ-CAB-134,temperature_c,2026-06-17 00:00:00+00:00,60.74,°C,EQ-CAB-134|2026-06-17T00:00:00Z|temperature_c,incident,medium,2026-06-16 21:39:00+00:00,2026-06-20 01:31:00+00:00
EVT-2026S1-0015,EQ-PUMP-001,pressure_bar,2026-06-17 00:00:00+00:00,6.29,bar,EQ-PUMP-001|2026-06-17T00:00:00Z|pressure_bar,observation,low,2026-06-16 01:51:00+00:00,2026-06-20 11:22:00+00:00
EVT-2026S1-0015,EQ-PUMP-001,temperature_c,2026-06-17 00:00:00+00:00,61.24,°C,EQ-PUMP-001|2026-06-17T00:00:00Z|temperature_c,observation,low,2026-06-16 01:51:00+00:00,2026-06-20 11:22:00+00:00
EVT-2026S1-0015,EQ-PUMP-001,vibration_mm_s,2026-06-17 02:00:00+00:00,2.7,mm/s,EQ-PUMP-001|2026-06-17T02:00:00Z|vibration_mm_s,observation,low,2026-06-16 01:51:00+00:00,2026-06-20 11:22:00+00:00
EVT-2026S1-0151,EQ-CAB-134,current_a,2026-06-17 06:00:00+00:00,23.9,A,EQ-CAB-134|2026-06-17T06:00:00Z|current_a,incident,medium,2026-06-16 21:39:00+00:00,2026-06-20 01:31:00+00:00
EVT-2026S1-0151,EQ-CAB-134,temperature_c,2026-06-17 06:00:00+00:00,55.43,°C,EQ-CAB-134|2026-06-17T06:00:00Z|temperature_c,incident,medium,2026-06-16 21:39:00+00:00,2026-06-20 01:31:00+00:00
EVT-2026S1-0015,EQ-PUMP-001,pressure_bar,2026-06-17 06:00:00+00:00,6.52,bar,EQ-PUMP-001|2026-06-17T06:00:00Z|pressure_bar,observation,low,2026-06-16 01:51:00+00:00,2026-06-20 11:22:00+00:00
EVT-2026S1-0015,EQ-PUMP-001,temperature_c,2026-06-17 06:00:00+00:00,61.84,°C,EQ-PUMP-001|2026-06-17T06:00:00Z|temperature_c,observation,low,2026-06-16 01:51:00+00:00,2026-06-20 11:22:00+00:00
EVT-2026S1-0015,EQ-PUMP-001,vibration_mm_s,2026-06-17 08:00:00+00:00,3.28,mm/s,EQ-PUMP-001|2026-06-17T08:00:00Z|vibration_mm_s,observation,low,2026-06-16 01:51:00+00:00,2026-06-20 11:22:00+00:00
EVT-2026S1-0151,EQ-CAB-134,current_a,2026-06-17 12:00:00+00:00,20.91,A,EQ-CAB-134|2026-06-17T12:00:00Z|current_a,incident,medium,2026-06-16 21:39:00+00:00,2026-06-20 01:31:00+00:00
EVT-2026S1-0151,EQ-CAB-134,temperature_c,2026-06-17 12:00:00+00:00,50.53,°C,EQ-CAB-134|2026-06-17T12:00:00Z|temperature_c,incident,medium,2026-06-16 21:39:00+00:00,2026-06-20 01:31:00+00:00
EVT-2026S1-0015,EQ-PUMP-001,pressure_bar,2026-06-17 12:00:00+00:00,5.92,bar,EQ-PUMP-001|2026-06-17T12:00:00Z|pressure_bar,observation,low,2026-06-16 01:51:00+00:00,2026-06-20 11:22:00+00:00
EVT-2026S1-0015,EQ-PUMP-001,temperature_c,2026-06-17 12:00:00+00:00,56.15,°C,EQ-PUMP-001|2026-06-17T12:00:00Z|temperature_c,observation,low,2026-06-16 01:51:00+00:00,2026-06-20 11:22:00+00:00
EVT-2026S1-0015,EQ-PUMP-001,vibration_mm_s,2026-06-17 14:00:00+00:00,2.53,mm/s,EQ-PUMP-001|2026-06-17T14:00:00Z|vibration_mm_s,observation,low,2026-06-16 01:51:00+00:00,2026-06-20 11:22:00+00:00
EVT-2026S1-0151,EQ-CAB-134,current_a,2026-06-17 18:00:00+00:00,19.54,A,EQ-CAB-134|2026-06-17T18:00:00Z|current_a,incident,medium,2026-06-16 21:39:00+00:00,2026-06-20 01:31:00+00:00
EVT-2026S1-0151,EQ-CAB-134,temperature_c,2026-06-17 18:00:00+00:00,56.6,°C,EQ-CAB-134|2026-06-17T18:00:00Z|temperature_c,incident,medium,2026-06-16 21:39:00+00:00,2026-06-20 01:31:00+00:00
EVT-2026S1-0015,EQ-PUMP-001,pressure_bar,2026-06-17 18:00:00+00:00,5.73,bar,EQ-PUMP-001|2026-06-17T18:00:00Z|pressure_bar,observation,low,2026-06-16 01:51:00+00:00,2026-06-20 11:22:00+00:00
EVT-2026S1-0015,EQ-PUMP-001,temperature_c,2026-06-17 18:00:00+00:00,54.87,°C,EQ-PUMP-001|2026-06-17T18:00:00Z|temperature_c,observation,low,2026-06-16 01:51:00+00:00,2026-06-20 11:22:00+00:00
EVT-2026S1-0015,EQ-PUMP-001,vibration_mm_s,2026-06-17 20:00:00+00:00,2.49,mm/s,EQ-PUMP-001|2026-06-17T20:00:00Z|vibration_mm_s,observation,low,2026-06-16 01:51:00+00:00,2026-06-20 11:22:00+00:00
EVT-2026S1-0151,EQ-CAB-134,current_a,2026-06-18 00:00:00+00:00,22.1,A,EQ-CAB-134|2026-06-18T00:00:00Z|current_a,incident,medium,2026-06-16 21:39:00+00:00,2026-06-20 01:31:00+00:00
EVT-2026S1-0151,EQ-CAB-134,temperature_c,2026-06-18 00:00:00+00:00,59.45,°C,EQ-CAB-134|2026-06-18T00:00:00Z|temperature_c,incident,medium,2026-06-16 21:39:00+00:00,2026-06-20 01:31:00+00:00
EVT-2026S1-0015,EQ-PUMP-001,pressure_bar,2026-06-18 00:00:00+00:00,6.6,bar,EQ-PUMP-001|2026-06-18T00:00:00Z|pressure_bar,observation,low,2026-06-16 01:51:00+00:00,2026-06-20 11:22:00+00:00
EVT-2026S1-0015,EQ-PUMP-001,temperature_c,2026-06-18 00:00:00+00:00,60.09,°C,EQ-PUMP-001|2026-06-18T00:00:00Z|temperature_c,observation,low,2026-06-16 01:51:00+00:00,2026-06-20 11:22:00+00:00
EVT-2026S1-0015,EQ-PUMP-001,vibration_mm_s,2026-06-18 02:00:00+00:00,2.79,mm/s,EQ-PUMP-001|2026-06-18T02:00:00Z|vibration_mm_s,observation,low,2026-06-16 01:51:00+00:00,2026-06-20 11:22:00+00:00
EVT-2026S1-0151,EQ-CAB-134,current_a,2026-06-18 06:00:00+00:00,22.91,A,EQ-CAB-134|2026-06-18T06:00:00Z|current_a,incident,medium,2026-06-16 21:39:00+00:00,2026-06-20 01:31:00+00:00
EVT-2026S1-0151,EQ-CAB-134,temperature_c,2026-06-18 06:00:00+00:00,54.42,°C,EQ-CAB-134|2026-06-18T06:00:00Z|temperature_c,incident,medium,2026-06-16 21:39:00+00:00,2026-06-20 01:31:00+00:00
EVT-2026S1-0015,EQ-PUMP-001,pressure_bar,2026-06-18 06:00:00+00:00,6.74,bar,EQ-PUMP-001|2026-06-18T06:00:00Z|pressure_bar,observation,low,2026-06-16 01:51:00+00:00,2026-06-20 11:22:00+00:00
EVT-2026S1-0015,EQ-PUMP-001,temperature_c,2026-06-18 06:00:00+00:00,62.88,°C,EQ-PUMP-001|2026-06-18T06:00:00Z|temperature_c,observation,low,2026-06-16 01:51:00+00:00,2026-06-20 11:22:00+00:00
EVT-2026S1-0015,EQ-PUMP-001,vibration_mm_s,2026-06-18 08:00:00+00:00,3.29,mm/s,EQ-PUMP-001|2026-06-18T08:00:00Z|vibration_mm_s,observation,low,2026-06-16 01:51:00+00:00,2026-06-20 11:22:00+00:00
EVT-2026S1-0151,EQ-CAB-134,current_a,2026-06-18 12:00:00+00:00,21.95,A,EQ-CAB-134|2026-06-18T12:00:00Z|current_a,incident,medium,2026-06-16 21:39:00+00:00,2026-06-20 01:31:00+00:00
EVT-2026S1-0151,EQ-CAB-134,temperature_c,2026-06-18 12:00:00+00:00,47.92,°C,EQ-CAB-134|2026-06-18T12:00:00Z|temperature_c,incident,medium,2026-06-16 21:39:00+00:00,2026-06-20 01:31:00+00:00
EVT-2026S1-0015,EQ-PUMP-001,pressure_bar,2026-06-18 12:00:00+00:00,5.85,bar,EQ-PUMP-001|2026-06-18T12:00:00Z|pressure_bar,observation,low,2026-06-16 01:51:00+00:00,2026-06-20 11:22:00+00:00
EVT-2026S1-0015,EQ-PUMP-001,temperature_c,2026-06-18 12:00:00+00:00,55.92,°C,EQ-PUMP-001|2026-06-18T12:00:00Z|temperature_c,observation,low,2026-06-16 01:51:00+00:00,2026-06-20 11:22:00+00:00
EVT-2026S1-0015,EQ-PUMP-001,vibration_mm_s,2026-06-18 14:00:00+00:00,3.25,mm/s,EQ-PUMP-001|2026-06-18T14:00:00Z|vibration_mm_s,observation,low,2026-06-16 01:51:00+00:00,2026-06-20 11:22:00+00:00
EVT-2026S1-0151,EQ-CAB-134,current_a,2026-06-18 18:00:00+00:00,20.2,A,EQ-CAB-134|2026-06-18T18:00:00Z|current_a,incident,medium,2026-06-16 21:39:00+00:00,2026-06-20 01:31:00+00:00
EVT-2026S1-0151,EQ-CAB-134,temperature_c,2026-06-18 18:00:00+00:00,58.0,°C,EQ-CAB-134|2026-06-18T18:00:00Z|temperature_c,incident,medium,2026-06-16 21:39:00+00:00,2026-06-20 01:31:00+00:00
EVT-2026S1-0376,EQ-CONV-336,current_a,2026-06-18 18:00:00+00:00,22.42,A,EQ-CONV-336|2026-06-18T18:00:00Z|current_a,intervention,high,2026-06-18 13:32:00+00:00,2026-06-23 00:06:00+00:00
EVT-2026S1-0376,EQ-CONV-336,rpm,2026-06-18 18:00:00+00:00,1331.96,rpm,EQ-CONV-336|2026-06-18T18:00:00Z|rpm,intervention,high,2026-06-18 13:32:00+00:00,2026-06-23 00:06:00+00:00
EVT-2026S1-0015,EQ-PUMP-001,pressure_bar,2026-06-18 18:00:00+00:00,6.09,bar,EQ-PUMP-001|2026-06-18T18:00:00Z|pressure_bar,observation,low,2026-06-16 01:51:00+00:00,2026-06-20 11:22:00+00:00
EVT-2026S1-0015,EQ-PUMP-001,temperature_c,2026-06-18 18:00:00+00:00,52.5,°C,EQ-PUMP-001|2026-06-18T18:00:00Z|temperature_c,observation,low,2026-06-16 01:51:00+00:00,2026-06-20 11:22:00+00:00
EVT-2026S1-0015,EQ-PUMP-001,vibration_mm_s,2026-06-18 20:00:00+00:00,2.53,mm/s,EQ-PUMP-001|2026-06-18T20:00:00Z|vibration_mm_s,observation,low,2026-06-16 01:51:00+00:00,2026-06-20 11:22:00+00:00
EVT-2026S1-0151,EQ-CAB-134,current_a,2026-06-19 00:00:00+00:00,22.05,A,EQ-CAB-134|2026-06-19T00:00:00Z|current_a,incident,medium,2026-06-16 21:39:00+00:00,2026-06-20 01:31:00+00:00
EVT-2026S1-0151,EQ-CAB-134,temperature_c,2026-06-19 00:00:00+00:00,60.5,°C,EQ-CAB-134|2026-06-19T00:00:00Z|temperature_c,incident,medium,2026-06-16 21:39:00+00:00,2026-06-20 01:31:00+00:00
EVT-2026S1-0376,EQ-CONV-336,current_a,2026-06-19 00:00:00+00:00,24.48,A,EQ-CONV-336|2026-06-19T00:00:00Z|current_a,intervention,high,2026-06-18 13:32:00+00:00,2026-06-23 00:06:00+00:00
EVT-2026S1-0376,EQ-CONV-336,rpm,2026-06-19 00:00:00+00:00,1348.88,rpm,EQ-CONV-336|2026-06-19T00:00:00Z|rpm,intervention,high,2026-06-18 13:32:00+00:00,2026-06-23 00:06:00+00:00
EVT-2026S1-0015,EQ-PUMP-001,pressure_bar,2026-06-19 00:00:00+00:00,6.21,bar,EQ-PUMP-001|2026-06-19T00:00:00Z|pressure_bar,observation,low,2026-06-16 01:51:00+00:00,2026-06-20 11:22:00+00:00
EVT-2026S1-0015,EQ-PUMP-001,temperature_c,2026-06-19 00:00:00+00:00,61.66,°C,EQ-PUMP-001|2026-06-19T00:00:00Z|temperature_c,observation,low,2026-06-16 01:51:00+00:00,2026-06-20 11:22:00+00:00
EVT-2026S1-0015,EQ-PUMP-001,vibration_mm_s,2026-06-19 02:00:00+00:00,3.01,mm/s,EQ-PUMP-001|2026-06-19T02:00:00Z|vibration_mm_s,observation,low,2026-06-16 01:51:00+00:00,2026-06-20 11:22:00+00:00
EVT-2026S1-0151,EQ-CAB-134,current_a,2026-06-19 06:00:00+00:00,22.26,A,EQ-CAB-134|2026-06-19T06:00:00Z|current_a,incident,medium,2026-06-16 21:39:00+00:00,2026-06-20 01:31:00+00:00
EVT-2026S1-0151,EQ-CAB-134,temperature_c,2026-06-19 06:00:00+00:00,52.57,°C,EQ-CAB-134|2026-06-19T06:00:00Z|temperature_c,incident,medium,2026-06-16 21:39:00+00:00,2026-06-20 01:31:00+00:00
EVT-2026S1-0376,EQ-CONV-336,current_a,2026-06-19 06:00:00+00:00,22.95,A,EQ-CONV-336|2026-06-19T06:00:00Z|current_a,intervention,high,2026-06-18 13:32:00+00:00,2026-06-23 00:06:00+00:00
EVT-2026S1-0376,EQ-CONV-336,rpm,2026-06-19 06:00:00+00:00,1395.32,rpm,EQ-CONV-336|2026-06-19T06:00:00Z|rpm,intervention,high,2026-06-18 13:32:00+00:00,2026-06-23 00:06:00+00:00
EVT-2026S1-0015,EQ-PUMP-001,pressure_bar,2026-06-19 06:00:00+00:00,6.22,bar,EQ-PUMP-001|2026-06-19T06:00:00Z|pressure_bar,observation,low,2026-06-16 01:51:00+00:00,2026-06-20 11:22:00+00:00
EVT-2026S1-0015,EQ-PUMP-001,temperature_c,2026-06-19 06:00:00+00:00,63.34,°C,EQ-PUMP-001|2026-06-19T06:00:00Z|temperature_c,observation,low,2026-06-16 01:51:00+00:00,2026-06-20 11:22:00+00:00
EVT-2026S1-0015,EQ-PUMP-001,vibration_mm_s,2026-06-19 08:00:00+00:00,2.86,mm/s,EQ-PUMP-001|2026-06-19T08:00:00Z|vibration_mm_s,observation,low,2026-06-16 01:51:00+00:00,2026-06-20 11:22:00+00:00
EVT-2026S1-0151,EQ-CAB-134,current_a,2026-06-19 12:00:00+00:00,21.08,A,EQ-CAB-134|2026-06-19T12:00:00Z|current_a,incident,medium,2026-06-16 21:39:00+00:00,2026-06-20 01:31:00+00:00
EVT-2026S1-0151,EQ-CAB-134,temperature_c,2026-06-19 12:00:00+00:00,47.96,°C,EQ-CAB-134|2026-06-19T12:00:00Z|temperature_c,incident,medium,2026-06-16 21:39:00+00:00,2026-06-20 01:31:00+00:00
EVT-2026S1-0376,EQ-CONV-336,current_a,2026-06-19 12:00:00+00:00,21.21,A,EQ-CONV-336|2026-06-19T12:00:00Z|current_a,intervention,high,2026-06-18 13:32:00+00:00,2026-06-23 00:06:00+00:00
EVT-2026S1-0376,EQ-CONV-336,rpm,2026-06-19 12:00:00+00:00,1377.02,rpm,EQ-CONV-336|2026-06-19T12:00:00Z|rpm,intervention,high,2026-06-18 13:32:00+00:00,2026-06-23 00:06:00+00:00
EVT-2026S1-0015,EQ-PUMP-001,pressure_bar,2026-06-19 12:00:00+00:00,6.16,bar,EQ-PUMP-001|2026-06-19T12:00:00Z|pressure_bar,observation,low,2026-06-16 01:51:00+00:00,2026-06-20 11:22:00+00:00
EVT-2026S1-0015,EQ-PUMP-001,temperature_c,2026-06-19 12:00:00+00:00,55.16,°C,EQ-PUMP-001|2026-06-19T12:00:00Z|temperature_c,observation,low,2026-06-16 01:51:00+00:00,2026-06-20 11:22:00+00:00
EVT-2026S1-0015,EQ-PUMP-001,vibration_mm_s,2026-06-19 14:00:00+00:00,2.95,mm/s,EQ-PUMP-001|2026-06-19T14:00:00Z|vibration_mm_s,observation,low,2026-06-16 01:51:00+00:00,2026-06-20 11:22:00+00:00
EVT-2026S1-0151,EQ-CAB-134,current_a,2026-06-19 18:00:00+00:00,20.04,A,EQ-CAB-134|2026-06-19T18:00:00Z|current_a,incident,medium,2026-06-16 21:39:00+00:00,2026-06-20 01:31:00+00:00
EVT-2026S1-0151,EQ-CAB-134,temperature_c,2026-06-19 18:00:00+00:00,55.53,°C,EQ-CAB-134|2026-06-19T18:00:00Z|temperature_c,incident,medium,2026-06-16 21:39:00+00:00,2026-06-20 01:31:00+00:00
EVT-2026S1-0376,EQ-CONV-336,current_a,2026-06-19 18:00:00+00:00,20.82,A,EQ-CONV-336|2026-06-19T18:00:00Z|current_a,intervention,high,2026-06-18 13:32:00+00:00,2026-06-23 00:06:00+00:00
EVT-2026S1-0376,EQ-CONV-336,rpm,2026-06-19 18:00:00+00:00,1326.32,rpm,EQ-CONV-336|2026-06-19T18:00:00Z|rpm,intervention,high,2026-06-18 13:32:00+00:00,2026-06-23 00:06:00+00:00
EVT-2026S1-0015,EQ-PUMP-001,pressure_bar,2026-06-19 18:00:00+00:00,5.95,bar,EQ-PUMP-001|2026-06-19T18:00:00Z|pressure_bar,observation,low,2026-06-16 01:51:00+00:00,2026-06-20 11:22:00+00:00
EVT-2026S1-0015,EQ-PUMP-001,temperature_c,2026-06-19 18:00:00+00:00,55.27,°C,EQ-PUMP-001|2026-06-19T18:00:00Z|temperature_c,observation,low,2026-06-16 01:51:00+00:00,2026-06-20 11:22:00+00:00
EVT-2026S1-0015,EQ-PUMP-001,vibration_mm_s,2026-06-19 20:00:00+00:00,2.65,mm/s,EQ-PUMP-001|2026-06-19T20:00:00Z|vibration_mm_s,observation,low,2026-06-16 01:51:00+00:00,2026-06-20 11:22:00+00:00
EVT-2026S1-0151,EQ-CAB-134,current_a,2026-06-20 00:00:00+00:00,22.4,A,EQ-CAB-134|2026-06-20T00:00:00Z|current_a,incident,medium,2026-06-16 21:39:00+00:00,2026-06-20 01:31:00+00:00
EVT-2026S1-0151,EQ-CAB-134,temperature_c,2026-06-20 00:00:00+00:00,56.49,°C,EQ-CAB-134|2026-06-20T00:00:00Z|temperature_c,incident,medium,2026-06-16 21:39:00+00:00,2026-06-20 01:31:00+00:00
EVT-2026S1-0376,EQ-CONV-336,current_a,2026-06-20 00:00:00+00:00,24.37,A,EQ-CONV-336|2026-06-20T00:00:00Z|current_a,intervention,high,2026-06-18 13:32:00+00:00,2026-06-23 00:06:00+00:00
EVT-2026S1-0376,EQ-CONV-336,rpm,2026-06-20 00:00:00+00:00,1314.52,rpm,EQ-CONV-336|2026-06-20T00:00:00Z|rpm,intervention,high,2026-06-18 13:32:00+00:00,2026-06-23 00:06:00+00:00
EVT-2026S1-0015,EQ-PUMP-001,pressure_bar,2026-06-20 00:00:00+00:00,6.41,bar,EQ-PUMP-001|2026-06-20T00:00:00Z|pressure_bar,observation,low,2026-06-16 01:51:00+00:00,2026-06-20 11:22:00+00:00
EVT-2026S1-0015,EQ-PUMP-001,temperature_c,2026-06-20 00:00:00+00:00,58.26,°C,EQ-PUMP-001|2026-06-20T00:00:00Z|temperature_c,observation,low,2026-06-16 01:51:00+00:00,2026-06-20 11:22:00+00:00
EVT-2026S1-0015,EQ-PUMP-001,vibration_mm_s,2026-06-20 02:00:00+00:00,2.89,mm/s,EQ-PUMP-001|2026-06-20T02:00:00Z|vibration_mm_s,observation,low,2026-06-16 01:51:00+00:00,2026-06-20 11:22:00+00:00
EVT-2026S1-0376,EQ-CONV-336,current_a,2026-06-20 06:00:00+00:00,21.58,A,EQ-CONV-336|2026-06-20T06:00:00Z|current_a,intervention,high,2026-06-18 13:32:00+00:00,2026-06-23 00:06:00+00:00
EVT-2026S1-0376,EQ-CONV-336,rpm,2026-06-20 06:00:00+00:00,1388.45,rpm,EQ-CONV-336|2026-06-20T06:00:00Z|rpm,intervention,high,2026-06-18 13:32:00+00:00,2026-06-23 00:06:00+00:00
EVT-2026S1-0015,EQ-PUMP-001,pressure_bar,2026-06-20 06:00:00+00:00,6.33,bar,EQ-PUMP-001|2026-06-20T06:00:00Z|pressure_bar,observation,low,2026-06-16 01:51:00+00:00,2026-06-20 11:22:00+00:00
EVT-2026S1-0015,EQ-PUMP-001,temperature_c,2026-06-20 06:00:00+00:00,61.04,°C,EQ-PUMP-001|2026-06-20T06:00:00Z|temperature_c,observation,low,2026-06-16 01:51:00+00:00,2026-06-20 11:22:00+00:00
EVT-2026S1-0015,EQ-PUMP-001,vibration_mm_s,2026-06-20 08:00:00+00:00,2.97,mm/s,EQ-PUMP-001|2026-06-20T08:00:00Z|vibration_mm_s,observation,low,2026-06-16 01:51:00+00:00,2026-06-20 11:22:00+00:00
EVT-2026S1-0376,EQ-CONV-336,current_a,2026-06-20 12:00:00+00:00,18.4,A,EQ-CONV-336|2026-06-20T12:00:00Z|current_a,intervention,high,2026-06-18 13:32:00+00:00,2026-06-23 00:06:00+00:00
EVT-2026S1-0376,EQ-CONV-336,rpm,2026-06-20 12:00:00+00:00,1350.66,rpm,EQ-CONV-336|2026-06-20T12:00:00Z|rpm,intervention,high,2026-06-18 13:32:00+00:00,2026-06-23 00:06:00+00:00
EVT-2026S1-0376,EQ-CONV-336,current_a,2026-06-20 18:00:00+00:00,22.44,A,EQ-CONV-336|2026-06-20T18:00:00Z|current_a,intervention,high,2026-06-18 13:32:00+00:00,2026-06-23 00:06:00+00:00
EVT-2026S1-0376,EQ-CONV-336,rpm,2026-06-20 18:00:00+00:00,1286.32,rpm,EQ-CONV-336|2026-06-20T18:00:00Z|rpm,intervention,high,2026-06-18 13:32:00+00:00,2026-06-23 00:06:00+00:00
EVT-2026S1-0376,EQ-CONV-336,current_a,2026-06-21 00:00:00+00:00,21.78,A,EQ-CONV-336|2026-06-21T00:00:00Z|current_a,intervention,high,2026-06-18 13:32:00+00:00,2026-06-23 00:06:00+00:00
EVT-2026S1-0376,EQ-CONV-336,rpm,2026-06-21 00:00:00+00:00,1283.59,rpm,EQ-CONV-336|2026-06-21T00:00:00Z|rpm,intervention,high,2026-06-18 13:32:00+00:00,2026-06-23 00:06:00+00:00
EVT-2026S1-0376,EQ-CONV-336,current_a,2026-06-21 06:00:00+00:00,22.6,A,EQ-CONV-336|2026-06-21T06:00:00Z|current_a,intervention,high,2026-06-18 13:32:00+00:00,2026-06-23 00:06:00+00:00
EVT-2026S1-0376,EQ-CONV-336,rpm,2026-06-21 06:00:00+00:00,1382.59,rpm,EQ-CONV-336|2026-06-21T06:00:00Z|rpm,intervention,high,2026-06-18 13:32:00+00:00,2026-06-23 00:06:00+00:00
EVT-2026S1-0376,EQ-CONV-336,current_a,2026-06-21 12:00:00+00:00,19.03,A,EQ-CONV-336|2026-06-21T12:00:00Z|current_a,intervention,high,2026-06-18 13:32:00+00:00,2026-06-23 00:06:00+00:00
EVT-2026S1-0376,EQ-CONV-336,rpm,2026-06-21 12:00:00+00:00,1356.11,rpm,EQ-CONV-336|2026-06-21T12:00:00Z|rpm,intervention,high,2026-06-18 13:32:00+00:00,2026-06-23 00:06:00+00:00
EVT-2026S1-0376,EQ-CONV-336,current_a,2026-06-21 18:00:00+00:00,22.59,A,EQ-CONV-336|2026-06-21T18:00:00Z|current_a,intervention,high,2026-06-18 13:32:00+00:00,2026-06-23 00:06:00+00:00
EVT-2026S1-0376,EQ-CONV-336,rpm,2026-06-21 18:00:00+00:00,1320.52,rpm,EQ-CONV-336|2026-06-21T18:00:00Z|rpm,intervention,high,2026-06-18 13:32:00+00:00,2026-06-23 00:06:00+00:00
EVT-2026S1-0376,EQ-CONV-336,current_a,2026-06-22 00:00:00+00:00,25.85,A,EQ-CONV-336|2026-06-22T00:00:00Z|current_a,intervention,high,2026-06-18 13:32:00+00:00,2026-06-23 00:06:00+00:00
EVT-2026S1-0376,EQ-CONV-336,rpm,2026-06-22 00:00:00+00:00,1333.89,rpm,EQ-CONV-336|2026-06-22T00:00:00Z|rpm,intervention,high,2026-06-18 13:32:00+00:00,2026-06-23 00:06:00+00:00
EVT-2026S1-0376,EQ-CONV-336,current_a,2026-06-22 06:00:00+00:00,22.92,A,EQ-CONV-336|2026-06-22T06:00:00Z|current_a,intervention,high,2026-06-18 13:32:00+00:00,2026-06-23 00:06:00+00:00
EVT-2026S1-0376,EQ-CONV-336,rpm,2026-06-22 06:00:00+00:00,1411.48,rpm,EQ-CONV-336|2026-06-22T06:00:00Z|rpm,intervention,high,2026-06-18 13:32:00+00:00,2026-06-23 00:06:00+00:00
EVT-2026S1-0376,EQ-CONV-336,current_a,2026-06-22 12:00:00+00:00,20.22,A,EQ-CONV-336|2026-06-22T12:00:00Z|current_a,intervention,high,2026-06-18 13:32:00+00:00,2026-06-23 00:06:00+00:00
EVT-2026S1-0376,EQ-CONV-336,rpm,2026-06-22 12:00:00+00:00,1375.34,rpm,EQ-CONV-336|2026-06-22T12:00:00Z|rpm,intervention,high,2026-06-18 13:32:00+00:00,2026-06-23 00:06:00+00:00
EVT-2026S1-0376,EQ-CONV-336,current_a,2026-06-22 18:00:00+00:00,22.01,A,EQ-CONV-336|2026-06-22T18:00:00Z|current_a,intervention,high,2026-06-18 13:32:00+00:00,2026-06-23 00:06:00+00:00
EVT-2026S1-0376,EQ-CONV-336,rpm,2026-06-22 18:00:00+00:00,1326.76,rpm,EQ-CONV-336|2026-06-22T18:00:00Z|rpm,intervention,high,2026-06-18 13:32:00+00:00,2026-06-23 00:06:00+00:00
EVT-2026S1-0376,EQ-CONV-336,current_a,2026-06-23 00:00:00+00:00,26.65,A,EQ-CONV-336|2026-06-23T00:00:00Z|current_a,intervention,high,2026-06-18 13:32:00+00:00,2026-06-23 00:06:00+00:00
EVT-2026S1-0376,EQ-CONV-336,rpm,2026-06-23 00:00:00+00:00,1339.65,rpm,EQ-CONV-336|2026-06-23T00:00:00Z|rpm,intervention,high,2026-06-18 13:32:00+00:00,2026-06-23 00:06:00+00:00
