equipment_id,timestamp,sensor_name,value,unit,period,provenance,procedure_id
EQ-CAB-134,2026-01-02 00:00:00+00:00,temperature_c,60.13,°C,2026-S1,réelle,
EQ-CHILL-001,2026-01-02 00:00:00+00:00,temperature_c,56.39,°C,2026-S1,réelle,
EQ-CHILL-115,2026-01-02 00:00:00+00:00,temperature_c,56.88,°C,2026-S1,réelle,
EQ-CHILL-168,2026-01-02 00:00:00+00:00,temperature_c,61.63,°C,2026-S1,réelle,
EQ-CHILL-188,2026-01-02 00:00:00+00:00,temperature_c,62.48,°C,2026-S1,réelle,
EQ-CHILL-248,2026-01-02 00:00:00+00:00,temperature_c,52.61,°C,2026-S1,réelle,
EQ-COMP-002,2026-01-02 00:00:00+00:00,temperature_c,63.05,°C,2026-S1,réelle,
EQ-COMP-113,2026-01-02 00:00:00+00:00,temperature_c,65.66,°C,2026-S1,réelle,
EQ-COMP-233,2026-01-02 00:00:00+00:00,temperature_c,64.47,°C,2026-S1,réelle,
EQ-FAN-002,2026-01-02 00:00:00+00:00,vibration_mm_s,2.65,mm/s,2026-S1,réelle,
EQ-FAN-003,2026-01-02 00:00:00+00:00,vibration_mm_s,2.69,mm/s,2026-S1,réelle,
EQ-FAN-204,2026-01-02 00:00:00+00:00,vibration_mm_s,2.45,mm/s,2026-S1,réelle,
EQ-FAN-284,2026-01-02 00:00:00+00:00,vibration_mm_s,2.26,mm/s,2026-S1,réelle,
EQ-FAN-304,2026-01-02 00:00:00+00:00,vibration_mm_s,2.12,mm/s,2026-S1,réelle,
EQ-MIX-159,2026-01-02 00:00:00+00:00,vibration_mm_s,2.48,mm/s,2026-S1,réelle,
EQ-MIX-259,2026-01-02 00:00:00+00:00,vibration_mm_s,1.77,mm/s,2026-S1,réelle,
EQ-MIX-379,2026-01-02 00:00:00+00:00,vibration_mm_s,3.56,mm/s,2026-S1,réelle,
EQ-OVEN-001,2026-01-02 00:00:00+00:00,temperature_c,56.06,°C,2026-S1,réelle,
EQ-OVEN-123,2026-01-02 00:00:00+00:00,temperature_c,59.57,°C,2026-S1,réelle,
EQ-OVEN-223,2026-01-02 00:00:00+00:00,temperature_c,59.06,°C,2026-S1,réelle,
EQ-OVEN-366,2026-01-02 00:00:00+00:00,temperature_c,49.99,°C,2026-S1,réelle,
EQ-OVEN-386,2026-01-02 00:00:00+00:00,temperature_c,58.0,°C,2026-S1,réelle,
EQ-PUMP-001,2026-01-02 00:00:00+00:00,temperature_c,59.56,°C,2026-S1,réelle,
EQ-PUMP-006,2026-01-02 00:00:00+00:00,temperature_c,51.23,°C,2026-S1,réelle,
EQ-PUMP-006,2026-01-02 00:00:00+00:00,vibration_mm_s,3.07,mm/s,2026-S1,réelle,
EQ-PUMP-171,2026-01-02 00:00:00+00:00,temperature_c,66.83,°C,2026-S1,réelle,
EQ-PUMP-171,2026-01-02 00:00:00+00:00,vibration_mm_s,2.84,mm/s,2026-S1,réelle,
EQ-PUMP-350,2026-01-02 00:00:00+00:00,temperature_c,60.4,°C,2026-S1,réelle,
EQ-PUMP-350,2026-01-02 00:00:00+00:00,vibration_mm_s,3.15,mm/s,2026-S1,réelle,
EQ-ROBOT-358,2026-01-02 00:00:00+00:00,vibration_mm_s,2.7,mm/s,2026-S1,réelle,
EQ-SENSOR-305,2026-01-02 00:00:00+00:00,temperature_c,56.52,°C,2026-S1,réelle,
EQ-STEAM-341,2026-01-02 00:00:00+00:00,temperature_c,51.9,°C,2026-S1,réelle,
EQ-STEAM-352,2026-01-02 00:00:00+00:00,temperature_c,63.77,°C,2026-S1,réelle,
EQ-PUMP-001,2026-01-02 02:00:00+00:00,vibration_mm_s,2.93,mm/s,2026-S1,réelle,
EQ-CAB-134,2026-01-02 06:00:00+00:00,temperature_c,55.7,°C,2026-S1,réelle,
EQ-CHILL-001,2026-01-02 06:00:00+00:00,temperature_c,66.35,°C,2026-S1,réelle,
EQ-CHILL-115,2026-01-02 06:00:00+00:00,temperature_c,64.11,°C,2026-S1,réelle,
EQ-CHILL-168,2026-01-02 06:00:00+00:00,temperature_c,57.04,°C,2026-S1,réelle,
EQ-CHILL-188,2026-01-02 06:00:00+00:00,temperature_c,57.71,°C,2026-S1,réelle,
EQ-CHILL-248,2026-01-02 06:00:00+00:00,temperature_c,49.21,°C,2026-S1,réelle,
EQ-COMP-002,2026-01-02 06:00:00+00:00,temperature_c,62.0,°C,2026-S1,réelle,
EQ-COMP-113,2026-01-02 06:00:00+00:00,temperature_c,63.62,°C,2026-S1,réelle,
EQ-COMP-233,2026-01-02 06:00:00+00:00,temperature_c,59.43,°C,2026-S1,réelle,
EQ-FAN-002,2026-01-02 06:00:00+00:00,vibration_mm_s,3.36,mm/s,2026-S1,réelle,
EQ-FAN-003,2026-01-02 06:00:00+00:00,vibration_mm_s,2.56,mm/s,2026-S1,réelle,
EQ-FAN-204,2026-01-02 06:00:00+00:00,vibration_mm_s,3.43,mm/s,2026-S1,réelle,
EQ-FAN-284,2026-01-02 06:00:00+00:00,vibration_mm_s,3.07,mm/s,2026-S1,réelle,
EQ-FAN-304,2026-01-02 06:00:00+00:00,vibration_mm_s,2.37,mm/s,2026-S1,réelle,
EQ-MIX-159,2026-01-02 06:00:00+00:00,vibration_mm_s,3.15,mm/s,2026-S1,réelle,
EQ-MIX-259,2026-01-02 06:00:00+00:00,vibration_mm_s,2.69,mm/s,2026-S1,réelle,
EQ-MIX-379,2026-01-02 06:00:00+00:00,vibration_mm_s,2.76,mm/s,2026-S1,réelle,
EQ-OVEN-001,2026-01-02 06:00:00+00:00,temperature_c,52.09,°C,2026-S1,réelle,
EQ-OVEN-123,2026-01-02 06:00:00+00:00,temperature_c,53.72,°C,2026-S1,réelle,
EQ-OVEN-223,2026-01-02 06:00:00+00:00,temperature_c,65.13,°C,2026-S1,réelle,
EQ-OVEN-366,2026-01-02 06:00:00+00:00,temperature_c,46.12,°C,2026-S1,réelle,
EQ-OVEN-386,2026-01-02 06:00:00+00:00,temperature_c,61.75,°C,2026-S1,réelle,
EQ-PUMP-001,2026-01-02 06:00:00+00:00,temperature_c,62.69,°C,2026-S1,réelle,
EQ-PUMP-006,2026-01-02 06:00:00+00:00,temperature_c,56.52,°C,2026-S1,réelle,
EQ-PUMP-006,2026-01-02 06:00:00+00:00,vibration_mm_s,2.85,mm/s,2026-S1,réelle,
EQ-PUMP-171,2026-01-02 06:00:00+00:00,temperature_c,63.83,°C,2026-S1,réelle,
EQ-PUMP-171,2026-01-02 06:00:00+00:00,vibration_mm_s,2.51,mm/s,2026-S1,réelle,
EQ-PUMP-350,2026-01-02 06:00:00+00:00,temperature_c,67.5,°C,2026-S1,réelle,
EQ-PUMP-350,2026-01-02 06:00:00+00:00,vibration_mm_s,2.73,mm/s,2026-S1,réelle,
EQ-ROBOT-358,2026-01-02 06:00:00+00:00,vibration_mm_s,2.93,mm/s,2026-S1,réelle,
EQ-SENSOR-305,2026-01-02 06:00:00+00:00,temperature_c,62.22,°C,2026-S1,réelle,
EQ-STEAM-341,2026-01-02 06:00:00+00:00,temperature_c,58.4,°C,2026-S1,réelle,
EQ-STEAM-352,2026-01-02 06:00:00+00:00,temperature_c,65.57,°C,2026-S1,réelle,
EQ-PUMP-001,2026-01-02 08:00:00+00:00,vibration_mm_s,2.85,mm/s,2026-S1,réelle,
EQ-CAB-134,2026-01-02 12:00:00+00:00,temperature_c,51.88,°C,2026-S1,réelle,
EQ-CHILL-001,2026-01-02 12:00:00+00:00,temperature_c,64.85,°C,2026-S1,réelle,
EQ-CHILL-115,2026-01-02 12:00:00+00:00,temperature_c,60.77,°C,2026-S1,réelle,
EQ-CHILL-168,2026-01-02 12:00:00+00:00,temperature_c,57.07,°C,2026-S1,réelle,
EQ-CHILL-188,2026-01-02 12:00:00+00:00,temperature_c,53.35,°C,2026-S1,réelle,
EQ-CHILL-248,2026-01-02 12:00:00+00:00,temperature_c,54.67,°C,2026-S1,réelle,
EQ-COMP-002,2026-01-02 12:00:00+00:00,temperature_c,56.42,°C,2026-S1,réelle,
EQ-COMP-113,2026-01-02 12:00:00+00:00,temperature_c,59.45,°C,2026-S1,réelle,
EQ-COMP-233,2026-01-02 12:00:00+00:00,temperature_c,55.51,°C,2026-S1,réelle,
EQ-FAN-002,2026-01-02 12:00:00+00:00,vibration_mm_s,2.94,mm/s,2026-S1,réelle,
EQ-FAN-003,2026-01-02 12:00:00+00:00,vibration_mm_s,3.05,mm/s,2026-S1,réelle,
EQ-FAN-204,2026-01-02 12:00:00+00:00,vibration_mm_s,3.13,mm/s,2026-S1,réelle,
EQ-FAN-284,2026-01-02 12:00:00+00:00,vibration_mm_s,3.1,mm/s,2026-S1,réelle,
EQ-FAN-304,2026-01-02 12:00:00+00:00,vibration_mm_s,3.35,mm/s,2026-S1,réelle,
EQ-MIX-159,2026-01-02 12:00:00+00:00,vibration_mm_s,3.0,mm/s,2026-S1,réelle,
EQ-MIX-259,2026-01-02 12:00:00+00:00,vibration_mm_s,2.8,mm/s,2026-S1,réelle,
EQ-MIX-379,2026-01-02 12:00:00+00:00,vibration_mm_s,2.6,mm/s,2026-S1,réelle,
EQ-OVEN-001,2026-01-02 12:00:00+00:00,temperature_c,44.84,°C,2026-S1,réelle,
EQ-OVEN-123,2026-01-02 12:00:00+00:00,temperature_c,60.88,°C,2026-S1,réelle,
EQ-OVEN-223,2026-01-02 12:00:00+00:00,temperature_c,62.12,°C,2026-S1,réelle,
EQ-OVEN-366,2026-01-02 12:00:00+00:00,temperature_c,53.57,°C,2026-S1,réelle,
EQ-OVEN-386,2026-01-02 12:00:00+00:00,temperature_c,67.97,°C,2026-S1,réelle,
EQ-PUMP-001,2026-01-02 12:00:00+00:00,temperature_c,53.76,°C,2026-S1,réelle,
EQ-PUMP-006,2026-01-02 12:00:00+00:00,temperature_c,56.72,°C,2026-S1,réelle,
EQ-PUMP-006,2026-01-02 12:00:00+00:00,vibration_mm_s,2.76,mm/s,2026-S1,réelle,
EQ-PUMP-171,2026-01-02 12:00:00+00:00,temperature_c,55.58,°C,2026-S1,réelle,
EQ-PUMP-171,2026-01-02 12:00:00+00:00,vibration_mm_s,3.29,mm/s,2026-S1,réelle,
EQ-PUMP-350,2026-01-02 12:00:00+00:00,temperature_c,62.56,°C,2026-S1,réelle,
EQ-PUMP-350,2026-01-02 12:00:00+00:00,vibration_mm_s,2.29,mm/s,2026-S1,réelle,
EQ-ROBOT-358,2026-01-02 12:00:00+00:00,vibration_mm_s,2.76,mm/s,2026-S1,réelle,
EQ-SENSOR-305,2026-01-02 12:00:00+00:00,temperature_c,57.72,°C,2026-S1,réelle,
EQ-STEAM-341,2026-01-02 12:00:00+00:00,temperature_c,55.74,°C,2026-S1,réelle,
EQ-STEAM-352,2026-01-02 12:00:00+00:00,temperature_c,54.82,°C,2026-S1,réelle,
EQ-PUMP-001,2026-01-02 14:00:00+00:00,vibration_mm_s,2.64,mm/s,2026-S1,réelle,
EQ-CAB-134,2026-01-02 18:00:00+00:00,temperature_c,55.33,°C,2026-S1,réelle,
EQ-CHILL-001,2026-01-02 18:00:00+00:00,temperature_c,57.22,°C,2026-S1,réelle,
EQ-CHILL-115,2026-01-02 18:00:00+00:00,temperature_c,57.41,°C,2026-S1,réelle,
EQ-CHILL-168,2026-01-02 18:00:00+00:00,temperature_c,58.29,°C,2026-S1,réelle,
EQ-CHILL-188,2026-01-02 18:00:00+00:00,temperature_c,61.54,°C,2026-S1,réelle,
EQ-CHILL-248,2026-01-02 18:00:00+00:00,temperature_c,56.88,°C,2026-S1,réelle,
EQ-COMP-002,2026-01-02 18:00:00+00:00,temperature_c,56.32,°C,2026-S1,réelle,
EQ-COMP-113,2026-01-02 18:00:00+00:00,temperature_c,59.42,°C,2026-S1,réelle,
EQ-COMP-233,2026-01-02 18:00:00+00:00,temperature_c,58.32,°C,2026-S1,réelle,
EQ-FAN-002,2026-01-02 18:00:00+00:00,vibration_mm_s,2.41,mm/s,2026-S1,réelle,
EQ-FAN-003,2026-01-02 18:00:00+00:00,vibration_mm_s,2.58,mm/s,2026-S1,réelle,
EQ-FAN-204,2026-01-02 18:00:00+00:00,vibration_mm_s,2.81,mm/s,2026-S1,réelle,
EQ-FAN-284,2026-01-02 18:00:00+00:00,vibration_mm_s,2.05,mm/s,2026-S1,réelle,
EQ-FAN-304,2026-01-02 18:00:00+00:00,vibration_mm_s,2.46,mm/s,2026-S1,réelle,
EQ-MIX-159,2026-01-02 18:00:00+00:00,vibration_mm_s,2.38,mm/s,2026-S1,réelle,
EQ-MIX-259,2026-01-02 18:00:00+00:00,vibration_mm_s,3.27,mm/s,2026-S1,réelle,
EQ-MIX-379,2026-01-02 18:00:00+00:00,vibration_mm_s,3.38,mm/s,2026-S1,réelle,
EQ-OVEN-001,2026-01-02 18:00:00+00:00,temperature_c,52.67,°C,2026-S1,réelle,
EQ-OVEN-123,2026-01-02 18:00:00+00:00,temperature_c,62.27,°C,2026-S1,réelle,
EQ-OVEN-223,2026-01-02 18:00:00+00:00,temperature_c,60.24,°C,2026-S1,réelle,
EQ-OVEN-366,2026-01-02 18:00:00+00:00,temperature_c,55.8,°C,2026-S1,réelle,
EQ-OVEN-386,2026-01-02 18:00:00+00:00,temperature_c,63.18,°C,2026-S1,réelle,
EQ-PUMP-001,2026-01-02 18:00:00+00:00,temperature_c,55.21,°C,2026-S1,réelle,
EQ-PUMP-006,2026-01-02 18:00:00+00:00,temperature_c,51.98,°C,2026-S1,réelle,
EQ-PUMP-006,2026-01-02 18:00:00+00:00,vibration_mm_s,3.4,mm/s,2026-S1,réelle,
EQ-PUMP-171,2026-01-02 18:00:00+00:00,temperature_c,58.49,°C,2026-S1,réelle,
EQ-PUMP-171,2026-01-02 18:00:00+00:00,vibration_mm_s,3.05,mm/s,2026-S1,réelle,
EQ-PUMP-350,2026-01-02 18:00:00+00:00,temperature_c,55.88,°C,2026-S1,réelle,
EQ-PUMP-350,2026-01-02 18:00:00+00:00,vibration_mm_s,2.83,mm/s,2026-S1,réelle,
EQ-ROBOT-358,2026-01-02 18:00:00+00:00,vibration_mm_s,2.39,mm/s,2026-S1,réelle,
EQ-SENSOR-305,2026-01-02 18:00:00+00:00,temperature_c,51.85,°C,2026-S1,réelle,
EQ-STEAM-341,2026-01-02 18:00:00+00:00,temperature_c,53.08,°C,2026-S1,réelle,
EQ-STEAM-352,2026-01-02 18:00:00+00:00,temperature_c,55.83,°C,2026-S1,réelle,
EQ-PUMP-001,2026-01-02 20:00:00+00:00,vibration_mm_s,2.48,mm/s,2026-S1,réelle,
EQ-CAB-134,2026-01-03 00:00:00+00:00,temperature_c,56.75,°C,2026-S1,réelle,
EQ-CHILL-001,2026-01-03 00:00:00+00:00,temperature_c,53.95,°C,2026-S1,réelle,
EQ-CHILL-115,2026-01-03 00:00:00+00:00,temperature_c,56.06,°C,2026-S1,réelle,
EQ-CHILL-168,2026-01-03 00:00:00+00:00,temperature_c,59.89,°C,2026-S1,réelle,
EQ-CHILL-188,2026-01-03 00:00:00+00:00,temperature_c,60.08,°C,2026-S1,réelle,
EQ-CHILL-248,2026-01-03 00:00:00+00:00,temperature_c,48.68,°C,2026-S1,réelle,
EQ-COMP-002,2026-01-03 00:00:00+00:00,temperature_c,62.09,°C,2026-S1,réelle,
EQ-COMP-113,2026-01-03 00:00:00+00:00,temperature_c,64.8,°C,2026-S1,réelle,
EQ-COMP-233,2026-01-03 00:00:00+00:00,temperature_c,64.18,°C,2026-S1,réelle,
EQ-FAN-002,2026-01-03 00:00:00+00:00,vibration_mm_s,3.08,mm/s,2026-S1,réelle,
EQ-FAN-003,2026-01-03 00:00:00+00:00,vibration_mm_s,2.66,mm/s,2026-S1,réelle,
EQ-FAN-204,2026-01-03 00:00:00+00:00,vibration_mm_s,2.63,mm/s,2026-S1,réelle,
EQ-FAN-284,2026-01-03 00:00:00+00:00,vibration_mm_s,2.32,mm/s,2026-S1,réelle,
EQ-FAN-304,2026-01-03 00:00:00+00:00,vibration_mm_s,2.2,mm/s,2026-S1,réelle,
EQ-MIX-159,2026-01-03 00:00:00+00:00,vibration_mm_s,2.34,mm/s,2026-S1,réelle,
EQ-MIX-259,2026-01-03 00:00:00+00:00,vibration_mm_s,2.0,mm/s,2026-S1,réelle,
EQ-MIX-379,2026-01-03 00:00:00+00:00,vibration_mm_s,2.69,mm/s,2026-S1,réelle,
EQ-OVEN-001,2026-01-03 00:00:00+00:00,temperature_c,52.71,°C,2026-S1,réelle,
EQ-OVEN-123,2026-01-03 00:00:00+00:00,temperature_c,55.0,°C,2026-S1,réelle,
EQ-OVEN-223,2026-01-03 00:00:00+00:00,temperature_c,58.21,°C,2026-S1,réelle,
EQ-OVEN-366,2026-01-03 00:00:00+00:00,temperature_c,48.15,°C,2026-S1,réelle,
EQ-OVEN-386,2026-01-03 00:00:00+00:00,temperature_c,56.22,°C,2026-S1,réelle,
EQ-PUMP-001,2026-01-03 00:00:00+00:00,temperature_c,61.7,°C,2026-S1,réelle,
EQ-PUMP-006,2026-01-03 00:00:00+00:00,temperature_c,51.85,°C,2026-S1,réelle,
EQ-PUMP-006,2026-01-03 00:00:00+00:00,vibration_mm_s,3.61,mm/s,2026-S1,réelle,
EQ-PUMP-171,2026-01-03 00:00:00+00:00,temperature_c,63.93,°C,2026-S1,réelle,
EQ-PUMP-171,2026-01-03 00:00:00+00:00,vibration_mm_s,2.57,mm/s,2026-S1,réelle,
EQ-PUMP-350,2026-01-03 00:00:00+00:00,temperature_c,59.6,°C,2026-S1,réelle,
EQ-PUMP-350,2026-01-03 00:00:00+00:00,vibration_mm_s,2.98,mm/s,2026-S1,réelle,
EQ-ROBOT-358,2026-01-03 00:00:00+00:00,vibration_mm_s,2.41,mm/s,2026-S1,réelle,
EQ-SENSOR-305,2026-01-03 00:00:00+00:00,temperature_c,54.39,°C,2026-S1,réelle,
EQ-STEAM-341,2026-01-03 00:00:00+00:00,temperature_c,49.79,°C,2026-S1,réelle,
EQ-STEAM-352,2026-01-03 00:00:00+00:00,temperature_c,61.26,°C,2026-S1,réelle,
EQ-PUMP-001,2026-01-03 02:00:00+00:00,vibration_mm_s,2.43,mm/s,2026-S1,réelle,
EQ-CAB-134,2026-01-03 06:00:00+00:00,temperature_c,52.33,°C,2026-S1,réelle,
EQ-CHILL-001,2026-01-03 06:00:00+00:00,temperature_c,61.0,°C,2026-S1,réelle,
EQ-CHILL-115,2026-01-03 06:00:00+00:00,temperature_c,62.14,°C,2026-S1,réelle,
EQ-CHILL-168,2026-01-03 06:00:00+00:00,temperature_c,58.8,°C,2026-S1,réelle,
EQ-CHILL-188,2026-01-03 06:00:00+00:00,temperature_c,55.39,°C,2026-S1,réelle,
EQ-CHILL-248,2026-01-03 06:00:00+00:00,temperature_c,49.69,°C,2026-S1,réelle,
EQ-COMP-002,2026-01-03 06:00:00+00:00,temperature_c,59.41,°C,2026-S1,réelle,
EQ-COMP-113,2026-01-03 06:00:00+00:00,temperature_c,60.24,°C,2026-S1,réelle,
EQ-COMP-233,2026-01-03 06:00:00+00:00,temperature_c,55.86,°C,2026-S1,réelle,
EQ-FAN-002,2026-01-03 06:00:00+00:00,vibration_mm_s,3.48,mm/s,2026-S1,réelle,
EQ-FAN-003,2026-01-03 06:00:00+00:00,vibration_mm_s,2.81,mm/s,2026-S1,réelle,
EQ-FAN-204,2026-01-03 06:00:00+00:00,vibration_mm_s,2.95,mm/s,2026-S1,réelle,
EQ-FAN-284,2026-01-03 06:00:00+00:00,vibration_mm_s,2.62,mm/s,2026-S1,réelle,
EQ-FAN-304,2026-01-03 06:00:00+00:00,vibration_mm_s,2.37,mm/s,2026-S1,réelle,
EQ-MIX-159,2026-01-03 06:00:00+00:00,vibration_mm_s,3.05,mm/s,2026-S1,réelle,
EQ-MIX-259,2026-01-03 06:00:00+00:00,vibration_mm_s,2.05,mm/s,2026-S1,réelle,
EQ-MIX-379,2026-01-03 06:00:00+00:00,vibration_mm_s,2.66,mm/s,2026-S1,réelle,
EQ-OVEN-001,2026-01-03 06:00:00+00:00,temperature_c,48.17,°C,2026-S1,réelle,
EQ-OVEN-123,2026-01-03 06:00:00+00:00,temperature_c,51.85,°C,2026-S1,réelle,
EQ-OVEN-223,2026-01-03 06:00:00+00:00,temperature_c,66.24,°C,2026-S1,réelle,
EQ-OVEN-366,2026-01-03 06:00:00+00:00,temperature_c,46.25,°C,2026-S1,réelle,
EQ-OVEN-386,2026-01-03 06:00:00+00:00,temperature_c,60.16,°C,2026-S1,réelle,
EQ-PUMP-001,2026-01-03 06:00:00+00:00,temperature_c,61.54,°C,2026-S1,réelle,
EQ-PUMP-006,2026-01-03 06:00:00+00:00,temperature_c,56.57,°C,2026-S1,réelle,
EQ-PUMP-006,2026-01-03 06:00:00+00:00,vibration_mm_s,2.66,mm/s,2026-S1,réelle,
EQ-PUMP-171,2026-01-03 06:00:00+00:00,temperature_c,63.0,°C,2026-S1,réelle,
EQ-PUMP-171,2026-01-03 06:00:00+00:00,vibration_mm_s,2.69,mm/s,2026-S1,réelle,
EQ-PUMP-350,2026-01-03 06:00:00+00:00,temperature_c,66.68,°C,2026-S1,réelle,
EQ-PUMP-350,2026-01-03 06:00:00+00:00,vibration_mm_s,3.06,mm/s,2026-S1,réelle,
EQ-ROBOT-358,2026-01-03 06:00:00+00:00,vibration_mm_s,2.78,mm/s,2026-S1,réelle,
EQ-SENSOR-305,2026-01-03 06:00:00+00:00,temperature_c,58.3,°C,2026-S1,réelle,
EQ-STEAM-341,2026-01-03 06:00:00+00:00,temperature_c,54.29,°C,2026-S1,réelle,
EQ-STEAM-352,2026-01-03 06:00:00+00:00,temperature_c,61.29,°C,2026-S1,réelle,
EQ-PUMP-001,2026-01-03 08:00:00+00:00,vibration_mm_s,3.2,mm/s,2026-S1,réelle,
EQ-CAB-134,2026-01-03 12:00:00+00:00,temperature_c,50.96,°C,2026-S1,réelle,
EQ-CHILL-001,2026-01-03 12:00:00+00:00,temperature_c,60.06,°C,2026-S1,réelle,
EQ-CHILL-115,2026-01-03 12:00:00+00:00,temperature_c,61.72,°C,2026-S1,réelle,
EQ-CHILL-168,2026-01-03 12:00:00+00:00,temperature_c,53.91,°C,2026-S1,réelle,
EQ-CHILL-188,2026-01-03 12:00:00+00:00,temperature_c,51.83,°C,2026-S1,réelle,
EQ-CHILL-248,2026-01-03 12:00:00+00:00,temperature_c,50.73,°C,2026-S1,réelle,
EQ-COMP-002,2026-01-03 12:00:00+00:00,temperature_c,54.28,°C,2026-S1,réelle,
EQ-COMP-113,2026-01-03 12:00:00+00:00,temperature_c,57.86,°C,2026-S1,réelle,
EQ-COMP-233,2026-01-03 12:00:00+00:00,temperature_c,53.5,°C,2026-S1,réelle,
EQ-FAN-002,2026-01-03 12:00:00+00:00,vibration_mm_s,2.85,mm/s,2026-S1,réelle,
EQ-FAN-003,2026-01-03 12:00:00+00:00,vibration_mm_s,3.0,mm/s,2026-S1,réelle,
EQ-FAN-204,2026-01-03 12:00:00+00:00,vibration_mm_s,3.29,mm/s,2026-S1,réelle,
EQ-FAN-284,2026-01-03 12:00:00+00:00,vibration_mm_s,2.82,mm/s,2026-S1,réelle,
EQ-FAN-304,2026-01-03 12:00:00+00:00,vibration_mm_s,2.77,mm/s,2026-S1,réelle,
EQ-MIX-159,2026-01-03 12:00:00+00:00,vibration_mm_s,2.67,mm/s,2026-S1,réelle,
EQ-MIX-259,2026-01-03 12:00:00+00:00,vibration_mm_s,2.64,mm/s,2026-S1,réelle,
EQ-MIX-379,2026-01-03 12:00:00+00:00,vibration_mm_s,2.77,mm/s,2026-S1,réelle,
EQ-OVEN-001,2026-01-03 12:00:00+00:00,temperature_c,42.34,°C,2026-S1,réelle,
EQ-OVEN-123,2026-01-03 12:00:00+00:00,temperature_c,62.99,°C,2026-S1,réelle,
EQ-OVEN-223,2026-01-03 12:00:00+00:00,temperature_c,63.94,°C,2026-S1,réelle,
EQ-OVEN-366,2026-01-03 12:00:00+00:00,temperature_c,51.32,°C,2026-S1,réelle,
EQ-OVEN-386,2026-01-03 12:00:00+00:00,temperature_c,67.91,°C,2026-S1,réelle,
EQ-PUMP-001,2026-01-03 12:00:00+00:00,temperature_c,56.1,°C,2026-S1,réelle,
EQ-PUMP-006,2026-01-03 12:00:00+00:00,temperature_c,55.67,°C,2026-S1,réelle,
EQ-PUMP-006,2026-01-03 12:00:00+00:00,vibration_mm_s,2.86,mm/s,2026-S1,réelle,
EQ-PUMP-171,2026-01-03 12:00:00+00:00,temperature_c,57.06,°C,2026-S1,réelle,
EQ-PUMP-171,2026-01-03 12:00:00+00:00,vibration_mm_s,3.29,mm/s,2026-S1,réelle,
EQ-PUMP-350,2026-01-03 12:00:00+00:00,temperature_c,61.78,°C,2026-S1,réelle,
EQ-PUMP-350,2026-01-03 12:00:00+00:00,vibration_mm_s,2.48,mm/s,2026-S1,réelle,
EQ-ROBOT-358,2026-01-03 12:00:00+00:00,vibration_mm_s,2.58,mm/s,2026-S1,réelle,
EQ-SENSOR-305,2026-01-03 12:00:00+00:00,temperature_c,54.16,°C,2026-S1,réelle,
EQ-STEAM-341,2026-01-03 12:00:00+00:00,temperature_c,56.52,°C,2026-S1,réelle,
EQ-STEAM-352,2026-01-03 12:00:00+00:00,temperature_c,54.07,°C,2026-S1,réelle,
EQ-PUMP-001,2026-01-03 14:00:00+00:00,vibration_mm_s,2.49,mm/s,2026-S1,réelle,
EQ-CAB-134,2026-01-03 18:00:00+00:00,temperature_c,54.01,°C,2026-S1,réelle,
EQ-CHILL-001,2026-01-03 18:00:00+00:00,temperature_c,50.6,°C,2026-S1,réelle,
EQ-CHILL-115,2026-01-03 18:00:00+00:00,temperature_c,54.3,°C,2026-S1,réelle,
EQ-CHILL-168,2026-01-03 18:00:00+00:00,temperature_c,57.75,°C,2026-S1,réelle,
EQ-CHILL-188,2026-01-03 18:00:00+00:00,temperature_c,59.71,°C,2026-S1,réelle,
EQ-CHILL-248,2026-01-03 18:00:00+00:00,temperature_c,58.96,°C,2026-S1,réelle,
EQ-COMP-002,2026-01-03 18:00:00+00:00,temperature_c,54.99,°C,2026-S1,réelle,
EQ-COMP-113,2026-01-03 18:00:00+00:00,temperature_c,58.95,°C,2026-S1,réelle,
EQ-COMP-233,2026-01-03 18:00:00+00:00,temperature_c,55.82,°C,2026-S1,réelle,
EQ-FAN-002,2026-01-03 18:00:00+00:00,vibration_mm_s,2.84,mm/s,2026-S1,réelle,
EQ-FAN-003,2026-01-03 18:00:00+00:00,vibration_mm_s,2.74,mm/s,2026-S1,réelle,
EQ-FAN-204,2026-01-03 18:00:00+00:00,vibration_mm_s,2.8,mm/s,2026-S1,réelle,
EQ-FAN-284,2026-01-03 18:00:00+00:00,vibration_mm_s,2.24,mm/s,2026-S1,réelle,
EQ-FAN-304,2026-01-03 18:00:00+00:00,vibration_mm_s,2.48,mm/s,2026-S1,réelle,
EQ-MIX-159,2026-01-03 18:00:00+00:00,vibration_mm_s,2.77,mm/s,2026-S1,réelle,
EQ-MIX-259,2026-01-03 18:00:00+00:00,vibration_mm_s,2.71,mm/s,2026-S1,réelle,
EQ-MIX-379,2026-01-03 18:00:00+00:00,vibration_mm_s,3.12,mm/s,2026-S1,réelle,
EQ-OVEN-001,2026-01-03 18:00:00+00:00,temperature_c,48.92,°C,2026-S1,réelle,
EQ-OVEN-123,2026-01-03 18:00:00+00:00,temperature_c,61.11,°C,2026-S1,réelle,
EQ-OVEN-223,2026-01-03 18:00:00+00:00,temperature_c,59.47,°C,2026-S1,réelle,
EQ-OVEN-366,2026-01-03 18:00:00+00:00,temperature_c,52.35,°C,2026-S1,réelle,
EQ-OVEN-386,2026-01-03 18:00:00+00:00,temperature_c,58.06,°C,2026-S1,réelle,
EQ-PUMP-001,2026-01-03 18:00:00+00:00,temperature_c,55.56,°C,2026-S1,réelle,
EQ-PUMP-006,2026-01-03 18:00:00+00:00,temperature_c,50.88,°C,2026-S1,réelle,
EQ-PUMP-006,2026-01-03 18:00:00+00:00,vibration_mm_s,3.38,mm/s,2026-S1,réelle,
EQ-PUMP-171,2026-01-03 18:00:00+00:00,temperature_c,56.73,°C,2026-S1,réelle,
EQ-PUMP-171,2026-01-03 18:00:00+00:00,vibration_mm_s,2.91,mm/s,2026-S1,réelle,
EQ-PUMP-350,2026-01-03 18:00:00+00:00,temperature_c,54.68,°C,2026-S1,réelle,
EQ-PUMP-350,2026-01-03 18:00:00+00:00,vibration_mm_s,2.92,mm/s,2026-S1,réelle,
EQ-ROBOT-358,2026-01-03 18:00:00+00:00,vibration_mm_s,2.49,mm/s,2026-S1,réelle,
EQ-SENSOR-305,2026-01-03 18:00:00+00:00,temperature_c,52.37,°C,2026-S1,réelle,
EQ-STEAM-341,2026-01-03 18:00:00+00:00,temperature_c,51.43,°C,2026-S1,réelle,
EQ-STEAM-352,2026-01-03 18:00:00+00:00,temperature_c,53.76,°C,2026-S1,réelle,
EQ-PUMP-001,2026-01-03 20:00:00+00:00,vibration_mm_s,2.13,mm/s,2026-S1,réelle,
EQ-CAB-134,2026-01-04 00:00:00+00:00,temperature_c,55.97,°C,2026-S1,réelle,
EQ-CHILL-001,2026-01-04 00:00:00+00:00,temperature_c,52.24,°C,2026-S1,réelle,
EQ-CHILL-115,2026-01-04 00:00:00+00:00,temperature_c,58.78,°C,2026-S1,réelle,
EQ-CHILL-168,2026-01-04 00:00:00+00:00,temperature_c,61.06,°C,2026-S1,réelle,
EQ-CHILL-188,2026-01-04 00:00:00+00:00,temperature_c,61.02,°C,2026-S1,réelle,
EQ-CHILL-248,2026-01-04 00:00:00+00:00,temperature_c,49.67,°C,2026-S1,réelle,
EQ-COMP-002,2026-01-04 00:00:00+00:00,temperature_c,58.79,°C,2026-S1,réelle,
EQ-COMP-113,2026-01-04 00:00:00+00:00,temperature_c,66.45,°C,2026-S1,réelle,
EQ-COMP-233,2026-01-04 00:00:00+00:00,temperature_c,64.22,°C,2026-S1,réelle,
EQ-FAN-002,2026-01-04 00:00:00+00:00,vibration_mm_s,2.8,mm/s,2026-S1,réelle,
EQ-FAN-003,2026-01-04 00:00:00+00:00,vibration_mm_s,2.05,mm/s,2026-S1,réelle,
EQ-FAN-204,2026-01-04 00:00:00+00:00,vibration_mm_s,2.44,mm/s,2026-S1,réelle,
EQ-FAN-284,2026-01-04 00:00:00+00:00,vibration_mm_s,2.4,mm/s,2026-S1,réelle,
EQ-FAN-304,2026-01-04 00:00:00+00:00,vibration_mm_s,2.46,mm/s,2026-S1,réelle,
EQ-MIX-159,2026-01-04 00:00:00+00:00,vibration_mm_s,2.28,mm/s,2026-S1,réelle,
EQ-MIX-259,2026-01-04 00:00:00+00:00,vibration_mm_s,2.31,mm/s,2026-S1,réelle,
EQ-MIX-379,2026-01-04 00:00:00+00:00,vibration_mm_s,2.91,mm/s,2026-S1,réelle,
EQ-OVEN-001,2026-01-04 00:00:00+00:00,temperature_c,53.97,°C,2026-S1,réelle,
EQ-OVEN-123,2026-01-04 00:00:00+00:00,temperature_c,55.53,°C,2026-S1,réelle,
EQ-OVEN-223,2026-01-04 00:00:00+00:00,temperature_c,55.13,°C,2026-S1,réelle,
EQ-OVEN-366,2026-01-04 00:00:00+00:00,temperature_c,47.68,°C,2026-S1,réelle,
EQ-OVEN-386,2026-01-04 00:00:00+00:00,temperature_c,58.44,°C,2026-S1,réelle,
EQ-PUMP-001,2026-01-04 00:00:00+00:00,temperature_c,58.94,°C,2026-S1,réelle,
EQ-PUMP-006,2026-01-04 00:00:00+00:00,temperature_c,49.73,°C,2026-S1,réelle,
EQ-PUMP-006,2026-01-04 00:00:00+00:00,vibration_mm_s,3.02,mm/s,2026-S1,réelle,
EQ-PUMP-171,2026-01-04 00:00:00+00:00,temperature_c,61.11,°C,2026-S1,réelle,
EQ-PUMP-171,2026-01-04 00:00:00+00:00,vibration_mm_s,2.3,mm/s,2026-S1,réelle,
EQ-PUMP-350,2026-01-04 00:00:00+00:00,temperature_c,58.11,°C,2026-S1,réelle,
EQ-PUMP-350,2026-01-04 00:00:00+00:00,vibration_mm_s,3.8,mm/s,2026-S1,réelle,
EQ-ROBOT-358,2026-01-04 00:00:00+00:00,vibration_mm_s,2.63,mm/s,2026-S1,réelle,
EQ-SENSOR-305,2026-01-04 00:00:00+00:00,temperature_c,55.72,°C,2026-S1,réelle,
EQ-STEAM-341,2026-01-04 00:00:00+00:00,temperature_c,52.48,°C,2026-S1,réelle,
EQ-STEAM-352,2026-01-04 00:00:00+00:00,temperature_c,61.65,°C,2026-S1,réelle,
EQ-PUMP-001,2026-01-04 02:00:00+00:00,vibration_mm_s,2.79,mm/s,2026-S1,réelle,
EQ-CAB-134,2026-01-04 06:00:00+00:00,temperature_c,51.53,°C,2026-S1,réelle,
EQ-CHILL-001,2026-01-04 06:00:00+00:00,temperature_c,58.33,°C,2026-S1,réelle,
EQ-CHILL-115,2026-01-04 06:00:00+00:00,temperature_c,64.7,°C,2026-S1,réelle,
EQ-CHILL-168,2026-01-04 06:00:00+00:00,temperature_c,56.54,°C,2026-S1,réelle,
EQ-CHILL-188,2026-01-04 06:00:00+00:00,temperature_c,55.62,°C,2026-S1,réelle,
EQ-CHILL-248,2026-01-04 06:00:00+00:00,temperature_c,46.2,°C,2026-S1,réelle,
EQ-COMP-002,2026-01-04 06:00:00+00:00,temperature_c,63.31,°C,2026-S1,réelle,
EQ-COMP-113,2026-01-04 06:00:00+00:00,temperature_c,65.57,°C,2026-S1,réelle,
EQ-COMP-233,2026-01-04 06:00:00+00:00,temperature_c,57.7,°C,2026-S1,réelle,
EQ-FAN-002,2026-01-04 06:00:00+00:00,vibration_mm_s,2.76,mm/s,2026-S1,réelle,
EQ-FAN-003,2026-01-04 06:00:00+00:00,vibration_mm_s,2.85,mm/s,2026-S1,réelle,
EQ-FAN-204,2026-01-04 06:00:00+00:00,vibration_mm_s,2.98,mm/s,2026-S1,réelle,
EQ-FAN-284,2026-01-04 06:00:00+00:00,vibration_mm_s,2.48,mm/s,2026-S1,réelle,
EQ-FAN-304,2026-01-04 06:00:00+00:00,vibration_mm_s,2.6,mm/s,2026-S1,réelle,
EQ-MIX-159,2026-01-04 06:00:00+00:00,vibration_mm_s,3.24,mm/s,2026-S1,réelle,
EQ-MIX-259,2026-01-04 06:00:00+00:00,vibration_mm_s,2.31,mm/s,2026-S1,réelle,
EQ-MIX-379,2026-01-04 06:00:00+00:00,vibration_mm_s,2.41,mm/s,2026-S1,réelle,
EQ-OVEN-001,2026-01-04 06:00:00+00:00,temperature_c,50.23,°C,2026-S1,réelle,
EQ-OVEN-123,2026-01-04 06:00:00+00:00,temperature_c,51.96,°C,2026-S1,réelle,
EQ-OVEN-223,2026-01-04 06:00:00+00:00,temperature_c,62.28,°C,2026-S1,réelle,
EQ-OVEN-366,2026-01-04 06:00:00+00:00,temperature_c,44.96,°C,2026-S1,réelle,
EQ-OVEN-386,2026-01-04 06:00:00+00:00,temperature_c,64.44,°C,2026-S1,réelle,
EQ-PUMP-001,2026-01-04 06:00:00+00:00,temperature_c,60.18,°C,2026-S1,réelle,
EQ-PUMP-006,2026-01-04 06:00:00+00:00,temperature_c,53.08,°C,2026-S1,réelle,
EQ-PUMP-006,2026-01-04 06:00:00+00:00,vibration_mm_s,2.7,mm/s,2026-S1,réelle,
EQ-PUMP-171,2026-01-04 06:00:00+00:00,temperature_c,62.5,°C,2026-S1,réelle,
EQ-PUMP-171,2026-01-04 06:00:00+00:00,vibration_mm_s,2.81,mm/s,2026-S1,réelle,
EQ-PUMP-350,2026-01-04 06:00:00+00:00,temperature_c,64.79,°C,2026-S1,réelle,
EQ-PUMP-350,2026-01-04 06:00:00+00:00,vibration_mm_s,3.01,mm/s,2026-S1,réelle,
EQ-ROBOT-358,2026-01-04 06:00:00+00:00,vibration_mm_s,3.5,mm/s,2026-S1,réelle,
EQ-SENSOR-305,2026-01-04 06:00:00+00:00,temperature_c,59.33,°C,2026-S1,réelle,
EQ-STEAM-341,2026-01-04 06:00:00+00:00,temperature_c,60.68,°C,2026-S1,réelle,
EQ-STEAM-352,2026-01-04 06:00:00+00:00,temperature_c,59.67,°C,2026-S1,réelle,
EQ-PUMP-001,2026-01-04 08:00:00+00:00,vibration_mm_s,3.13,mm/s,2026-S1,réelle,
EQ-CAB-134,2026-01-04 12:00:00+00:00,temperature_c,48.79,°C,2026-S1,réelle,
EQ-CHILL-001,2026-01-04 12:00:00+00:00,temperature_c,58.95,°C,2026-S1,réelle,
EQ-CHILL-115,2026-01-04 12:00:00+00:00,temperature_c,60.21,°C,2026-S1,réelle,
EQ-CHILL-168,2026-01-04 12:00:00+00:00,temperature_c,52.85,°C,2026-S1,réelle,
EQ-CHILL-188,2026-01-04 12:00:00+00:00,temperature_c,50.68,°C,2026-S1,réelle,
EQ-CHILL-248,2026-01-04 12:00:00+00:00,temperature_c,51.45,°C,2026-S1,réelle,
EQ-COMP-002,2026-01-04 12:00:00+00:00,temperature_c,53.46,°C,2026-S1,réelle,
EQ-COMP-113,2026-01-04 12:00:00+00:00,temperature_c,57.14,°C,2026-S1,réelle,
EQ-COMP-233,2026-01-04 12:00:00+00:00,temperature_c,52.64,°C,2026-S1,réelle,
EQ-FAN-002,2026-01-04 12:00:00+00:00,vibration_mm_s,2.86,mm/s,2026-S1,réelle,
EQ-FAN-003,2026-01-04 12:00:00+00:00,vibration_mm_s,2.93,mm/s,2026-S1,réelle,
EQ-FAN-204,2026-01-04 12:00:00+00:00,vibration_mm_s,3.25,mm/s,2026-S1,réelle,
EQ-FAN-284,2026-01-04 12:00:00+00:00,vibration_mm_s,2.46,mm/s,2026-S1,réelle,
EQ-FAN-304,2026-01-04 12:00:00+00:00,vibration_mm_s,2.86,mm/s,2026-S1,réelle,
EQ-MIX-159,2026-01-04 12:00:00+00:00,vibration_mm_s,2.83,mm/s,2026-S1,réelle,
EQ-MIX-259,2026-01-04 12:00:00+00:00,vibration_mm_s,2.84,mm/s,2026-S1,réelle,
EQ-MIX-379,2026-01-04 12:00:00+00:00,vibration_mm_s,2.72,mm/s,2026-S1,réelle,
EQ-OVEN-001,2026-01-04 12:00:00+00:00,temperature_c,45.07,°C,2026-S1,réelle,
EQ-OVEN-123,2026-01-04 12:00:00+00:00,temperature_c,57.98,°C,2026-S1,réelle,
EQ-OVEN-223,2026-01-04 12:00:00+00:00,temperature_c,65.43,°C,2026-S1,réelle,
EQ-OVEN-366,2026-01-04 12:00:00+00:00,temperature_c,50.06,°C,2026-S1,réelle,
EQ-OVEN-386,2026-01-04 12:00:00+00:00,temperature_c,64.45,°C,2026-S1,réelle,
EQ-PUMP-001,2026-01-04 12:00:00+00:00,temperature_c,52.82,°C,2026-S1,réelle,
EQ-PUMP-006,2026-01-04 12:00:00+00:00,temperature_c,56.16,°C,2026-S1,réelle,
EQ-PUMP-006,2026-01-04 12:00:00+00:00,vibration_mm_s,2.53,mm/s,2026-S1,réelle,
EQ-PUMP-171,2026-01-04 12:00:00+00:00,temperature_c,55.5,°C,2026-S1,réelle,
EQ-PUMP-171,2026-01-04 12:00:00+00:00,vibration_mm_s,2.94,mm/s,2026-S1,réelle,
EQ-PUMP-350,2026-01-04 12:00:00+00:00,temperature_c,60.68,°C,2026-S1,réelle,
EQ-PUMP-350,2026-01-04 12:00:00+00:00,vibration_mm_s,2.4,mm/s,2026-S1,réelle,
EQ-ROBOT-358,2026-01-04 12:00:00+00:00,vibration_mm_s,2.84,mm/s,2026-S1,réelle,
EQ-SENSOR-305,2026-01-04 12:00:00+00:00,temperature_c,55.18,°C,2026-S1,réelle,
EQ-STEAM-341,2026-01-04 12:00:00+00:00,temperature_c,55.45,°C,2026-S1,réelle,
EQ-STEAM-352,2026-01-04 12:00:00+00:00,temperature_c,55.18,°C,2026-S1,réelle,
EQ-PUMP-001,2026-01-04 14:00:00+00:00,vibration_mm_s,2.45,mm/s,2026-S1,réelle,
EQ-CAB-134,2026-01-04 18:00:00+00:00,temperature_c,54.12,°C,2026-S1,réelle,
EQ-CHILL-001,2026-01-04 18:00:00+00:00,temperature_c,48.66,°C,2026-S1,réelle,
EQ-CHILL-115,2026-01-04 18:00:00+00:00,temperature_c,53.08,°C,2026-S1,réelle,
EQ-CHILL-168,2026-01-04 18:00:00+00:00,temperature_c,56.61,°C,2026-S1,réelle,
EQ-CHILL-188,2026-01-04 18:00:00+00:00,temperature_c,58.28,°C,2026-S1,réelle,
EQ-CHILL-248,2026-01-04 18:00:00+00:00,temperature_c,55.2,°C,2026-S1,réelle,
EQ-COMP-002,2026-01-04 18:00:00+00:00,temperature_c,53.74,°C,2026-S1,réelle,
EQ-COMP-113,2026-01-04 18:00:00+00:00,temperature_c,56.91,°C,2026-S1,réelle,
EQ-COMP-233,2026-01-04 18:00:00+00:00,temperature_c,57.04,°C,2026-S1,réelle,
EQ-FAN-002,2026-01-04 18:00:00+00:00,vibration_mm_s,2.58,mm/s,2026-S1,réelle,
EQ-FAN-003,2026-01-04 18:00:00+00:00,vibration_mm_s,2.69,mm/s,2026-S1,réelle,
EQ-FAN-204,2026-01-04 18:00:00+00:00,vibration_mm_s,2.72,mm/s,2026-S1,réelle,
EQ-FAN-284,2026-01-04 18:00:00+00:00,vibration_mm_s,2.49,mm/s,2026-S1,réelle,
EQ-FAN-304,2026-01-04 18:00:00+00:00,vibration_mm_s,2.45,mm/s,2026-S1,réelle,
EQ-MIX-159,2026-01-04 18:00:00+00:00,vibration_mm_s,2.36,mm/s,2026-S1,réelle,
EQ-MIX-259,2026-01-04 18:00:00+00:00,vibration_mm_s,2.23,mm/s,2026-S1,réelle,
EQ-MIX-379,2026-01-04 18:00:00+00:00,vibration_mm_s,2.93,mm/s,2026-S1,réelle,
EQ-OVEN-001,2026-01-04 18:00:00+00:00,temperature_c,48.93,°C,2026-S1,réelle,
EQ-OVEN-123,2026-01-04 18:00:00+00:00,temperature_c,59.19,°C,2026-S1,réelle,
EQ-OVEN-223,2026-01-04 18:00:00+00:00,temperature_c,57.26,°C,2026-S1,réelle,
EQ-OVEN-366,2026-01-04 18:00:00+00:00,temperature_c,53.28,°C,2026-S1,réelle,
EQ-OVEN-386,2026-01-04 18:00:00+00:00,temperature_c,61.37,°C,2026-S1,réelle,
EQ-PUMP-001,2026-01-04 18:00:00+00:00,temperature_c,52.86,°C,2026-S1,réelle,
EQ-PUMP-006,2026-01-04 18:00:00+00:00,temperature_c,47.39,°C,2026-S1,réelle,
EQ-PUMP-006,2026-01-04 18:00:00+00:00,vibration_mm_s,3.59,mm/s,2026-S1,réelle,
EQ-PUMP-171,2026-01-04 18:00:00+00:00,temperature_c,57.6,°C,2026-S1,réelle,
EQ-PUMP-171,2026-01-04 18:00:00+00:00,vibration_mm_s,3.13,mm/s,2026-S1,réelle,
EQ-PUMP-350,2026-01-04 18:00:00+00:00,temperature_c,56.28,°C,2026-S1,réelle,
EQ-PUMP-350,2026-01-04 18:00:00+00:00,vibration_mm_s,3.25,mm/s,2026-S1,réelle,
EQ-ROBOT-358,2026-01-04 18:00:00+00:00,vibration_mm_s,2.16,mm/s,2026-S1,réelle,
EQ-SENSOR-305,2026-01-04 18:00:00+00:00,temperature_c,51.95,°C,2026-S1,réelle,
EQ-STEAM-341,2026-01-04 18:00:00+00:00,temperature_c,51.41,°C,2026-S1,réelle,
EQ-STEAM-352,2026-01-04 18:00:00+00:00,temperature_c,54.99,°C,2026-S1,réelle,
EQ-PUMP-001,2026-01-04 20:00:00+00:00,vibration_mm_s,2.51,mm/s,2026-S1,réelle,
EQ-CAB-134,2026-01-05 00:00:00+00:00,temperature_c,62.62,°C,2026-S1,réelle,
EQ-CHILL-001,2026-01-05 00:00:00+00:00,temperature_c,53.26,°C,2026-S1,réelle,
EQ-CHILL-115,2026-01-05 00:00:00+00:00,temperature_c,59.82,°C,2026-S1,réelle,
EQ-CHILL-168,2026-01-05 00:00:00+00:00,temperature_c,62.27,°C,2026-S1,réelle,
EQ-CHILL-188,2026-01-05 00:00:00+00:00,temperature_c,62.08,°C,2026-S1,réelle,
EQ-CHILL-248,2026-01-05 00:00:00+00:00,temperature_c,51.0,°C,2026-S1,réelle,
EQ-COMP-002,2026-01-05 00:00:00+00:00,temperature_c,64.54,°C,2026-S1,réelle,
EQ-COMP-113,2026-01-05 00:00:00+00:00,temperature_c,67.41,°C,2026-S1,réelle,
EQ-COMP-233,2026-01-05 00:00:00+00:00,temperature_c,68.21,°C,2026-S1,réelle,
EQ-FAN-002,2026-01-05 00:00:00+00:00,vibration_mm_s,2.89,mm/s,2026-S1,réelle,
EQ-FAN-003,2026-01-05 00:00:00+00:00,vibration_mm_s,2.84,mm/s,2026-S1,réelle,
EQ-FAN-204,2026-01-05 00:00:00+00:00,vibration_mm_s,2.49,mm/s,2026-S1,réelle,
EQ-FAN-284,2026-01-05 00:00:00+00:00,vibration_mm_s,2.16,mm/s,2026-S1,réelle,
EQ-FAN-304,2026-01-05 00:00:00+00:00,vibration_mm_s,2.27,mm/s,2026-S1,réelle,
EQ-MIX-159,2026-01-05 00:00:00+00:00,vibration_mm_s,2.8,mm/s,2026-S1,réelle,
EQ-MIX-259,2026-01-05 00:00:00+00:00,vibration_mm_s,2.48,mm/s,2026-S1,réelle,
EQ-MIX-379,2026-01-05 00:00:00+00:00,vibration_mm_s,2.82,mm/s,2026-S1,réelle,
EQ-OVEN-001,2026-01-05 00:00:00+00:00,temperature_c,56.96,°C,2026-S1,réelle,
EQ-OVEN-123,2026-01-05 00:00:00+00:00,temperature_c,54.92,°C,2026-S1,réelle,
EQ-OVEN-223,2026-01-05 00:00:00+00:00,temperature_c,58.71,°C,2026-S1,réelle,
EQ-OVEN-366,2026-01-05 00:00:00+00:00,temperature_c,47.01,°C,2026-S1,réelle,
EQ-OVEN-386,2026-01-05 00:00:00+00:00,temperature_c,57.83,°C,2026-S1,réelle,
EQ-PUMP-001,2026-01-05 00:00:00+00:00,temperature_c,59.38,°C,2026-S1,réelle,
EQ-PUMP-006,2026-01-05 00:00:00+00:00,temperature_c,51.77,°C,2026-S1,réelle,
EQ-PUMP-006,2026-01-05 00:00:00+00:00,vibration_mm_s,3.6,mm/s,2026-S1,réelle,
EQ-PUMP-171,2026-01-05 00:00:00+00:00,temperature_c,65.65,°C,2026-S1,réelle,
EQ-PUMP-171,2026-01-05 00:00:00+00:00,vibration_mm_s,2.58,mm/s,2026-S1,réelle,
EQ-PUMP-350,2026-01-05 00:00:00+00:00,temperature_c,61.27,°C,2026-S1,réelle,
EQ-PUMP-350,2026-01-05 00:00:00+00:00,vibration_mm_s,3.23,mm/s,2026-S1,réelle,
EQ-ROBOT-358,2026-01-05 00:00:00+00:00,vibration_mm_s,2.85,mm/s,2026-S1,réelle,
EQ-SENSOR-305,2026-01-05 00:00:00+00:00,temperature_c,59.07,°C,2026-S1,réelle,
EQ-STEAM-341,2026-01-05 00:00:00+00:00,temperature_c,54.66,°C,2026-S1,réelle,
EQ-STEAM-352,2026-01-05 00:00:00+00:00,temperature_c,61.57,°C,2026-S1,réelle,
EQ-PUMP-001,2026-01-05 02:00:00+00:00,vibration_mm_s,3.05,mm/s,2026-S1,réelle,
EQ-CAB-134,2026-01-05 06:00:00+00:00,temperature_c,55.23,°C,2026-S1,réelle,
EQ-CHILL-001,2026-01-05 06:00:00+00:00,temperature_c,62.55,°C,2026-S1,réelle,
EQ-CHILL-115,2026-01-05 06:00:00+00:00,temperature_c,63.08,°C,2026-S1,réelle,
EQ-CHILL-168,2026-01-05 06:00:00+00:00,temperature_c,60.57,°C,2026-S1,réelle,
EQ-CHILL-188,2026-01-05 06:00:00+00:00,temperature_c,60.74,°C,2026-S1,réelle,
EQ-CHILL-248,2026-01-05 06:00:00+00:00,temperature_c,48.89,°C,2026-S1,réelle,
EQ-COMP-002,2026-01-05 06:00:00+00:00,temperature_c,61.98,°C,2026-S1,réelle,
EQ-COMP-113,2026-01-05 06:00:00+00:00,temperature_c,68.21,°C,2026-S1,réelle,
EQ-COMP-233,2026-01-05 06:00:00+00:00,temperature_c,58.75,°C,2026-S1,réelle,
EQ-FAN-002,2026-01-05 06:00:00+00:00,vibration_mm_s,3.3,mm/s,2026-S1,réelle,
EQ-FAN-003,2026-01-05 06:00:00+00:00,vibration_mm_s,2.59,mm/s,2026-S1,réelle,
EQ-FAN-204,2026-01-05 06:00:00+00:00,vibration_mm_s,3.0,mm/s,2026-S1,réelle,
EQ-FAN-284,2026-01-05 06:00:00+00:00,vibration_mm_s,2.71,mm/s,2026-S1,réelle,
EQ-FAN-304,2026-01-05 06:00:00+00:00,vibration_mm_s,2.2,mm/s,2026-S1,réelle,
EQ-MIX-159,2026-01-05 06:00:00+00:00,vibration_mm_s,2.7,mm/s,2026-S1,réelle,
EQ-MIX-259,2026-01-05 06:00:00+00:00,vibration_mm_s,2.7,mm/s,2026-S1,réelle,
EQ-MIX-379,2026-01-05 06:00:00+00:00,vibration_mm_s,2.99,mm/s,2026-S1,réelle,
EQ-OVEN-001,2026-01-05 06:00:00+00:00,temperature_c,51.06,°C,2026-S1,réelle,
EQ-OVEN-123,2026-01-05 06:00:00+00:00,temperature_c,53.96,°C,2026-S1,réelle,
EQ-OVEN-223,2026-01-05 06:00:00+00:00,temperature_c,63.59,°C,2026-S1,réelle,
EQ-OVEN-366,2026-01-05 06:00:00+00:00,temperature_c,47.34,°C,2026-S1,réelle,
EQ-OVEN-386,2026-01-05 06:00:00+00:00,temperature_c,64.13,°C,2026-S1,réelle,
EQ-PUMP-001,2026-01-05 06:00:00+00:00,temperature_c,62.74,°C,2026-S1,réelle,
EQ-PUMP-006,2026-01-05 06:00:00+00:00,temperature_c,59.85,°C,2026-S1,réelle,
EQ-PUMP-006,2026-01-05 06:00:00+00:00,vibration_mm_s,2.98,mm/s,2026-S1,réelle,
EQ-PUMP-171,2026-01-05 06:00:00+00:00,temperature_c,62.24,°C,2026-S1,réelle,
EQ-PUMP-171,2026-01-05 06:00:00+00:00,vibration_mm_s,2.78,mm/s,2026-S1,réelle,
EQ-PUMP-350,2026-01-05 06:00:00+00:00,temperature_c,65.58,°C,2026-S1,réelle,
EQ-PUMP-350,2026-01-05 06:00:00+00:00,vibration_mm_s,3.39,mm/s,2026-S1,réelle,
EQ-ROBOT-358,2026-01-05 06:00:00+00:00,vibration_mm_s,3.18,mm/s,2026-S1,réelle,
EQ-SENSOR-305,2026-01-05 06:00:00+00:00,temperature_c,59.55,°C,2026-S1,réelle,
EQ-STEAM-341,2026-01-05 06:00:00+00:00,temperature_c,58.26,°C,2026-S1,réelle,
EQ-STEAM-352,2026-01-05 06:00:00+00:00,temperature_c,62.48,°C,2026-S1,réelle,
EQ-PUMP-001,2026-01-05 08:00:00+00:00,vibration_mm_s,3.36,mm/s,2026-S1,réelle,
EQ-CAB-134,2026-01-05 12:00:00+00:00,temperature_c,52.97,°C,2026-S1,réelle,
EQ-CHILL-001,2026-01-05 12:00:00+00:00,temperature_c,61.39,°C,2026-S1,réelle,
EQ-CHILL-115,2026-01-05 12:00:00+00:00,temperature_c,60.09,°C,2026-S1,réelle,
EQ-CHILL-168,2026-01-05 12:00:00+00:00,temperature_c,55.35,°C,2026-S1,réelle,
EQ-CHILL-188,2026-01-05 12:00:00+00:00,temperature_c,55.25,°C,2026-S1,réelle,
EQ-CHILL-248,2026-01-05 12:00:00+00:00,temperature_c,54.22,°C,2026-S1,réelle,
EQ-COMP-002,2026-01-05 12:00:00+00:00,temperature_c,55.45,°C,2026-S1,réelle,
EQ-COMP-113,2026-01-05 12:00:00+00:00,temperature_c,58.21,°C,2026-S1,réelle,
EQ-COMP-233,2026-01-05 12:00:00+00:00,temperature_c,53.94,°C,2026-S1,réelle,
EQ-FAN-002,2026-01-05 12:00:00+00:00,vibration_mm_s,2.85,mm/s,2026-S1,réelle,
EQ-FAN-003,2026-01-05 12:00:00+00:00,vibration_mm_s,2.89,mm/s,2026-S1,réelle,
EQ-FAN-204,2026-01-05 12:00:00+00:00,vibration_mm_s,3.5,mm/s,2026-S1,réelle,
EQ-FAN-284,2026-01-05 12:00:00+00:00,vibration_mm_s,2.89,mm/s,2026-S1,réelle,
EQ-FAN-304,2026-01-05 12:00:00+00:00,vibration_mm_s,3.12,mm/s,2026-S1,réelle,
EQ-MIX-159,2026-01-05 12:00:00+00:00,vibration_mm_s,2.74,mm/s,2026-S1,réelle,
EQ-MIX-259,2026-01-05 12:00:00+00:00,vibration_mm_s,2.56,mm/s,2026-S1,réelle,
EQ-MIX-379,2026-01-05 12:00:00+00:00,vibration_mm_s,2.99,mm/s,2026-S1,réelle,
EQ-OVEN-001,2026-01-05 12:00:00+00:00,temperature_c,46.24,°C,2026-S1,réelle,
EQ-OVEN-123,2026-01-05 12:00:00+00:00,temperature_c,60.3,°C,2026-S1,réelle,
EQ-OVEN-223,2026-01-05 12:00:00+00:00,temperature_c,66.88,°C,2026-S1,réelle,
EQ-OVEN-366,2026-01-05 12:00:00+00:00,temperature_c,53.31,°C,2026-S1,réelle,
EQ-OVEN-386,2026-01-05 12:00:00+00:00,temperature_c,66.83,°C,2026-S1,réelle,
EQ-PUMP-001,2026-01-05 12:00:00+00:00,temperature_c,55.62,°C,2026-S1,réelle,
EQ-PUMP-006,2026-01-05 12:00:00+00:00,temperature_c,56.65,°C,2026-S1,réelle,
EQ-PUMP-006,2026-01-05 12:00:00+00:00,vibration_mm_s,2.72,mm/s,2026-S1,réelle,
EQ-PUMP-171,2026-01-05 12:00:00+00:00,temperature_c,57.78,°C,2026-S1,réelle,
EQ-PUMP-171,2026-01-05 12:00:00+00:00,vibration_mm_s,3.36,mm/s,2026-S1,réelle,
EQ-PUMP-350,2026-01-05 12:00:00+00:00,temperature_c,59.31,°C,2026-S1,réelle,
EQ-PUMP-350,2026-01-05 12:00:00+00:00,vibration_mm_s,2.72,mm/s,2026-S1,réelle,
EQ-ROBOT-358,2026-01-05 12:00:00+00:00,vibration_mm_s,2.99,mm/s,2026-S1,réelle,
EQ-SENSOR-305,2026-01-05 12:00:00+00:00,temperature_c,54.08,°C,2026-S1,réelle,
EQ-STEAM-341,2026-01-05 12:00:00+00:00,temperature_c,59.44,°C,2026-S1,réelle,
EQ-STEAM-352,2026-01-05 12:00:00+00:00,temperature_c,53.88,°C,2026-S1,réelle,
EQ-PUMP-001,2026-01-05 14:00:00+00:00,vibration_mm_s,2.98,mm/s,2026-S1,réelle,
EQ-CAB-134,2026-01-05 18:00:00+00:00,temperature_c,56.07,°C,2026-S1,réelle,
EQ-CHILL-001,2026-01-05 18:00:00+00:00,temperature_c,53.76,°C,2026-S1,réelle,
EQ-CHILL-115,2026-01-05 18:00:00+00:00,temperature_c,57.49,°C,2026-S1,réelle,
EQ-CHILL-168,2026-01-05 18:00:00+00:00,temperature_c,59.71,°C,2026-S1,réelle,
EQ-CHILL-188,2026-01-05 18:00:00+00:00,temperature_c,60.83,°C,2026-S1,réelle,
EQ-CHILL-248,2026-01-05 18:00:00+00:00,temperature_c,57.97,°C,2026-S1,réelle,
EQ-COMP-002,2026-01-05 18:00:00+00:00,temperature_c,56.71,°C,2026-S1,réelle,
EQ-COMP-113,2026-01-05 18:00:00+00:00,temperature_c,59.18,°C,2026-S1,réelle,
EQ-COMP-233,2026-01-05 18:00:00+00:00,temperature_c,58.17,°C,2026-S1,réelle,
EQ-FAN-002,2026-01-05 18:00:00+00:00,vibration_mm_s,2.55,mm/s,2026-S1,réelle,
EQ-FAN-003,2026-01-05 18:00:00+00:00,vibration_mm_s,2.78,mm/s,2026-S1,réelle,
EQ-FAN-204,2026-01-05 18:00:00+00:00,vibration_mm_s,2.71,mm/s,2026-S1,réelle,
EQ-FAN-284,2026-01-05 18:00:00+00:00,vibration_mm_s,2.47,mm/s,2026-S1,réelle,
EQ-FAN-304,2026-01-05 18:00:00+00:00,vibration_mm_s,2.89,mm/s,2026-S1,réelle,
EQ-MIX-159,2026-01-05 18:00:00+00:00,vibration_mm_s,2.51,mm/s,2026-S1,réelle,
EQ-MIX-259,2026-01-05 18:00:00+00:00,vibration_mm_s,3.32,mm/s,2026-S1,réelle,
EQ-MIX-379,2026-01-05 18:00:00+00:00,vibration_mm_s,3.82,mm/s,2026-S1,réelle,
EQ-OVEN-001,2026-01-05 18:00:00+00:00,temperature_c,55.71,°C,2026-S1,réelle,
EQ-OVEN-123,2026-01-05 18:00:00+00:00,temperature_c,63.0,°C,2026-S1,réelle,
EQ-OVEN-223,2026-01-05 18:00:00+00:00,temperature_c,58.89,°C,2026-S1,réelle,
EQ-OVEN-366,2026-01-05 18:00:00+00:00,temperature_c,56.12,°C,2026-S1,réelle,
EQ-OVEN-386,2026-01-05 18:00:00+00:00,temperature_c,61.75,°C,2026-S1,réelle,
EQ-PUMP-001,2026-01-05 18:00:00+00:00,temperature_c,54.24,°C,2026-S1,réelle,
EQ-PUMP-006,2026-01-05 18:00:00+00:00,temperature_c,52.68,°C,2026-S1,réelle,
EQ-PUMP-006,2026-01-05 18:00:00+00:00,vibration_mm_s,3.41,mm/s,2026-S1,réelle,
EQ-PUMP-171,2026-01-05 18:00:00+00:00,temperature_c,59.16,°C,2026-S1,réelle,
EQ-PUMP-171,2026-01-05 18:00:00+00:00,vibration_mm_s,3.34,mm/s,2026-S1,réelle,
EQ-PUMP-350,2026-01-05 18:00:00+00:00,temperature_c,55.42,°C,2026-S1,réelle,
EQ-PUMP-350,2026-01-05 18:00:00+00:00,vibration_mm_s,3.16,mm/s,2026-S1,réelle,
EQ-ROBOT-358,2026-01-05 18:00:00+00:00,vibration_mm_s,2.16,mm/s,2026-S1,réelle,
EQ-SENSOR-305,2026-01-05 18:00:00+00:00,temperature_c,49.91,°C,2026-S1,réelle,
EQ-STEAM-341,2026-01-05 18:00:00+00:00,temperature_c,50.99,°C,2026-S1,réelle,
EQ-STEAM-352,2026-01-05 18:00:00+00:00,temperature_c,58.08,°C,2026-S1,réelle,
EQ-PUMP-001,2026-01-05 20:00:00+00:00,vibration_mm_s,2.5,mm/s,2026-S1,réelle,
EQ-CAB-134,2026-01-06 00:00:00+00:00,temperature_c,60.22,°C,2026-S1,réelle,
EQ-CHILL-001,2026-01-06 00:00:00+00:00,temperature_c,52.29,°C,2026-S1,réelle,
EQ-CHILL-115,2026-01-06 00:00:00+00:00,temperature_c,58.24,°C,2026-S1,réelle,
EQ-CHILL-168,2026-01-06 00:00:00+00:00,temperature_c,64.45,°C,2026-S1,réelle,
EQ-CHILL-188,2026-01-06 00:00:00+00:00,temperature_c,61.85,°C,2026-S1,réelle,
EQ-CHILL-248,2026-01-06 00:00:00+00:00,temperature_c,54.95,°C,2026-S1,réelle,
EQ-COMP-002,2026-01-06 00:00:00+00:00,temperature_c,63.58,°C,2026-S1,réelle,
EQ-COMP-113,2026-01-06 00:00:00+00:00,temperature_c,67.37,°C,2026-S1,réelle,
EQ-COMP-233,2026-01-06 00:00:00+00:00,temperature_c,64.78,°C,2026-S1,réelle,
EQ-FAN-002,2026-01-06 00:00:00+00:00,vibration_mm_s,2.69,mm/s,2026-S1,réelle,
EQ-FAN-003,2026-01-06 00:00:00+00:00,vibration_mm_s,2.56,mm/s,2026-S1,réelle,
EQ-FAN-204,2026-01-06 00:00:00+00:00,vibration_mm_s,2.66,mm/s,2026-S1,réelle,
EQ-FAN-284,2026-01-06 00:00:00+00:00,vibration_mm_s,2.07,mm/s,2026-S1,réelle,
EQ-FAN-304,2026-01-06 00:00:00+00:00,vibration_mm_s,2.13,mm/s,2026-S1,réelle,
EQ-MIX-159,2026-01-06 00:00:00+00:00,vibration_mm_s,2.3,mm/s,2026-S1,réelle,
EQ-MIX-259,2026-01-06 00:00:00+00:00,vibration_mm_s,2.67,mm/s,2026-S1,réelle,
EQ-MIX-379,2026-01-06 00:00:00+00:00,vibration_mm_s,2.84,mm/s,2026-S1,réelle,
EQ-OVEN-001,2026-01-06 00:00:00+00:00,temperature_c,56.9,°C,2026-S1,réelle,
EQ-OVEN-123,2026-01-06 00:00:00+00:00,temperature_c,55.78,°C,2026-S1,réelle,
EQ-OVEN-223,2026-01-06 00:00:00+00:00,temperature_c,58.03,°C,2026-S1,réelle,
EQ-OVEN-366,2026-01-06 00:00:00+00:00,temperature_c,50.72,°C,2026-S1,réelle,
EQ-OVEN-386,2026-01-06 00:00:00+00:00,temperature_c,53.58,°C,2026-S1,réelle,
EQ-PUMP-001,2026-01-06 00:00:00+00:00,temperature_c,59.14,°C,2026-S1,réelle,
EQ-PUMP-006,2026-01-06 00:00:00+00:00,temperature_c,51.67,°C,2026-S1,réelle,
EQ-PUMP-006,2026-01-06 00:00:00+00:00,vibration_mm_s,3.79,mm/s,2026-S1,réelle,
EQ-PUMP-171,2026-01-06 00:00:00+00:00,temperature_c,65.14,°C,2026-S1,réelle,
EQ-PUMP-171,2026-01-06 00:00:00+00:00,vibration_mm_s,2.93,mm/s,2026-S1,réelle,
EQ-PUMP-350,2026-01-06 00:00:00+00:00,temperature_c,61.24,°C,2026-S1,réelle,
EQ-PUMP-350,2026-01-06 00:00:00+00:00,vibration_mm_s,3.38,mm/s,2026-S1,réelle,
EQ-ROBOT-358,2026-01-06 00:00:00+00:00,vibration_mm_s,2.92,mm/s,2026-S1,réelle,
EQ-SENSOR-305,2026-01-06 00:00:00+00:00,temperature_c,56.69,°C,2026-S1,réelle,
EQ-STEAM-341,2026-01-06 00:00:00+00:00,temperature_c,50.63,°C,2026-S1,réelle,
EQ-STEAM-352,2026-01-06 00:00:00+00:00,temperature_c,62.18,°C,2026-S1,réelle,
EQ-PUMP-001,2026-01-06 02:00:00+00:00,vibration_mm_s,3.08,mm/s,2026-S1,réelle,
EQ-CAB-134,2026-01-06 06:00:00+00:00,temperature_c,54.2,°C,2026-S1,réelle,
EQ-CHILL-001,2026-01-06 06:00:00+00:00,temperature_c,59.95,°C,2026-S1,réelle,
EQ-CHILL-115,2026-01-06 06:00:00+00:00,temperature_c,64.62,°C,2026-S1,réelle,
EQ-CHILL-168,2026-01-06 06:00:00+00:00,temperature_c,61.98,°C,2026-S1,réelle,
EQ-CHILL-188,2026-01-06 06:00:00+00:00,temperature_c,56.68,°C,2026-S1,réelle,
EQ-CHILL-248,2026-01-06 06:00:00+00:00,temperature_c,48.52,°C,2026-S1,réelle,
EQ-COMP-002,2026-01-06 06:00:00+00:00,temperature_c,61.57,°C,2026-S1,réelle,
EQ-COMP-113,2026-01-06 06:00:00+00:00,temperature_c,66.34,°C,2026-S1,réelle,
EQ-COMP-233,2026-01-06 06:00:00+00:00,temperature_c,60.35,°C,2026-S1,réelle,
EQ-FAN-002,2026-01-06 06:00:00+00:00,vibration_mm_s,3.17,mm/s,2026-S1,réelle,
EQ-FAN-003,2026-01-06 06:00:00+00:00,vibration_mm_s,3.17,mm/s,2026-S1,réelle,
EQ-FAN-204,2026-01-06 06:00:00+00:00,vibration_mm_s,2.8,mm/s,2026-S1,réelle,
EQ-FAN-284,2026-01-06 06:00:00+00:00,vibration_mm_s,3.04,mm/s,2026-S1,réelle,
EQ-FAN-304,2026-01-06 06:00:00+00:00,vibration_mm_s,2.45,mm/s,2026-S1,réelle,
EQ-MIX-159,2026-01-06 06:00:00+00:00,vibration_mm_s,3.04,mm/s,2026-S1,réelle,
EQ-MIX-259,2026-01-06 06:00:00+00:00,vibration_mm_s,2.67,mm/s,2026-S1,réelle,
EQ-MIX-379,2026-01-06 06:00:00+00:00,vibration_mm_s,2.49,mm/s,2026-S1,réelle,
EQ-OVEN-001,2026-01-06 06:00:00+00:00,temperature_c,52.89,°C,2026-S1,réelle,
EQ-OVEN-123,2026-01-06 06:00:00+00:00,temperature_c,54.59,°C,2026-S1,réelle,
EQ-OVEN-223,2026-01-06 06:00:00+00:00,temperature_c,63.79,°C,2026-S1,réelle,
EQ-OVEN-366,2026-01-06 06:00:00+00:00,temperature_c,46.57,°C,2026-S1,réelle,
EQ-OVEN-386,2026-01-06 06:00:00+00:00,temperature_c,60.9,°C,2026-S1,réelle,
EQ-PUMP-001,2026-01-06 06:00:00+00:00,temperature_c,62.97,°C,2026-S1,réelle,
EQ-PUMP-006,2026-01-06 06:00:00+00:00,temperature_c,59.24,°C,2026-S1,réelle,
EQ-PUMP-006,2026-01-06 06:00:00+00:00,vibration_mm_s,3.17,mm/s,2026-S1,réelle,
EQ-PUMP-171,2026-01-06 06:00:00+00:00,temperature_c,63.22,°C,2026-S1,réelle,
EQ-PUMP-171,2026-01-06 06:00:00+00:00,vibration_mm_s,2.87,mm/s,2026-S1,réelle,
EQ-PUMP-350,2026-01-06 06:00:00+00:00,temperature_c,66.34,°C,2026-S1,réelle,
EQ-PUMP-350,2026-01-06 06:00:00+00:00,vibration_mm_s,3.32,mm/s,2026-S1,réelle,
EQ-ROBOT-358,2026-01-06 06:00:00+00:00,vibration_mm_s,2.94,mm/s,2026-S1,réelle,
EQ-SENSOR-305,2026-01-06 06:00:00+00:00,temperature_c,60.56,°C,2026-S1,réelle,
EQ-STEAM-341,2026-01-06 06:00:00+00:00,temperature_c,59.66,°C,2026-S1,réelle,
EQ-STEAM-352,2026-01-06 06:00:00+00:00,temperature_c,62.99,°C,2026-S1,réelle,
EQ-PUMP-001,2026-01-06 08:00:00+00:00,vibration_mm_s,3.3,mm/s,2026-S1,réelle,
EQ-CAB-134,2026-01-06 12:00:00+00:00,temperature_c,51.55,°C,2026-S1,réelle,
EQ-CHILL-001,2026-01-06 12:00:00+00:00,temperature_c,58.32,°C,2026-S1,réelle,
EQ-CHILL-115,2026-01-06 12:00:00+00:00,temperature_c,65.09,°C,2026-S1,réelle,
EQ-CHILL-168,2026-01-06 12:00:00+00:00,temperature_c,58.51,°C,2026-S1,réelle,
EQ-CHILL-188,2026-01-06 12:00:00+00:00,temperature_c,56.39,°C,2026-S1,réelle,
EQ-CHILL-248,2026-01-06 12:00:00+00:00,temperature_c,53.52,°C,2026-S1,réelle,
EQ-COMP-002,2026-01-06 12:00:00+00:00,temperature_c,56.95,°C,2026-S1,réelle,
EQ-COMP-113,2026-01-06 12:00:00+00:00,temperature_c,57.84,°C,2026-S1,réelle,
EQ-COMP-233,2026-01-06 12:00:00+00:00,temperature_c,55.28,°C,2026-S1,réelle,
EQ-FAN-002,2026-01-06 12:00:00+00:00,vibration_mm_s,2.72,mm/s,2026-S1,réelle,
EQ-FAN-003,2026-01-06 12:00:00+00:00,vibration_mm_s,3.23,mm/s,2026-S1,réelle,
EQ-FAN-204,2026-01-06 12:00:00+00:00,vibration_mm_s,3.24,mm/s,2026-S1,réelle,
EQ-FAN-284,2026-01-06 12:00:00+00:00,vibration_mm_s,2.62,mm/s,2026-S1,réelle,
EQ-FAN-304,2026-01-06 12:00:00+00:00,vibration_mm_s,2.86,mm/s,2026-S1,réelle,
EQ-MIX-159,2026-01-06 12:00:00+00:00,vibration_mm_s,2.94,mm/s,2026-S1,réelle,
EQ-MIX-259,2026-01-06 12:00:00+00:00,vibration_mm_s,2.79,mm/s,2026-S1,réelle,
EQ-MIX-379,2026-01-06 12:00:00+00:00,vibration_mm_s,2.62,mm/s,2026-S1,réelle,
EQ-OVEN-001,2026-01-06 12:00:00+00:00,temperature_c,47.0,°C,2026-S1,réelle,
EQ-OVEN-123,2026-01-06 12:00:00+00:00,temperature_c,60.41,°C,2026-S1,réelle,
EQ-OVEN-223,2026-01-06 12:00:00+00:00,temperature_c,65.01,°C,2026-S1,réelle,
EQ-OVEN-366,2026-01-06 12:00:00+00:00,temperature_c,53.86,°C,2026-S1,réelle,
EQ-OVEN-386,2026-01-06 12:00:00+00:00,temperature_c,68.83,°C,2026-S1,réelle,
EQ-PUMP-001,2026-01-06 12:00:00+00:00,temperature_c,56.74,°C,2026-S1,réelle,
EQ-PUMP-006,2026-01-06 12:00:00+00:00,temperature_c,57.71,°C,2026-S1,réelle,
EQ-PUMP-006,2026-01-06 12:00:00+00:00,vibration_mm_s,3.23,mm/s,2026-S1,réelle,
EQ-PUMP-171,2026-01-06 12:00:00+00:00,temperature_c,57.9,°C,2026-S1,réelle,
EQ-PUMP-171,2026-01-06 12:00:00+00:00,vibration_mm_s,2.77,mm/s,2026-S1,réelle,
EQ-PUMP-350,2026-01-06 12:00:00+00:00,temperature_c,62.1,°C,2026-S1,réelle,
EQ-PUMP-350,2026-01-06 12:00:00+00:00,vibration_mm_s,2.86,mm/s,2026-S1,réelle,
EQ-ROBOT-358,2026-01-06 12:00:00+00:00,vibration_mm_s,2.78,mm/s,2026-S1,réelle,
EQ-SENSOR-305,2026-01-06 12:00:00+00:00,temperature_c,57.45,°C,2026-S1,réelle,
EQ-STEAM-341,2026-01-06 12:00:00+00:00,temperature_c,56.8,°C,2026-S1,réelle,
EQ-STEAM-352,2026-01-06 12:00:00+00:00,temperature_c,56.31,°C,2026-S1,réelle,
EQ-PUMP-001,2026-01-06 14:00:00+00:00,vibration_mm_s,3.28,mm/s,2026-S1,réelle,
EQ-CAB-134,2026-01-06 18:00:00+00:00,temperature_c,58.63,°C,2026-S1,réelle,
EQ-CHILL-001,2026-01-06 18:00:00+00:00,temperature_c,54.89,°C,2026-S1,réelle,
EQ-CHILL-115,2026-01-06 18:00:00+00:00,temperature_c,54.66,°C,2026-S1,réelle,
EQ-CHILL-168,2026-01-06 18:00:00+00:00,temperature_c,58.38,°C,2026-S1,réelle,
EQ-CHILL-188,2026-01-06 18:00:00+00:00,temperature_c,61.84,°C,2026-S1,réelle,
EQ-CHILL-248,2026-01-06 18:00:00+00:00,temperature_c,56.84,°C,2026-S1,réelle,
EQ-COMP-002,2026-01-06 18:00:00+00:00,temperature_c,56.69,°C,2026-S1,réelle,
EQ-COMP-113,2026-01-06 18:00:00+00:00,temperature_c,61.23,°C,2026-S1,réelle,
EQ-COMP-233,2026-01-06 18:00:00+00:00,temperature_c,57.76,°C,2026-S1,réelle,
EQ-FAN-002,2026-01-06 18:00:00+00:00,vibration_mm_s,2.68,mm/s,2026-S1,réelle,
EQ-FAN-003,2026-01-06 18:00:00+00:00,vibration_mm_s,2.72,mm/s,2026-S1,réelle,
EQ-FAN-204,2026-01-06 18:00:00+00:00,vibration_mm_s,2.88,mm/s,2026-S1,réelle,
EQ-FAN-284,2026-01-06 18:00:00+00:00,vibration_mm_s,2.52,mm/s,2026-S1,réelle,
EQ-FAN-304,2026-01-06 18:00:00+00:00,vibration_mm_s,2.57,mm/s,2026-S1,réelle,
EQ-MIX-159,2026-01-06 18:00:00+00:00,vibration_mm_s,2.55,mm/s,2026-S1,réelle,
EQ-MIX-259,2026-01-06 18:00:00+00:00,vibration_mm_s,2.8,mm/s,2026-S1,réelle,
EQ-MIX-379,2026-01-06 18:00:00+00:00,vibration_mm_s,3.33,mm/s,2026-S1,réelle,
EQ-OVEN-001,2026-01-06 18:00:00+00:00,temperature_c,52.89,°C,2026-S1,réelle,
EQ-OVEN-123,2026-01-06 18:00:00+00:00,temperature_c,62.93,°C,2026-S1,réelle,
EQ-OVEN-223,2026-01-06 18:00:00+00:00,temperature_c,57.66,°C,2026-S1,réelle,
EQ-OVEN-366,2026-01-06 18:00:00+00:00,temperature_c,58.58,°C,2026-S1,réelle,
EQ-OVEN-386,2026-01-06 18:00:00+00:00,temperature_c,63.13,°C,2026-S1,réelle,
EQ-PUMP-001,2026-01-06 18:00:00+00:00,temperature_c,55.75,°C,2026-S1,réelle,
EQ-PUMP-006,2026-01-06 18:00:00+00:00,temperature_c,52.2,°C,2026-S1,réelle,
EQ-PUMP-006,2026-01-06 18:00:00+00:00,vibration_mm_s,3.69,mm/s,2026-S1,réelle,
EQ-PUMP-171,2026-01-06 18:00:00+00:00,temperature_c,60.23,°C,2026-S1,réelle,
EQ-PUMP-171,2026-01-06 18:00:00+00:00,vibration_mm_s,3.01,mm/s,2026-S1,réelle,
EQ-PUMP-350,2026-01-06 18:00:00+00:00,temperature_c,55.52,°C,2026-S1,réelle,
EQ-PUMP-350,2026-01-06 18:00:00+00:00,vibration_mm_s,3.25,mm/s,2026-S1,réelle,
EQ-ROBOT-358,2026-01-06 18:00:00+00:00,vibration_mm_s,2.74,mm/s,2026-S1,réelle,
EQ-SENSOR-305,2026-01-06 18:00:00+00:00,temperature_c,51.34,°C,2026-S1,réelle,
EQ-STEAM-341,2026-01-06 18:00:00+00:00,temperature_c,51.2,°C,2026-S1,réelle,
EQ-STEAM-352,2026-01-06 18:00:00+00:00,temperature_c,56.04,°C,2026-S1,réelle,
EQ-PUMP-001,2026-01-06 20:00:00+00:00,vibration_mm_s,2.53,mm/s,2026-S1,réelle,
EQ-CAB-134,2026-01-07 00:00:00+00:00,temperature_c,61.53,°C,2026-S1,réelle,
EQ-CHILL-001,2026-01-07 00:00:00+00:00,temperature_c,54.63,°C,2026-S1,réelle,
EQ-CHILL-115,2026-01-07 00:00:00+00:00,temperature_c,58.06,°C,2026-S1,réelle,
EQ-CHILL-168,2026-01-07 00:00:00+00:00,temperature_c,61.96,°C,2026-S1,réelle,
EQ-CHILL-188,2026-01-07 00:00:00+00:00,temperature_c,66.04,°C,2026-S1,réelle,
EQ-CHILL-248,2026-01-07 00:00:00+00:00,temperature_c,52.58,°C,2026-S1,réelle,
EQ-COMP-002,2026-01-07 00:00:00+00:00,temperature_c,63.22,°C,2026-S1,réelle,
EQ-COMP-113,2026-01-07 00:00:00+00:00,temperature_c,65.0,°C,2026-S1,réelle,
EQ-COMP-233,2026-01-07 00:00:00+00:00,temperature_c,65.31,°C,2026-S1,réelle,
EQ-FAN-002,2026-01-07 00:00:00+00:00,vibration_mm_s,2.98,mm/s,2026-S1,réelle,
EQ-FAN-003,2026-01-07 00:00:00+00:00,vibration_mm_s,2.75,mm/s,2026-S1,réelle,
EQ-FAN-204,2026-01-07 00:00:00+00:00,vibration_mm_s,2.51,mm/s,2026-S1,réelle,
EQ-FAN-284,2026-01-07 00:00:00+00:00,vibration_mm_s,2.2,mm/s,2026-S1,réelle,
EQ-FAN-304,2026-01-07 00:00:00+00:00,vibration_mm_s,2.41,mm/s,2026-S1,réelle,
EQ-MIX-159,2026-01-07 00:00:00+00:00,vibration_mm_s,2.35,mm/s,2026-S1,réelle,
EQ-MIX-259,2026-01-07 00:00:00+00:00,vibration_mm_s,2.64,mm/s,2026-S1,réelle,
EQ-MIX-379,2026-01-07 00:00:00+00:00,vibration_mm_s,2.92,mm/s,2026-S1,réelle,
EQ-OVEN-001,2026-01-07 00:00:00+00:00,temperature_c,55.43,°C,2026-S1,réelle,
EQ-OVEN-123,2026-01-07 00:00:00+00:00,temperature_c,57.13,°C,2026-S1,réelle,
EQ-OVEN-223,2026-01-07 00:00:00+00:00,temperature_c,59.17,°C,2026-S1,réelle,
EQ-OVEN-366,2026-01-07 00:00:00+00:00,temperature_c,51.76,°C,2026-S1,réelle,
EQ-OVEN-386,2026-01-07 00:00:00+00:00,temperature_c,59.48,°C,2026-S1,réelle,
EQ-PUMP-001,2026-01-07 00:00:00+00:00,temperature_c,61.26,°C,2026-S1,réelle,
EQ-PUMP-006,2026-01-07 00:00:00+00:00,temperature_c,50.68,°C,2026-S1,réelle,
EQ-PUMP-006,2026-01-07 00:00:00+00:00,vibration_mm_s,3.33,mm/s,2026-S1,réelle,
EQ-PUMP-171,2026-01-07 00:00:00+00:00,temperature_c,63.13,°C,2026-S1,réelle,
EQ-PUMP-171,2026-01-07 00:00:00+00:00,vibration_mm_s,2.79,mm/s,2026-S1,réelle,
EQ-PUMP-350,2026-01-07 00:00:00+00:00,temperature_c,62.69,°C,2026-S1,réelle,
EQ-PUMP-350,2026-01-07 00:00:00+00:00,vibration_mm_s,3.33,mm/s,2026-S1,réelle,
EQ-ROBOT-358,2026-01-07 00:00:00+00:00,vibration_mm_s,2.96,mm/s,2026-S1,réelle,
EQ-SENSOR-305,2026-01-07 00:00:00+00:00,temperature_c,58.48,°C,2026-S1,réelle,
EQ-STEAM-341,2026-01-07 00:00:00+00:00,temperature_c,53.05,°C,2026-S1,réelle,
EQ-STEAM-352,2026-01-07 00:00:00+00:00,temperature_c,59.95,°C,2026-S1,réelle,
EQ-PUMP-001,2026-01-07 02:00:00+00:00,vibration_mm_s,2.85,mm/s,2026-S1,réelle,
EQ-CAB-134,2026-01-07 06:00:00+00:00,temperature_c,55.98,°C,2026-S1,réelle,
EQ-CHILL-001,2026-01-07 06:00:00+00:00,temperature_c,58.26,°C,2026-S1,réelle,
EQ-CHILL-115,2026-01-07 06:00:00+00:00,temperature_c,63.88,°C,2026-S1,réelle,
EQ-CHILL-168,2026-01-07 06:00:00+00:00,temperature_c,60.09,°C,2026-S1,réelle,
EQ-CHILL-188,2026-01-07 06:00:00+00:00,temperature_c,59.49,°C,2026-S1,réelle,
EQ-CHILL-248,2026-01-07 06:00:00+00:00,temperature_c,49.13,°C,2026-S1,réelle,
EQ-COMP-002,2026-01-07 06:00:00+00:00,temperature_c,64.8,°C,2026-S1,réelle,
EQ-COMP-113,2026-01-07 06:00:00+00:00,temperature_c,63.55,°C,2026-S1,réelle,
EQ-COMP-233,2026-01-07 06:00:00+00:00,temperature_c,60.38,°C,2026-S1,réelle,
EQ-FAN-002,2026-01-07 06:00:00+00:00,vibration_mm_s,3.02,mm/s,2026-S1,réelle,
EQ-FAN-003,2026-01-07 06:00:00+00:00,vibration_mm_s,2.89,mm/s,2026-S1,réelle,
EQ-FAN-204,2026-01-07 06:00:00+00:00,vibration_mm_s,2.75,mm/s,2026-S1,réelle,
EQ-FAN-284,2026-01-07 06:00:00+00:00,vibration_mm_s,2.97,mm/s,2026-S1,réelle,
EQ-FAN-304,2026-01-07 06:00:00+00:00,vibration_mm_s,2.4,mm/s,2026-S1,réelle,
EQ-MIX-159,2026-01-07 06:00:00+00:00,vibration_mm_s,3.31,mm/s,2026-S1,réelle,
EQ-MIX-259,2026-01-07 06:00:00+00:00,vibration_mm_s,2.3,mm/s,2026-S1,réelle,
EQ-MIX-379,2026-01-07 06:00:00+00:00,vibration_mm_s,2.93,mm/s,2026-S1,réelle,
EQ-OVEN-001,2026-01-07 06:00:00+00:00,temperature_c,52.27,°C,2026-S1,réelle,
EQ-OVEN-123,2026-01-07 06:00:00+00:00,temperature_c,54.92,°C,2026-S1,réelle,
EQ-OVEN-223,2026-01-07 06:00:00+00:00,temperature_c,64.45,°C,2026-S1,réelle,
EQ-OVEN-366,2026-01-07 06:00:00+00:00,temperature_c,47.83,°C,2026-S1,réelle,
EQ-OVEN-386,2026-01-07 06:00:00+00:00,temperature_c,63.45,°C,2026-S1,réelle,
EQ-PUMP-001,2026-01-07 06:00:00+00:00,temperature_c,64.02,°C,2026-S1,réelle,
EQ-PUMP-006,2026-01-07 06:00:00+00:00,temperature_c,57.66,°C,2026-S1,réelle,
EQ-PUMP-006,2026-01-07 06:00:00+00:00,vibration_mm_s,2.72,mm/s,2026-S1,réelle,
EQ-PUMP-171,2026-01-07 06:00:00+00:00,temperature_c,64.74,°C,2026-S1,réelle,
EQ-PUMP-171,2026-01-07 06:00:00+00:00,vibration_mm_s,2.7,mm/s,2026-S1,réelle,
EQ-PUMP-350,2026-01-07 06:00:00+00:00,temperature_c,63.96,°C,2026-S1,réelle,
EQ-PUMP-350,2026-01-07 06:00:00+00:00,vibration_mm_s,3.06,mm/s,2026-S1,réelle,
EQ-ROBOT-358,2026-01-07 06:00:00+00:00,vibration_mm_s,3.19,mm/s,2026-S1,réelle,
EQ-SENSOR-305,2026-01-07 06:00:00+00:00,temperature_c,61.76,°C,2026-S1,réelle,
EQ-STEAM-341,2026-01-07 06:00:00+00:00,temperature_c,59.93,°C,2026-S1,réelle,
EQ-STEAM-352,2026-01-07 06:00:00+00:00,temperature_c,63.1,°C,2026-S1,réelle,
EQ-PUMP-001,2026-01-07 08:00:00+00:00,vibration_mm_s,2.74,mm/s,2026-S1,réelle,
EQ-CAB-134,2026-01-07 12:00:00+00:00,temperature_c,49.95,°C,2026-S1,réelle,
EQ-CHILL-001,2026-01-07 12:00:00+00:00,temperature_c,58.18,°C,2026-S1,réelle,
EQ-CHILL-115,2026-01-07 12:00:00+00:00,temperature_c,61.63,°C,2026-S1,réelle,
EQ-CHILL-168,2026-01-07 12:00:00+00:00,temperature_c,55.95,°C,2026-S1,réelle,
EQ-CHILL-188,2026-01-07 12:00:00+00:00,temperature_c,58.23,°C,2026-S1,réelle,
EQ-CHILL-248,2026-01-07 12:00:00+00:00,temperature_c,53.67,°C,2026-S1,réelle,
EQ-COMP-002,2026-01-07 12:00:00+00:00,temperature_c,57.38,°C,2026-S1,réelle,
EQ-COMP-113,2026-01-07 12:00:00+00:00,temperature_c,57.6,°C,2026-S1,réelle,
EQ-COMP-233,2026-01-07 12:00:00+00:00,temperature_c,54.76,°C,2026-S1,réelle,
EQ-FAN-002,2026-01-07 12:00:00+00:00,vibration_mm_s,2.72,mm/s,2026-S1,réelle,
EQ-FAN-003,2026-01-07 12:00:00+00:00,vibration_mm_s,2.95,mm/s,2026-S1,réelle,
EQ-FAN-204,2026-01-07 12:00:00+00:00,vibration_mm_s,3.38,mm/s,2026-S1,réelle,
EQ-FAN-284,2026-01-07 12:00:00+00:00,vibration_mm_s,2.81,mm/s,2026-S1,réelle,
EQ-FAN-304,2026-01-07 12:00:00+00:00,vibration_mm_s,3.18,mm/s,2026-S1,réelle,
EQ-MIX-159,2026-01-07 12:00:00+00:00,vibration_mm_s,2.69,mm/s,2026-S1,réelle,
EQ-MIX-259,2026-01-07 12:00:00+00:00,vibration_mm_s,2.77,mm/s,2026-S1,réelle,
EQ-MIX-379,2026-01-07 12:00:00+00:00,vibration_mm_s,2.78,mm/s,2026-S1,réelle,
EQ-OVEN-001,2026-01-07 12:00:00+00:00,temperature_c,46.63,°C,2026-S1,réelle,
EQ-OVEN-123,2026-01-07 12:00:00+00:00,temperature_c,60.68,°C,2026-S1,réelle,
EQ-OVEN-223,2026-01-07 12:00:00+00:00,temperature_c,66.65,°C,2026-S1,réelle,
EQ-OVEN-366,2026-01-07 12:00:00+00:00,temperature_c,51.94,°C,2026-S1,réelle,
EQ-OVEN-386,2026-01-07 12:00:00+00:00,temperature_c,65.46,°C,2026-S1,réelle,
EQ-PUMP-001,2026-01-07 12:00:00+00:00,temperature_c,57.65,°C,2026-S1,réelle,
EQ-PUMP-006,2026-01-07 12:00:00+00:00,temperature_c,59.44,°C,2026-S1,réelle,
EQ-PUMP-006,2026-01-07 12:00:00+00:00,vibration_mm_s,3.33,mm/s,2026-S1,réelle,
EQ-PUMP-171,2026-01-07 12:00:00+00:00,temperature_c,56.9,°C,2026-S1,réelle,
EQ-PUMP-171,2026-01-07 12:00:00+00:00,vibration_mm_s,3.24,mm/s,2026-S1,réelle,
EQ-PUMP-350,2026-01-07 12:00:00+00:00,temperature_c,63.24,°C,2026-S1,réelle,
EQ-PUMP-350,2026-01-07 12:00:00+00:00,vibration_mm_s,3.01,mm/s,2026-S1,réelle,
EQ-ROBOT-358,2026-01-07 12:00:00+00:00,vibration_mm_s,2.35,mm/s,2026-S1,réelle,
EQ-SENSOR-305,2026-01-07 12:00:00+00:00,temperature_c,55.02,°C,2026-S1,réelle,
EQ-STEAM-341,2026-01-07 12:00:00+00:00,temperature_c,56.52,°C,2026-S1,réelle,
EQ-STEAM-352,2026-01-07 12:00:00+00:00,temperature_c,58.13,°C,2026-S1,réelle,
EQ-PUMP-001,2026-01-07 14:00:00+00:00,vibration_mm_s,2.72,mm/s,2026-S1,réelle,
EQ-CAB-134,2026-01-07 18:00:00+00:00,temperature_c,56.49,°C,2026-S1,réelle,
EQ-CHILL-001,2026-01-07 18:00:00+00:00,temperature_c,54.9,°C,2026-S1,réelle,
EQ-CHILL-115,2026-01-07 18:00:00+00:00,temperature_c,58.7,°C,2026-S1,réelle,
EQ-CHILL-168,2026-01-07 18:00:00+00:00,temperature_c,57.51,°C,2026-S1,réelle,
EQ-CHILL-188,2026-01-07 18:00:00+00:00,temperature_c,62.28,°C,2026-S1,réelle,
EQ-CHILL-248,2026-01-07 18:00:00+00:00,temperature_c,57.87,°C,2026-S1,réelle,
EQ-COMP-002,2026-01-07 18:00:00+00:00,temperature_c,57.15,°C,2026-S1,réelle,
EQ-COMP-113,2026-01-07 18:00:00+00:00,temperature_c,59.69,°C,2026-S1,réelle,
EQ-COMP-233,2026-01-07 18:00:00+00:00,temperature_c,60.72,°C,2026-S1,réelle,
EQ-FAN-002,2026-01-07 18:00:00+00:00,vibration_mm_s,2.77,mm/s,2026-S1,réelle,
EQ-FAN-003,2026-01-07 18:00:00+00:00,vibration_mm_s,3.25,mm/s,2026-S1,réelle,
EQ-FAN-204,2026-01-07 18:00:00+00:00,vibration_mm_s,3.08,mm/s,2026-S1,réelle,
EQ-FAN-284,2026-01-07 18:00:00+00:00,vibration_mm_s,2.43,mm/s,2026-S1,réelle,
EQ-FAN-304,2026-01-07 18:00:00+00:00,vibration_mm_s,2.83,mm/s,2026-S1,réelle,
EQ-MIX-159,2026-01-07 18:00:00+00:00,vibration_mm_s,2.48,mm/s,2026-S1,réelle,
EQ-MIX-259,2026-01-07 18:00:00+00:00,vibration_mm_s,2.79,mm/s,2026-S1,réelle,
EQ-MIX-379,2026-01-07 18:00:00+00:00,vibration_mm_s,3.1,mm/s,2026-S1,réelle,
EQ-OVEN-001,2026-01-07 18:00:00+00:00,temperature_c,51.28,°C,2026-S1,réelle,
EQ-OVEN-123,2026-01-07 18:00:00+00:00,temperature_c,58.78,°C,2026-S1,réelle,
EQ-OVEN-223,2026-01-07 18:00:00+00:00,temperature_c,58.97,°C,2026-S1,réelle,
EQ-OVEN-366,2026-01-07 18:00:00+00:00,temperature_c,57.09,°C,2026-S1,réelle,
EQ-OVEN-386,2026-01-07 18:00:00+00:00,temperature_c,62.48,°C,2026-S1,réelle,
EQ-PUMP-001,2026-01-07 18:00:00+00:00,temperature_c,54.99,°C,2026-S1,réelle,
EQ-PUMP-006,2026-01-07 18:00:00+00:00,temperature_c,50.07,°C,2026-S1,réelle,
EQ-PUMP-006,2026-01-07 18:00:00+00:00,vibration_mm_s,3.25,mm/s,2026-S1,réelle,
EQ-PUMP-171,2026-01-07 18:00:00+00:00,temperature_c,58.78,°C,2026-S1,réelle,
EQ-PUMP-171,2026-01-07 18:00:00+00:00,vibration_mm_s,3.34,mm/s,2026-S1,réelle,
EQ-PUMP-350,2026-01-07 18:00:00+00:00,temperature_c,57.01,°C,2026-S1,réelle,
EQ-PUMP-350,2026-01-07 18:00:00+00:00,vibration_mm_s,2.92,mm/s,2026-S1,réelle,
EQ-ROBOT-358,2026-01-07 18:00:00+00:00,vibration_mm_s,2.64,mm/s,2026-S1,réelle,
EQ-SENSOR-305,2026-01-07 18:00:00+00:00,temperature_c,52.72,°C,2026-S1,réelle,
EQ-STEAM-341,2026-01-07 18:00:00+00:00,temperature_c,54.07,°C,2026-S1,réelle,
EQ-STEAM-352,2026-01-07 18:00:00+00:00,temperature_c,56.34,°C,2026-S1,réelle,
EQ-PUMP-001,2026-01-07 20:00:00+00:00,vibration_mm_s,2.76,mm/s,2026-S1,réelle,
EQ-CAB-134,2026-01-08 00:00:00+00:00,temperature_c,60.11,°C,2026-S1,réelle,
EQ-CHILL-001,2026-01-08 00:00:00+00:00,temperature_c,52.78,°C,2026-S1,réelle,
EQ-CHILL-115,2026-01-08 00:00:00+00:00,temperature_c,58.11,°C,2026-S1,réelle,
EQ-CHILL-168,2026-01-08 00:00:00+00:00,temperature_c,64.12,°C,2026-S1,réelle,
EQ-CHILL-188,2026-01-08 00:00:00+00:00,temperature_c,63.07,°C,2026-S1,réelle,
EQ-CHILL-248,2026-01-08 00:00:00+00:00,temperature_c,51.85,°C,2026-S1,réelle,
EQ-COMP-002,2026-01-08 00:00:00+00:00,temperature_c,64.15,°C,2026-S1,réelle,
EQ-COMP-113,2026-01-08 00:00:00+00:00,temperature_c,69.13,°C,2026-S1,réelle,
EQ-COMP-233,2026-01-08 00:00:00+00:00,temperature_c,65.0,°C,2026-S1,réelle,
EQ-FAN-002,2026-01-08 00:00:00+00:00,vibration_mm_s,3.03,mm/s,2026-S1,réelle,
EQ-FAN-003,2026-01-08 00:00:00+00:00,vibration_mm_s,2.52,mm/s,2026-S1,réelle,
EQ-FAN-204,2026-01-08 00:00:00+00:00,vibration_mm_s,2.39,mm/s,2026-S1,réelle,
EQ-FAN-284,2026-01-08 00:00:00+00:00,vibration_mm_s,2.23,mm/s,2026-S1,réelle,
EQ-FAN-304,2026-01-08 00:00:00+00:00,vibration_mm_s,2.37,mm/s,2026-S1,réelle,
EQ-MIX-159,2026-01-08 00:00:00+00:00,vibration_mm_s,2.18,mm/s,2026-S1,réelle,
EQ-MIX-259,2026-01-08 00:00:00+00:00,vibration_mm_s,2.65,mm/s,2026-S1,réelle,
EQ-MIX-379,2026-01-08 00:00:00+00:00,vibration_mm_s,2.73,mm/s,2026-S1,réelle,
EQ-OVEN-001,2026-01-08 00:00:00+00:00,temperature_c,55.56,°C,2026-S1,réelle,
EQ-OVEN-123,2026-01-08 00:00:00+00:00,temperature_c,56.42,°C,2026-S1,réelle,
EQ-OVEN-223,2026-01-08 00:00:00+00:00,temperature_c,56.74,°C,2026-S1,réelle,
EQ-OVEN-366,2026-01-08 00:00:00+00:00,temperature_c,53.08,°C,2026-S1,réelle,
EQ-OVEN-386,2026-01-08 00:00:00+00:00,temperature_c,56.32,°C,2026-S1,réelle,
EQ-PUMP-001,2026-01-08 00:00:00+00:00,temperature_c,58.51,°C,2026-S1,réelle,
EQ-PUMP-006,2026-01-08 00:00:00+00:00,temperature_c,51.48,°C,2026-S1,réelle,
EQ-PUMP-006,2026-01-08 00:00:00+00:00,vibration_mm_s,3.55,mm/s,2026-S1,réelle,
EQ-PUMP-171,2026-01-08 00:00:00+00:00,temperature_c,64.64,°C,2026-S1,réelle,
EQ-PUMP-171,2026-01-08 00:00:00+00:00,vibration_mm_s,3.23,mm/s,2026-S1,réelle,
EQ-PUMP-350,2026-01-08 00:00:00+00:00,temperature_c,61.47,°C,2026-S1,réelle,
EQ-PUMP-350,2026-01-08 00:00:00+00:00,vibration_mm_s,3.51,mm/s,2026-S1,réelle,
EQ-ROBOT-358,2026-01-08 00:00:00+00:00,vibration_mm_s,2.84,mm/s,2026-S1,réelle,
EQ-SENSOR-305,2026-01-08 00:00:00+00:00,temperature_c,57.76,°C,2026-S1,réelle,
EQ-STEAM-341,2026-01-08 00:00:00+00:00,temperature_c,53.33,°C,2026-S1,réelle,
EQ-STEAM-352,2026-01-08 00:00:00+00:00,temperature_c,62.55,°C,2026-S1,réelle,
EQ-PUMP-001,2026-01-08 02:00:00+00:00,vibration_mm_s,2.52,mm/s,2026-S1,réelle,
EQ-CAB-134,2026-01-08 06:00:00+00:00,temperature_c,54.66,°C,2026-S1,réelle,
EQ-CHILL-001,2026-01-08 06:00:00+00:00,temperature_c,59.03,°C,2026-S1,réelle,
EQ-CHILL-115,2026-01-08 06:00:00+00:00,temperature_c,63.27,°C,2026-S1,réelle,
EQ-CHILL-168,2026-01-08 06:00:00+00:00,temperature_c,58.74,°C,2026-S1,réelle,
EQ-CHILL-188,2026-01-08 06:00:00+00:00,temperature_c,57.33,°C,2026-S1,réelle,
EQ-CHILL-248,2026-01-08 06:00:00+00:00,temperature_c,46.93,°C,2026-S1,réelle,
EQ-COMP-002,2026-01-08 06:00:00+00:00,temperature_c,61.46,°C,2026-S1,réelle,
EQ-COMP-113,2026-01-08 06:00:00+00:00,temperature_c,64.84,°C,2026-S1,réelle,
EQ-COMP-233,2026-01-08 06:00:00+00:00,temperature_c,60.1,°C,2026-S1,réelle,
EQ-FAN-002,2026-01-08 06:00:00+00:00,vibration_mm_s,3.5,mm/s,2026-S1,réelle,
EQ-FAN-003,2026-01-08 06:00:00+00:00,vibration_mm_s,2.74,mm/s,2026-S1,réelle,
EQ-FAN-204,2026-01-08 06:00:00+00:00,vibration_mm_s,2.77,mm/s,2026-S1,réelle,
EQ-FAN-284,2026-01-08 06:00:00+00:00,vibration_mm_s,2.91,mm/s,2026-S1,réelle,
EQ-FAN-304,2026-01-08 06:00:00+00:00,vibration_mm_s,2.72,mm/s,2026-S1,réelle,
EQ-MIX-159,2026-01-08 06:00:00+00:00,vibration_mm_s,3.31,mm/s,2026-S1,réelle,
EQ-MIX-259,2026-01-08 06:00:00+00:00,vibration_mm_s,2.52,mm/s,2026-S1,réelle,
EQ-MIX-379,2026-01-08 06:00:00+00:00,vibration_mm_s,2.56,mm/s,2026-S1,réelle,
EQ-OVEN-001,2026-01-08 06:00:00+00:00,temperature_c,50.48,°C,2026-S1,réelle,
EQ-OVEN-123,2026-01-08 06:00:00+00:00,temperature_c,52.03,°C,2026-S1,réelle,
EQ-OVEN-223,2026-01-08 06:00:00+00:00,temperature_c,63.23,°C,2026-S1,réelle,
EQ-OVEN-366,2026-01-08 06:00:00+00:00,temperature_c,45.6,°C,2026-S1,réelle,
EQ-OVEN-386,2026-01-08 06:00:00+00:00,temperature_c,62.83,°C,2026-S1,réelle,
EQ-PUMP-001,2026-01-08 06:00:00+00:00,temperature_c,62.1,°C,2026-S1,réelle,
EQ-PUMP-006,2026-01-08 06:00:00+00:00,temperature_c,59.54,°C,2026-S1,réelle,
EQ-PUMP-006,2026-01-08 06:00:00+00:00,vibration_mm_s,2.8,mm/s,2026-S1,réelle,
EQ-PUMP-171,2026-01-08 06:00:00+00:00,temperature_c,66.6,°C,2026-S1,réelle,
EQ-PUMP-171,2026-01-08 06:00:00+00:00,vibration_mm_s,2.6,mm/s,2026-S1,réelle,
EQ-PUMP-350,2026-01-08 06:00:00+00:00,temperature_c,66.22,°C,2026-S1,réelle,
EQ-PUMP-350,2026-01-08 06:00:00+00:00,vibration_mm_s,2.65,mm/s,2026-S1,réelle,
EQ-ROBOT-358,2026-01-08 06:00:00+00:00,vibration_mm_s,3.47,mm/s,2026-S1,réelle,
EQ-SENSOR-305,2026-01-08 06:00:00+00:00,temperature_c,60.64,°C,2026-S1,réelle,
EQ-STEAM-341,2026-01-08 06:00:00+00:00,temperature_c,58.33,°C,2026-S1,réelle,
EQ-STEAM-352,2026-01-08 06:00:00+00:00,temperature_c,63.1,°C,2026-S1,réelle,
EQ-PUMP-001,2026-01-08 08:00:00+00:00,vibration_mm_s,3.47,mm/s,2026-S1,réelle,
EQ-CAB-134,2026-01-08 12:00:00+00:00,temperature_c,51.95,°C,2026-S1,réelle,
EQ-CHILL-001,2026-01-08 12:00:00+00:00,temperature_c,56.25,°C,2026-S1,réelle,
EQ-CHILL-115,2026-01-08 12:00:00+00:00,temperature_c,64.15,°C,2026-S1,réelle,
EQ-CHILL-168,2026-01-08 12:00:00+00:00,temperature_c,56.43,°C,2026-S1,réelle,
EQ-CHILL-188,2026-01-08 12:00:00+00:00,temperature_c,55.15,°C,2026-S1,réelle,
EQ-CHILL-248,2026-01-08 12:00:00+00:00,temperature_c,51.13,°C,2026-S1,réelle,
EQ-COMP-002,2026-01-08 12:00:00+00:00,temperature_c,55.25,°C,2026-S1,réelle,
EQ-COMP-113,2026-01-08 12:00:00+00:00,temperature_c,57.26,°C,2026-S1,réelle,
EQ-COMP-233,2026-01-08 12:00:00+00:00,temperature_c,54.43,°C,2026-S1,réelle,
EQ-FAN-002,2026-01-08 12:00:00+00:00,vibration_mm_s,2.96,mm/s,2026-S1,réelle,
EQ-FAN-003,2026-01-08 12:00:00+00:00,vibration_mm_s,3.54,mm/s,2026-S1,réelle,
EQ-FAN-204,2026-01-08 12:00:00+00:00,vibration_mm_s,3.13,mm/s,2026-S1,réelle,
EQ-FAN-284,2026-01-08 12:00:00+00:00,vibration_mm_s,2.83,mm/s,2026-S1,réelle,
EQ-FAN-304,2026-01-08 12:00:00+00:00,vibration_mm_s,2.79,mm/s,2026-S1,réelle,
EQ-MIX-159,2026-01-08 12:00:00+00:00,vibration_mm_s,2.89,mm/s,2026-S1,réelle,
EQ-MIX-259,2026-01-08 12:00:00+00:00,vibration_mm_s,3.26,mm/s,2026-S1,réelle,
EQ-MIX-379,2026-01-08 12:00:00+00:00,vibration_mm_s,2.74,mm/s,2026-S1,réelle,
EQ-OVEN-001,2026-01-08 12:00:00+00:00,temperature_c,47.02,°C,2026-S1,réelle,
EQ-OVEN-123,2026-01-08 12:00:00+00:00,temperature_c,58.3,°C,2026-S1,réelle,
EQ-OVEN-223,2026-01-08 12:00:00+00:00,temperature_c,69.85,°C,2026-S1,réelle,
EQ-OVEN-366,2026-01-08 12:00:00+00:00,temperature_c,49.66,°C,2026-S1,réelle,
EQ-OVEN-386,2026-01-08 12:00:00+00:00,temperature_c,69.5,°C,2026-S1,réelle,
EQ-PUMP-001,2026-01-08 12:00:00+00:00,temperature_c,57.28,°C,2026-S1,réelle,
EQ-PUMP-006,2026-01-08 12:00:00+00:00,temperature_c,58.86,°C,2026-S1,réelle,
EQ-PUMP-006,2026-01-08 12:00:00+00:00,vibration_mm_s,3.33,mm/s,2026-S1,réelle,
EQ-PUMP-171,2026-01-08 12:00:00+00:00,temperature_c,57.54,°C,2026-S1,réelle,
EQ-PUMP-171,2026-01-08 12:00:00+00:00,vibration_mm_s,2.88,mm/s,2026-S1,réelle,
EQ-PUMP-350,2026-01-08 12:00:00+00:00,temperature_c,61.61,°C,2026-S1,réelle,
EQ-PUMP-350,2026-01-08 12:00:00+00:00,vibration_mm_s,2.6,mm/s,2026-S1,réelle,
EQ-ROBOT-358,2026-01-08 12:00:00+00:00,vibration_mm_s,3.07,mm/s,2026-S1,réelle,
EQ-SENSOR-305,2026-01-08 12:00:00+00:00,temperature_c,56.29,°C,2026-S1,réelle,
EQ-STEAM-341,2026-01-08 12:00:00+00:00,temperature_c,59.35,°C,2026-S1,réelle,
EQ-STEAM-352,2026-01-08 12:00:00+00:00,temperature_c,56.9,°C,2026-S1,réelle,
EQ-PUMP-001,2026-01-08 14:00:00+00:00,vibration_mm_s,3.09,mm/s,2026-S1,réelle,
EQ-CAB-134,2026-01-08 18:00:00+00:00,temperature_c,57.6,°C,2026-S1,réelle,
EQ-CHILL-001,2026-01-08 18:00:00+00:00,temperature_c,53.67,°C,2026-S1,réelle,
EQ-CHILL-115,2026-01-08 18:00:00+00:00,temperature_c,58.12,°C,2026-S1,réelle,
EQ-CHILL-168,2026-01-08 18:00:00+00:00,temperature_c,59.16,°C,2026-S1,réelle,
EQ-CHILL-188,2026-01-08 18:00:00+00:00,temperature_c,59.82,°C,2026-S1,réelle,
EQ-CHILL-248,2026-01-08 18:00:00+00:00,temperature_c,59.03,°C,2026-S1,réelle,
EQ-COMP-002,2026-01-08 18:00:00+00:00,temperature_c,56.73,°C,2026-S1,réelle,
EQ-COMP-113,2026-01-08 18:00:00+00:00,temperature_c,59.33,°C,2026-S1,réelle,
EQ-COMP-233,2026-01-08 18:00:00+00:00,temperature_c,61.64,°C,2026-S1,réelle,
EQ-FAN-002,2026-01-08 18:00:00+00:00,vibration_mm_s,2.4,mm/s,2026-S1,réelle,
EQ-FAN-003,2026-01-08 18:00:00+00:00,vibration_mm_s,2.9,mm/s,2026-S1,réelle,
EQ-FAN-204,2026-01-08 18:00:00+00:00,vibration_mm_s,2.88,mm/s,2026-S1,réelle,
EQ-FAN-284,2026-01-08 18:00:00+00:00,vibration_mm_s,2.73,mm/s,2026-S1,réelle,
EQ-FAN-304,2026-01-08 18:00:00+00:00,vibration_mm_s,2.89,mm/s,2026-S1,réelle,
EQ-MIX-159,2026-01-08 18:00:00+00:00,vibration_mm_s,2.5,mm/s,2026-S1,réelle,
EQ-MIX-259,2026-01-08 18:00:00+00:00,vibration_mm_s,2.62,mm/s,2026-S1,réelle,
EQ-MIX-379,2026-01-08 18:00:00+00:00,vibration_mm_s,3.05,mm/s,2026-S1,réelle,
EQ-OVEN-001,2026-01-08 18:00:00+00:00,temperature_c,51.01,°C,2026-S1,réelle,
EQ-OVEN-123,2026-01-08 18:00:00+00:00,temperature_c,61.95,°C,2026-S1,réelle,
EQ-OVEN-223,2026-01-08 18:00:00+00:00,temperature_c,59.27,°C,2026-S1,réelle,
EQ-OVEN-366,2026-01-08 18:00:00+00:00,temperature_c,55.68,°C,2026-S1,réelle,
EQ-OVEN-386,2026-01-08 18:00:00+00:00,temperature_c,62.05,°C,2026-S1,réelle,
EQ-PUMP-001,2026-01-08 18:00:00+00:00,temperature_c,51.95,°C,2026-S1,réelle,
EQ-PUMP-006,2026-01-08 18:00:00+00:00,temperature_c,51.72,°C,2026-S1,réelle,
EQ-PUMP-006,2026-01-08 18:00:00+00:00,vibration_mm_s,3.83,mm/s,2026-S1,réelle,
EQ-PUMP-171,2026-01-08 18:00:00+00:00,temperature_c,60.05,°C,2026-S1,réelle,
EQ-PUMP-171,2026-01-08 18:00:00+00:00,vibration_mm_s,3.1,mm/s,2026-S1,réelle,
EQ-PUMP-350,2026-01-08 18:00:00+00:00,temperature_c,58.76,°C,2026-S1,réelle,
EQ-PUMP-350,2026-01-08 18:00:00+00:00,vibration_mm_s,3.1,mm/s,2026-S1,réelle,
EQ-ROBOT-358,2026-01-08 18:00:00+00:00,vibration_mm_s,2.49,mm/s,2026-S1,réelle,
EQ-SENSOR-305,2026-01-08 18:00:00+00:00,temperature_c,48.1,°C,2026-S1,réelle,
EQ-STEAM-341,2026-01-08 18:00:00+00:00,temperature_c,53.08,°C,2026-S1,réelle,
EQ-STEAM-352,2026-01-08 18:00:00+00:00,temperature_c,57.85,°C,2026-S1,réelle,
EQ-PUMP-001,2026-01-08 20:00:00+00:00,vibration_mm_s,1.92,mm/s,2026-S1,réelle,
EQ-CAB-134,2026-01-09 00:00:00+00:00,temperature_c,60.59,°C,2026-S1,réelle,
EQ-CHILL-001,2026-01-09 00:00:00+00:00,temperature_c,52.57,°C,2026-S1,réelle,
EQ-CHILL-115,2026-01-09 00:00:00+00:00,temperature_c,58.2,°C,2026-S1,réelle,
EQ-CHILL-168,2026-01-09 00:00:00+00:00,temperature_c,63.22,°C,2026-S1,réelle,
EQ-CHILL-188,2026-01-09 00:00:00+00:00,temperature_c,62.78,°C,2026-S1,réelle,
EQ-CHILL-248,2026-01-09 00:00:00+00:00,temperature_c,52.07,°C,2026-S1,réelle,
EQ-COMP-002,2026-01-09 00:00:00+00:00,temperature_c,61.61,°C,2026-S1,réelle,
EQ-COMP-113,2026-01-09 00:00:00+00:00,temperature_c,68.07,°C,2026-S1,réelle,
EQ-COMP-233,2026-01-09 00:00:00+00:00,temperature_c,64.11,°C,2026-S1,réelle,
EQ-FAN-002,2026-01-09 00:00:00+00:00,vibration_mm_s,3.24,mm/s,2026-S1,réelle,
EQ-FAN-003,2026-01-09 00:00:00+00:00,vibration_mm_s,2.91,mm/s,2026-S1,réelle,
EQ-FAN-204,2026-01-09 00:00:00+00:00,vibration_mm_s,2.41,mm/s,2026-S1,réelle,
EQ-FAN-284,2026-01-09 00:00:00+00:00,vibration_mm_s,2.46,mm/s,2026-S1,réelle,
EQ-FAN-304,2026-01-09 00:00:00+00:00,vibration_mm_s,2.69,mm/s,2026-S1,réelle,
EQ-MIX-159,2026-01-09 00:00:00+00:00,vibration_mm_s,2.64,mm/s,2026-S1,réelle,
EQ-MIX-259,2026-01-09 00:00:00+00:00,vibration_mm_s,2.44,mm/s,2026-S1,réelle,
EQ-MIX-379,2026-01-09 00:00:00+00:00,vibration_mm_s,2.99,mm/s,2026-S1,réelle,
EQ-OVEN-001,2026-01-09 00:00:00+00:00,temperature_c,55.23,°C,2026-S1,réelle,
EQ-OVEN-123,2026-01-09 00:00:00+00:00,temperature_c,58.15,°C,2026-S1,réelle,
EQ-OVEN-223,2026-01-09 00:00:00+00:00,temperature_c,59.62,°C,2026-S1,réelle,
EQ-OVEN-366,2026-01-09 00:00:00+00:00,temperature_c,50.43,°C,2026-S1,réelle,
EQ-OVEN-386,2026-01-09 00:00:00+00:00,temperature_c,58.1,°C,2026-S1,réelle,
EQ-PUMP-001,2026-01-09 00:00:00+00:00,temperature_c,59.65,°C,2026-S1,réelle,
EQ-PUMP-006,2026-01-09 00:00:00+00:00,temperature_c,52.46,°C,2026-S1,réelle,
EQ-PUMP-006,2026-01-09 00:00:00+00:00,vibration_mm_s,3.74,mm/s,2026-S1,réelle,
EQ-PUMP-171,2026-01-09 00:00:00+00:00,temperature_c,63.25,°C,2026-S1,réelle,
EQ-PUMP-171,2026-01-09 00:00:00+00:00,vibration_mm_s,2.93,mm/s,2026-S1,réelle,
EQ-PUMP-350,2026-01-09 00:00:00+00:00,temperature_c,58.98,°C,2026-S1,réelle,
EQ-PUMP-350,2026-01-09 00:00:00+00:00,vibration_mm_s,3.54,mm/s,2026-S1,réelle,
EQ-ROBOT-358,2026-01-09 00:00:00+00:00,vibration_mm_s,3.0,mm/s,2026-S1,réelle,
EQ-SENSOR-305,2026-01-09 00:00:00+00:00,temperature_c,55.65,°C,2026-S1,réelle,
EQ-STEAM-341,2026-01-09 00:00:00+00:00,temperature_c,54.29,°C,2026-S1,réelle,
EQ-STEAM-352,2026-01-09 00:00:00+00:00,temperature_c,65.69,°C,2026-S1,réelle,
EQ-PUMP-001,2026-01-09 02:00:00+00:00,vibration_mm_s,3.17,mm/s,2026-S1,réelle,
EQ-CAB-134,2026-01-09 06:00:00+00:00,temperature_c,54.38,°C,2026-S1,réelle,
EQ-CHILL-001,2026-01-09 06:00:00+00:00,temperature_c,59.07,°C,2026-S1,réelle,
EQ-CHILL-115,2026-01-09 06:00:00+00:00,temperature_c,63.0,°C,2026-S1,réelle,
EQ-CHILL-168,2026-01-09 06:00:00+00:00,temperature_c,60.99,°C,2026-S1,réelle,
EQ-CHILL-188,2026-01-09 06:00:00+00:00,temperature_c,57.99,°C,2026-S1,réelle,
EQ-CHILL-248,2026-01-09 06:00:00+00:00,temperature_c,49.65,°C,2026-S1,réelle,
EQ-COMP-002,2026-01-09 06:00:00+00:00,temperature_c,60.74,°C,2026-S1,réelle,
EQ-COMP-113,2026-01-09 06:00:00+00:00,temperature_c,65.34,°C,2026-S1,réelle,
EQ-COMP-233,2026-01-09 06:00:00+00:00,temperature_c,60.92,°C,2026-S1,réelle,
EQ-FAN-002,2026-01-09 06:00:00+00:00,vibration_mm_s,3.21,mm/s,2026-S1,réelle,
EQ-FAN-003,2026-01-09 06:00:00+00:00,vibration_mm_s,2.64,mm/s,2026-S1,réelle,
EQ-FAN-204,2026-01-09 06:00:00+00:00,vibration_mm_s,2.88,mm/s,2026-S1,réelle,
EQ-FAN-284,2026-01-09 06:00:00+00:00,vibration_mm_s,3.38,mm/s,2026-S1,réelle,
EQ-FAN-304,2026-01-09 06:00:00+00:00,vibration_mm_s,2.43,mm/s,2026-S1,réelle,
EQ-MIX-159,2026-01-09 06:00:00+00:00,vibration_mm_s,2.77,mm/s,2026-S1,réelle,
EQ-MIX-259,2026-01-09 06:00:00+00:00,vibration_mm_s,2.35,mm/s,2026-S1,réelle,
EQ-MIX-379,2026-01-09 06:00:00+00:00,vibration_mm_s,2.82,mm/s,2026-S1,réelle,
EQ-OVEN-001,2026-01-09 06:00:00+00:00,temperature_c,52.08,°C,2026-S1,réelle,
EQ-OVEN-123,2026-01-09 06:00:00+00:00,temperature_c,55.02,°C,2026-S1,réelle,
EQ-OVEN-223,2026-01-09 06:00:00+00:00,temperature_c,64.22,°C,2026-S1,réelle,
EQ-OVEN-366,2026-01-09 06:00:00+00:00,temperature_c,46.59,°C,2026-S1,réelle,
EQ-OVEN-386,2026-01-09 06:00:00+00:00,temperature_c,61.86,°C,2026-S1,réelle,
EQ-PUMP-001,2026-01-09 06:00:00+00:00,temperature_c,64.9,°C,2026-S1,réelle,
EQ-PUMP-006,2026-01-09 06:00:00+00:00,temperature_c,57.82,°C,2026-S1,réelle,
EQ-PUMP-006,2026-01-09 06:00:00+00:00,vibration_mm_s,3.24,mm/s,2026-S1,réelle,
EQ-PUMP-171,2026-01-09 06:00:00+00:00,temperature_c,65.07,°C,2026-S1,réelle,
EQ-PUMP-171,2026-01-09 06:00:00+00:00,vibration_mm_s,2.4,mm/s,2026-S1,réelle,
EQ-PUMP-350,2026-01-09 06:00:00+00:00,temperature_c,65.98,°C,2026-S1,réelle,
EQ-PUMP-350,2026-01-09 06:00:00+00:00,vibration_mm_s,3.02,mm/s,2026-S1,réelle,
EQ-ROBOT-358,2026-01-09 06:00:00+00:00,vibration_mm_s,3.07,mm/s,2026-S1,réelle,
EQ-SENSOR-305,2026-01-09 06:00:00+00:00,temperature_c,61.91,°C,2026-S1,réelle,
EQ-STEAM-341,2026-01-09 06:00:00+00:00,temperature_c,59.39,°C,2026-S1,réelle,
EQ-STEAM-352,2026-01-09 06:00:00+00:00,temperature_c,63.81,°C,2026-S1,réelle,
EQ-PUMP-001,2026-01-09 08:00:00+00:00,vibration_mm_s,3.28,mm/s,2026-S1,réelle,
EQ-CAB-134,2026-01-09 12:00:00+00:00,temperature_c,52.73,°C,2026-S1,réelle,
EQ-CHILL-001,2026-01-09 12:00:00+00:00,temperature_c,59.75,°C,2026-S1,réelle,
EQ-CHILL-115,2026-01-09 12:00:00+00:00,temperature_c,63.1,°C,2026-S1,réelle,
EQ-CHILL-168,2026-01-09 12:00:00+00:00,temperature_c,54.75,°C,2026-S1,réelle,
EQ-CHILL-188,2026-01-09 12:00:00+00:00,temperature_c,55.78,°C,2026-S1,réelle,
EQ-CHILL-248,2026-01-09 12:00:00+00:00,temperature_c,54.83,°C,2026-S1,réelle,
EQ-COMP-002,2026-01-09 12:00:00+00:00,temperature_c,56.1,°C,2026-S1,réelle,
EQ-COMP-113,2026-01-09 12:00:00+00:00,temperature_c,59.65,°C,2026-S1,réelle,
EQ-COMP-233,2026-01-09 12:00:00+00:00,temperature_c,54.13,°C,2026-S1,réelle,
EQ-FAN-002,2026-01-09 12:00:00+00:00,vibration_mm_s,3.01,mm/s,2026-S1,réelle,
EQ-FAN-003,2026-01-09 12:00:00+00:00,vibration_mm_s,3.16,mm/s,2026-S1,réelle,
EQ-FAN-204,2026-01-09 12:00:00+00:00,vibration_mm_s,3.28,mm/s,2026-S1,réelle,
EQ-FAN-284,2026-01-09 12:00:00+00:00,vibration_mm_s,3.79,mm/s,2026-S1,réelle,
EQ-FAN-304,2026-01-09 12:00:00+00:00,vibration_mm_s,2.96,mm/s,2026-S1,réelle,
EQ-MIX-159,2026-01-09 12:00:00+00:00,vibration_mm_s,3.08,mm/s,2026-S1,réelle,
EQ-MIX-259,2026-01-09 12:00:00+00:00,vibration_mm_s,2.88,mm/s,2026-S1,réelle,
EQ-MIX-379,2026-01-09 12:00:00+00:00,vibration_mm_s,2.48,mm/s,2026-S1,réelle,
EQ-OVEN-001,2026-01-09 12:00:00+00:00,temperature_c,48.29,°C,2026-S1,réelle,
EQ-OVEN-123,2026-01-09 12:00:00+00:00,temperature_c,59.4,°C,2026-S1,réelle,
EQ-OVEN-223,2026-01-09 12:00:00+00:00,temperature_c,65.51,°C,2026-S1,réelle,
EQ-OVEN-366,2026-01-09 12:00:00+00:00,temperature_c,51.88,°C,2026-S1,réelle,
EQ-OVEN-386,2026-01-09 12:00:00+00:00,temperature_c,69.82,°C,2026-S1,réelle,
EQ-PUMP-001,2026-01-09 12:00:00+00:00,temperature_c,54.79,°C,2026-S1,réelle,
EQ-PUMP-006,2026-01-09 12:00:00+00:00,temperature_c,54.63,°C,2026-S1,réelle,
EQ-PUMP-006,2026-01-09 12:00:00+00:00,vibration_mm_s,2.74,mm/s,2026-S1,réelle,
EQ-PUMP-171,2026-01-09 12:00:00+00:00,temperature_c,55.49,°C,2026-S1,réelle,
EQ-PUMP-171,2026-01-09 12:00:00+00:00,vibration_mm_s,3.4,mm/s,2026-S1,réelle,
EQ-PUMP-350,2026-01-09 12:00:00+00:00,temperature_c,59.12,°C,2026-S1,réelle,
EQ-PUMP-350,2026-01-09 12:00:00+00:00,vibration_mm_s,2.58,mm/s,2026-S1,réelle,
EQ-ROBOT-358,2026-01-09 12:00:00+00:00,vibration_mm_s,2.62,mm/s,2026-S1,réelle,
EQ-SENSOR-305,2026-01-09 12:00:00+00:00,temperature_c,55.11,°C,2026-S1,réelle,
EQ-STEAM-341,2026-01-09 12:00:00+00:00,temperature_c,58.06,°C,2026-S1,réelle,
EQ-STEAM-352,2026-01-09 12:00:00+00:00,temperature_c,55.75,°C,2026-S1,réelle,
EQ-PUMP-001,2026-01-09 14:00:00+00:00,vibration_mm_s,2.83,mm/s,2026-S1,réelle,
EQ-CAB-134,2026-01-09 18:00:00+00:00,temperature_c,54.97,°C,2026-S1,réelle,
EQ-CHILL-001,2026-01-09 18:00:00+00:00,temperature_c,52.77,°C,2026-S1,réelle,
EQ-CHILL-115,2026-01-09 18:00:00+00:00,temperature_c,56.69,°C,2026-S1,réelle,
EQ-CHILL-168,2026-01-09 18:00:00+00:00,temperature_c,59.15,°C,2026-S1,réelle,
EQ-CHILL-188,2026-01-09 18:00:00+00:00,temperature_c,62.18,°C,2026-S1,réelle,
EQ-CHILL-248,2026-01-09 18:00:00+00:00,temperature_c,55.59,°C,2026-S1,réelle,
EQ-COMP-002,2026-01-09 18:00:00+00:00,temperature_c,58.46,°C,2026-S1,réelle,
EQ-COMP-113,2026-01-09 18:00:00+00:00,temperature_c,63.18,°C,2026-S1,réelle,
EQ-COMP-233,2026-01-09 18:00:00+00:00,temperature_c,61.05,°C,2026-S1,réelle,
EQ-FAN-002,2026-01-09 18:00:00+00:00,vibration_mm_s,2.54,mm/s,2026-S1,réelle,
EQ-FAN-003,2026-01-09 18:00:00+00:00,vibration_mm_s,2.87,mm/s,2026-S1,réelle,
EQ-FAN-204,2026-01-09 18:00:00+00:00,vibration_mm_s,2.58,mm/s,2026-S1,réelle,
EQ-FAN-284,2026-01-09 18:00:00+00:00,vibration_mm_s,3.56,mm/s,2026-S1,réelle,
EQ-FAN-304,2026-01-09 18:00:00+00:00,vibration_mm_s,2.66,mm/s,2026-S1,réelle,
EQ-MIX-159,2026-01-09 18:00:00+00:00,vibration_mm_s,2.48,mm/s,2026-S1,réelle,
EQ-MIX-259,2026-01-09 18:00:00+00:00,vibration_mm_s,3.06,mm/s,2026-S1,réelle,
EQ-MIX-379,2026-01-09 18:00:00+00:00,vibration_mm_s,3.45,mm/s,2026-S1,réelle,
EQ-OVEN-001,2026-01-09 18:00:00+00:00,temperature_c,50.3,°C,2026-S1,réelle,
EQ-OVEN-123,2026-01-09 18:00:00+00:00,temperature_c,63.1,°C,2026-S1,réelle,
EQ-OVEN-223,2026-01-09 18:00:00+00:00,temperature_c,59.43,°C,2026-S1,réelle,
EQ-OVEN-366,2026-01-09 18:00:00+00:00,temperature_c,58.14,°C,2026-S1,réelle,
EQ-OVEN-386,2026-01-09 18:00:00+00:00,temperature_c,62.77,°C,2026-S1,réelle,
EQ-PUMP-001,2026-01-09 18:00:00+00:00,temperature_c,55.22,°C,2026-S1,réelle,
EQ-PUMP-006,2026-01-09 18:00:00+00:00,temperature_c,53.13,°C,2026-S1,réelle,
EQ-PUMP-006,2026-01-09 18:00:00+00:00,vibration_mm_s,3.89,mm/s,2026-S1,réelle,
EQ-PUMP-171,2026-01-09 18:00:00+00:00,temperature_c,57.03,°C,2026-S1,réelle,
EQ-PUMP-171,2026-01-09 18:00:00+00:00,vibration_mm_s,3.43,mm/s,2026-S1,réelle,
EQ-PUMP-350,2026-01-09 18:00:00+00:00,temperature_c,58.12,°C,2026-S1,réelle,
EQ-PUMP-350,2026-01-09 18:00:00+00:00,vibration_mm_s,2.97,mm/s,2026-S1,réelle,
EQ-ROBOT-358,2026-01-09 18:00:00+00:00,vibration_mm_s,2.29,mm/s,2026-S1,réelle,
EQ-SENSOR-305,2026-01-09 18:00:00+00:00,temperature_c,51.47,°C,2026-S1,réelle,
EQ-STEAM-341,2026-01-09 18:00:00+00:00,temperature_c,52.01,°C,2026-S1,réelle,
EQ-STEAM-352,2026-01-09 18:00:00+00:00,temperature_c,56.97,°C,2026-S1,réelle,
EQ-PUMP-001,2026-01-09 20:00:00+00:00,vibration_mm_s,2.74,mm/s,2026-S1,réelle,
EQ-CAB-134,2026-01-10 00:00:00+00:00,temperature_c,56.7,°C,2026-S1,réelle,
EQ-CHILL-001,2026-01-10 00:00:00+00:00,temperature_c,50.01,°C,2026-S1,réelle,
EQ-CHILL-115,2026-01-10 00:00:00+00:00,temperature_c,57.63,°C,2026-S1,réelle,
EQ-CHILL-168,2026-01-10 00:00:00+00:00,temperature_c,61.76,°C,2026-S1,réelle,
EQ-CHILL-188,2026-01-10 00:00:00+00:00,temperature_c,63.32,°C,2026-S1,réelle,
EQ-CHILL-248,2026-01-10 00:00:00+00:00,temperature_c,52.88,°C,2026-S1,réelle,
EQ-COMP-002,2026-01-10 00:00:00+00:00,temperature_c,60.52,°C,2026-S1,réelle,
EQ-COMP-113,2026-01-10 00:00:00+00:00,temperature_c,64.72,°C,2026-S1,réelle,
EQ-COMP-233,2026-01-10 00:00:00+00:00,temperature_c,62.8,°C,2026-S1,réelle,
EQ-FAN-002,2026-01-10 00:00:00+00:00,vibration_mm_s,3.02,mm/s,2026-S1,réelle,
EQ-FAN-003,2026-01-10 00:00:00+00:00,vibration_mm_s,2.46,mm/s,2026-S1,réelle,
EQ-FAN-204,2026-01-10 00:00:00+00:00,vibration_mm_s,2.62,mm/s,2026-S1,réelle,
EQ-FAN-284,2026-01-10 00:00:00+00:00,vibration_mm_s,3.3,mm/s,2026-S1,réelle,
EQ-FAN-304,2026-01-10 00:00:00+00:00,vibration_mm_s,2.24,mm/s,2026-S1,réelle,
EQ-MIX-159,2026-01-10 00:00:00+00:00,vibration_mm_s,2.31,mm/s,2026-S1,réelle,
EQ-MIX-259,2026-01-10 00:00:00+00:00,vibration_mm_s,2.14,mm/s,2026-S1,réelle,
EQ-MIX-379,2026-01-10 00:00:00+00:00,vibration_mm_s,2.82,mm/s,2026-S1,réelle,
EQ-OVEN-001,2026-01-10 00:00:00+00:00,temperature_c,53.9,°C,2026-S1,réelle,
EQ-OVEN-123,2026-01-10 00:00:00+00:00,temperature_c,52.73,°C,2026-S1,réelle,
EQ-OVEN-223,2026-01-10 00:00:00+00:00,temperature_c,56.6,°C,2026-S1,réelle,
EQ-OVEN-366,2026-01-10 00:00:00+00:00,temperature_c,49.08,°C,2026-S1,réelle,
EQ-OVEN-386,2026-01-10 00:00:00+00:00,temperature_c,54.29,°C,2026-S1,réelle,
EQ-PUMP-001,2026-01-10 00:00:00+00:00,temperature_c,55.69,°C,2026-S1,réelle,
EQ-PUMP-006,2026-01-10 00:00:00+00:00,temperature_c,50.3,°C,2026-S1,réelle,
EQ-PUMP-006,2026-01-10 00:00:00+00:00,vibration_mm_s,3.53,mm/s,2026-S1,réelle,
EQ-PUMP-171,2026-01-10 00:00:00+00:00,temperature_c,65.58,°C,2026-S1,réelle,
EQ-PUMP-171,2026-01-10 00:00:00+00:00,vibration_mm_s,2.29,mm/s,2026-S1,réelle,
EQ-PUMP-350,2026-01-10 00:00:00+00:00,temperature_c,58.65,°C,2026-S1,réelle,
EQ-PUMP-350,2026-01-10 00:00:00+00:00,vibration_mm_s,3.05,mm/s,2026-S1,réelle,
EQ-ROBOT-358,2026-01-10 00:00:00+00:00,vibration_mm_s,2.93,mm/s,2026-S1,réelle,
EQ-SENSOR-305,2026-01-10 00:00:00+00:00,temperature_c,53.12,°C,2026-S1,réelle,
EQ-STEAM-341,2026-01-10 00:00:00+00:00,temperature_c,54.55,°C,2026-S1,réelle,
EQ-STEAM-352,2026-01-10 00:00:00+00:00,temperature_c,63.25,°C,2026-S1,réelle,
EQ-PUMP-001,2026-01-10 02:00:00+00:00,vibration_mm_s,3.22,mm/s,2026-S1,réelle,
EQ-CAB-134,2026-01-10 06:00:00+00:00,temperature_c,53.67,°C,2026-S1,réelle,
EQ-CHILL-001,2026-01-10 06:00:00+00:00,temperature_c,58.19,°C,2026-S1,réelle,
EQ-CHILL-115,2026-01-10 06:00:00+00:00,temperature_c,61.43,°C,2026-S1,réelle,
EQ-CHILL-168,2026-01-10 06:00:00+00:00,temperature_c,54.17,°C,2026-S1,réelle,
EQ-CHILL-188,2026-01-10 06:00:00+00:00,temperature_c,54.93,°C,2026-S1,réelle,
EQ-CHILL-248,2026-01-10 06:00:00+00:00,temperature_c,48.05,°C,2026-S1,réelle,
EQ-COMP-002,2026-01-10 06:00:00+00:00,temperature_c,61.18,°C,2026-S1,réelle,
EQ-COMP-113,2026-01-10 06:00:00+00:00,temperature_c,65.78,°C,2026-S1,réelle,
EQ-COMP-233,2026-01-10 06:00:00+00:00,temperature_c,57.85,°C,2026-S1,réelle,
EQ-FAN-002,2026-01-10 06:00:00+00:00,vibration_mm_s,2.88,mm/s,2026-S1,réelle,
EQ-FAN-003,2026-01-10 06:00:00+00:00,vibration_mm_s,2.33,mm/s,2026-S1,réelle,
EQ-FAN-204,2026-01-10 06:00:00+00:00,vibration_mm_s,2.95,mm/s,2026-S1,réelle,
EQ-FAN-284,2026-01-10 06:00:00+00:00,vibration_mm_s,4.0,mm/s,2026-S1,réelle,
EQ-FAN-304,2026-01-10 06:00:00+00:00,vibration_mm_s,2.64,mm/s,2026-S1,réelle,
EQ-MIX-159,2026-01-10 06:00:00+00:00,vibration_mm_s,2.9,mm/s,2026-S1,réelle,
EQ-MIX-259,2026-01-10 06:00:00+00:00,vibration_mm_s,2.34,mm/s,2026-S1,réelle,
EQ-MIX-379,2026-01-10 06:00:00+00:00,vibration_mm_s,2.38,mm/s,2026-S1,réelle,
EQ-OVEN-001,2026-01-10 06:00:00+00:00,temperature_c,48.05,°C,2026-S1,réelle,
EQ-OVEN-123,2026-01-10 06:00:00+00:00,temperature_c,53.19,°C,2026-S1,réelle,
EQ-OVEN-223,2026-01-10 06:00:00+00:00,temperature_c,64.41,°C,2026-S1,réelle,
EQ-OVEN-366,2026-01-10 06:00:00+00:00,temperature_c,46.25,°C,2026-S1,réelle,
EQ-OVEN-386,2026-01-10 06:00:00+00:00,temperature_c,61.57,°C,2026-S1,réelle,
EQ-PUMP-001,2026-01-10 06:00:00+00:00,temperature_c,63.5,°C,2026-S1,réelle,
EQ-PUMP-006,2026-01-10 06:00:00+00:00,temperature_c,54.76,°C,2026-S1,réelle,
EQ-PUMP-006,2026-01-10 06:00:00+00:00,vibration_mm_s,3.09,mm/s,2026-S1,réelle,
EQ-PUMP-171,2026-01-10 06:00:00+00:00,temperature_c,62.08,°C,2026-S1,réelle,
EQ-PUMP-171,2026-01-10 06:00:00+00:00,vibration_mm_s,2.28,mm/s,2026-S1,réelle,
EQ-PUMP-350,2026-01-10 06:00:00+00:00,temperature_c,64.78,°C,2026-S1,réelle,
EQ-PUMP-350,2026-01-10 06:00:00+00:00,vibration_mm_s,2.99,mm/s,2026-S1,réelle,
EQ-ROBOT-358,2026-01-10 06:00:00+00:00,vibration_mm_s,2.77,mm/s,2026-S1,réelle,
EQ-SENSOR-305,2026-01-10 06:00:00+00:00,temperature_c,58.78,°C,2026-S1,réelle,
EQ-STEAM-341,2026-01-10 06:00:00+00:00,temperature_c,58.33,°C,2026-S1,réelle,
EQ-STEAM-352,2026-01-10 06:00:00+00:00,temperature_c,62.3,°C,2026-S1,réelle,
EQ-PUMP-001,2026-01-10 08:00:00+00:00,vibration_mm_s,3.36,mm/s,2026-S1,réelle,
EQ-CAB-134,2026-01-10 12:00:00+00:00,temperature_c,47.61,°C,2026-S1,réelle,
EQ-CHILL-001,2026-01-10 12:00:00+00:00,temperature_c,58.22,°C,2026-S1,réelle,
EQ-CHILL-115,2026-01-10 12:00:00+00:00,temperature_c,59.59,°C,2026-S1,réelle,
EQ-CHILL-168,2026-01-10 12:00:00+00:00,temperature_c,54.81,°C,2026-S1,réelle,
EQ-CHILL-188,2026-01-10 12:00:00+00:00,temperature_c,52.93,°C,2026-S1,réelle,
EQ-CHILL-248,2026-01-10 12:00:00+00:00,temperature_c,50.79,°C,2026-S1,réelle,
EQ-COMP-002,2026-01-10 12:00:00+00:00,temperature_c,53.96,°C,2026-S1,réelle,
EQ-COMP-113,2026-01-10 12:00:00+00:00,temperature_c,56.58,°C,2026-S1,réelle,
EQ-COMP-233,2026-01-10 12:00:00+00:00,temperature_c,53.54,°C,2026-S1,réelle,
EQ-FAN-002,2026-01-10 12:00:00+00:00,vibration_mm_s,2.7,mm/s,2026-S1,réelle,
EQ-FAN-003,2026-01-10 12:00:00+00:00,vibration_mm_s,3.24,mm/s,2026-S1,réelle,
EQ-FAN-204,2026-01-10 12:00:00+00:00,vibration_mm_s,3.41,mm/s,2026-S1,réelle,
EQ-FAN-284,2026-01-10 12:00:00+00:00,vibration_mm_s,4.47,mm/s,2026-S1,réelle,
EQ-FAN-304,2026-01-10 12:00:00+00:00,vibration_mm_s,2.57,mm/s,2026-S1,réelle,
EQ-MIX-159,2026-01-10 12:00:00+00:00,vibration_mm_s,2.2,mm/s,2026-S1,réelle,
EQ-MIX-259,2026-01-10 12:00:00+00:00,vibration_mm_s,2.48,mm/s,2026-S1,réelle,
EQ-MIX-379,2026-01-10 12:00:00+00:00,vibration_mm_s,2.64,mm/s,2026-S1,réelle,
EQ-OVEN-001,2026-01-10 12:00:00+00:00,temperature_c,45.56,°C,2026-S1,réelle,
EQ-OVEN-123,2026-01-10 12:00:00+00:00,temperature_c,58.62,°C,2026-S1,réelle,
EQ-OVEN-223,2026-01-10 12:00:00+00:00,temperature_c,65.28,°C,2026-S1,réelle,
EQ-OVEN-366,2026-01-10 12:00:00+00:00,temperature_c,52.96,°C,2026-S1,réelle,
EQ-OVEN-386,2026-01-10 12:00:00+00:00,temperature_c,64.26,°C,2026-S1,réelle,
EQ-PUMP-001,2026-01-10 12:00:00+00:00,temperature_c,54.57,°C,2026-S1,réelle,
EQ-PUMP-006,2026-01-10 12:00:00+00:00,temperature_c,59.15,°C,2026-S1,réelle,
EQ-PUMP-006,2026-01-10 12:00:00+00:00,vibration_mm_s,2.15,mm/s,2026-S1,réelle,
EQ-PUMP-171,2026-01-10 12:00:00+00:00,temperature_c,52.16,°C,2026-S1,réelle,
EQ-PUMP-171,2026-01-10 12:00:00+00:00,vibration_mm_s,3.02,mm/s,2026-S1,réelle,
EQ-PUMP-350,2026-01-10 12:00:00+00:00,temperature_c,59.09,°C,2026-S1,réelle,
EQ-PUMP-350,2026-01-10 12:00:00+00:00,vibration_mm_s,2.34,mm/s,2026-S1,réelle,
EQ-ROBOT-358,2026-01-10 12:00:00+00:00,vibration_mm_s,2.89,mm/s,2026-S1,réelle,
EQ-SENSOR-305,2026-01-10 12:00:00+00:00,temperature_c,54.61,°C,2026-S1,réelle,
EQ-STEAM-341,2026-01-10 12:00:00+00:00,temperature_c,57.07,°C,2026-S1,réelle,
EQ-STEAM-352,2026-01-10 12:00:00+00:00,temperature_c,55.03,°C,2026-S1,réelle,
EQ-PUMP-001,2026-01-10 14:00:00+00:00,vibration_mm_s,2.8,mm/s,2026-S1,réelle,
EQ-CAB-134,2026-01-10 18:00:00+00:00,temperature_c,54.88,°C,2026-S1,réelle,
EQ-CHILL-001,2026-01-10 18:00:00+00:00,temperature_c,50.33,°C,2026-S1,réelle,
EQ-CHILL-115,2026-01-10 18:00:00+00:00,temperature_c,55.47,°C,2026-S1,réelle,
EQ-CHILL-168,2026-01-10 18:00:00+00:00,temperature_c,59.19,°C,2026-S1,réelle,
EQ-CHILL-188,2026-01-10 18:00:00+00:00,temperature_c,59.55,°C,2026-S1,réelle,
EQ-CHILL-248,2026-01-10 18:00:00+00:00,temperature_c,55.14,°C,2026-S1,réelle,
EQ-COMP-002,2026-01-10 18:00:00+00:00,temperature_c,53.64,°C,2026-S1,réelle,
EQ-COMP-113,2026-01-10 18:00:00+00:00,temperature_c,60.91,°C,2026-S1,réelle,
EQ-COMP-233,2026-01-10 18:00:00+00:00,temperature_c,57.76,°C,2026-S1,réelle,
EQ-FAN-002,2026-01-10 18:00:00+00:00,vibration_mm_s,2.27,mm/s,2026-S1,réelle,
EQ-FAN-003,2026-01-10 18:00:00+00:00,vibration_mm_s,2.65,mm/s,2026-S1,réelle,
EQ-FAN-204,2026-01-10 18:00:00+00:00,vibration_mm_s,2.7,mm/s,2026-S1,réelle,
EQ-FAN-284,2026-01-10 18:00:00+00:00,vibration_mm_s,3.84,mm/s,2026-S1,réelle,
EQ-FAN-304,2026-01-10 18:00:00+00:00,vibration_mm_s,2.55,mm/s,2026-S1,réelle,
EQ-MIX-159,2026-01-10 18:00:00+00:00,vibration_mm_s,2.39,mm/s,2026-S1,réelle,
EQ-MIX-259,2026-01-10 18:00:00+00:00,vibration_mm_s,2.25,mm/s,2026-S1,réelle,
EQ-MIX-379,2026-01-10 18:00:00+00:00,vibration_mm_s,3.39,mm/s,2026-S1,réelle,
EQ-OVEN-001,2026-01-10 18:00:00+00:00,temperature_c,49.96,°C,2026-S1,réelle,
EQ-OVEN-123,2026-01-10 18:00:00+00:00,temperature_c,59.46,°C,2026-S1,réelle,
EQ-OVEN-223,2026-01-10 18:00:00+00:00,temperature_c,57.69,°C,2026-S1,réelle,
EQ-OVEN-366,2026-01-10 18:00:00+00:00,temperature_c,56.62,°C,2026-S1,réelle,
EQ-OVEN-386,2026-01-10 18:00:00+00:00,temperature_c,60.55,°C,2026-S1,réelle,
EQ-PUMP-001,2026-01-10 18:00:00+00:00,temperature_c,53.18,°C,2026-S1,réelle,
EQ-PUMP-006,2026-01-10 18:00:00+00:00,temperature_c,49.22,°C,2026-S1,réelle,
EQ-PUMP-006,2026-01-10 18:00:00+00:00,vibration_mm_s,3.63,mm/s,2026-S1,réelle,
EQ-PUMP-171,2026-01-10 18:00:00+00:00,temperature_c,56.35,°C,2026-S1,réelle,
EQ-PUMP-171,2026-01-10 18:00:00+00:00,vibration_mm_s,3.33,mm/s,2026-S1,réelle,
EQ-PUMP-350,2026-01-10 18:00:00+00:00,temperature_c,56.51,°C,2026-S1,réelle,
EQ-PUMP-350,2026-01-10 18:00:00+00:00,vibration_mm_s,2.74,mm/s,2026-S1,réelle,
EQ-ROBOT-358,2026-01-10 18:00:00+00:00,vibration_mm_s,2.43,mm/s,2026-S1,réelle,
EQ-SENSOR-305,2026-01-10 18:00:00+00:00,temperature_c,48.92,°C,2026-S1,réelle,
EQ-STEAM-341,2026-01-10 18:00:00+00:00,temperature_c,48.61,°C,2026-S1,réelle,
EQ-STEAM-352,2026-01-10 18:00:00+00:00,temperature_c,55.99,°C,2026-S1,réelle,
EQ-PUMP-001,2026-01-10 20:00:00+00:00,vibration_mm_s,2.44,mm/s,2026-S1,réelle,
EQ-CAB-134,2026-01-11 00:00:00+00:00,temperature_c,58.29,°C,2026-S1,réelle,
EQ-CHILL-001,2026-01-11 00:00:00+00:00,temperature_c,48.28,°C,2026-S1,réelle,
EQ-CHILL-115,2026-01-11 00:00:00+00:00,temperature_c,55.95,°C,2026-S1,réelle,
EQ-CHILL-168,2026-01-11 00:00:00+00:00,temperature_c,61.4,°C,2026-S1,réelle,
EQ-CHILL-188,2026-01-11 00:00:00+00:00,temperature_c,62.0,°C,2026-S1,réelle,
EQ-CHILL-248,2026-01-11 00:00:00+00:00,temperature_c,52.05,°C,2026-S1,réelle,
EQ-COMP-002,2026-01-11 00:00:00+00:00,temperature_c,61.66,°C,2026-S1,réelle,
EQ-COMP-113,2026-01-11 00:00:00+00:00,temperature_c,66.46,°C,2026-S1,réelle,
EQ-COMP-233,2026-01-11 00:00:00+00:00,temperature_c,62.23,°C,2026-S1,réelle,
EQ-FAN-002,2026-01-11 00:00:00+00:00,vibration_mm_s,2.95,mm/s,2026-S1,réelle,
EQ-FAN-003,2026-01-11 00:00:00+00:00,vibration_mm_s,2.05,mm/s,2026-S1,réelle,
EQ-FAN-204,2026-01-11 00:00:00+00:00,vibration_mm_s,2.44,mm/s,2026-S1,réelle,
EQ-FAN-284,2026-01-11 00:00:00+00:00,vibration_mm_s,4.04,mm/s,2026-S1,réelle,
EQ-FAN-304,2026-01-11 00:00:00+00:00,vibration_mm_s,2.03,mm/s,2026-S1,réelle,
EQ-MIX-159,2026-01-11 00:00:00+00:00,vibration_mm_s,2.67,mm/s,2026-S1,réelle,
EQ-MIX-259,2026-01-11 00:00:00+00:00,vibration_mm_s,2.11,mm/s,2026-S1,réelle,
EQ-MIX-379,2026-01-11 00:00:00+00:00,vibration_mm_s,3.0,mm/s,2026-S1,réelle,
EQ-OVEN-001,2026-01-11 00:00:00+00:00,temperature_c,52.22,°C,2026-S1,réelle,
EQ-OVEN-123,2026-01-11 00:00:00+00:00,temperature_c,52.22,°C,2026-S1,réelle,
EQ-OVEN-223,2026-01-11 00:00:00+00:00,temperature_c,56.98,°C,2026-S1,réelle,
EQ-OVEN-366,2026-01-11 00:00:00+00:00,temperature_c,48.11,°C,2026-S1,réelle,
EQ-OVEN-386,2026-01-11 00:00:00+00:00,temperature_c,55.66,°C,2026-S1,réelle,
EQ-PUMP-001,2026-01-11 00:00:00+00:00,temperature_c,57.69,°C,2026-S1,réelle,
EQ-PUMP-006,2026-01-11 00:00:00+00:00,temperature_c,50.24,°C,2026-S1,réelle,
EQ-PUMP-006,2026-01-11 00:00:00+00:00,vibration_mm_s,3.44,mm/s,2026-S1,réelle,
EQ-PUMP-171,2026-01-11 00:00:00+00:00,temperature_c,60.96,°C,2026-S1,réelle,
EQ-PUMP-171,2026-01-11 00:00:00+00:00,vibration_mm_s,2.54,mm/s,2026-S1,réelle,
EQ-PUMP-350,2026-01-11 00:00:00+00:00,temperature_c,58.32,°C,2026-S1,réelle,
EQ-PUMP-350,2026-01-11 00:00:00+00:00,vibration_mm_s,3.31,mm/s,2026-S1,réelle,
EQ-ROBOT-358,2026-01-11 00:00:00+00:00,vibration_mm_s,3.02,mm/s,2026-S1,réelle,
EQ-SENSOR-305,2026-01-11 00:00:00+00:00,temperature_c,56.58,°C,2026-S1,réelle,
EQ-STEAM-341,2026-01-11 00:00:00+00:00,temperature_c,51.75,°C,2026-S1,réelle,
EQ-STEAM-352,2026-01-11 00:00:00+00:00,temperature_c,63.38,°C,2026-S1,réelle,
EQ-PUMP-001,2026-01-11 02:00:00+00:00,vibration_mm_s,3.17,mm/s,2026-S1,réelle,
EQ-CAB-134,2026-01-11 06:00:00+00:00,temperature_c,52.07,°C,2026-S1,réelle,
EQ-CHILL-001,2026-01-11 06:00:00+00:00,temperature_c,57.15,°C,2026-S1,réelle,
EQ-CHILL-115,2026-01-11 06:00:00+00:00,temperature_c,62.98,°C,2026-S1,réelle,
EQ-CHILL-168,2026-01-11 06:00:00+00:00,temperature_c,58.24,°C,2026-S1,réelle,
EQ-CHILL-188,2026-01-11 06:00:00+00:00,temperature_c,55.9,°C,2026-S1,réelle,
EQ-CHILL-248,2026-01-11 06:00:00+00:00,temperature_c,48.22,°C,2026-S1,réelle,
EQ-COMP-002,2026-01-11 06:00:00+00:00,temperature_c,59.44,°C,2026-S1,réelle,
EQ-COMP-113,2026-01-11 06:00:00+00:00,temperature_c,63.36,°C,2026-S1,réelle,
EQ-COMP-233,2026-01-11 06:00:00+00:00,temperature_c,59.77,°C,2026-S1,réelle,
EQ-FAN-002,2026-01-11 06:00:00+00:00,vibration_mm_s,3.17,mm/s,2026-S1,réelle,
EQ-FAN-003,2026-01-11 06:00:00+00:00,vibration_mm_s,2.57,mm/s,2026-S1,réelle,
EQ-FAN-204,2026-01-11 06:00:00+00:00,vibration_mm_s,2.7,mm/s,2026-S1,réelle,
EQ-FAN-284,2026-01-11 06:00:00+00:00,vibration_mm_s,4.35,mm/s,2026-S1,réelle,
EQ-FAN-304,2026-01-11 06:00:00+00:00,vibration_mm_s,2.66,mm/s,2026-S1,réelle,
EQ-MIX-159,2026-01-11 06:00:00+00:00,vibration_mm_s,2.56,mm/s,2026-S1,réelle,
EQ-MIX-259,2026-01-11 06:00:00+00:00,vibration_mm_s,2.56,mm/s,2026-S1,réelle,
EQ-MIX-379,2026-01-11 06:00:00+00:00,vibration_mm_s,2.44,mm/s,2026-S1,réelle,
EQ-OVEN-001,2026-01-11 06:00:00+00:00,temperature_c,48.71,°C,2026-S1,réelle,
EQ-OVEN-123,2026-01-11 06:00:00+00:00,temperature_c,52.81,°C,2026-S1,réelle,
EQ-OVEN-223,2026-01-11 06:00:00+00:00,temperature_c,66.03,°C,2026-S1,réelle,
EQ-OVEN-366,2026-01-11 06:00:00+00:00,temperature_c,46.78,°C,2026-S1,réelle,
EQ-OVEN-386,2026-01-11 06:00:00+00:00,temperature_c,60.88,°C,2026-S1,réelle,
EQ-PUMP-001,2026-01-11 06:00:00+00:00,temperature_c,60.67,°C,2026-S1,réelle,
EQ-PUMP-006,2026-01-11 06:00:00+00:00,temperature_c,60.42,°C,2026-S1,réelle,
EQ-PUMP-006,2026-01-11 06:00:00+00:00,vibration_mm_s,2.5,mm/s,2026-S1,réelle,
EQ-PUMP-171,2026-01-11 06:00:00+00:00,temperature_c,61.16,°C,2026-S1,réelle,
EQ-PUMP-171,2026-01-11 06:00:00+00:00,vibration_mm_s,2.25,mm/s,2026-S1,réelle,
EQ-PUMP-350,2026-01-11 06:00:00+00:00,temperature_c,63.38,°C,2026-S1,réelle,
EQ-PUMP-350,2026-01-11 06:00:00+00:00,vibration_mm_s,2.87,mm/s,2026-S1,réelle,
EQ-ROBOT-358,2026-01-11 06:00:00+00:00,vibration_mm_s,3.15,mm/s,2026-S1,réelle,
EQ-SENSOR-305,2026-01-11 06:00:00+00:00,temperature_c,59.75,°C,2026-S1,réelle,
EQ-STEAM-341,2026-01-11 06:00:00+00:00,temperature_c,59.43,°C,2026-S1,réelle,
EQ-STEAM-352,2026-01-11 06:00:00+00:00,temperature_c,61.7,°C,2026-S1,réelle,
EQ-PUMP-001,2026-01-11 08:00:00+00:00,vibration_mm_s,3.27,mm/s,2026-S1,réelle,
EQ-CAB-134,2026-01-11 12:00:00+00:00,temperature_c,48.57,°C,2026-S1,réelle,
EQ-CHILL-001,2026-01-11 12:00:00+00:00,temperature_c,58.77,°C,2026-S1,réelle,
EQ-CHILL-115,2026-01-11 12:00:00+00:00,temperature_c,60.85,°C,2026-S1,réelle,
EQ-CHILL-168,2026-01-11 12:00:00+00:00,temperature_c,53.17,°C,2026-S1,réelle,
EQ-CHILL-188,2026-01-11 12:00:00+00:00,temperature_c,51.02,°C,2026-S1,réelle,
EQ-CHILL-248,2026-01-11 12:00:00+00:00,temperature_c,51.7,°C,2026-S1,réelle,
EQ-COMP-002,2026-01-11 12:00:00+00:00,temperature_c,52.04,°C,2026-S1,réelle,
EQ-COMP-113,2026-01-11 12:00:00+00:00,temperature_c,59.3,°C,2026-S1,réelle,
EQ-COMP-233,2026-01-11 12:00:00+00:00,temperature_c,55.27,°C,2026-S1,réelle,
EQ-FAN-002,2026-01-11 12:00:00+00:00,vibration_mm_s,2.59,mm/s,2026-S1,réelle,
EQ-FAN-003,2026-01-11 12:00:00+00:00,vibration_mm_s,2.76,mm/s,2026-S1,réelle,
EQ-FAN-204,2026-01-11 12:00:00+00:00,vibration_mm_s,3.4,mm/s,2026-S1,réelle,
EQ-FAN-284,2026-01-11 12:00:00+00:00,vibration_mm_s,4.31,mm/s,2026-S1,réelle,
EQ-FAN-304,2026-01-11 12:00:00+00:00,vibration_mm_s,2.94,mm/s,2026-S1,réelle,
EQ-MIX-159,2026-01-11 12:00:00+00:00,vibration_mm_s,2.95,mm/s,2026-S1,réelle,
EQ-MIX-259,2026-01-11 12:00:00+00:00,vibration_mm_s,2.76,mm/s,2026-S1,réelle,
EQ-MIX-379,2026-01-11 12:00:00+00:00,vibration_mm_s,3.01,mm/s,2026-S1,réelle,
EQ-OVEN-001,2026-01-11 12:00:00+00:00,temperature_c,43.39,°C,2026-S1,réelle,
EQ-OVEN-123,2026-01-11 12:00:00+00:00,temperature_c,58.63,°C,2026-S1,réelle,
EQ-OVEN-223,2026-01-11 12:00:00+00:00,temperature_c,62.16,°C,2026-S1,réelle,
EQ-OVEN-366,2026-01-11 12:00:00+00:00,temperature_c,51.37,°C,2026-S1,réelle,
EQ-OVEN-386,2026-01-11 12:00:00+00:00,temperature_c,66.09,°C,2026-S1,réelle,
EQ-PUMP-001,2026-01-11 12:00:00+00:00,temperature_c,54.74,°C,2026-S1,réelle,
EQ-PUMP-006,2026-01-11 12:00:00+00:00,temperature_c,58.21,°C,2026-S1,réelle,
EQ-PUMP-006,2026-01-11 12:00:00+00:00,vibration_mm_s,3.14,mm/s,2026-S1,réelle,
EQ-PUMP-171,2026-01-11 12:00:00+00:00,temperature_c,56.45,°C,2026-S1,réelle,
EQ-PUMP-171,2026-01-11 12:00:00+00:00,vibration_mm_s,2.99,mm/s,2026-S1,réelle,
EQ-PUMP-350,2026-01-11 12:00:00+00:00,temperature_c,58.68,°C,2026-S1,réelle,
EQ-PUMP-350,2026-01-11 12:00:00+00:00,vibration_mm_s,2.66,mm/s,2026-S1,réelle,
EQ-ROBOT-358,2026-01-11 12:00:00+00:00,vibration_mm_s,2.42,mm/s,2026-S1,réelle,
EQ-SENSOR-305,2026-01-11 12:00:00+00:00,temperature_c,54.98,°C,2026-S1,réelle,
EQ-STEAM-341,2026-01-11 12:00:00+00:00,temperature_c,53.9,°C,2026-S1,réelle,
EQ-STEAM-352,2026-01-11 12:00:00+00:00,temperature_c,55.31,°C,2026-S1,réelle,
EQ-PUMP-001,2026-01-11 14:00:00+00:00,vibration_mm_s,2.37,mm/s,2026-S1,réelle,
EQ-CAB-134,2026-01-11 18:00:00+00:00,temperature_c,58.19,°C,2026-S1,réelle,
EQ-CHILL-001,2026-01-11 18:00:00+00:00,temperature_c,51.87,°C,2026-S1,réelle,
EQ-CHILL-115,2026-01-11 18:00:00+00:00,temperature_c,54.91,°C,2026-S1,réelle,
EQ-CHILL-168,2026-01-11 18:00:00+00:00,temperature_c,57.16,°C,2026-S1,réelle,
EQ-CHILL-188,2026-01-11 18:00:00+00:00,temperature_c,59.79,°C,2026-S1,réelle,
EQ-CHILL-248,2026-01-11 18:00:00+00:00,temperature_c,54.63,°C,2026-S1,réelle,
EQ-COMP-002,2026-01-11 18:00:00+00:00,temperature_c,53.1,°C,2026-S1,réelle,
EQ-COMP-113,2026-01-11 18:00:00+00:00,temperature_c,58.21,°C,2026-S1,réelle,
EQ-COMP-233,2026-01-11 18:00:00+00:00,temperature_c,53.53,°C,2026-S1,réelle,
EQ-FAN-002,2026-01-11 18:00:00+00:00,vibration_mm_s,2.86,mm/s,2026-S1,réelle,
EQ-FAN-003,2026-01-11 18:00:00+00:00,vibration_mm_s,2.9,mm/s,2026-S1,réelle,
EQ-FAN-204,2026-01-11 18:00:00+00:00,vibration_mm_s,2.98,mm/s,2026-S1,réelle,
EQ-FAN-284,2026-01-11 18:00:00+00:00,vibration_mm_s,3.0,mm/s,2026-S1,réelle,
EQ-FAN-304,2026-01-11 18:00:00+00:00,vibration_mm_s,2.61,mm/s,2026-S1,réelle,
EQ-MIX-159,2026-01-11 18:00:00+00:00,vibration_mm_s,2.12,mm/s,2026-S1,réelle,
EQ-MIX-259,2026-01-11 18:00:00+00:00,vibration_mm_s,2.92,mm/s,2026-S1,réelle,
EQ-MIX-379,2026-01-11 18:00:00+00:00,vibration_mm_s,2.9,mm/s,2026-S1,réelle,
EQ-OVEN-001,2026-01-11 18:00:00+00:00,temperature_c,52.73,°C,2026-S1,réelle,
EQ-OVEN-123,2026-01-11 18:00:00+00:00,temperature_c,58.64,°C,2026-S1,réelle,
EQ-OVEN-223,2026-01-11 18:00:00+00:00,temperature_c,56.92,°C,2026-S1,réelle,
EQ-OVEN-366,2026-01-11 18:00:00+00:00,temperature_c,52.96,°C,2026-S1,réelle,
EQ-OVEN-386,2026-01-11 18:00:00+00:00,temperature_c,60.75,°C,2026-S1,réelle,
EQ-PUMP-001,2026-01-11 18:00:00+00:00,temperature_c,51.91,°C,2026-S1,réelle,
EQ-PUMP-006,2026-01-11 18:00:00+00:00,temperature_c,51.18,°C,2026-S1,réelle,
EQ-PUMP-006,2026-01-11 18:00:00+00:00,vibration_mm_s,3.13,mm/s,2026-S1,réelle,
EQ-PUMP-171,2026-01-11 18:00:00+00:00,temperature_c,57.67,°C,2026-S1,réelle,
EQ-PUMP-171,2026-01-11 18:00:00+00:00,vibration_mm_s,3.04,mm/s,2026-S1,réelle,
EQ-PUMP-350,2026-01-11 18:00:00+00:00,temperature_c,54.1,°C,2026-S1,réelle,
EQ-PUMP-350,2026-01-11 18:00:00+00:00,vibration_mm_s,3.11,mm/s,2026-S1,réelle,
EQ-ROBOT-358,2026-01-11 18:00:00+00:00,vibration_mm_s,2.6,mm/s,2026-S1,réelle,
EQ-SENSOR-305,2026-01-11 18:00:00+00:00,temperature_c,49.23,°C,2026-S1,réelle,
EQ-STEAM-341,2026-01-11 18:00:00+00:00,temperature_c,49.25,°C,2026-S1,réelle,
EQ-STEAM-352,2026-01-11 18:00:00+00:00,temperature_c,53.72,°C,2026-S1,réelle,
EQ-PUMP-001,2026-01-11 20:00:00+00:00,vibration_mm_s,2.8,mm/s,2026-S1,réelle,
EQ-CAB-134,2026-01-12 00:00:00+00:00,temperature_c,60.27,°C,2026-S1,réelle,
EQ-CHILL-001,2026-01-12 00:00:00+00:00,temperature_c,51.9,°C,2026-S1,réelle,
EQ-CHILL-115,2026-01-12 00:00:00+00:00,temperature_c,56.8,°C,2026-S1,réelle,
EQ-CHILL-168,2026-01-12 00:00:00+00:00,temperature_c,63.14,°C,2026-S1,réelle,
EQ-CHILL-188,2026-01-12 00:00:00+00:00,temperature_c,62.08,°C,2026-S1,réelle,
EQ-CHILL-248,2026-01-12 00:00:00+00:00,temperature_c,50.47,°C,2026-S1,réelle,
EQ-COMP-002,2026-01-12 00:00:00+00:00,temperature_c,63.56,°C,2026-S1,réelle,
EQ-COMP-113,2026-01-12 00:00:00+00:00,temperature_c,65.1,°C,2026-S1,réelle,
EQ-COMP-233,2026-01-12 00:00:00+00:00,temperature_c,62.73,°C,2026-S1,réelle,
EQ-FAN-002,2026-01-12 00:00:00+00:00,vibration_mm_s,2.95,mm/s,2026-S1,réelle,
EQ-FAN-003,2026-01-12 00:00:00+00:00,vibration_mm_s,2.58,mm/s,2026-S1,réelle,
EQ-FAN-204,2026-01-12 00:00:00+00:00,vibration_mm_s,2.69,mm/s,2026-S1,réelle,
EQ-FAN-284,2026-01-12 00:00:00+00:00,vibration_mm_s,3.06,mm/s,2026-S1,réelle,
EQ-FAN-304,2026-01-12 00:00:00+00:00,vibration_mm_s,2.38,mm/s,2026-S1,réelle,
EQ-MIX-159,2026-01-12 00:00:00+00:00,vibration_mm_s,2.51,mm/s,2026-S1,réelle,
EQ-MIX-259,2026-01-12 00:00:00+00:00,vibration_mm_s,2.65,mm/s,2026-S1,réelle,
EQ-MIX-379,2026-01-12 00:00:00+00:00,vibration_mm_s,3.15,mm/s,2026-S1,réelle,
EQ-OVEN-001,2026-01-12 00:00:00+00:00,temperature_c,56.25,°C,2026-S1,réelle,
EQ-OVEN-123,2026-01-12 00:00:00+00:00,temperature_c,58.04,°C,2026-S1,réelle,
EQ-OVEN-223,2026-01-12 00:00:00+00:00,temperature_c,58.04,°C,2026-S1,réelle,
EQ-OVEN-366,2026-01-12 00:00:00+00:00,temperature_c,48.31,°C,2026-S1,réelle,
EQ-OVEN-386,2026-01-12 00:00:00+00:00,temperature_c,59.77,°C,2026-S1,réelle,
EQ-PUMP-001,2026-01-12 00:00:00+00:00,temperature_c,58.72,°C,2026-S1,réelle,
EQ-PUMP-006,2026-01-12 00:00:00+00:00,temperature_c,51.2,°C,2026-S1,réelle,
EQ-PUMP-006,2026-01-12 00:00:00+00:00,vibration_mm_s,3.25,mm/s,2026-S1,réelle,
EQ-PUMP-171,2026-01-12 00:00:00+00:00,temperature_c,63.8,°C,2026-S1,réelle,
EQ-PUMP-171,2026-01-12 00:00:00+00:00,vibration_mm_s,2.83,mm/s,2026-S1,réelle,
EQ-PUMP-350,2026-01-12 00:00:00+00:00,temperature_c,61.72,°C,2026-S1,réelle,
EQ-PUMP-350,2026-01-12 00:00:00+00:00,vibration_mm_s,3.2,mm/s,2026-S1,réelle,
EQ-ROBOT-358,2026-01-12 00:00:00+00:00,vibration_mm_s,3.06,mm/s,2026-S1,réelle,
EQ-SENSOR-305,2026-01-12 00:00:00+00:00,temperature_c,56.75,°C,2026-S1,réelle,
EQ-STEAM-341,2026-01-12 00:00:00+00:00,temperature_c,54.46,°C,2026-S1,réelle,
EQ-STEAM-352,2026-01-12 00:00:00+00:00,temperature_c,65.49,°C,2026-S1,réelle,
EQ-PUMP-001,2026-01-12 02:00:00+00:00,vibration_mm_s,2.72,mm/s,2026-S1,réelle,
EQ-CAB-134,2026-01-12 06:00:00+00:00,temperature_c,54.2,°C,2026-S1,réelle,
EQ-CHILL-001,2026-01-12 06:00:00+00:00,temperature_c,59.95,°C,2026-S1,réelle,
EQ-CHILL-115,2026-01-12 06:00:00+00:00,temperature_c,65.5,°C,2026-S1,réelle,
EQ-CHILL-168,2026-01-12 06:00:00+00:00,temperature_c,58.52,°C,2026-S1,réelle,
EQ-CHILL-188,2026-01-12 06:00:00+00:00,temperature_c,56.56,°C,2026-S1,réelle,
EQ-CHILL-248,2026-01-12 06:00:00+00:00,temperature_c,46.49,°C,2026-S1,réelle,
EQ-COMP-002,2026-01-12 06:00:00+00:00,temperature_c,60.27,°C,2026-S1,réelle,
EQ-COMP-113,2026-01-12 06:00:00+00:00,temperature_c,65.82,°C,2026-S1,réelle,
EQ-COMP-233,2026-01-12 06:00:00+00:00,temperature_c,60.37,°C,2026-S1,réelle,
EQ-FAN-002,2026-01-12 06:00:00+00:00,vibration_mm_s,3.2,mm/s,2026-S1,réelle,
EQ-FAN-003,2026-01-12 06:00:00+00:00,vibration_mm_s,2.68,mm/s,2026-S1,réelle,
EQ-FAN-204,2026-01-12 06:00:00+00:00,vibration_mm_s,3.06,mm/s,2026-S1,réelle,
EQ-FAN-284,2026-01-12 06:00:00+00:00,vibration_mm_s,2.81,mm/s,2026-S1,réelle,
EQ-FAN-304,2026-01-12 06:00:00+00:00,vibration_mm_s,2.91,mm/s,2026-S1,réelle,
EQ-MIX-159,2026-01-12 06:00:00+00:00,vibration_mm_s,3.29,mm/s,2026-S1,réelle,
EQ-MIX-259,2026-01-12 06:00:00+00:00,vibration_mm_s,2.51,mm/s,2026-S1,réelle,
EQ-MIX-379,2026-01-12 06:00:00+00:00,vibration_mm_s,2.4,mm/s,2026-S1,réelle,
EQ-OVEN-001,2026-01-12 06:00:00+00:00,temperature_c,46.73,°C,2026-S1,réelle,
EQ-OVEN-123,2026-01-12 06:00:00+00:00,temperature_c,54.83,°C,2026-S1,réelle,
EQ-OVEN-223,2026-01-12 06:00:00+00:00,temperature_c,66.54,°C,2026-S1,réelle,
EQ-OVEN-366,2026-01-12 06:00:00+00:00,temperature_c,48.16,°C,2026-S1,réelle,
EQ-OVEN-386,2026-01-12 06:00:00+00:00,temperature_c,63.65,°C,2026-S1,réelle,
EQ-PUMP-001,2026-01-12 06:00:00+00:00,temperature_c,62.71,°C,2026-S1,réelle,
EQ-PUMP-006,2026-01-12 06:00:00+00:00,temperature_c,59.33,°C,2026-S1,réelle,
EQ-PUMP-006,2026-01-12 06:00:00+00:00,vibration_mm_s,3.08,mm/s,2026-S1,réelle,
EQ-PUMP-171,2026-01-12 06:00:00+00:00,temperature_c,63.67,°C,2026-S1,réelle,
EQ-PUMP-171,2026-01-12 06:00:00+00:00,vibration_mm_s,2.57,mm/s,2026-S1,réelle,
EQ-PUMP-350,2026-01-12 06:00:00+00:00,temperature_c,64.96,°C,2026-S1,réelle,
EQ-PUMP-350,2026-01-12 06:00:00+00:00,vibration_mm_s,3.34,mm/s,2026-S1,réelle,
EQ-ROBOT-358,2026-01-12 06:00:00+00:00,vibration_mm_s,2.76,mm/s,2026-S1,réelle,
EQ-SENSOR-305,2026-01-12 06:00:00+00:00,temperature_c,58.29,°C,2026-S1,réelle,
EQ-STEAM-341,2026-01-12 06:00:00+00:00,temperature_c,59.47,°C,2026-S1,réelle,
EQ-STEAM-352,2026-01-12 06:00:00+00:00,temperature_c,60.39,°C,2026-S1,réelle,
EQ-PUMP-001,2026-01-12 08:00:00+00:00,vibration_mm_s,3.14,mm/s,2026-S1,réelle,
EQ-CAB-134,2026-01-12 12:00:00+00:00,temperature_c,50.14,°C,2026-S1,réelle,
EQ-CHILL-001,2026-01-12 12:00:00+00:00,temperature_c,60.06,°C,2026-S1,réelle,
EQ-CHILL-115,2026-01-12 12:00:00+00:00,temperature_c,63.03,°C,2026-S1,réelle,
EQ-CHILL-168,2026-01-12 12:00:00+00:00,temperature_c,54.82,°C,2026-S1,réelle,
EQ-CHILL-188,2026-01-12 12:00:00+00:00,temperature_c,53.19,°C,2026-S1,réelle,
EQ-CHILL-248,2026-01-12 12:00:00+00:00,temperature_c,56.05,°C,2026-S1,réelle,
EQ-COMP-002,2026-01-12 12:00:00+00:00,temperature_c,54.53,°C,2026-S1,réelle,
EQ-COMP-113,2026-01-12 12:00:00+00:00,temperature_c,58.96,°C,2026-S1,réelle,
EQ-COMP-233,2026-01-12 12:00:00+00:00,temperature_c,53.4,°C,2026-S1,réelle,
EQ-FAN-002,2026-01-12 12:00:00+00:00,vibration_mm_s,2.73,mm/s,2026-S1,réelle,
EQ-FAN-003,2026-01-12 12:00:00+00:00,vibration_mm_s,3.69,mm/s,2026-S1,réelle,
EQ-FAN-204,2026-01-12 12:00:00+00:00,vibration_mm_s,3.14,mm/s,2026-S1,réelle,
EQ-FAN-284,2026-01-12 12:00:00+00:00,vibration_mm_s,3.34,mm/s,2026-S1,réelle,
EQ-FAN-304,2026-01-12 12:00:00+00:00,vibration_mm_s,2.91,mm/s,2026-S1,réelle,
EQ-MIX-159,2026-01-12 12:00:00+00:00,vibration_mm_s,2.96,mm/s,2026-S1,réelle,
EQ-MIX-259,2026-01-12 12:00:00+00:00,vibration_mm_s,2.7,mm/s,2026-S1,réelle,
EQ-MIX-379,2026-01-12 12:00:00+00:00,vibration_mm_s,2.52,mm/s,2026-S1,réelle,
EQ-OVEN-001,2026-01-12 12:00:00+00:00,temperature_c,45.2,°C,2026-S1,réelle,
EQ-OVEN-123,2026-01-12 12:00:00+00:00,temperature_c,59.89,°C,2026-S1,réelle,
EQ-OVEN-223,2026-01-12 12:00:00+00:00,temperature_c,66.68,°C,2026-S1,réelle,
EQ-OVEN-366,2026-01-12 12:00:00+00:00,temperature_c,53.25,°C,2026-S1,réelle,
EQ-OVEN-386,2026-01-12 12:00:00+00:00,temperature_c,66.71,°C,2026-S1,réelle,
EQ-PUMP-001,2026-01-12 12:00:00+00:00,temperature_c,58.17,°C,2026-S1,réelle,
EQ-PUMP-006,2026-01-12 12:00:00+00:00,temperature_c,58.03,°C,2026-S1,réelle,
EQ-PUMP-006,2026-01-12 12:00:00+00:00,vibration_mm_s,2.47,mm/s,2026-S1,réelle,
EQ-PUMP-171,2026-01-12 12:00:00+00:00,temperature_c,58.39,°C,2026-S1,réelle,
EQ-PUMP-171,2026-01-12 12:00:00+00:00,vibration_mm_s,3.01,mm/s,2026-S1,réelle,
EQ-PUMP-350,2026-01-12 12:00:00+00:00,temperature_c,60.76,°C,2026-S1,réelle,
EQ-PUMP-350,2026-01-12 12:00:00+00:00,vibration_mm_s,2.66,mm/s,2026-S1,réelle,
EQ-ROBOT-358,2026-01-12 12:00:00+00:00,vibration_mm_s,2.68,mm/s,2026-S1,réelle,
EQ-SENSOR-305,2026-01-12 12:00:00+00:00,temperature_c,57.71,°C,2026-S1,réelle,
EQ-STEAM-341,2026-01-12 12:00:00+00:00,temperature_c,56.61,°C,2026-S1,réelle,
EQ-STEAM-352,2026-01-12 12:00:00+00:00,temperature_c,56.42,°C,2026-S1,réelle,
EQ-PUMP-001,2026-01-12 14:00:00+00:00,vibration_mm_s,3.49,mm/s,2026-S1,réelle,
EQ-CAB-134,2026-01-12 18:00:00+00:00,temperature_c,56.33,°C,2026-S1,réelle,
EQ-CHILL-001,2026-01-12 18:00:00+00:00,temperature_c,51.68,°C,2026-S1,réelle,
EQ-CHILL-115,2026-01-12 18:00:00+00:00,temperature_c,55.95,°C,2026-S1,réelle,
EQ-CHILL-168,2026-01-12 18:00:00+00:00,temperature_c,57.56,°C,2026-S1,réelle,
EQ-CHILL-188,2026-01-12 18:00:00+00:00,temperature_c,59.44,°C,2026-S1,réelle,
EQ-CHILL-248,2026-01-12 18:00:00+00:00,temperature_c,58.9,°C,2026-S1,réelle,
EQ-COMP-002,2026-01-12 18:00:00+00:00,temperature_c,58.52,°C,2026-S1,réelle,
EQ-COMP-113,2026-01-12 18:00:00+00:00,temperature_c,58.74,°C,2026-S1,réelle,
EQ-COMP-233,2026-01-12 18:00:00+00:00,temperature_c,61.32,°C,2026-S1,réelle,
EQ-FAN-002,2026-01-12 18:00:00+00:00,vibration_mm_s,2.51,mm/s,2026-S1,réelle,
EQ-FAN-003,2026-01-12 18:00:00+00:00,vibration_mm_s,2.4,mm/s,2026-S1,réelle,
EQ-FAN-204,2026-01-12 18:00:00+00:00,vibration_mm_s,2.91,mm/s,2026-S1,réelle,
EQ-FAN-284,2026-01-12 18:00:00+00:00,vibration_mm_s,2.08,mm/s,2026-S1,réelle,
EQ-FAN-304,2026-01-12 18:00:00+00:00,vibration_mm_s,2.93,mm/s,2026-S1,réelle,
EQ-MIX-159,2026-01-12 18:00:00+00:00,vibration_mm_s,2.46,mm/s,2026-S1,réelle,
EQ-MIX-259,2026-01-12 18:00:00+00:00,vibration_mm_s,2.83,mm/s,2026-S1,réelle,
EQ-MIX-379,2026-01-12 18:00:00+00:00,vibration_mm_s,3.13,mm/s,2026-S1,réelle,
EQ-OVEN-001,2026-01-12 18:00:00+00:00,temperature_c,50.83,°C,2026-S1,réelle,
EQ-OVEN-123,2026-01-12 18:00:00+00:00,temperature_c,63.52,°C,2026-S1,réelle,
EQ-OVEN-223,2026-01-12 18:00:00+00:00,temperature_c,58.52,°C,2026-S1,réelle,
EQ-OVEN-366,2026-01-12 18:00:00+00:00,temperature_c,58.44,°C,2026-S1,réelle,
EQ-OVEN-386,2026-01-12 18:00:00+00:00,temperature_c,61.86,°C,2026-S1,réelle,
EQ-PUMP-001,2026-01-12 18:00:00+00:00,temperature_c,55.55,°C,2026-S1,réelle,
EQ-PUMP-006,2026-01-12 18:00:00+00:00,temperature_c,54.6,°C,2026-S1,réelle,
EQ-PUMP-006,2026-01-12 18:00:00+00:00,vibration_mm_s,3.08,mm/s,2026-S1,réelle,
EQ-PUMP-171,2026-01-12 18:00:00+00:00,temperature_c,60.37,°C,2026-S1,réelle,
EQ-PUMP-171,2026-01-12 18:00:00+00:00,vibration_mm_s,3.63,mm/s,2026-S1,réelle,
EQ-PUMP-350,2026-01-12 18:00:00+00:00,temperature_c,56.29,°C,2026-S1,réelle,
EQ-PUMP-350,2026-01-12 18:00:00+00:00,vibration_mm_s,2.94,mm/s,2026-S1,réelle,
EQ-ROBOT-358,2026-01-12 18:00:00+00:00,vibration_mm_s,2.51,mm/s,2026-S1,réelle,
EQ-SENSOR-305,2026-01-12 18:00:00+00:00,temperature_c,54.13,°C,2026-S1,réelle,
EQ-STEAM-341,2026-01-12 18:00:00+00:00,temperature_c,49.09,°C,2026-S1,réelle,
EQ-STEAM-352,2026-01-12 18:00:00+00:00,temperature_c,56.83,°C,2026-S1,réelle,
EQ-PUMP-001,2026-01-12 20:00:00+00:00,vibration_mm_s,2.81,mm/s,2026-S1,réelle,
EQ-CAB-134,2026-01-13 00:00:00+00:00,temperature_c,58.68,°C,2026-S1,réelle,
EQ-CHILL-001,2026-01-13 00:00:00+00:00,temperature_c,54.1,°C,2026-S1,réelle,
EQ-CHILL-115,2026-01-13 00:00:00+00:00,temperature_c,54.63,°C,2026-S1,réelle,
EQ-CHILL-168,2026-01-13 00:00:00+00:00,temperature_c,66.16,°C,2026-S1,réelle,
EQ-CHILL-188,2026-01-13 00:00:00+00:00,temperature_c,62.42,°C,2026-S1,réelle,
EQ-CHILL-248,2026-01-13 00:00:00+00:00,temperature_c,53.87,°C,2026-S1,réelle,
EQ-COMP-002,2026-01-13 00:00:00+00:00,temperature_c,63.16,°C,2026-S1,réelle,
EQ-COMP-113,2026-01-13 00:00:00+00:00,temperature_c,67.65,°C,2026-S1,réelle,
EQ-COMP-233,2026-01-13 00:00:00+00:00,temperature_c,66.37,°C,2026-S1,réelle,
EQ-FAN-002,2026-01-13 00:00:00+00:00,vibration_mm_s,3.36,mm/s,2026-S1,réelle,
EQ-FAN-003,2026-01-13 00:00:00+00:00,vibration_mm_s,2.79,mm/s,2026-S1,réelle,
EQ-FAN-204,2026-01-13 00:00:00+00:00,vibration_mm_s,2.78,mm/s,2026-S1,réelle,
EQ-FAN-284,2026-01-13 00:00:00+00:00,vibration_mm_s,2.59,mm/s,2026-S1,réelle,
EQ-FAN-304,2026-01-13 00:00:00+00:00,vibration_mm_s,2.09,mm/s,2026-S1,réelle,
EQ-MIX-159,2026-01-13 00:00:00+00:00,vibration_mm_s,2.64,mm/s,2026-S1,réelle,
EQ-MIX-259,2026-01-13 00:00:00+00:00,vibration_mm_s,2.78,mm/s,2026-S1,réelle,
EQ-MIX-379,2026-01-13 00:00:00+00:00,vibration_mm_s,3.19,mm/s,2026-S1,réelle,
EQ-OVEN-001,2026-01-13 00:00:00+00:00,temperature_c,56.98,°C,2026-S1,réelle,
EQ-OVEN-123,2026-01-13 00:00:00+00:00,temperature_c,57.54,°C,2026-S1,réelle,
EQ-OVEN-223,2026-01-13 00:00:00+00:00,temperature_c,58.45,°C,2026-S1,réelle,
EQ-OVEN-366,2026-01-13 00:00:00+00:00,temperature_c,50.45,°C,2026-S1,réelle,
EQ-OVEN-386,2026-01-13 00:00:00+00:00,temperature_c,56.92,°C,2026-S1,réelle,
EQ-PUMP-001,2026-01-13 00:00:00+00:00,temperature_c,57.52,°C,2026-S1,réelle,
EQ-PUMP-006,2026-01-13 00:00:00+00:00,temperature_c,52.34,°C,2026-S1,réelle,
EQ-PUMP-006,2026-01-13 00:00:00+00:00,vibration_mm_s,3.74,mm/s,2026-S1,réelle,
EQ-PUMP-171,2026-01-13 00:00:00+00:00,temperature_c,66.74,°C,2026-S1,réelle,
EQ-PUMP-171,2026-01-13 00:00:00+00:00,vibration_mm_s,2.89,mm/s,2026-S1,réelle,
EQ-PUMP-350,2026-01-13 00:00:00+00:00,temperature_c,60.79,°C,2026-S1,réelle,
EQ-PUMP-350,2026-01-13 00:00:00+00:00,vibration_mm_s,3.35,mm/s,2026-S1,réelle,
EQ-ROBOT-358,2026-01-13 00:00:00+00:00,vibration_mm_s,3.04,mm/s,2026-S1,réelle,
EQ-SENSOR-305,2026-01-13 00:00:00+00:00,temperature_c,55.72,°C,2026-S1,réelle,
EQ-STEAM-341,2026-01-13 00:00:00+00:00,temperature_c,55.18,°C,2026-S1,réelle,
EQ-STEAM-352,2026-01-13 00:00:00+00:00,temperature_c,60.82,°C,2026-S1,réelle,
EQ-PUMP-001,2026-01-13 02:00:00+00:00,vibration_mm_s,3.12,mm/s,2026-S1,réelle,
EQ-CAB-134,2026-01-13 06:00:00+00:00,temperature_c,55.35,°C,2026-S1,réelle,
EQ-CHILL-001,2026-01-13 06:00:00+00:00,temperature_c,57.54,°C,2026-S1,réelle,
EQ-CHILL-115,2026-01-13 06:00:00+00:00,temperature_c,64.84,°C,2026-S1,réelle,
EQ-CHILL-168,2026-01-13 06:00:00+00:00,temperature_c,58.53,°C,2026-S1,réelle,
EQ-CHILL-188,2026-01-13 06:00:00+00:00,temperature_c,55.81,°C,2026-S1,réelle,
EQ-CHILL-248,2026-01-13 06:00:00+00:00,temperature_c,50.48,°C,2026-S1,réelle,
EQ-COMP-002,2026-01-13 06:00:00+00:00,temperature_c,62.49,°C,2026-S1,réelle,
EQ-COMP-113,2026-01-13 06:00:00+00:00,temperature_c,64.52,°C,2026-S1,réelle,
EQ-COMP-233,2026-01-13 06:00:00+00:00,temperature_c,60.44,°C,2026-S1,réelle,
EQ-FAN-002,2026-01-13 06:00:00+00:00,vibration_mm_s,3.37,mm/s,2026-S1,réelle,
EQ-FAN-003,2026-01-13 06:00:00+00:00,vibration_mm_s,3.03,mm/s,2026-S1,réelle,
EQ-FAN-204,2026-01-13 06:00:00+00:00,vibration_mm_s,3.31,mm/s,2026-S1,réelle,
EQ-FAN-284,2026-01-13 06:00:00+00:00,vibration_mm_s,2.64,mm/s,2026-S1,réelle,
EQ-FAN-304,2026-01-13 06:00:00+00:00,vibration_mm_s,2.3,mm/s,2026-S1,réelle,
EQ-MIX-159,2026-01-13 06:00:00+00:00,vibration_mm_s,2.99,mm/s,2026-S1,réelle,
EQ-MIX-259,2026-01-13 06:00:00+00:00,vibration_mm_s,2.56,mm/s,2026-S1,réelle,
EQ-MIX-379,2026-01-13 06:00:00+00:00,vibration_mm_s,2.59,mm/s,2026-S1,réelle,
EQ-OVEN-001,2026-01-13 06:00:00+00:00,temperature_c,48.83,°C,2026-S1,réelle,
EQ-OVEN-123,2026-01-13 06:00:00+00:00,temperature_c,55.65,°C,2026-S1,réelle,
EQ-OVEN-223,2026-01-13 06:00:00+00:00,temperature_c,63.37,°C,2026-S1,réelle,
EQ-OVEN-366,2026-01-13 06:00:00+00:00,temperature_c,45.08,°C,2026-S1,réelle,
EQ-OVEN-386,2026-01-13 06:00:00+00:00,temperature_c,64.45,°C,2026-S1,réelle,
EQ-PUMP-001,2026-01-13 06:00:00+00:00,temperature_c,61.62,°C,2026-S1,réelle,
EQ-PUMP-006,2026-01-13 06:00:00+00:00,temperature_c,59.42,°C,2026-S1,réelle,
EQ-PUMP-006,2026-01-13 06:00:00+00:00,vibration_mm_s,2.37,mm/s,2026-S1,réelle,
EQ-PUMP-171,2026-01-13 06:00:00+00:00,temperature_c,63.12,°C,2026-S1,réelle,
EQ-PUMP-171,2026-01-13 06:00:00+00:00,vibration_mm_s,2.44,mm/s,2026-S1,réelle,
EQ-PUMP-350,2026-01-13 06:00:00+00:00,temperature_c,65.19,°C,2026-S1,réelle,
EQ-PUMP-350,2026-01-13 06:00:00+00:00,vibration_mm_s,3.24,mm/s,2026-S1,réelle,
EQ-ROBOT-358,2026-01-13 06:00:00+00:00,vibration_mm_s,3.57,mm/s,2026-S1,réelle,
EQ-SENSOR-305,2026-01-13 06:00:00+00:00,temperature_c,62.51,°C,2026-S1,réelle,
EQ-STEAM-341,2026-01-13 06:00:00+00:00,temperature_c,60.34,°C,2026-S1,réelle,
EQ-STEAM-352,2026-01-13 06:00:00+00:00,temperature_c,64.43,°C,2026-S1,réelle,
EQ-PUMP-001,2026-01-13 08:00:00+00:00,vibration_mm_s,3.61,mm/s,2026-S1,réelle,
EQ-CAB-134,2026-01-13 12:00:00+00:00,temperature_c,52.44,°C,2026-S1,réelle,
EQ-CHILL-001,2026-01-13 12:00:00+00:00,temperature_c,60.61,°C,2026-S1,réelle,
EQ-CHILL-115,2026-01-13 12:00:00+00:00,temperature_c,60.17,°C,2026-S1,réelle,
EQ-CHILL-168,2026-01-13 12:00:00+00:00,temperature_c,55.09,°C,2026-S1,réelle,
EQ-CHILL-188,2026-01-13 12:00:00+00:00,temperature_c,55.14,°C,2026-S1,réelle,
EQ-CHILL-248,2026-01-13 12:00:00+00:00,temperature_c,54.05,°C,2026-S1,réelle,
EQ-COMP-002,2026-01-13 12:00:00+00:00,temperature_c,56.93,°C,2026-S1,réelle,
EQ-COMP-113,2026-01-13 12:00:00+00:00,temperature_c,59.99,°C,2026-S1,réelle,
EQ-COMP-233,2026-01-13 12:00:00+00:00,temperature_c,56.25,°C,2026-S1,réelle,
EQ-FAN-002,2026-01-13 12:00:00+00:00,vibration_mm_s,2.7,mm/s,2026-S1,réelle,
EQ-FAN-003,2026-01-13 12:00:00+00:00,vibration_mm_s,3.08,mm/s,2026-S1,réelle,
EQ-FAN-204,2026-01-13 12:00:00+00:00,vibration_mm_s,3.86,mm/s,2026-S1,réelle,
EQ-FAN-284,2026-01-13 12:00:00+00:00,vibration_mm_s,2.8,mm/s,2026-S1,réelle,
EQ-FAN-304,2026-01-13 12:00:00+00:00,vibration_mm_s,2.83,mm/s,2026-S1,réelle,
EQ-MIX-159,2026-01-13 12:00:00+00:00,vibration_mm_s,2.55,mm/s,2026-S1,réelle,
EQ-MIX-259,2026-01-13 12:00:00+00:00,vibration_mm_s,3.1,mm/s,2026-S1,réelle,
EQ-MIX-379,2026-01-13 12:00:00+00:00,vibration_mm_s,2.75,mm/s,2026-S1,réelle,
EQ-OVEN-001,2026-01-13 12:00:00+00:00,temperature_c,46.81,°C,2026-S1,réelle,
EQ-OVEN-123,2026-01-13 12:00:00+00:00,temperature_c,57.59,°C,2026-S1,réelle,
EQ-OVEN-223,2026-01-13 12:00:00+00:00,temperature_c,65.0,°C,2026-S1,réelle,
EQ-OVEN-366,2026-01-13 12:00:00+00:00,temperature_c,50.83,°C,2026-S1,réelle,
EQ-OVEN-386,2026-01-13 12:00:00+00:00,temperature_c,65.88,°C,2026-S1,réelle,
EQ-PUMP-001,2026-01-13 12:00:00+00:00,temperature_c,56.53,°C,2026-S1,réelle,
EQ-PUMP-006,2026-01-13 12:00:00+00:00,temperature_c,57.25,°C,2026-S1,réelle,
EQ-PUMP-006,2026-01-13 12:00:00+00:00,vibration_mm_s,3.34,mm/s,2026-S1,réelle,
EQ-PUMP-171,2026-01-13 12:00:00+00:00,temperature_c,57.73,°C,2026-S1,réelle,
EQ-PUMP-171,2026-01-13 12:00:00+00:00,vibration_mm_s,3.0,mm/s,2026-S1,réelle,
EQ-PUMP-350,2026-01-13 12:00:00+00:00,temperature_c,60.95,°C,2026-S1,réelle,
EQ-PUMP-350,2026-01-13 12:00:00+00:00,vibration_mm_s,2.25,mm/s,2026-S1,réelle,
EQ-ROBOT-358,2026-01-13 12:00:00+00:00,vibration_mm_s,2.75,mm/s,2026-S1,réelle,
EQ-SENSOR-305,2026-01-13 12:00:00+00:00,temperature_c,54.41,°C,2026-S1,réelle,
EQ-STEAM-341,2026-01-13 12:00:00+00:00,temperature_c,59.49,°C,2026-S1,réelle,
EQ-STEAM-352,2026-01-13 12:00:00+00:00,temperature_c,57.89,°C,2026-S1,réelle,
EQ-PUMP-001,2026-01-13 14:00:00+00:00,vibration_mm_s,2.66,mm/s,2026-S1,réelle,
EQ-CAB-134,2026-01-13 18:00:00+00:00,temperature_c,57.0,°C,2026-S1,réelle,
EQ-CHILL-001,2026-01-13 18:00:00+00:00,temperature_c,53.77,°C,2026-S1,réelle,
EQ-CHILL-115,2026-01-13 18:00:00+00:00,temperature_c,56.78,°C,2026-S1,réelle,
EQ-CHILL-168,2026-01-13 18:00:00+00:00,temperature_c,58.42,°C,2026-S1,réelle,
EQ-CHILL-188,2026-01-13 18:00:00+00:00,temperature_c,58.05,°C,2026-S1,réelle,
EQ-CHILL-248,2026-01-13 18:00:00+00:00,temperature_c,59.68,°C,2026-S1,réelle,
EQ-COMP-002,2026-01-13 18:00:00+00:00,temperature_c,58.97,°C,2026-S1,réelle,
EQ-COMP-113,2026-01-13 18:00:00+00:00,temperature_c,59.63,°C,2026-S1,réelle,
EQ-COMP-233,2026-01-13 18:00:00+00:00,temperature_c,59.18,°C,2026-S1,réelle,
EQ-FAN-002,2026-01-13 18:00:00+00:00,vibration_mm_s,2.53,mm/s,2026-S1,réelle,
EQ-FAN-003,2026-01-13 18:00:00+00:00,vibration_mm_s,3.23,mm/s,2026-S1,réelle,
EQ-FAN-204,2026-01-13 18:00:00+00:00,vibration_mm_s,2.96,mm/s,2026-S1,réelle,
EQ-FAN-284,2026-01-13 18:00:00+00:00,vibration_mm_s,2.32,mm/s,2026-S1,réelle,
EQ-FAN-304,2026-01-13 18:00:00+00:00,vibration_mm_s,2.94,mm/s,2026-S1,réelle,
EQ-MIX-159,2026-01-13 18:00:00+00:00,vibration_mm_s,2.17,mm/s,2026-S1,réelle,
EQ-MIX-259,2026-01-13 18:00:00+00:00,vibration_mm_s,2.85,mm/s,2026-S1,réelle,
EQ-MIX-379,2026-01-13 18:00:00+00:00,vibration_mm_s,3.22,mm/s,2026-S1,réelle,
EQ-OVEN-001,2026-01-13 18:00:00+00:00,temperature_c,50.31,°C,2026-S1,réelle,
EQ-OVEN-123,2026-01-13 18:00:00+00:00,temperature_c,60.48,°C,2026-S1,réelle,
EQ-OVEN-223,2026-01-13 18:00:00+00:00,temperature_c,56.93,°C,2026-S1,réelle,
EQ-OVEN-366,2026-01-13 18:00:00+00:00,temperature_c,56.29,°C,2026-S1,réelle,
EQ-OVEN-386,2026-01-13 18:00:00+00:00,temperature_c,64.3,°C,2026-S1,réelle,
EQ-PUMP-001,2026-01-13 18:00:00+00:00,temperature_c,54.76,°C,2026-S1,réelle,
EQ-PUMP-006,2026-01-13 18:00:00+00:00,temperature_c,51.46,°C,2026-S1,réelle,
EQ-PUMP-006,2026-01-13 18:00:00+00:00,vibration_mm_s,3.02,mm/s,2026-S1,réelle,
EQ-PUMP-171,2026-01-13 18:00:00+00:00,temperature_c,57.89,°C,2026-S1,réelle,
EQ-PUMP-171,2026-01-13 18:00:00+00:00,vibration_mm_s,2.95,mm/s,2026-S1,réelle,
EQ-PUMP-350,2026-01-13 18:00:00+00:00,temperature_c,56.87,°C,2026-S1,réelle,
EQ-PUMP-350,2026-01-13 18:00:00+00:00,vibration_mm_s,2.91,mm/s,2026-S1,réelle,
EQ-ROBOT-358,2026-01-13 18:00:00+00:00,vibration_mm_s,2.74,mm/s,2026-S1,réelle,
EQ-SENSOR-305,2026-01-13 18:00:00+00:00,temperature_c,51.72,°C,2026-S1,réelle,
EQ-STEAM-341,2026-01-13 18:00:00+00:00,temperature_c,53.61,°C,2026-S1,réelle,
EQ-STEAM-352,2026-01-13 18:00:00+00:00,temperature_c,55.84,°C,2026-S1,réelle,
EQ-PUMP-001,2026-01-13 20:00:00+00:00,vibration_mm_s,2.75,mm/s,2026-S1,réelle,
EQ-CAB-134,2026-01-14 00:00:00+00:00,temperature_c,60.61,°C,2026-S1,réelle,
EQ-CHILL-001,2026-01-14 00:00:00+00:00,temperature_c,52.53,°C,2026-S1,réelle,
EQ-CHILL-115,2026-01-14 00:00:00+00:00,temperature_c,58.14,°C,2026-S1,réelle,
EQ-CHILL-168,2026-01-14 00:00:00+00:00,temperature_c,64.08,°C,2026-S1,réelle,
EQ-CHILL-188,2026-01-14 00:00:00+00:00,temperature_c,63.95,°C,2026-S1,réelle,
EQ-CHILL-248,2026-01-14 00:00:00+00:00,temperature_c,52.08,°C,2026-S1,réelle,
EQ-COMP-002,2026-01-14 00:00:00+00:00,temperature_c,64.15,°C,2026-S1,réelle,
EQ-COMP-113,2026-01-14 00:00:00+00:00,temperature_c,67.05,°C,2026-S1,réelle,
EQ-COMP-233,2026-01-14 00:00:00+00:00,temperature_c,65.17,°C,2026-S1,réelle,
EQ-FAN-002,2026-01-14 00:00:00+00:00,vibration_mm_s,2.84,mm/s,2026-S1,réelle,
EQ-FAN-003,2026-01-14 00:00:00+00:00,vibration_mm_s,2.67,mm/s,2026-S1,réelle,
EQ-FAN-204,2026-01-14 00:00:00+00:00,vibration_mm_s,2.46,mm/s,2026-S1,réelle,
EQ-FAN-284,2026-01-14 00:00:00+00:00,vibration_mm_s,2.1,mm/s,2026-S1,réelle,
EQ-FAN-304,2026-01-14 00:00:00+00:00,vibration_mm_s,2.63,mm/s,2026-S1,réelle,
EQ-MIX-159,2026-01-14 00:00:00+00:00,vibration_mm_s,2.73,mm/s,2026-S1,réelle,
EQ-MIX-259,2026-01-14 00:00:00+00:00,vibration_mm_s,2.23,mm/s,2026-S1,réelle,
EQ-MIX-379,2026-01-14 00:00:00+00:00,vibration_mm_s,2.94,mm/s,2026-S1,réelle,
EQ-OVEN-001,2026-01-14 00:00:00+00:00,temperature_c,56.18,°C,2026-S1,réelle,
EQ-OVEN-123,2026-01-14 00:00:00+00:00,temperature_c,54.37,°C,2026-S1,réelle,
EQ-OVEN-223,2026-01-14 00:00:00+00:00,temperature_c,57.49,°C,2026-S1,réelle,
EQ-OVEN-366,2026-01-14 00:00:00+00:00,temperature_c,50.88,°C,2026-S1,réelle,
EQ-OVEN-386,2026-01-14 00:00:00+00:00,temperature_c,57.57,°C,2026-S1,réelle,
EQ-PUMP-001,2026-01-14 00:00:00+00:00,temperature_c,61.17,°C,2026-S1,réelle,
EQ-PUMP-006,2026-01-14 00:00:00+00:00,temperature_c,52.33,°C,2026-S1,réelle,
EQ-PUMP-006,2026-01-14 00:00:00+00:00,vibration_mm_s,2.92,mm/s,2026-S1,réelle,
EQ-PUMP-171,2026-01-14 00:00:00+00:00,temperature_c,66.65,°C,2026-S1,réelle,
EQ-PUMP-171,2026-01-14 00:00:00+00:00,vibration_mm_s,2.7,mm/s,2026-S1,réelle,
EQ-PUMP-350,2026-01-14 00:00:00+00:00,temperature_c,62.67,°C,2026-S1,réelle,
EQ-PUMP-350,2026-01-14 00:00:00+00:00,vibration_mm_s,3.65,mm/s,2026-S1,réelle,
EQ-ROBOT-358,2026-01-14 00:00:00+00:00,vibration_mm_s,2.79,mm/s,2026-S1,réelle,
EQ-SENSOR-305,2026-01-14 00:00:00+00:00,temperature_c,56.34,°C,2026-S1,réelle,
EQ-STEAM-341,2026-01-14 00:00:00+00:00,temperature_c,54.46,°C,2026-S1,réelle,
EQ-STEAM-352,2026-01-14 00:00:00+00:00,temperature_c,60.92,°C,2026-S1,réelle,
EQ-PUMP-001,2026-01-14 02:00:00+00:00,vibration_mm_s,3.18,mm/s,2026-S1,réelle,
EQ-CAB-134,2026-01-14 06:00:00+00:00,temperature_c,51.13,°C,2026-S1,réelle,
EQ-CHILL-001,2026-01-14 06:00:00+00:00,temperature_c,57.88,°C,2026-S1,réelle,
EQ-CHILL-115,2026-01-14 06:00:00+00:00,temperature_c,66.55,°C,2026-S1,réelle,
EQ-CHILL-168,2026-01-14 06:00:00+00:00,temperature_c,61.67,°C,2026-S1,réelle,
EQ-CHILL-188,2026-01-14 06:00:00+00:00,temperature_c,56.45,°C,2026-S1,réelle,
EQ-CHILL-248,2026-01-14 06:00:00+00:00,temperature_c,48.65,°C,2026-S1,réelle,
EQ-COMP-002,2026-01-14 06:00:00+00:00,temperature_c,61.94,°C,2026-S1,réelle,
EQ-COMP-113,2026-01-14 06:00:00+00:00,temperature_c,64.74,°C,2026-S1,réelle,
EQ-COMP-233,2026-01-14 06:00:00+00:00,temperature_c,60.8,°C,2026-S1,réelle,
EQ-FAN-002,2026-01-14 06:00:00+00:00,vibration_mm_s,3.34,mm/s,2026-S1,réelle,
EQ-FAN-003,2026-01-14 06:00:00+00:00,vibration_mm_s,2.95,mm/s,2026-S1,réelle,
EQ-FAN-204,2026-01-14 06:00:00+00:00,vibration_mm_s,2.86,mm/s,2026-S1,réelle,
EQ-FAN-284,2026-01-14 06:00:00+00:00,vibration_mm_s,2.84,mm/s,2026-S1,réelle,
EQ-FAN-304,2026-01-14 06:00:00+00:00,vibration_mm_s,2.48,mm/s,2026-S1,réelle,
EQ-MIX-159,2026-01-14 06:00:00+00:00,vibration_mm_s,3.07,mm/s,2026-S1,réelle,
EQ-MIX-259,2026-01-14 06:00:00+00:00,vibration_mm_s,2.29,mm/s,2026-S1,réelle,
EQ-MIX-379,2026-01-14 06:00:00+00:00,vibration_mm_s,2.95,mm/s,2026-S1,réelle,
EQ-OVEN-001,2026-01-14 06:00:00+00:00,temperature_c,51.56,°C,2026-S1,réelle,
EQ-OVEN-123,2026-01-14 06:00:00+00:00,temperature_c,53.6,°C,2026-S1,réelle,
EQ-OVEN-223,2026-01-14 06:00:00+00:00,temperature_c,64.38,°C,2026-S1,réelle,
EQ-OVEN-366,2026-01-14 06:00:00+00:00,temperature_c,47.33,°C,2026-S1,réelle,
EQ-OVEN-386,2026-01-14 06:00:00+00:00,temperature_c,61.81,°C,2026-S1,réelle,
EQ-PUMP-001,2026-01-14 06:00:00+00:00,temperature_c,62.5,°C,2026-S1,réelle,
EQ-PUMP-006,2026-01-14 06:00:00+00:00,temperature_c,60.29,°C,2026-S1,réelle,
EQ-PUMP-006,2026-01-14 06:00:00+00:00,vibration_mm_s,2.91,mm/s,2026-S1,réelle,
EQ-PUMP-171,2026-01-14 06:00:00+00:00,temperature_c,63.41,°C,2026-S1,réelle,
EQ-PUMP-171,2026-01-14 06:00:00+00:00,vibration_mm_s,2.68,mm/s,2026-S1,réelle,
EQ-PUMP-350,2026-01-14 06:00:00+00:00,temperature_c,67.52,°C,2026-S1,réelle,
EQ-PUMP-350,2026-01-14 06:00:00+00:00,vibration_mm_s,2.85,mm/s,2026-S1,réelle,
EQ-ROBOT-358,2026-01-14 06:00:00+00:00,vibration_mm_s,2.91,mm/s,2026-S1,réelle,
EQ-SENSOR-305,2026-01-14 06:00:00+00:00,temperature_c,59.38,°C,2026-S1,réelle,
EQ-STEAM-341,2026-01-14 06:00:00+00:00,temperature_c,60.25,°C,2026-S1,réelle,
EQ-STEAM-352,2026-01-14 06:00:00+00:00,temperature_c,63.04,°C,2026-S1,réelle,
EQ-PUMP-001,2026-01-14 08:00:00+00:00,vibration_mm_s,3.34,mm/s,2026-S1,réelle,
EQ-CAB-134,2026-01-14 12:00:00+00:00,temperature_c,49.94,°C,2026-S1,réelle,
EQ-CHILL-001,2026-01-14 12:00:00+00:00,temperature_c,60.71,°C,2026-S1,réelle,
EQ-CHILL-115,2026-01-14 12:00:00+00:00,temperature_c,61.99,°C,2026-S1,réelle,
EQ-CHILL-168,2026-01-14 12:00:00+00:00,temperature_c,56.97,°C,2026-S1,réelle,
EQ-CHILL-188,2026-01-14 12:00:00+00:00,temperature_c,56.1,°C,2026-S1,réelle,
EQ-CHILL-248,2026-01-14 12:00:00+00:00,temperature_c,53.46,°C,2026-S1,réelle,
EQ-COMP-002,2026-01-14 12:00:00+00:00,temperature_c,58.71,°C,2026-S1,réelle,
EQ-COMP-113,2026-01-14 12:00:00+00:00,temperature_c,59.21,°C,2026-S1,réelle,
EQ-COMP-233,2026-01-14 12:00:00+00:00,temperature_c,55.5,°C,2026-S1,réelle,
EQ-FAN-002,2026-01-14 12:00:00+00:00,vibration_mm_s,2.96,mm/s,2026-S1,réelle,
EQ-FAN-003,2026-01-14 12:00:00+00:00,vibration_mm_s,2.98,mm/s,2026-S1,réelle,
EQ-FAN-204,2026-01-14 12:00:00+00:00,vibration_mm_s,3.3,mm/s,2026-S1,réelle,
EQ-FAN-284,2026-01-14 12:00:00+00:00,vibration_mm_s,3.22,mm/s,2026-S1,réelle,
EQ-FAN-304,2026-01-14 12:00:00+00:00,vibration_mm_s,2.94,mm/s,2026-S1,réelle,
EQ-MIX-159,2026-01-14 12:00:00+00:00,vibration_mm_s,2.8,mm/s,2026-S1,réelle,
EQ-MIX-259,2026-01-14 12:00:00+00:00,vibration_mm_s,3.06,mm/s,2026-S1,réelle,
EQ-MIX-379,2026-01-14 12:00:00+00:00,vibration_mm_s,2.77,mm/s,2026-S1,réelle,
EQ-OVEN-001,2026-01-14 12:00:00+00:00,temperature_c,44.09,°C,2026-S1,réelle,
EQ-OVEN-123,2026-01-14 12:00:00+00:00,temperature_c,59.77,°C,2026-S1,réelle,
EQ-OVEN-223,2026-01-14 12:00:00+00:00,temperature_c,64.2,°C,2026-S1,réelle,
EQ-OVEN-366,2026-01-14 12:00:00+00:00,temperature_c,53.71,°C,2026-S1,réelle,
EQ-OVEN-386,2026-01-14 12:00:00+00:00,temperature_c,65.22,°C,2026-S1,réelle,
EQ-PUMP-001,2026-01-14 12:00:00+00:00,temperature_c,57.25,°C,2026-S1,réelle,
EQ-PUMP-006,2026-01-14 12:00:00+00:00,temperature_c,57.86,°C,2026-S1,réelle,
EQ-PUMP-006,2026-01-14 12:00:00+00:00,vibration_mm_s,3.09,mm/s,2026-S1,réelle,
EQ-PUMP-171,2026-01-14 12:00:00+00:00,temperature_c,61.28,°C,2026-S1,réelle,
EQ-PUMP-171,2026-01-14 12:00:00+00:00,vibration_mm_s,3.02,mm/s,2026-S1,réelle,
EQ-PUMP-350,2026-01-14 12:00:00+00:00,temperature_c,59.49,°C,2026-S1,réelle,
EQ-PUMP-350,2026-01-14 12:00:00+00:00,vibration_mm_s,2.74,mm/s,2026-S1,réelle,
EQ-ROBOT-358,2026-01-14 12:00:00+00:00,vibration_mm_s,2.38,mm/s,2026-S1,réelle,
EQ-SENSOR-305,2026-01-14 12:00:00+00:00,temperature_c,55.61,°C,2026-S1,réelle,
EQ-STEAM-341,2026-01-14 12:00:00+00:00,temperature_c,57.2,°C,2026-S1,réelle,
EQ-STEAM-352,2026-01-14 12:00:00+00:00,temperature_c,56.78,°C,2026-S1,réelle,
EQ-PUMP-001,2026-01-14 14:00:00+00:00,vibration_mm_s,3.06,mm/s,2026-S1,réelle,
EQ-CAB-134,2026-01-14 18:00:00+00:00,temperature_c,59.18,°C,2026-S1,réelle,
EQ-CHILL-001,2026-01-14 18:00:00+00:00,temperature_c,53.16,°C,2026-S1,réelle,
EQ-CHILL-115,2026-01-14 18:00:00+00:00,temperature_c,55.18,°C,2026-S1,réelle,
EQ-CHILL-168,2026-01-14 18:00:00+00:00,temperature_c,56.69,°C,2026-S1,réelle,
EQ-CHILL-188,2026-01-14 18:00:00+00:00,temperature_c,62.79,°C,2026-S1,réelle,
EQ-CHILL-248,2026-01-14 18:00:00+00:00,temperature_c,58.86,°C,2026-S1,réelle,
EQ-COMP-002,2026-01-14 18:00:00+00:00,temperature_c,57.07,°C,2026-S1,réelle,
EQ-COMP-113,2026-01-14 18:00:00+00:00,temperature_c,60.87,°C,2026-S1,réelle,
EQ-COMP-233,2026-01-14 18:00:00+00:00,temperature_c,57.94,°C,2026-S1,réelle,
EQ-FAN-002,2026-01-14 18:00:00+00:00,vibration_mm_s,2.4,mm/s,2026-S1,réelle,
EQ-FAN-003,2026-01-14 18:00:00+00:00,vibration_mm_s,3.01,mm/s,2026-S1,réelle,
EQ-FAN-204,2026-01-14 18:00:00+00:00,vibration_mm_s,3.11,mm/s,2026-S1,réelle,
EQ-FAN-284,2026-01-14 18:00:00+00:00,vibration_mm_s,2.46,mm/s,2026-S1,réelle,
EQ-FAN-304,2026-01-14 18:00:00+00:00,vibration_mm_s,3.04,mm/s,2026-S1,réelle,
EQ-MIX-159,2026-01-14 18:00:00+00:00,vibration_mm_s,2.81,mm/s,2026-S1,réelle,
EQ-MIX-259,2026-01-14 18:00:00+00:00,vibration_mm_s,2.87,mm/s,2026-S1,réelle,
EQ-MIX-379,2026-01-14 18:00:00+00:00,vibration_mm_s,3.1,mm/s,2026-S1,réelle,
EQ-OVEN-001,2026-01-14 18:00:00+00:00,temperature_c,50.54,°C,2026-S1,réelle,
EQ-OVEN-123,2026-01-14 18:00:00+00:00,temperature_c,60.48,°C,2026-S1,réelle,
EQ-OVEN-223,2026-01-14 18:00:00+00:00,temperature_c,56.89,°C,2026-S1,réelle,
EQ-OVEN-366,2026-01-14 18:00:00+00:00,temperature_c,55.61,°C,2026-S1,réelle,
EQ-OVEN-386,2026-01-14 18:00:00+00:00,temperature_c,63.54,°C,2026-S1,réelle,
EQ-PUMP-001,2026-01-14 18:00:00+00:00,temperature_c,55.07,°C,2026-S1,réelle,
EQ-PUMP-006,2026-01-14 18:00:00+00:00,temperature_c,50.91,°C,2026-S1,réelle,
EQ-PUMP-006,2026-01-14 18:00:00+00:00,vibration_mm_s,3.24,mm/s,2026-S1,réelle,
EQ-PUMP-171,2026-01-14 18:00:00+00:00,temperature_c,59.53,°C,2026-S1,réelle,
EQ-PUMP-171,2026-01-14 18:00:00+00:00,vibration_mm_s,3.7,mm/s,2026-S1,réelle,
EQ-PUMP-350,2026-01-14 18:00:00+00:00,temperature_c,59.45,°C,2026-S1,réelle,
EQ-PUMP-350,2026-01-14 18:00:00+00:00,vibration_mm_s,2.49,mm/s,2026-S1,réelle,
EQ-ROBOT-358,2026-01-14 18:00:00+00:00,vibration_mm_s,2.79,mm/s,2026-S1,réelle,
EQ-SENSOR-305,2026-01-14 18:00:00+00:00,temperature_c,50.75,°C,2026-S1,réelle,
EQ-STEAM-341,2026-01-14 18:00:00+00:00,temperature_c,51.42,°C,2026-S1,réelle,
EQ-STEAM-352,2026-01-14 18:00:00+00:00,temperature_c,57.11,°C,2026-S1,réelle,
EQ-PUMP-001,2026-01-14 20:00:00+00:00,vibration_mm_s,2.63,mm/s,2026-S1,réelle,
EQ-CAB-134,2026-01-15 00:00:00+00:00,temperature_c,59.87,°C,2026-S1,réelle,
EQ-CHILL-001,2026-01-15 00:00:00+00:00,temperature_c,51.74,°C,2026-S1,réelle,
EQ-CHILL-115,2026-01-15 00:00:00+00:00,temperature_c,60.29,°C,2026-S1,réelle,
EQ-CHILL-168,2026-01-15 00:00:00+00:00,temperature_c,64.64,°C,2026-S1,réelle,
EQ-CHILL-188,2026-01-15 00:00:00+00:00,temperature_c,62.66,°C,2026-S1,réelle,
EQ-CHILL-248,2026-01-15 00:00:00+00:00,temperature_c,53.76,°C,2026-S1,réelle,
EQ-COMP-002,2026-01-15 00:00:00+00:00,temperature_c,65.38,°C,2026-S1,réelle,
EQ-COMP-113,2026-01-15 00:00:00+00:00,temperature_c,65.54,°C,2026-S1,réelle,
EQ-COMP-233,2026-01-15 00:00:00+00:00,temperature_c,62.94,°C,2026-S1,réelle,
EQ-FAN-002,2026-01-15 00:00:00+00:00,vibration_mm_s,3.1,mm/s,2026-S1,réelle,
EQ-FAN-003,2026-01-15 00:00:00+00:00,vibration_mm_s,2.31,mm/s,2026-S1,réelle,
EQ-FAN-204,2026-01-15 00:00:00+00:00,vibration_mm_s,2.3,mm/s,2026-S1,réelle,
EQ-FAN-284,2026-01-15 00:00:00+00:00,vibration_mm_s,2.57,mm/s,2026-S1,réelle,
EQ-FAN-304,2026-01-15 00:00:00+00:00,vibration_mm_s,2.56,mm/s,2026-S1,réelle,
EQ-MIX-159,2026-01-15 00:00:00+00:00,vibration_mm_s,2.35,mm/s,2026-S1,réelle,
EQ-MIX-259,2026-01-15 00:00:00+00:00,vibration_mm_s,2.46,mm/s,2026-S1,réelle,
EQ-MIX-379,2026-01-15 00:00:00+00:00,vibration_mm_s,2.9,mm/s,2026-S1,réelle,
EQ-OVEN-001,2026-01-15 00:00:00+00:00,temperature_c,53.81,°C,2026-S1,réelle,
EQ-OVEN-123,2026-01-15 00:00:00+00:00,temperature_c,55.42,°C,2026-S1,réelle,
EQ-OVEN-223,2026-01-15 00:00:00+00:00,temperature_c,59.88,°C,2026-S1,réelle,
EQ-OVEN-366,2026-01-15 00:00:00+00:00,temperature_c,51.3,°C,2026-S1,réelle,
EQ-OVEN-386,2026-01-15 00:00:00+00:00,temperature_c,58.21,°C,2026-S1,réelle,
EQ-PUMP-001,2026-01-15 00:00:00+00:00,temperature_c,60.01,°C,2026-S1,réelle,
EQ-PUMP-006,2026-01-15 00:00:00+00:00,temperature_c,52.58,°C,2026-S1,réelle,
EQ-PUMP-006,2026-01-15 00:00:00+00:00,vibration_mm_s,3.32,mm/s,2026-S1,réelle,
EQ-PUMP-171,2026-01-15 00:00:00+00:00,temperature_c,69.68,°C,2026-S1,réelle,
EQ-PUMP-171,2026-01-15 00:00:00+00:00,vibration_mm_s,3.35,mm/s,2026-S1,réelle,
EQ-PUMP-350,2026-01-15 00:00:00+00:00,temperature_c,59.79,°C,2026-S1,réelle,
EQ-PUMP-350,2026-01-15 00:00:00+00:00,vibration_mm_s,3.61,mm/s,2026-S1,réelle,
EQ-ROBOT-358,2026-01-15 00:00:00+00:00,vibration_mm_s,3.18,mm/s,2026-S1,réelle,
EQ-SENSOR-305,2026-01-15 00:00:00+00:00,temperature_c,53.77,°C,2026-S1,réelle,
EQ-STEAM-341,2026-01-15 00:00:00+00:00,temperature_c,52.73,°C,2026-S1,réelle,
EQ-STEAM-352,2026-01-15 00:00:00+00:00,temperature_c,64.38,°C,2026-S1,réelle,
EQ-PUMP-001,2026-01-15 02:00:00+00:00,vibration_mm_s,2.71,mm/s,2026-S1,réelle,
EQ-CAB-134,2026-01-15 06:00:00+00:00,temperature_c,53.63,°C,2026-S1,réelle,
EQ-CHILL-001,2026-01-15 06:00:00+00:00,temperature_c,58.99,°C,2026-S1,réelle,
EQ-CHILL-115,2026-01-15 06:00:00+00:00,temperature_c,66.02,°C,2026-S1,réelle,
EQ-CHILL-168,2026-01-15 06:00:00+00:00,temperature_c,61.58,°C,2026-S1,réelle,
EQ-CHILL-188,2026-01-15 06:00:00+00:00,temperature_c,56.55,°C,2026-S1,réelle,
EQ-CHILL-248,2026-01-15 06:00:00+00:00,temperature_c,47.93,°C,2026-S1,réelle,
EQ-COMP-002,2026-01-15 06:00:00+00:00,temperature_c,63.51,°C,2026-S1,réelle,
EQ-COMP-113,2026-01-15 06:00:00+00:00,temperature_c,66.7,°C,2026-S1,réelle,
EQ-COMP-233,2026-01-15 06:00:00+00:00,temperature_c,60.48,°C,2026-S1,réelle,
EQ-FAN-002,2026-01-15 06:00:00+00:00,vibration_mm_s,3.19,mm/s,2026-S1,réelle,
EQ-FAN-003,2026-01-15 06:00:00+00:00,vibration_mm_s,2.96,mm/s,2026-S1,réelle,
EQ-FAN-204,2026-01-15 06:00:00+00:00,vibration_mm_s,3.0,mm/s,2026-S1,réelle,
EQ-FAN-284,2026-01-15 06:00:00+00:00,vibration_mm_s,2.55,mm/s,2026-S1,réelle,
EQ-FAN-304,2026-01-15 06:00:00+00:00,vibration_mm_s,2.7,mm/s,2026-S1,réelle,
EQ-MIX-159,2026-01-15 06:00:00+00:00,vibration_mm_s,2.79,mm/s,2026-S1,réelle,
EQ-MIX-259,2026-01-15 06:00:00+00:00,vibration_mm_s,2.22,mm/s,2026-S1,réelle,
EQ-MIX-379,2026-01-15 06:00:00+00:00,vibration_mm_s,2.7,mm/s,2026-S1,réelle,
EQ-OVEN-001,2026-01-15 06:00:00+00:00,temperature_c,51.76,°C,2026-S1,réelle,
EQ-OVEN-123,2026-01-15 06:00:00+00:00,temperature_c,52.96,°C,2026-S1,réelle,
EQ-OVEN-223,2026-01-15 06:00:00+00:00,temperature_c,63.97,°C,2026-S1,réelle,
EQ-OVEN-366,2026-01-15 06:00:00+00:00,temperature_c,45.62,°C,2026-S1,réelle,
EQ-OVEN-386,2026-01-15 06:00:00+00:00,temperature_c,66.17,°C,2026-S1,réelle,
EQ-PUMP-001,2026-01-15 06:00:00+00:00,temperature_c,60.87,°C,2026-S1,réelle,
EQ-PUMP-006,2026-01-15 06:00:00+00:00,temperature_c,58.81,°C,2026-S1,réelle,
EQ-PUMP-006,2026-01-15 06:00:00+00:00,vibration_mm_s,3.08,mm/s,2026-S1,réelle,
EQ-PUMP-171,2026-01-15 06:00:00+00:00,temperature_c,70.81,°C,2026-S1,réelle,
EQ-PUMP-171,2026-01-15 06:00:00+00:00,vibration_mm_s,3.41,mm/s,2026-S1,réelle,
EQ-PUMP-350,2026-01-15 06:00:00+00:00,temperature_c,65.43,°C,2026-S1,réelle,
EQ-PUMP-350,2026-01-15 06:00:00+00:00,vibration_mm_s,2.72,mm/s,2026-S1,réelle,
EQ-ROBOT-358,2026-01-15 06:00:00+00:00,vibration_mm_s,2.98,mm/s,2026-S1,réelle,
EQ-SENSOR-305,2026-01-15 06:00:00+00:00,temperature_c,62.42,°C,2026-S1,réelle,
EQ-STEAM-341,2026-01-15 06:00:00+00:00,temperature_c,60.2,°C,2026-S1,réelle,
EQ-STEAM-352,2026-01-15 06:00:00+00:00,temperature_c,64.61,°C,2026-S1,réelle,
EQ-PUMP-001,2026-01-15 08:00:00+00:00,vibration_mm_s,3.45,mm/s,2026-S1,réelle,
EQ-CAB-134,2026-01-15 12:00:00+00:00,temperature_c,51.91,°C,2026-S1,réelle,
EQ-CHILL-001,2026-01-15 12:00:00+00:00,temperature_c,59.07,°C,2026-S1,réelle,
EQ-CHILL-115,2026-01-15 12:00:00+00:00,temperature_c,62.83,°C,2026-S1,réelle,
EQ-CHILL-168,2026-01-15 12:00:00+00:00,temperature_c,55.81,°C,2026-S1,réelle,
EQ-CHILL-188,2026-01-15 12:00:00+00:00,temperature_c,52.27,°C,2026-S1,réelle,
EQ-CHILL-248,2026-01-15 12:00:00+00:00,temperature_c,57.31,°C,2026-S1,réelle,
EQ-COMP-002,2026-01-15 12:00:00+00:00,temperature_c,56.74,°C,2026-S1,réelle,
EQ-COMP-113,2026-01-15 12:00:00+00:00,temperature_c,58.11,°C,2026-S1,réelle,
EQ-COMP-233,2026-01-15 12:00:00+00:00,temperature_c,54.66,°C,2026-S1,réelle,
EQ-FAN-002,2026-01-15 12:00:00+00:00,vibration_mm_s,2.65,mm/s,2026-S1,réelle,
EQ-FAN-003,2026-01-15 12:00:00+00:00,vibration_mm_s,3.36,mm/s,2026-S1,réelle,
EQ-FAN-204,2026-01-15 12:00:00+00:00,vibration_mm_s,3.22,mm/s,2026-S1,réelle,
EQ-FAN-284,2026-01-15 12:00:00+00:00,vibration_mm_s,2.79,mm/s,2026-S1,réelle,
EQ-FAN-304,2026-01-15 12:00:00+00:00,vibration_mm_s,2.85,mm/s,2026-S1,réelle,
EQ-MIX-159,2026-01-15 12:00:00+00:00,vibration_mm_s,2.69,mm/s,2026-S1,réelle,
EQ-MIX-259,2026-01-15 12:00:00+00:00,vibration_mm_s,3.09,mm/s,2026-S1,réelle,
EQ-MIX-379,2026-01-15 12:00:00+00:00,vibration_mm_s,2.7,mm/s,2026-S1,réelle,
EQ-OVEN-001,2026-01-15 12:00:00+00:00,temperature_c,47.14,°C,2026-S1,réelle,
EQ-OVEN-123,2026-01-15 12:00:00+00:00,temperature_c,61.45,°C,2026-S1,réelle,
EQ-OVEN-223,2026-01-15 12:00:00+00:00,temperature_c,67.13,°C,2026-S1,réelle,
EQ-OVEN-366,2026-01-15 12:00:00+00:00,temperature_c,53.83,°C,2026-S1,réelle,
EQ-OVEN-386,2026-01-15 12:00:00+00:00,temperature_c,70.51,°C,2026-S1,réelle,
EQ-PUMP-001,2026-01-15 12:00:00+00:00,temperature_c,56.08,°C,2026-S1,réelle,
EQ-PUMP-006,2026-01-15 12:00:00+00:00,temperature_c,58.04,°C,2026-S1,réelle,
EQ-PUMP-006,2026-01-15 12:00:00+00:00,vibration_mm_s,3.31,mm/s,2026-S1,réelle,
EQ-PUMP-171,2026-01-15 12:00:00+00:00,temperature_c,63.95,°C,2026-S1,réelle,
EQ-PUMP-171,2026-01-15 12:00:00+00:00,vibration_mm_s,3.68,mm/s,2026-S1,réelle,
EQ-PUMP-350,2026-01-15 12:00:00+00:00,temperature_c,60.89,°C,2026-S1,réelle,
EQ-PUMP-350,2026-01-15 12:00:00+00:00,vibration_mm_s,2.65,mm/s,2026-S1,réelle,
EQ-ROBOT-358,2026-01-15 12:00:00+00:00,vibration_mm_s,2.81,mm/s,2026-S1,réelle,
EQ-SENSOR-305,2026-01-15 12:00:00+00:00,temperature_c,57.33,°C,2026-S1,réelle,
EQ-STEAM-341,2026-01-15 12:00:00+00:00,temperature_c,61.0,°C,2026-S1,réelle,
EQ-STEAM-352,2026-01-15 12:00:00+00:00,temperature_c,56.77,°C,2026-S1,réelle,
EQ-PUMP-001,2026-01-15 14:00:00+00:00,vibration_mm_s,2.98,mm/s,2026-S1,réelle,
EQ-CAB-134,2026-01-15 18:00:00+00:00,temperature_c,56.15,°C,2026-S1,réelle,
EQ-CHILL-001,2026-01-15 18:00:00+00:00,temperature_c,51.13,°C,2026-S1,réelle,
EQ-CHILL-115,2026-01-15 18:00:00+00:00,temperature_c,56.32,°C,2026-S1,réelle,
EQ-CHILL-168,2026-01-15 18:00:00+00:00,temperature_c,57.22,°C,2026-S1,réelle,
EQ-CHILL-188,2026-01-15 18:00:00+00:00,temperature_c,58.75,°C,2026-S1,réelle,
EQ-CHILL-248,2026-01-15 18:00:00+00:00,temperature_c,58.79,°C,2026-S1,réelle,
EQ-COMP-002,2026-01-15 18:00:00+00:00,temperature_c,58.4,°C,2026-S1,réelle,
EQ-COMP-113,2026-01-15 18:00:00+00:00,temperature_c,58.07,°C,2026-S1,réelle,
EQ-COMP-233,2026-01-15 18:00:00+00:00,temperature_c,61.24,°C,2026-S1,réelle,
EQ-FAN-002,2026-01-15 18:00:00+00:00,vibration_mm_s,2.66,mm/s,2026-S1,réelle,
EQ-FAN-003,2026-01-15 18:00:00+00:00,vibration_mm_s,2.35,mm/s,2026-S1,réelle,
EQ-FAN-204,2026-01-15 18:00:00+00:00,vibration_mm_s,2.95,mm/s,2026-S1,réelle,
EQ-FAN-284,2026-01-15 18:00:00+00:00,vibration_mm_s,2.48,mm/s,2026-S1,réelle,
EQ-FAN-304,2026-01-15 18:00:00+00:00,vibration_mm_s,2.2,mm/s,2026-S1,réelle,
EQ-MIX-159,2026-01-15 18:00:00+00:00,vibration_mm_s,2.28,mm/s,2026-S1,réelle,
EQ-MIX-259,2026-01-15 18:00:00+00:00,vibration_mm_s,2.81,mm/s,2026-S1,réelle,
EQ-MIX-379,2026-01-15 18:00:00+00:00,vibration_mm_s,3.44,mm/s,2026-S1,réelle,
EQ-OVEN-001,2026-01-15 18:00:00+00:00,temperature_c,50.81,°C,2026-S1,réelle,
EQ-OVEN-123,2026-01-15 18:00:00+00:00,temperature_c,61.81,°C,2026-S1,réelle,
EQ-OVEN-223,2026-01-15 18:00:00+00:00,temperature_c,59.31,°C,2026-S1,réelle,
EQ-OVEN-366,2026-01-15 18:00:00+00:00,temperature_c,55.03,°C,2026-S1,réelle,
EQ-OVEN-386,2026-01-15 18:00:00+00:00,temperature_c,63.5,°C,2026-S1,réelle,
EQ-PUMP-001,2026-01-15 18:00:00+00:00,temperature_c,54.98,°C,2026-S1,réelle,
EQ-PUMP-006,2026-01-15 18:00:00+00:00,temperature_c,53.2,°C,2026-S1,réelle,
EQ-PUMP-006,2026-01-15 18:00:00+00:00,vibration_mm_s,3.55,mm/s,2026-S1,réelle,
EQ-PUMP-171,2026-01-15 18:00:00+00:00,temperature_c,66.43,°C,2026-S1,réelle,
EQ-PUMP-171,2026-01-15 18:00:00+00:00,vibration_mm_s,4.37,mm/s,2026-S1,réelle,
EQ-PUMP-350,2026-01-15 18:00:00+00:00,temperature_c,55.48,°C,2026-S1,réelle,
EQ-PUMP-350,2026-01-15 18:00:00+00:00,vibration_mm_s,3.02,mm/s,2026-S1,réelle,
EQ-ROBOT-358,2026-01-15 18:00:00+00:00,vibration_mm_s,2.35,mm/s,2026-S1,réelle,
EQ-SENSOR-305,2026-01-15 18:00:00+00:00,temperature_c,51.11,°C,2026-S1,réelle,
EQ-STEAM-341,2026-01-15 18:00:00+00:00,temperature_c,52.76,°C,2026-S1,réelle,
EQ-STEAM-352,2026-01-15 18:00:00+00:00,temperature_c,57.73,°C,2026-S1,réelle,
EQ-PUMP-001,2026-01-15 20:00:00+00:00,vibration_mm_s,2.55,mm/s,2026-S1,réelle,
EQ-CAB-134,2026-01-16 00:00:00+00:00,temperature_c,59.1,°C,2026-S1,réelle,
EQ-CHILL-001,2026-01-16 00:00:00+00:00,temperature_c,51.78,°C,2026-S1,réelle,
EQ-CHILL-115,2026-01-16 00:00:00+00:00,temperature_c,59.59,°C,2026-S1,réelle,
EQ-CHILL-168,2026-01-16 00:00:00+00:00,temperature_c,64.88,°C,2026-S1,réelle,
EQ-CHILL-188,2026-01-16 00:00:00+00:00,temperature_c,62.96,°C,2026-S1,réelle,
EQ-CHILL-248,2026-01-16 00:00:00+00:00,temperature_c,53.66,°C,2026-S1,réelle,
EQ-COMP-002,2026-01-16 00:00:00+00:00,temperature_c,63.32,°C,2026-S1,réelle,
EQ-COMP-113,2026-01-16 00:00:00+00:00,temperature_c,66.24,°C,2026-S1,réelle,
EQ-COMP-233,2026-01-16 00:00:00+00:00,temperature_c,64.19,°C,2026-S1,réelle,
EQ-FAN-002,2026-01-16 00:00:00+00:00,vibration_mm_s,3.15,mm/s,2026-S1,réelle,
EQ-FAN-003,2026-01-16 00:00:00+00:00,vibration_mm_s,2.48,mm/s,2026-S1,réelle,
EQ-FAN-204,2026-01-16 00:00:00+00:00,vibration_mm_s,2.89,mm/s,2026-S1,réelle,
EQ-FAN-284,2026-01-16 00:00:00+00:00,vibration_mm_s,2.57,mm/s,2026-S1,réelle,
EQ-FAN-304,2026-01-16 00:00:00+00:00,vibration_mm_s,2.56,mm/s,2026-S1,réelle,
EQ-MIX-159,2026-01-16 00:00:00+00:00,vibration_mm_s,2.22,mm/s,2026-S1,réelle,
EQ-MIX-259,2026-01-16 00:00:00+00:00,vibration_mm_s,2.08,mm/s,2026-S1,réelle,
EQ-MIX-379,2026-01-16 00:00:00+00:00,vibration_mm_s,2.91,mm/s,2026-S1,réelle,
EQ-OVEN-001,2026-01-16 00:00:00+00:00,temperature_c,56.71,°C,2026-S1,réelle,
EQ-OVEN-123,2026-01-16 00:00:00+00:00,temperature_c,56.19,°C,2026-S1,réelle,
EQ-OVEN-223,2026-01-16 00:00:00+00:00,temperature_c,57.97,°C,2026-S1,réelle,
EQ-OVEN-366,2026-01-16 00:00:00+00:00,temperature_c,51.71,°C,2026-S1,réelle,
EQ-OVEN-386,2026-01-16 00:00:00+00:00,temperature_c,60.74,°C,2026-S1,réelle,
EQ-PUMP-001,2026-01-16 00:00:00+00:00,temperature_c,59.36,°C,2026-S1,réelle,
EQ-PUMP-006,2026-01-16 00:00:00+00:00,temperature_c,50.98,°C,2026-S1,réelle,
EQ-PUMP-006,2026-01-16 00:00:00+00:00,vibration_mm_s,3.81,mm/s,2026-S1,réelle,
EQ-PUMP-171,2026-01-16 00:00:00+00:00,temperature_c,71.91,°C,2026-S1,réelle,
EQ-PUMP-171,2026-01-16 00:00:00+00:00,vibration_mm_s,3.84,mm/s,2026-S1,réelle,
EQ-PUMP-350,2026-01-16 00:00:00+00:00,temperature_c,60.45,°C,2026-S1,réelle,
EQ-PUMP-350,2026-01-16 00:00:00+00:00,vibration_mm_s,3.68,mm/s,2026-S1,réelle,
EQ-ROBOT-358,2026-01-16 00:00:00+00:00,vibration_mm_s,3.25,mm/s,2026-S1,réelle,
EQ-SENSOR-305,2026-01-16 00:00:00+00:00,temperature_c,55.06,°C,2026-S1,réelle,
EQ-STEAM-341,2026-01-16 00:00:00+00:00,temperature_c,54.46,°C,2026-S1,réelle,
EQ-STEAM-352,2026-01-16 00:00:00+00:00,temperature_c,63.59,°C,2026-S1,réelle,
EQ-PUMP-001,2026-01-16 02:00:00+00:00,vibration_mm_s,2.82,mm/s,2026-S1,réelle,
EQ-CAB-134,2026-01-16 06:00:00+00:00,temperature_c,53.08,°C,2026-S1,réelle,
EQ-CHILL-001,2026-01-16 06:00:00+00:00,temperature_c,58.13,°C,2026-S1,réelle,
EQ-CHILL-115,2026-01-16 06:00:00+00:00,temperature_c,63.83,°C,2026-S1,réelle,
EQ-CHILL-168,2026-01-16 06:00:00+00:00,temperature_c,60.9,°C,2026-S1,réelle,
EQ-CHILL-188,2026-01-16 06:00:00+00:00,temperature_c,56.87,°C,2026-S1,réelle,
EQ-CHILL-248,2026-01-16 06:00:00+00:00,temperature_c,49.33,°C,2026-S1,réelle,
EQ-COMP-002,2026-01-16 06:00:00+00:00,temperature_c,61.9,°C,2026-S1,réelle,
EQ-COMP-113,2026-01-16 06:00:00+00:00,temperature_c,66.37,°C,2026-S1,réelle,
EQ-COMP-233,2026-01-16 06:00:00+00:00,temperature_c,60.75,°C,2026-S1,réelle,
EQ-FAN-002,2026-01-16 06:00:00+00:00,vibration_mm_s,3.48,mm/s,2026-S1,réelle,
EQ-FAN-003,2026-01-16 06:00:00+00:00,vibration_mm_s,2.59,mm/s,2026-S1,réelle,
EQ-FAN-204,2026-01-16 06:00:00+00:00,vibration_mm_s,3.53,mm/s,2026-S1,réelle,
EQ-FAN-284,2026-01-16 06:00:00+00:00,vibration_mm_s,2.8,mm/s,2026-S1,réelle,
EQ-FAN-304,2026-01-16 06:00:00+00:00,vibration_mm_s,2.9,mm/s,2026-S1,réelle,
EQ-MIX-159,2026-01-16 06:00:00+00:00,vibration_mm_s,3.14,mm/s,2026-S1,réelle,
EQ-MIX-259,2026-01-16 06:00:00+00:00,vibration_mm_s,2.15,mm/s,2026-S1,réelle,
EQ-MIX-379,2026-01-16 06:00:00+00:00,vibration_mm_s,2.57,mm/s,2026-S1,réelle,
EQ-OVEN-001,2026-01-16 06:00:00+00:00,temperature_c,48.28,°C,2026-S1,réelle,
EQ-OVEN-123,2026-01-16 06:00:00+00:00,temperature_c,55.19,°C,2026-S1,réelle,
EQ-OVEN-223,2026-01-16 06:00:00+00:00,temperature_c,64.62,°C,2026-S1,réelle,
EQ-OVEN-366,2026-01-16 06:00:00+00:00,temperature_c,44.87,°C,2026-S1,réelle,
EQ-OVEN-386,2026-01-16 06:00:00+00:00,temperature_c,64.38,°C,2026-S1,réelle,
EQ-PUMP-001,2026-01-16 06:00:00+00:00,temperature_c,62.38,°C,2026-S1,réelle,
EQ-PUMP-006,2026-01-16 06:00:00+00:00,temperature_c,58.4,°C,2026-S1,réelle,
EQ-PUMP-006,2026-01-16 06:00:00+00:00,vibration_mm_s,2.63,mm/s,2026-S1,réelle,
EQ-PUMP-171,2026-01-16 06:00:00+00:00,temperature_c,69.3,°C,2026-S1,réelle,
EQ-PUMP-171,2026-01-16 06:00:00+00:00,vibration_mm_s,3.96,mm/s,2026-S1,réelle,
EQ-PUMP-350,2026-01-16 06:00:00+00:00,temperature_c,64.61,°C,2026-S1,réelle,
EQ-PUMP-350,2026-01-16 06:00:00+00:00,vibration_mm_s,2.72,mm/s,2026-S1,réelle,
EQ-ROBOT-358,2026-01-16 06:00:00+00:00,vibration_mm_s,3.62,mm/s,2026-S1,réelle,
EQ-SENSOR-305,2026-01-16 06:00:00+00:00,temperature_c,60.28,°C,2026-S1,réelle,
EQ-STEAM-341,2026-01-16 06:00:00+00:00,temperature_c,59.79,°C,2026-S1,réelle,
EQ-STEAM-352,2026-01-16 06:00:00+00:00,temperature_c,63.66,°C,2026-S1,réelle,
EQ-PUMP-001,2026-01-16 08:00:00+00:00,vibration_mm_s,3.67,mm/s,2026-S1,réelle,
EQ-CAB-134,2026-01-16 12:00:00+00:00,temperature_c,49.9,°C,2026-S1,réelle,
EQ-CHILL-001,2026-01-16 12:00:00+00:00,temperature_c,59.63,°C,2026-S1,réelle,
EQ-CHILL-115,2026-01-16 12:00:00+00:00,temperature_c,62.63,°C,2026-S1,réelle,
EQ-CHILL-168,2026-01-16 12:00:00+00:00,temperature_c,56.17,°C,2026-S1,réelle,
EQ-CHILL-188,2026-01-16 12:00:00+00:00,temperature_c,55.13,°C,2026-S1,réelle,
EQ-CHILL-248,2026-01-16 12:00:00+00:00,temperature_c,54.8,°C,2026-S1,réelle,
EQ-COMP-002,2026-01-16 12:00:00+00:00,temperature_c,55.31,°C,2026-S1,réelle,
EQ-COMP-113,2026-01-16 12:00:00+00:00,temperature_c,60.54,°C,2026-S1,réelle,
EQ-COMP-233,2026-01-16 12:00:00+00:00,temperature_c,57.1,°C,2026-S1,réelle,
EQ-FAN-002,2026-01-16 12:00:00+00:00,vibration_mm_s,2.99,mm/s,2026-S1,réelle,
EQ-FAN-003,2026-01-16 12:00:00+00:00,vibration_mm_s,3.03,mm/s,2026-S1,réelle,
EQ-FAN-204,2026-01-16 12:00:00+00:00,vibration_mm_s,3.48,mm/s,2026-S1,réelle,
EQ-FAN-284,2026-01-16 12:00:00+00:00,vibration_mm_s,2.97,mm/s,2026-S1,réelle,
EQ-FAN-304,2026-01-16 12:00:00+00:00,vibration_mm_s,2.92,mm/s,2026-S1,réelle,
EQ-MIX-159,2026-01-16 12:00:00+00:00,vibration_mm_s,2.83,mm/s,2026-S1,réelle,
EQ-MIX-259,2026-01-16 12:00:00+00:00,vibration_mm_s,2.62,mm/s,2026-S1,réelle,
EQ-MIX-379,2026-01-16 12:00:00+00:00,vibration_mm_s,2.89,mm/s,2026-S1,réelle,
EQ-OVEN-001,2026-01-16 12:00:00+00:00,temperature_c,48.67,°C,2026-S1,réelle,
EQ-OVEN-123,2026-01-16 12:00:00+00:00,temperature_c,58.82,°C,2026-S1,réelle,
EQ-OVEN-223,2026-01-16 12:00:00+00:00,temperature_c,63.44,°C,2026-S1,réelle,
EQ-OVEN-366,2026-01-16 12:00:00+00:00,temperature_c,52.12,°C,2026-S1,réelle,
EQ-OVEN-386,2026-01-16 12:00:00+00:00,temperature_c,66.73,°C,2026-S1,réelle,
EQ-PUMP-001,2026-01-16 12:00:00+00:00,temperature_c,56.75,°C,2026-S1,réelle,
EQ-PUMP-006,2026-01-16 12:00:00+00:00,temperature_c,57.12,°C,2026-S1,réelle,
EQ-PUMP-006,2026-01-16 12:00:00+00:00,vibration_mm_s,2.88,mm/s,2026-S1,réelle,
EQ-PUMP-171,2026-01-16 12:00:00+00:00,temperature_c,63.57,°C,2026-S1,réelle,
EQ-PUMP-171,2026-01-16 12:00:00+00:00,vibration_mm_s,3.76,mm/s,2026-S1,réelle,
EQ-PUMP-350,2026-01-16 12:00:00+00:00,temperature_c,60.78,°C,2026-S1,réelle,
EQ-PUMP-350,2026-01-16 12:00:00+00:00,vibration_mm_s,2.69,mm/s,2026-S1,réelle,
EQ-ROBOT-358,2026-01-16 12:00:00+00:00,vibration_mm_s,2.51,mm/s,2026-S1,réelle,
EQ-SENSOR-305,2026-01-16 12:00:00+00:00,temperature_c,56.77,°C,2026-S1,réelle,
EQ-STEAM-341,2026-01-16 12:00:00+00:00,temperature_c,56.74,°C,2026-S1,réelle,
EQ-STEAM-352,2026-01-16 12:00:00+00:00,temperature_c,57.54,°C,2026-S1,réelle,
EQ-PUMP-001,2026-01-16 14:00:00+00:00,vibration_mm_s,2.8,mm/s,2026-S1,réelle,
EQ-CAB-134,2026-01-16 18:00:00+00:00,temperature_c,57.13,°C,2026-S1,réelle,
EQ-CHILL-001,2026-01-16 18:00:00+00:00,temperature_c,55.01,°C,2026-S1,réelle,
EQ-CHILL-115,2026-01-16 18:00:00+00:00,temperature_c,56.28,°C,2026-S1,réelle,
EQ-CHILL-168,2026-01-16 18:00:00+00:00,temperature_c,59.83,°C,2026-S1,réelle,
EQ-CHILL-188,2026-01-16 18:00:00+00:00,temperature_c,61.39,°C,2026-S1,réelle,
EQ-CHILL-248,2026-01-16 18:00:00+00:00,temperature_c,59.71,°C,2026-S1,réelle,
EQ-COMP-002,2026-01-16 18:00:00+00:00,temperature_c,56.93,°C,2026-S1,réelle,
EQ-COMP-113,2026-01-16 18:00:00+00:00,temperature_c,60.36,°C,2026-S1,réelle,
EQ-COMP-233,2026-01-16 18:00:00+00:00,temperature_c,60.13,°C,2026-S1,réelle,
EQ-FAN-002,2026-01-16 18:00:00+00:00,vibration_mm_s,2.7,mm/s,2026-S1,réelle,
EQ-FAN-003,2026-01-16 18:00:00+00:00,vibration_mm_s,3.02,mm/s,2026-S1,réelle,
EQ-FAN-204,2026-01-16 18:00:00+00:00,vibration_mm_s,2.63,mm/s,2026-S1,réelle,
EQ-FAN-284,2026-01-16 18:00:00+00:00,vibration_mm_s,2.76,mm/s,2026-S1,réelle,
EQ-FAN-304,2026-01-16 18:00:00+00:00,vibration_mm_s,2.66,mm/s,2026-S1,réelle,
EQ-MIX-159,2026-01-16 18:00:00+00:00,vibration_mm_s,2.45,mm/s,2026-S1,réelle,
EQ-MIX-259,2026-01-16 18:00:00+00:00,vibration_mm_s,3.03,mm/s,2026-S1,réelle,
EQ-MIX-379,2026-01-16 18:00:00+00:00,vibration_mm_s,2.83,mm/s,2026-S1,réelle,
EQ-OVEN-001,2026-01-16 18:00:00+00:00,temperature_c,51.87,°C,2026-S1,réelle,
EQ-OVEN-123,2026-01-16 18:00:00+00:00,temperature_c,62.46,°C,2026-S1,réelle,
EQ-OVEN-223,2026-01-16 18:00:00+00:00,temperature_c,59.8,°C,2026-S1,réelle,
EQ-OVEN-366,2026-01-16 18:00:00+00:00,temperature_c,56.62,°C,2026-S1,réelle,
EQ-OVEN-386,2026-01-16 18:00:00+00:00,temperature_c,62.44,°C,2026-S1,réelle,
EQ-PUMP-001,2026-01-16 18:00:00+00:00,temperature_c,51.5,°C,2026-S1,réelle,
EQ-PUMP-006,2026-01-16 18:00:00+00:00,temperature_c,52.53,°C,2026-S1,réelle,
EQ-PUMP-006,2026-01-16 18:00:00+00:00,vibration_mm_s,3.19,mm/s,2026-S1,réelle,
EQ-PUMP-171,2026-01-16 18:00:00+00:00,temperature_c,65.94,°C,2026-S1,réelle,
EQ-PUMP-171,2026-01-16 18:00:00+00:00,vibration_mm_s,3.97,mm/s,2026-S1,réelle,
EQ-PUMP-350,2026-01-16 18:00:00+00:00,temperature_c,56.03,°C,2026-S1,réelle,
EQ-PUMP-350,2026-01-16 18:00:00+00:00,vibration_mm_s,3.33,mm/s,2026-S1,réelle,
EQ-ROBOT-358,2026-01-16 18:00:00+00:00,vibration_mm_s,2.49,mm/s,2026-S1,réelle,
EQ-SENSOR-305,2026-01-16 18:00:00+00:00,temperature_c,50.96,°C,2026-S1,réelle,
EQ-STEAM-341,2026-01-16 18:00:00+00:00,temperature_c,50.77,°C,2026-S1,réelle,
EQ-STEAM-352,2026-01-16 18:00:00+00:00,temperature_c,57.26,°C,2026-S1,réelle,
EQ-PUMP-001,2026-01-16 20:00:00+00:00,vibration_mm_s,2.35,mm/s,2026-S1,réelle,
EQ-CAB-134,2026-01-17 00:00:00+00:00,temperature_c,57.44,°C,2026-S1,réelle,
EQ-CHILL-001,2026-01-17 00:00:00+00:00,temperature_c,49.08,°C,2026-S1,réelle,
EQ-CHILL-115,2026-01-17 00:00:00+00:00,temperature_c,54.41,°C,2026-S1,réelle,
EQ-CHILL-168,2026-01-17 00:00:00+00:00,temperature_c,61.54,°C,2026-S1,réelle,
EQ-CHILL-188,2026-01-17 00:00:00+00:00,temperature_c,59.58,°C,2026-S1,réelle,
EQ-CHILL-248,2026-01-17 00:00:00+00:00,temperature_c,53.22,°C,2026-S1,réelle,
EQ-COMP-002,2026-01-17 00:00:00+00:00,temperature_c,62.18,°C,2026-S1,réelle,
EQ-COMP-113,2026-01-17 00:00:00+00:00,temperature_c,64.42,°C,2026-S1,réelle,
EQ-COMP-233,2026-01-17 00:00:00+00:00,temperature_c,63.46,°C,2026-S1,réelle,
EQ-FAN-002,2026-01-17 00:00:00+00:00,vibration_mm_s,2.45,mm/s,2026-S1,réelle,
EQ-FAN-003,2026-01-17 00:00:00+00:00,vibration_mm_s,2.38,mm/s,2026-S1,réelle,
EQ-FAN-204,2026-01-17 00:00:00+00:00,vibration_mm_s,2.4,mm/s,2026-S1,réelle,
EQ-FAN-284,2026-01-17 00:00:00+00:00,vibration_mm_s,2.53,mm/s,2026-S1,réelle,
EQ-FAN-304,2026-01-17 00:00:00+00:00,vibration_mm_s,2.32,mm/s,2026-S1,réelle,
EQ-MIX-159,2026-01-17 00:00:00+00:00,vibration_mm_s,2.72,mm/s,2026-S1,réelle,
EQ-MIX-259,2026-01-17 00:00:00+00:00,vibration_mm_s,1.87,mm/s,2026-S1,réelle,
EQ-MIX-379,2026-01-17 00:00:00+00:00,vibration_mm_s,3.07,mm/s,2026-S1,réelle,
EQ-OVEN-001,2026-01-17 00:00:00+00:00,temperature_c,53.1,°C,2026-S1,réelle,
EQ-OVEN-123,2026-01-17 00:00:00+00:00,temperature_c,54.48,°C,2026-S1,réelle,
EQ-OVEN-223,2026-01-17 00:00:00+00:00,temperature_c,58.66,°C,2026-S1,réelle,
EQ-OVEN-366,2026-01-17 00:00:00+00:00,temperature_c,46.44,°C,2026-S1,réelle,
EQ-OVEN-386,2026-01-17 00:00:00+00:00,temperature_c,57.28,°C,2026-S1,réelle,
EQ-PUMP-001,2026-01-17 00:00:00+00:00,temperature_c,,°C,2026-S1,réelle,
EQ-PUMP-006,2026-01-17 00:00:00+00:00,temperature_c,49.23,°C,2026-S1,réelle,
EQ-PUMP-006,2026-01-17 00:00:00+00:00,vibration_mm_s,3.57,mm/s,2026-S1,réelle,
EQ-PUMP-171,2026-01-17 00:00:00+00:00,temperature_c,70.35,°C,2026-S1,réelle,
EQ-PUMP-171,2026-01-17 00:00:00+00:00,vibration_mm_s,3.44,mm/s,2026-S1,réelle,
EQ-PUMP-350,2026-01-17 00:00:00+00:00,temperature_c,57.68,°C,2026-S1,réelle,
EQ-PUMP-350,2026-01-17 00:00:00+00:00,vibration_mm_s,3.57,mm/s,2026-S1,réelle,
EQ-ROBOT-358,2026-01-17 00:00:00+00:00,vibration_mm_s,2.93,mm/s,2026-S1,réelle,
EQ-SENSOR-305,2026-01-17 00:00:00+00:00,temperature_c,55.35,°C,2026-S1,réelle,
EQ-STEAM-341,2026-01-17 00:00:00+00:00,temperature_c,53.15,°C,2026-S1,réelle,
EQ-STEAM-352,2026-01-17 00:00:00+00:00,temperature_c,59.17,°C,2026-S1,réelle,
EQ-PUMP-001,2026-01-17 02:00:00+00:00,vibration_mm_s,2.76,mm/s,2026-S1,réelle,
EQ-CAB-134,2026-01-17 06:00:00+00:00,temperature_c,52.1,°C,2026-S1,réelle,
EQ-CHILL-001,2026-01-17 06:00:00+00:00,temperature_c,58.28,°C,2026-S1,réelle,
EQ-CHILL-115,2026-01-17 06:00:00+00:00,temperature_c,61.9,°C,2026-S1,réelle,
EQ-CHILL-168,2026-01-17 06:00:00+00:00,temperature_c,59.88,°C,2026-S1,réelle,
EQ-CHILL-188,2026-01-17 06:00:00+00:00,temperature_c,54.74,°C,2026-S1,réelle,
EQ-CHILL-248,2026-01-17 06:00:00+00:00,temperature_c,45.68,°C,2026-S1,réelle,
EQ-COMP-002,2026-01-17 06:00:00+00:00,temperature_c,61.58,°C,2026-S1,réelle,
EQ-COMP-113,2026-01-17 06:00:00+00:00,temperature_c,62.78,°C,2026-S1,réelle,
EQ-COMP-233,2026-01-17 06:00:00+00:00,temperature_c,58.52,°C,2026-S1,réelle,
EQ-FAN-002,2026-01-17 06:00:00+00:00,vibration_mm_s,3.02,mm/s,2026-S1,réelle,
EQ-FAN-003,2026-01-17 06:00:00+00:00,vibration_mm_s,2.78,mm/s,2026-S1,réelle,
EQ-FAN-204,2026-01-17 06:00:00+00:00,vibration_mm_s,2.78,mm/s,2026-S1,réelle,
EQ-FAN-284,2026-01-17 06:00:00+00:00,vibration_mm_s,2.43,mm/s,2026-S1,réelle,
EQ-FAN-304,2026-01-17 06:00:00+00:00,vibration_mm_s,2.32,mm/s,2026-S1,réelle,
EQ-MIX-159,2026-01-17 06:00:00+00:00,vibration_mm_s,3.11,mm/s,2026-S1,réelle,
EQ-MIX-259,2026-01-17 06:00:00+00:00,vibration_mm_s,2.05,mm/s,2026-S1,réelle,
EQ-MIX-379,2026-01-17 06:00:00+00:00,vibration_mm_s,2.02,mm/s,2026-S1,réelle,
EQ-OVEN-001,2026-01-17 06:00:00+00:00,temperature_c,50.57,°C,2026-S1,réelle,
EQ-OVEN-123,2026-01-17 06:00:00+00:00,temperature_c,51.88,°C,2026-S1,réelle,
EQ-OVEN-223,2026-01-17 06:00:00+00:00,temperature_c,63.99,°C,2026-S1,réelle,
EQ-OVEN-366,2026-01-17 06:00:00+00:00,temperature_c,45.8,°C,2026-S1,réelle,
EQ-OVEN-386,2026-01-17 06:00:00+00:00,temperature_c,58.33,°C,2026-S1,réelle,
EQ-PUMP-001,2026-01-17 06:00:00+00:00,temperature_c,61.21,°C,2026-S1,réelle,
EQ-PUMP-006,2026-01-17 06:00:00+00:00,temperature_c,59.16,°C,2026-S1,réelle,
EQ-PUMP-006,2026-01-17 06:00:00+00:00,vibration_mm_s,2.58,mm/s,2026-S1,réelle,
EQ-PUMP-171,2026-01-17 06:00:00+00:00,temperature_c,67.43,°C,2026-S1,réelle,
EQ-PUMP-171,2026-01-17 06:00:00+00:00,vibration_mm_s,2.68,mm/s,2026-S1,réelle,
EQ-PUMP-350,2026-01-17 06:00:00+00:00,temperature_c,61.92,°C,2026-S1,réelle,
EQ-PUMP-350,2026-01-17 06:00:00+00:00,vibration_mm_s,2.96,mm/s,2026-S1,réelle,
EQ-ROBOT-358,2026-01-17 06:00:00+00:00,vibration_mm_s,2.49,mm/s,2026-S1,réelle,
EQ-SENSOR-305,2026-01-17 06:00:00+00:00,temperature_c,60.67,°C,2026-S1,réelle,
EQ-STEAM-341,2026-01-17 06:00:00+00:00,temperature_c,58.99,°C,2026-S1,réelle,
EQ-STEAM-352,2026-01-17 06:00:00+00:00,temperature_c,60.12,°C,2026-S1,réelle,
EQ-PUMP-001,2026-01-17 08:00:00+00:00,vibration_mm_s,3.19,mm/s,2026-S1,réelle,
EQ-CAB-134,2026-01-17 12:00:00+00:00,temperature_c,50.1,°C,2026-S1,réelle,
EQ-CHILL-001,2026-01-17 12:00:00+00:00,temperature_c,56.81,°C,2026-S1,réelle,
EQ-CHILL-115,2026-01-17 12:00:00+00:00,temperature_c,61.6,°C,2026-S1,réelle,
EQ-CHILL-168,2026-01-17 12:00:00+00:00,temperature_c,50.66,°C,2026-S1,réelle,
EQ-CHILL-188,2026-01-17 12:00:00+00:00,temperature_c,53.67,°C,2026-S1,réelle,
EQ-CHILL-248,2026-01-17 12:00:00+00:00,temperature_c,51.88,°C,2026-S1,réelle,
EQ-COMP-002,2026-01-17 12:00:00+00:00,temperature_c,56.33,°C,2026-S1,réelle,
EQ-COMP-113,2026-01-17 12:00:00+00:00,temperature_c,57.92,°C,2026-S1,réelle,
EQ-COMP-233,2026-01-17 12:00:00+00:00,temperature_c,52.33,°C,2026-S1,réelle,
EQ-FAN-002,2026-01-17 12:00:00+00:00,vibration_mm_s,2.77,mm/s,2026-S1,réelle,
EQ-FAN-003,2026-01-17 12:00:00+00:00,vibration_mm_s,2.78,mm/s,2026-S1,réelle,
EQ-FAN-204,2026-01-17 12:00:00+00:00,vibration_mm_s,3.57,mm/s,2026-S1,réelle,
EQ-FAN-284,2026-01-17 12:00:00+00:00,vibration_mm_s,2.63,mm/s,2026-S1,réelle,
EQ-FAN-304,2026-01-17 12:00:00+00:00,vibration_mm_s,2.77,mm/s,2026-S1,réelle,
EQ-MIX-159,2026-01-17 12:00:00+00:00,vibration_mm_s,2.82,mm/s,2026-S1,réelle,
EQ-MIX-259,2026-01-17 12:00:00+00:00,vibration_mm_s,2.8,mm/s,2026-S1,réelle,
EQ-MIX-379,2026-01-17 12:00:00+00:00,vibration_mm_s,2.49,mm/s,2026-S1,réelle,
EQ-OVEN-001,2026-01-17 12:00:00+00:00,temperature_c,45.92,°C,2026-S1,réelle,
EQ-OVEN-123,2026-01-17 12:00:00+00:00,temperature_c,59.12,°C,2026-S1,réelle,
EQ-OVEN-223,2026-01-17 12:00:00+00:00,temperature_c,63.62,°C,2026-S1,réelle,
EQ-OVEN-366,2026-01-17 12:00:00+00:00,temperature_c,49.28,°C,2026-S1,réelle,
EQ-OVEN-386,2026-01-17 12:00:00+00:00,temperature_c,62.98,°C,2026-S1,réelle,
EQ-PUMP-001,2026-01-17 12:00:00+00:00,temperature_c,56.39,°C,2026-S1,réelle,
EQ-PUMP-006,2026-01-17 12:00:00+00:00,temperature_c,59.17,°C,2026-S1,réelle,
EQ-PUMP-006,2026-01-17 12:00:00+00:00,vibration_mm_s,2.69,mm/s,2026-S1,réelle,
EQ-PUMP-171,2026-01-17 12:00:00+00:00,temperature_c,58.79,°C,2026-S1,réelle,
EQ-PUMP-171,2026-01-17 12:00:00+00:00,vibration_mm_s,3.07,mm/s,2026-S1,réelle,
EQ-PUMP-350,2026-01-17 12:00:00+00:00,temperature_c,59.02,°C,2026-S1,réelle,
EQ-PUMP-350,2026-01-17 12:00:00+00:00,vibration_mm_s,2.48,mm/s,2026-S1,réelle,
EQ-ROBOT-358,2026-01-17 12:00:00+00:00,vibration_mm_s,2.31,mm/s,2026-S1,réelle,
EQ-SENSOR-305,2026-01-17 12:00:00+00:00,temperature_c,53.86,°C,2026-S1,réelle,
EQ-STEAM-341,2026-01-17 12:00:00+00:00,temperature_c,54.87,°C,2026-S1,réelle,
EQ-STEAM-352,2026-01-17 12:00:00+00:00,temperature_c,54.1,°C,2026-S1,réelle,
EQ-PUMP-001,2026-01-17 14:00:00+00:00,vibration_mm_s,2.58,mm/s,2026-S1,réelle,
EQ-CAB-134,2026-01-17 18:00:00+00:00,temperature_c,54.47,°C,2026-S1,réelle,
EQ-CHILL-001,2026-01-17 18:00:00+00:00,temperature_c,50.04,°C,2026-S1,réelle,
EQ-CHILL-115,2026-01-17 18:00:00+00:00,temperature_c,53.51,°C,2026-S1,réelle,
EQ-CHILL-168,2026-01-17 18:00:00+00:00,temperature_c,57.5,°C,2026-S1,réelle,
EQ-CHILL-188,2026-01-17 18:00:00+00:00,temperature_c,60.48,°C,2026-S1,réelle,
EQ-CHILL-248,2026-01-17 18:00:00+00:00,temperature_c,57.22,°C,2026-S1,réelle,
EQ-COMP-002,2026-01-17 18:00:00+00:00,temperature_c,55.81,°C,2026-S1,réelle,
EQ-COMP-113,2026-01-17 18:00:00+00:00,temperature_c,59.11,°C,2026-S1,réelle,
EQ-COMP-233,2026-01-17 18:00:00+00:00,temperature_c,59.16,°C,2026-S1,réelle,
EQ-FAN-002,2026-01-17 18:00:00+00:00,vibration_mm_s,2.79,mm/s,2026-S1,réelle,
EQ-FAN-003,2026-01-17 18:00:00+00:00,vibration_mm_s,3.19,mm/s,2026-S1,réelle,
EQ-FAN-204,2026-01-17 18:00:00+00:00,vibration_mm_s,2.68,mm/s,2026-S1,réelle,
EQ-FAN-284,2026-01-17 18:00:00+00:00,vibration_mm_s,2.51,mm/s,2026-S1,réelle,
EQ-FAN-304,2026-01-17 18:00:00+00:00,vibration_mm_s,2.47,mm/s,2026-S1,réelle,
EQ-MIX-159,2026-01-17 18:00:00+00:00,vibration_mm_s,2.64,mm/s,2026-S1,réelle,
EQ-MIX-259,2026-01-17 18:00:00+00:00,vibration_mm_s,2.65,mm/s,2026-S1,réelle,
EQ-MIX-379,2026-01-17 18:00:00+00:00,vibration_mm_s,3.26,mm/s,2026-S1,réelle,
EQ-OVEN-001,2026-01-17 18:00:00+00:00,temperature_c,48.39,°C,2026-S1,réelle,
EQ-OVEN-123,2026-01-17 18:00:00+00:00,temperature_c,60.82,°C,2026-S1,réelle,
EQ-OVEN-223,2026-01-17 18:00:00+00:00,temperature_c,56.13,°C,2026-S1,réelle,
EQ-OVEN-366,2026-01-17 18:00:00+00:00,temperature_c,53.94,°C,2026-S1,réelle,
EQ-OVEN-386,2026-01-17 18:00:00+00:00,temperature_c,62.64,°C,2026-S1,réelle,
EQ-PUMP-001,2026-01-17 18:00:00+00:00,temperature_c,54.41,°C,2026-S1,réelle,
EQ-PUMP-006,2026-01-17 18:00:00+00:00,temperature_c,52.3,°C,2026-S1,réelle,
EQ-PUMP-006,2026-01-17 18:00:00+00:00,vibration_mm_s,3.22,mm/s,2026-S1,réelle,
EQ-PUMP-171,2026-01-17 18:00:00+00:00,temperature_c,56.8,°C,2026-S1,réelle,
EQ-PUMP-171,2026-01-17 18:00:00+00:00,vibration_mm_s,2.92,mm/s,2026-S1,réelle,
EQ-PUMP-350,2026-01-17 18:00:00+00:00,temperature_c,54.64,°C,2026-S1,réelle,
EQ-PUMP-350,2026-01-17 18:00:00+00:00,vibration_mm_s,2.27,mm/s,2026-S1,réelle,
EQ-ROBOT-358,2026-01-17 18:00:00+00:00,vibration_mm_s,2.56,mm/s,2026-S1,réelle,
EQ-SENSOR-305,2026-01-17 18:00:00+00:00,temperature_c,52.19,°C,2026-S1,réelle,
EQ-STEAM-341,2026-01-17 18:00:00+00:00,temperature_c,48.24,°C,2026-S1,réelle,
EQ-STEAM-352,2026-01-17 18:00:00+00:00,temperature_c,55.82,°C,2026-S1,réelle,
EQ-PUMP-001,2026-01-17 20:00:00+00:00,vibration_mm_s,2.52,mm/s,2026-S1,réelle,
EQ-CAB-134,2026-01-18 00:00:00+00:00,temperature_c,59.07,°C,2026-S1,réelle,
EQ-CHILL-001,2026-01-18 00:00:00+00:00,temperature_c,49.21,°C,2026-S1,réelle,
EQ-CHILL-115,2026-01-18 00:00:00+00:00,temperature_c,56.53,°C,2026-S1,réelle,
EQ-CHILL-168,2026-01-18 00:00:00+00:00,temperature_c,62.17,°C,2026-S1,réelle,
EQ-CHILL-188,2026-01-18 00:00:00+00:00,temperature_c,62.5,°C,2026-S1,réelle,
EQ-CHILL-248,2026-01-18 00:00:00+00:00,temperature_c,50.06,°C,2026-S1,réelle,
EQ-COMP-002,2026-01-18 00:00:00+00:00,temperature_c,61.59,°C,2026-S1,réelle,
EQ-COMP-113,2026-01-18 00:00:00+00:00,temperature_c,66.64,°C,2026-S1,réelle,
EQ-COMP-233,2026-01-18 00:00:00+00:00,temperature_c,61.29,°C,2026-S1,réelle,
EQ-FAN-002,2026-01-18 00:00:00+00:00,vibration_mm_s,2.83,mm/s,2026-S1,réelle,
EQ-FAN-003,2026-01-18 00:00:00+00:00,vibration_mm_s,2.25,mm/s,2026-S1,réelle,
EQ-FAN-204,2026-01-18 00:00:00+00:00,vibration_mm_s,2.31,mm/s,2026-S1,réelle,
EQ-FAN-284,2026-01-18 00:00:00+00:00,vibration_mm_s,2.69,mm/s,2026-S1,réelle,
EQ-FAN-304,2026-01-18 00:00:00+00:00,vibration_mm_s,2.16,mm/s,2026-S1,réelle,
EQ-MIX-159,2026-01-18 00:00:00+00:00,vibration_mm_s,2.61,mm/s,2026-S1,réelle,
EQ-MIX-259,2026-01-18 00:00:00+00:00,vibration_mm_s,1.72,mm/s,2026-S1,réelle,
EQ-MIX-379,2026-01-18 00:00:00+00:00,vibration_mm_s,2.27,mm/s,2026-S1,réelle,
EQ-OVEN-001,2026-01-18 00:00:00+00:00,temperature_c,51.33,°C,2026-S1,réelle,
EQ-OVEN-123,2026-01-18 00:00:00+00:00,temperature_c,55.06,°C,2026-S1,réelle,
EQ-OVEN-223,2026-01-18 00:00:00+00:00,temperature_c,54.24,°C,2026-S1,réelle,
EQ-OVEN-366,2026-01-18 00:00:00+00:00,temperature_c,49.99,°C,2026-S1,réelle,
EQ-OVEN-386,2026-01-18 00:00:00+00:00,temperature_c,56.21,°C,2026-S1,réelle,
EQ-PUMP-001,2026-01-18 00:00:00+00:00,temperature_c,60.25,°C,2026-S1,réelle,
EQ-PUMP-006,2026-01-18 00:00:00+00:00,temperature_c,50.8,°C,2026-S1,réelle,
EQ-PUMP-006,2026-01-18 00:00:00+00:00,vibration_mm_s,3.07,mm/s,2026-S1,réelle,
EQ-PUMP-171,2026-01-18 00:00:00+00:00,temperature_c,63.23,°C,2026-S1,réelle,
EQ-PUMP-171,2026-01-18 00:00:00+00:00,vibration_mm_s,2.58,mm/s,2026-S1,réelle,
EQ-PUMP-350,2026-01-18 00:00:00+00:00,temperature_c,59.51,°C,2026-S1,réelle,
EQ-PUMP-350,2026-01-18 00:00:00+00:00,vibration_mm_s,2.87,mm/s,2026-S1,réelle,
EQ-ROBOT-358,2026-01-18 00:00:00+00:00,vibration_mm_s,2.59,mm/s,2026-S1,réelle,
EQ-SENSOR-305,2026-01-18 00:00:00+00:00,temperature_c,54.6,°C,2026-S1,réelle,
EQ-STEAM-341,2026-01-18 00:00:00+00:00,temperature_c,51.3,°C,2026-S1,réelle,
EQ-STEAM-352,2026-01-18 00:00:00+00:00,temperature_c,61.28,°C,2026-S1,réelle,
EQ-PUMP-001,2026-01-18 02:00:00+00:00,vibration_mm_s,2.6,mm/s,2026-S1,réelle,
EQ-CAB-134,2026-01-18 06:00:00+00:00,temperature_c,53.47,°C,2026-S1,réelle,
EQ-CHILL-001,2026-01-18 06:00:00+00:00,temperature_c,57.59,°C,2026-S1,réelle,
EQ-CHILL-115,2026-01-18 06:00:00+00:00,temperature_c,63.02,°C,2026-S1,réelle,
EQ-CHILL-168,2026-01-18 06:00:00+00:00,temperature_c,57.4,°C,2026-S1,réelle,
EQ-CHILL-188,2026-01-18 06:00:00+00:00,temperature_c,55.56,°C,2026-S1,réelle,
EQ-CHILL-248,2026-01-18 06:00:00+00:00,temperature_c,47.51,°C,2026-S1,réelle,
EQ-COMP-002,2026-01-18 06:00:00+00:00,temperature_c,59.85,°C,2026-S1,réelle,
EQ-COMP-113,2026-01-18 06:00:00+00:00,temperature_c,63.37,°C,2026-S1,réelle,
EQ-COMP-233,2026-01-18 06:00:00+00:00,temperature_c,57.34,°C,2026-S1,réelle,
EQ-FAN-002,2026-01-18 06:00:00+00:00,vibration_mm_s,2.89,mm/s,2026-S1,réelle,
EQ-FAN-003,2026-01-18 06:00:00+00:00,vibration_mm_s,2.27,mm/s,2026-S1,réelle,
EQ-FAN-204,2026-01-18 06:00:00+00:00,vibration_mm_s,2.77,mm/s,2026-S1,réelle,
EQ-FAN-284,2026-01-18 06:00:00+00:00,vibration_mm_s,2.85,mm/s,2026-S1,réelle,
EQ-FAN-304,2026-01-18 06:00:00+00:00,vibration_mm_s,2.53,mm/s,2026-S1,réelle,
EQ-MIX-159,2026-01-18 06:00:00+00:00,vibration_mm_s,2.86,mm/s,2026-S1,réelle,
EQ-MIX-259,2026-01-18 06:00:00+00:00,vibration_mm_s,2.22,mm/s,2026-S1,réelle,
EQ-MIX-379,2026-01-18 06:00:00+00:00,vibration_mm_s,2.28,mm/s,2026-S1,réelle,
EQ-OVEN-001,2026-01-18 06:00:00+00:00,temperature_c,49.0,°C,2026-S1,réelle,
EQ-OVEN-123,2026-01-18 06:00:00+00:00,temperature_c,50.86,°C,2026-S1,réelle,
EQ-OVEN-223,2026-01-18 06:00:00+00:00,temperature_c,63.68,°C,2026-S1,réelle,
EQ-OVEN-366,2026-01-18 06:00:00+00:00,temperature_c,44.74,°C,2026-S1,réelle,
EQ-OVEN-386,2026-01-18 06:00:00+00:00,temperature_c,59.2,°C,2026-S1,réelle,
EQ-PUMP-001,2026-01-18 06:00:00+00:00,temperature_c,61.62,°C,2026-S1,réelle,
EQ-PUMP-006,2026-01-18 06:00:00+00:00,temperature_c,58.94,°C,2026-S1,réelle,
EQ-PUMP-006,2026-01-18 06:00:00+00:00,vibration_mm_s,2.68,mm/s,2026-S1,réelle,
EQ-PUMP-171,2026-01-18 06:00:00+00:00,temperature_c,61.82,°C,2026-S1,réelle,
EQ-PUMP-171,2026-01-18 06:00:00+00:00,vibration_mm_s,2.39,mm/s,2026-S1,réelle,
EQ-PUMP-350,2026-01-18 06:00:00+00:00,temperature_c,61.79,°C,2026-S1,réelle,
EQ-PUMP-350,2026-01-18 06:00:00+00:00,vibration_mm_s,2.95,mm/s,2026-S1,réelle,
EQ-ROBOT-358,2026-01-18 06:00:00+00:00,vibration_mm_s,2.84,mm/s,2026-S1,réelle,
EQ-SENSOR-305,2026-01-18 06:00:00+00:00,temperature_c,59.09,°C,2026-S1,réelle,
EQ-STEAM-341,2026-01-18 06:00:00+00:00,temperature_c,57.87,°C,2026-S1,réelle,
EQ-STEAM-352,2026-01-18 06:00:00+00:00,temperature_c,59.97,°C,2026-S1,réelle,
EQ-PUMP-001,2026-01-18 08:00:00+00:00,vibration_mm_s,2.7,mm/s,2026-S1,réelle,
EQ-CAB-134,2026-01-18 12:00:00+00:00,temperature_c,48.99,°C,2026-S1,réelle,
EQ-CHILL-001,2026-01-18 12:00:00+00:00,temperature_c,57.75,°C,2026-S1,réelle,
EQ-CHILL-115,2026-01-18 12:00:00+00:00,temperature_c,61.73,°C,2026-S1,réelle,
EQ-CHILL-168,2026-01-18 12:00:00+00:00,temperature_c,55.29,°C,2026-S1,réelle,
EQ-CHILL-188,2026-01-18 12:00:00+00:00,temperature_c,52.94,°C,2026-S1,réelle,
EQ-CHILL-248,2026-01-18 12:00:00+00:00,temperature_c,50.11,°C,2026-S1,réelle,
EQ-COMP-002,2026-01-18 12:00:00+00:00,temperature_c,53.42,°C,2026-S1,réelle,
EQ-COMP-113,2026-01-18 12:00:00+00:00,temperature_c,55.37,°C,2026-S1,réelle,
EQ-COMP-233,2026-01-18 12:00:00+00:00,temperature_c,54.35,°C,2026-S1,réelle,
EQ-FAN-002,2026-01-18 12:00:00+00:00,vibration_mm_s,2.84,mm/s,2026-S1,réelle,
EQ-FAN-003,2026-01-18 12:00:00+00:00,vibration_mm_s,2.86,mm/s,2026-S1,réelle,
EQ-FAN-204,2026-01-18 12:00:00+00:00,vibration_mm_s,2.87,mm/s,2026-S1,réelle,
EQ-FAN-284,2026-01-18 12:00:00+00:00,vibration_mm_s,2.92,mm/s,2026-S1,réelle,
EQ-FAN-304,2026-01-18 12:00:00+00:00,vibration_mm_s,3.06,mm/s,2026-S1,réelle,
EQ-MIX-159,2026-01-18 12:00:00+00:00,vibration_mm_s,2.99,mm/s,2026-S1,réelle,
EQ-MIX-259,2026-01-18 12:00:00+00:00,vibration_mm_s,2.61,mm/s,2026-S1,réelle,
EQ-MIX-379,2026-01-18 12:00:00+00:00,vibration_mm_s,2.54,mm/s,2026-S1,réelle,
EQ-OVEN-001,2026-01-18 12:00:00+00:00,temperature_c,43.9,°C,2026-S1,réelle,
EQ-OVEN-123,2026-01-18 12:00:00+00:00,temperature_c,56.69,°C,2026-S1,réelle,
EQ-OVEN-223,2026-01-18 12:00:00+00:00,temperature_c,65.03,°C,2026-S1,réelle,
EQ-OVEN-366,2026-01-18 12:00:00+00:00,temperature_c,52.7,°C,2026-S1,réelle,
EQ-OVEN-386,2026-01-18 12:00:00+00:00,temperature_c,68.3,°C,2026-S1,réelle,
EQ-PUMP-001,2026-01-18 12:00:00+00:00,temperature_c,55.83,°C,2026-S1,réelle,
EQ-PUMP-006,2026-01-18 12:00:00+00:00,temperature_c,59.63,°C,2026-S1,réelle,
EQ-PUMP-006,2026-01-18 12:00:00+00:00,vibration_mm_s,2.81,mm/s,2026-S1,réelle,
EQ-PUMP-171,2026-01-18 12:00:00+00:00,temperature_c,58.06,°C,2026-S1,réelle,
EQ-PUMP-171,2026-01-18 12:00:00+00:00,vibration_mm_s,3.07,mm/s,2026-S1,réelle,
EQ-PUMP-350,2026-01-18 12:00:00+00:00,temperature_c,60.05,°C,2026-S1,réelle,
EQ-PUMP-350,2026-01-18 12:00:00+00:00,vibration_mm_s,2.34,mm/s,2026-S1,réelle,
EQ-ROBOT-358,2026-01-18 12:00:00+00:00,vibration_mm_s,2.57,mm/s,2026-S1,réelle,
EQ-SENSOR-305,2026-01-18 12:00:00+00:00,temperature_c,54.53,°C,2026-S1,réelle,
EQ-STEAM-341,2026-01-18 12:00:00+00:00,temperature_c,56.12,°C,2026-S1,réelle,
EQ-STEAM-352,2026-01-18 12:00:00+00:00,temperature_c,56.69,°C,2026-S1,réelle,
EQ-PUMP-001,2026-01-18 14:00:00+00:00,vibration_mm_s,2.21,mm/s,2026-S1,réelle,
EQ-CAB-134,2026-01-18 18:00:00+00:00,temperature_c,56.71,°C,2026-S1,réelle,
EQ-CHILL-001,2026-01-18 18:00:00+00:00,temperature_c,53.48,°C,2026-S1,réelle,
EQ-CHILL-115,2026-01-18 18:00:00+00:00,temperature_c,58.64,°C,2026-S1,réelle,
EQ-CHILL-168,2026-01-18 18:00:00+00:00,temperature_c,56.66,°C,2026-S1,réelle,
EQ-CHILL-188,2026-01-18 18:00:00+00:00,temperature_c,58.82,°C,2026-S1,réelle,
EQ-CHILL-248,2026-01-18 18:00:00+00:00,temperature_c,55.09,°C,2026-S1,réelle,
EQ-COMP-002,2026-01-18 18:00:00+00:00,temperature_c,55.28,°C,2026-S1,réelle,
EQ-COMP-113,2026-01-18 18:00:00+00:00,temperature_c,59.45,°C,2026-S1,réelle,
EQ-COMP-233,2026-01-18 18:00:00+00:00,temperature_c,56.39,°C,2026-S1,réelle,
EQ-FAN-002,2026-01-18 18:00:00+00:00,vibration_mm_s,2.76,mm/s,2026-S1,réelle,
EQ-FAN-003,2026-01-18 18:00:00+00:00,vibration_mm_s,2.61,mm/s,2026-S1,réelle,
EQ-FAN-204,2026-01-18 18:00:00+00:00,vibration_mm_s,2.78,mm/s,2026-S1,réelle,
EQ-FAN-284,2026-01-18 18:00:00+00:00,vibration_mm_s,1.73,mm/s,2026-S1,réelle,
EQ-FAN-304,2026-01-18 18:00:00+00:00,vibration_mm_s,2.77,mm/s,2026-S1,réelle,
EQ-MIX-159,2026-01-18 18:00:00+00:00,vibration_mm_s,2.25,mm/s,2026-S1,réelle,
EQ-MIX-259,2026-01-18 18:00:00+00:00,vibration_mm_s,2.77,mm/s,2026-S1,réelle,
EQ-MIX-379,2026-01-18 18:00:00+00:00,vibration_mm_s,3.41,mm/s,2026-S1,réelle,
EQ-OVEN-001,2026-01-18 18:00:00+00:00,temperature_c,49.22,°C,2026-S1,réelle,
EQ-OVEN-123,2026-01-18 18:00:00+00:00,temperature_c,60.83,°C,2026-S1,réelle,
EQ-OVEN-223,2026-01-18 18:00:00+00:00,temperature_c,57.68,°C,2026-S1,réelle,
EQ-OVEN-366,2026-01-18 18:00:00+00:00,temperature_c,53.18,°C,2026-S1,réelle,
EQ-OVEN-386,2026-01-18 18:00:00+00:00,temperature_c,62.05,°C,2026-S1,réelle,
EQ-PUMP-001,2026-01-18 18:00:00+00:00,temperature_c,54.04,°C,2026-S1,réelle,
EQ-PUMP-006,2026-01-18 18:00:00+00:00,temperature_c,49.7,°C,2026-S1,réelle,
EQ-PUMP-006,2026-01-18 18:00:00+00:00,vibration_mm_s,3.6,mm/s,2026-S1,réelle,
EQ-PUMP-171,2026-01-18 18:00:00+00:00,temperature_c,58.28,°C,2026-S1,réelle,
EQ-PUMP-171,2026-01-18 18:00:00+00:00,vibration_mm_s,3.21,mm/s,2026-S1,réelle,
EQ-PUMP-350,2026-01-18 18:00:00+00:00,temperature_c,52.93,°C,2026-S1,réelle,
EQ-PUMP-350,2026-01-18 18:00:00+00:00,vibration_mm_s,2.67,mm/s,2026-S1,réelle,
EQ-ROBOT-358,2026-01-18 18:00:00+00:00,vibration_mm_s,2.54,mm/s,2026-S1,réelle,
EQ-SENSOR-305,2026-01-18 18:00:00+00:00,temperature_c,50.84,°C,2026-S1,réelle,
EQ-STEAM-341,2026-01-18 18:00:00+00:00,temperature_c,51.24,°C,2026-S1,réelle,
EQ-STEAM-352,2026-01-18 18:00:00+00:00,temperature_c,58.54,°C,2026-S1,réelle,
EQ-PUMP-001,2026-01-18 20:00:00+00:00,vibration_mm_s,2.52,mm/s,2026-S1,réelle,
EQ-CAB-134,2026-01-19 00:00:00+00:00,temperature_c,60.15,°C,2026-S1,réelle,
EQ-CHILL-001,2026-01-19 00:00:00+00:00,temperature_c,51.79,°C,2026-S1,réelle,
EQ-CHILL-115,2026-01-19 00:00:00+00:00,temperature_c,55.83,°C,2026-S1,réelle,
EQ-CHILL-168,2026-01-19 00:00:00+00:00,temperature_c,64.37,°C,2026-S1,réelle,
EQ-CHILL-188,2026-01-19 00:00:00+00:00,temperature_c,64.43,°C,2026-S1,réelle,
EQ-CHILL-248,2026-01-19 00:00:00+00:00,temperature_c,51.85,°C,2026-S1,réelle,
EQ-COMP-002,2026-01-19 00:00:00+00:00,temperature_c,63.69,°C,2026-S1,réelle,
EQ-COMP-113,2026-01-19 00:00:00+00:00,temperature_c,67.59,°C,2026-S1,réelle,
EQ-COMP-233,2026-01-19 00:00:00+00:00,temperature_c,64.35,°C,2026-S1,réelle,
EQ-FAN-002,2026-01-19 00:00:00+00:00,vibration_mm_s,2.75,mm/s,2026-S1,réelle,
EQ-FAN-003,2026-01-19 00:00:00+00:00,vibration_mm_s,2.42,mm/s,2026-S1,réelle,
EQ-FAN-204,2026-01-19 00:00:00+00:00,vibration_mm_s,2.54,mm/s,2026-S1,réelle,
EQ-FAN-284,2026-01-19 00:00:00+00:00,vibration_mm_s,2.43,mm/s,2026-S1,réelle,
EQ-FAN-304,2026-01-19 00:00:00+00:00,vibration_mm_s,2.29,mm/s,2026-S1,réelle,
EQ-MIX-159,2026-01-19 00:00:00+00:00,vibration_mm_s,2.44,mm/s,2026-S1,réelle,
EQ-MIX-259,2026-01-19 00:00:00+00:00,vibration_mm_s,2.42,mm/s,2026-S1,réelle,
EQ-MIX-379,2026-01-19 00:00:00+00:00,vibration_mm_s,2.95,mm/s,2026-S1,réelle,
EQ-OVEN-001,2026-01-19 00:00:00+00:00,temperature_c,54.45,°C,2026-S1,réelle,
EQ-OVEN-123,2026-01-19 00:00:00+00:00,temperature_c,56.56,°C,2026-S1,réelle,
EQ-OVEN-223,2026-01-19 00:00:00+00:00,temperature_c,60.79,°C,2026-S1,réelle,
EQ-OVEN-366,2026-01-19 00:00:00+00:00,temperature_c,52.35,°C,2026-S1,réelle,
EQ-OVEN-386,2026-01-19 00:00:00+00:00,temperature_c,59.16,°C,2026-S1,réelle,
EQ-PUMP-001,2026-01-19 00:00:00+00:00,temperature_c,61.9,°C,2026-S1,réelle,
EQ-PUMP-006,2026-01-19 00:00:00+00:00,temperature_c,51.69,°C,2026-S1,réelle,
EQ-PUMP-006,2026-01-19 00:00:00+00:00,vibration_mm_s,2.86,mm/s,2026-S1,réelle,
EQ-PUMP-171,2026-01-19 00:00:00+00:00,temperature_c,64.95,°C,2026-S1,réelle,
EQ-PUMP-171,2026-01-19 00:00:00+00:00,vibration_mm_s,2.45,mm/s,2026-S1,réelle,
EQ-PUMP-350,2026-01-19 00:00:00+00:00,temperature_c,62.2,°C,2026-S1,réelle,
EQ-PUMP-350,2026-01-19 00:00:00+00:00,vibration_mm_s,3.7,mm/s,2026-S1,réelle,
EQ-ROBOT-358,2026-01-19 00:00:00+00:00,vibration_mm_s,3.25,mm/s,2026-S1,réelle,
EQ-SENSOR-305,2026-01-19 00:00:00+00:00,temperature_c,58.28,°C,2026-S1,réelle,
EQ-STEAM-341,2026-01-19 00:00:00+00:00,temperature_c,54.29,°C,2026-S1,réelle,
EQ-STEAM-352,2026-01-19 00:00:00+00:00,temperature_c,65.04,°C,2026-S1,réelle,
EQ-PUMP-001,2026-01-19 02:00:00+00:00,vibration_mm_s,2.94,mm/s,2026-S1,réelle,
EQ-CAB-134,2026-01-19 06:00:00+00:00,temperature_c,53.69,°C,2026-S1,réelle,
EQ-CHILL-001,2026-01-19 06:00:00+00:00,temperature_c,58.9,°C,2026-S1,réelle,
EQ-CHILL-115,2026-01-19 06:00:00+00:00,temperature_c,66.46,°C,2026-S1,réelle,
EQ-CHILL-168,2026-01-19 06:00:00+00:00,temperature_c,61.33,°C,2026-S1,réelle,
EQ-CHILL-188,2026-01-19 06:00:00+00:00,temperature_c,56.99,°C,2026-S1,réelle,
EQ-CHILL-248,2026-01-19 06:00:00+00:00,temperature_c,46.43,°C,2026-S1,réelle,
EQ-COMP-002,2026-01-19 06:00:00+00:00,temperature_c,63.58,°C,2026-S1,réelle,
EQ-COMP-113,2026-01-19 06:00:00+00:00,temperature_c,66.63,°C,2026-S1,réelle,
EQ-COMP-233,2026-01-19 06:00:00+00:00,temperature_c,62.38,°C,2026-S1,réelle,
EQ-FAN-002,2026-01-19 06:00:00+00:00,vibration_mm_s,3.37,mm/s,2026-S1,réelle,
EQ-FAN-003,2026-01-19 06:00:00+00:00,vibration_mm_s,2.66,mm/s,2026-S1,réelle,
EQ-FAN-204,2026-01-19 06:00:00+00:00,vibration_mm_s,2.95,mm/s,2026-S1,réelle,
EQ-FAN-284,2026-01-19 06:00:00+00:00,vibration_mm_s,2.85,mm/s,2026-S1,réelle,
EQ-FAN-304,2026-01-19 06:00:00+00:00,vibration_mm_s,2.58,mm/s,2026-S1,réelle,
EQ-MIX-159,2026-01-19 06:00:00+00:00,vibration_mm_s,2.74,mm/s,2026-S1,réelle,
EQ-MIX-259,2026-01-19 06:00:00+00:00,vibration_mm_s,2.34,mm/s,2026-S1,réelle,
EQ-MIX-379,2026-01-19 06:00:00+00:00,vibration_mm_s,2.47,mm/s,2026-S1,réelle,
EQ-OVEN-001,2026-01-19 06:00:00+00:00,temperature_c,51.54,°C,2026-S1,réelle,
EQ-OVEN-123,2026-01-19 06:00:00+00:00,temperature_c,51.57,°C,2026-S1,réelle,
EQ-OVEN-223,2026-01-19 06:00:00+00:00,temperature_c,64.48,°C,2026-S1,réelle,
EQ-OVEN-366,2026-01-19 06:00:00+00:00,temperature_c,47.61,°C,2026-S1,réelle,
EQ-OVEN-386,2026-01-19 06:00:00+00:00,temperature_c,60.35,°C,2026-S1,réelle,
EQ-PUMP-001,2026-01-19 06:00:00+00:00,temperature_c,63.4,°C,2026-S1,réelle,
EQ-PUMP-006,2026-01-19 06:00:00+00:00,temperature_c,59.57,°C,2026-S1,réelle,
EQ-PUMP-006,2026-01-19 06:00:00+00:00,vibration_mm_s,2.82,mm/s,2026-S1,réelle,
EQ-PUMP-171,2026-01-19 06:00:00+00:00,temperature_c,62.88,°C,2026-S1,réelle,
EQ-PUMP-171,2026-01-19 06:00:00+00:00,vibration_mm_s,2.61,mm/s,2026-S1,réelle,
EQ-PUMP-350,2026-01-19 06:00:00+00:00,temperature_c,63.74,°C,2026-S1,réelle,
EQ-PUMP-350,2026-01-19 06:00:00+00:00,vibration_mm_s,3.01,mm/s,2026-S1,réelle,
EQ-ROBOT-358,2026-01-19 06:00:00+00:00,vibration_mm_s,3.42,mm/s,2026-S1,réelle,
EQ-SENSOR-305,2026-01-19 06:00:00+00:00,temperature_c,63.51,°C,2026-S1,réelle,
EQ-STEAM-341,2026-01-19 06:00:00+00:00,temperature_c,59.73,°C,2026-S1,réelle,
EQ-STEAM-352,2026-01-19 06:00:00+00:00,temperature_c,61.23,°C,2026-S1,réelle,
EQ-PUMP-001,2026-01-19 08:00:00+00:00,vibration_mm_s,3.54,mm/s,2026-S1,réelle,
EQ-CAB-134,2026-01-19 12:00:00+00:00,temperature_c,51.54,°C,2026-S1,réelle,
EQ-CHILL-001,2026-01-19 12:00:00+00:00,temperature_c,59.68,°C,2026-S1,réelle,
EQ-CHILL-115,2026-01-19 12:00:00+00:00,temperature_c,60.33,°C,2026-S1,réelle,
EQ-CHILL-168,2026-01-19 12:00:00+00:00,temperature_c,56.46,°C,2026-S1,réelle,
EQ-CHILL-188,2026-01-19 12:00:00+00:00,temperature_c,52.8,°C,2026-S1,réelle,
EQ-CHILL-248,2026-01-19 12:00:00+00:00,temperature_c,53.39,°C,2026-S1,réelle,
EQ-COMP-002,2026-01-19 12:00:00+00:00,temperature_c,55.17,°C,2026-S1,réelle,
EQ-COMP-113,2026-01-19 12:00:00+00:00,temperature_c,61.58,°C,2026-S1,réelle,
EQ-COMP-233,2026-01-19 12:00:00+00:00,temperature_c,53.81,°C,2026-S1,réelle,
EQ-FAN-002,2026-01-19 12:00:00+00:00,vibration_mm_s,3.18,mm/s,2026-S1,réelle,
EQ-FAN-003,2026-01-19 12:00:00+00:00,vibration_mm_s,2.95,mm/s,2026-S1,réelle,
EQ-FAN-204,2026-01-19 12:00:00+00:00,vibration_mm_s,3.51,mm/s,2026-S1,réelle,
EQ-FAN-284,2026-01-19 12:00:00+00:00,vibration_mm_s,3.09,mm/s,2026-S1,réelle,
EQ-FAN-304,2026-01-19 12:00:00+00:00,vibration_mm_s,2.76,mm/s,2026-S1,réelle,
EQ-MIX-159,2026-01-19 12:00:00+00:00,vibration_mm_s,3.07,mm/s,2026-S1,réelle,
EQ-MIX-259,2026-01-19 12:00:00+00:00,vibration_mm_s,2.51,mm/s,2026-S1,réelle,
EQ-MIX-379,2026-01-19 12:00:00+00:00,vibration_mm_s,3.06,mm/s,2026-S1,réelle,
EQ-OVEN-001,2026-01-19 12:00:00+00:00,temperature_c,47.95,°C,2026-S1,réelle,
EQ-OVEN-123,2026-01-19 12:00:00+00:00,temperature_c,59.04,°C,2026-S1,réelle,
EQ-OVEN-223,2026-01-19 12:00:00+00:00,temperature_c,66.07,°C,2026-S1,réelle,
EQ-OVEN-366,2026-01-19 12:00:00+00:00,temperature_c,54.25,°C,2026-S1,réelle,
EQ-OVEN-386,2026-01-19 12:00:00+00:00,temperature_c,67.19,°C,2026-S1,réelle,
EQ-PUMP-001,2026-01-19 12:00:00+00:00,temperature_c,56.35,°C,2026-S1,réelle,
EQ-PUMP-006,2026-01-19 12:00:00+00:00,temperature_c,59.08,°C,2026-S1,réelle,
EQ-PUMP-006,2026-01-19 12:00:00+00:00,vibration_mm_s,3.09,mm/s,2026-S1,réelle,
EQ-PUMP-171,2026-01-19 12:00:00+00:00,temperature_c,57.77,°C,2026-S1,réelle,
EQ-PUMP-171,2026-01-19 12:00:00+00:00,vibration_mm_s,2.9,mm/s,2026-S1,réelle,
EQ-PUMP-350,2026-01-19 12:00:00+00:00,temperature_c,61.45,°C,2026-S1,réelle,
EQ-PUMP-350,2026-01-19 12:00:00+00:00,vibration_mm_s,2.7,mm/s,2026-S1,réelle,
EQ-ROBOT-358,2026-01-19 12:00:00+00:00,vibration_mm_s,2.77,mm/s,2026-S1,réelle,
EQ-SENSOR-305,2026-01-19 12:00:00+00:00,temperature_c,56.23,°C,2026-S1,réelle,
EQ-STEAM-341,2026-01-19 12:00:00+00:00,temperature_c,58.79,°C,2026-S1,réelle,
EQ-STEAM-352,2026-01-19 12:00:00+00:00,temperature_c,55.98,°C,2026-S1,réelle,
EQ-PUMP-001,2026-01-19 14:00:00+00:00,vibration_mm_s,2.78,mm/s,2026-S1,réelle,
EQ-CAB-134,2026-01-19 18:00:00+00:00,temperature_c,57.33,°C,2026-S1,réelle,
EQ-CHILL-001,2026-01-19 18:00:00+00:00,temperature_c,54.01,°C,2026-S1,réelle,
EQ-CHILL-115,2026-01-19 18:00:00+00:00,temperature_c,56.93,°C,2026-S1,réelle,
EQ-CHILL-168,2026-01-19 18:00:00+00:00,temperature_c,58.48,°C,2026-S1,réelle,
EQ-CHILL-188,2026-01-19 18:00:00+00:00,temperature_c,59.65,°C,2026-S1,réelle,
EQ-CHILL-248,2026-01-19 18:00:00+00:00,temperature_c,59.66,°C,2026-S1,réelle,
EQ-COMP-002,2026-01-19 18:00:00+00:00,temperature_c,56.74,°C,2026-S1,réelle,
EQ-COMP-113,2026-01-19 18:00:00+00:00,temperature_c,62.32,°C,2026-S1,réelle,
EQ-COMP-233,2026-01-19 18:00:00+00:00,temperature_c,58.55,°C,2026-S1,réelle,
EQ-FAN-002,2026-01-19 18:00:00+00:00,vibration_mm_s,2.5,mm/s,2026-S1,réelle,
EQ-FAN-003,2026-01-19 18:00:00+00:00,vibration_mm_s,2.62,mm/s,2026-S1,réelle,
EQ-FAN-204,2026-01-19 18:00:00+00:00,vibration_mm_s,3.22,mm/s,2026-S1,réelle,
EQ-FAN-284,2026-01-19 18:00:00+00:00,vibration_mm_s,2.51,mm/s,2026-S1,réelle,
EQ-FAN-304,2026-01-19 18:00:00+00:00,vibration_mm_s,2.73,mm/s,2026-S1,réelle,
EQ-MIX-159,2026-01-19 18:00:00+00:00,vibration_mm_s,2.55,mm/s,2026-S1,réelle,
EQ-MIX-259,2026-01-19 18:00:00+00:00,vibration_mm_s,3.01,mm/s,2026-S1,réelle,
EQ-MIX-379,2026-01-19 18:00:00+00:00,vibration_mm_s,3.41,mm/s,2026-S1,réelle,
EQ-OVEN-001,2026-01-19 18:00:00+00:00,temperature_c,51.41,°C,2026-S1,réelle,
EQ-OVEN-123,2026-01-19 18:00:00+00:00,temperature_c,61.84,°C,2026-S1,réelle,
EQ-OVEN-223,2026-01-19 18:00:00+00:00,temperature_c,58.7,°C,2026-S1,réelle,
EQ-OVEN-366,2026-01-19 18:00:00+00:00,temperature_c,55.15,°C,2026-S1,réelle,
EQ-OVEN-386,2026-01-19 18:00:00+00:00,temperature_c,63.6,°C,2026-S1,réelle,
EQ-PUMP-001,2026-01-19 18:00:00+00:00,temperature_c,53.59,°C,2026-S1,réelle,
EQ-PUMP-006,2026-01-19 18:00:00+00:00,temperature_c,52.32,°C,2026-S1,réelle,
EQ-PUMP-006,2026-01-19 18:00:00+00:00,vibration_mm_s,3.52,mm/s,2026-S1,réelle,
EQ-PUMP-171,2026-01-19 18:00:00+00:00,temperature_c,60.48,°C,2026-S1,réelle,
EQ-PUMP-171,2026-01-19 18:00:00+00:00,vibration_mm_s,2.91,mm/s,2026-S1,réelle,
EQ-PUMP-350,2026-01-19 18:00:00+00:00,temperature_c,58.47,°C,2026-S1,réelle,
EQ-PUMP-350,2026-01-19 18:00:00+00:00,vibration_mm_s,2.69,mm/s,2026-S1,réelle,
EQ-ROBOT-358,2026-01-19 18:00:00+00:00,vibration_mm_s,2.43,mm/s,2026-S1,réelle,
EQ-SENSOR-305,2026-01-19 18:00:00+00:00,temperature_c,51.92,°C,2026-S1,réelle,
EQ-STEAM-341,2026-01-19 18:00:00+00:00,temperature_c,53.56,°C,2026-S1,réelle,
EQ-STEAM-352,2026-01-19 18:00:00+00:00,temperature_c,58.37,°C,2026-S1,réelle,
EQ-PUMP-001,2026-01-19 20:00:00+00:00,vibration_mm_s,2.64,mm/s,2026-S1,réelle,
EQ-CAB-134,2026-01-20 00:00:00+00:00,temperature_c,61.29,°C,2026-S1,réelle,
EQ-CHILL-001,2026-01-20 00:00:00+00:00,temperature_c,54.19,°C,2026-S1,réelle,
EQ-CHILL-115,2026-01-20 00:00:00+00:00,temperature_c,58.91,°C,2026-S1,réelle,
EQ-CHILL-168,2026-01-20 00:00:00+00:00,temperature_c,64.3,°C,2026-S1,réelle,
EQ-CHILL-188,2026-01-20 00:00:00+00:00,temperature_c,60.78,°C,2026-S1,réelle,
EQ-CHILL-248,2026-01-20 00:00:00+00:00,temperature_c,53.58,°C,2026-S1,réelle,
EQ-COMP-002,2026-01-20 00:00:00+00:00,temperature_c,62.43,°C,2026-S1,réelle,
EQ-COMP-113,2026-01-20 00:00:00+00:00,temperature_c,64.14,°C,2026-S1,réelle,
EQ-COMP-233,2026-01-20 00:00:00+00:00,temperature_c,61.54,°C,2026-S1,réelle,
EQ-FAN-002,2026-01-20 00:00:00+00:00,vibration_mm_s,3.06,mm/s,2026-S1,réelle,
EQ-FAN-003,2026-01-20 00:00:00+00:00,vibration_mm_s,2.67,mm/s,2026-S1,réelle,
EQ-FAN-204,2026-01-20 00:00:00+00:00,vibration_mm_s,2.77,mm/s,2026-S1,réelle,
EQ-FAN-284,2026-01-20 00:00:00+00:00,vibration_mm_s,2.41,mm/s,2026-S1,réelle,
EQ-FAN-304,2026-01-20 00:00:00+00:00,vibration_mm_s,2.29,mm/s,2026-S1,réelle,
EQ-MIX-159,2026-01-20 00:00:00+00:00,vibration_mm_s,2.49,mm/s,2026-S1,réelle,
EQ-MIX-259,2026-01-20 00:00:00+00:00,vibration_mm_s,2.68,mm/s,2026-S1,réelle,
EQ-MIX-379,2026-01-20 00:00:00+00:00,vibration_mm_s,3.01,mm/s,2026-S1,réelle,
EQ-OVEN-001,2026-01-20 00:00:00+00:00,temperature_c,56.95,°C,2026-S1,réelle,
EQ-OVEN-123,2026-01-20 00:00:00+00:00,temperature_c,58.74,°C,2026-S1,réelle,
EQ-OVEN-223,2026-01-20 00:00:00+00:00,temperature_c,60.0,°C,2026-S1,réelle,
EQ-OVEN-366,2026-01-20 00:00:00+00:00,temperature_c,54.15,°C,2026-S1,réelle,
EQ-OVEN-386,2026-01-20 00:00:00+00:00,temperature_c,58.54,°C,2026-S1,réelle,
EQ-PUMP-001,2026-01-20 00:00:00+00:00,temperature_c,59.02,°C,2026-S1,réelle,
EQ-PUMP-006,2026-01-20 00:00:00+00:00,temperature_c,52.46,°C,2026-S1,réelle,
EQ-PUMP-006,2026-01-20 00:00:00+00:00,vibration_mm_s,3.49,mm/s,2026-S1,réelle,
EQ-PUMP-171,2026-01-20 00:00:00+00:00,temperature_c,67.97,°C,2026-S1,réelle,
EQ-PUMP-171,2026-01-20 00:00:00+00:00,vibration_mm_s,2.91,mm/s,2026-S1,réelle,
EQ-PUMP-350,2026-01-20 00:00:00+00:00,temperature_c,60.89,°C,2026-S1,réelle,
EQ-PUMP-350,2026-01-20 00:00:00+00:00,vibration_mm_s,3.28,mm/s,2026-S1,réelle,
EQ-ROBOT-358,2026-01-20 00:00:00+00:00,vibration_mm_s,3.7,mm/s,2026-S1,réelle,
EQ-SENSOR-305,2026-01-20 00:00:00+00:00,temperature_c,58.26,°C,2026-S1,réelle,
EQ-STEAM-341,2026-01-20 00:00:00+00:00,temperature_c,54.89,°C,2026-S1,réelle,
EQ-STEAM-352,2026-01-20 00:00:00+00:00,temperature_c,61.09,°C,2026-S1,réelle,
EQ-PUMP-001,2026-01-20 02:00:00+00:00,vibration_mm_s,3.15,mm/s,2026-S1,réelle,
EQ-CAB-134,2026-01-20 06:00:00+00:00,temperature_c,51.86,°C,2026-S1,réelle,
EQ-CHILL-001,2026-01-20 06:00:00+00:00,temperature_c,58.06,°C,2026-S1,réelle,
EQ-CHILL-115,2026-01-20 06:00:00+00:00,temperature_c,63.59,°C,2026-S1,réelle,
EQ-CHILL-168,2026-01-20 06:00:00+00:00,temperature_c,59.62,°C,2026-S1,réelle,
EQ-CHILL-188,2026-01-20 06:00:00+00:00,temperature_c,56.09,°C,2026-S1,réelle,
EQ-CHILL-248,2026-01-20 06:00:00+00:00,temperature_c,50.12,°C,2026-S1,réelle,
EQ-COMP-002,2026-01-20 06:00:00+00:00,temperature_c,61.81,°C,2026-S1,réelle,
EQ-COMP-113,2026-01-20 06:00:00+00:00,temperature_c,62.27,°C,2026-S1,réelle,
EQ-COMP-233,2026-01-20 06:00:00+00:00,temperature_c,59.3,°C,2026-S1,réelle,
EQ-FAN-002,2026-01-20 06:00:00+00:00,vibration_mm_s,3.26,mm/s,2026-S1,réelle,
EQ-FAN-003,2026-01-20 06:00:00+00:00,vibration_mm_s,2.54,mm/s,2026-S1,réelle,
EQ-FAN-204,2026-01-20 06:00:00+00:00,vibration_mm_s,3.22,mm/s,2026-S1,réelle,
EQ-FAN-284,2026-01-20 06:00:00+00:00,vibration_mm_s,3.05,mm/s,2026-S1,réelle,
EQ-FAN-304,2026-01-20 06:00:00+00:00,vibration_mm_s,2.69,mm/s,2026-S1,réelle,
EQ-MIX-159,2026-01-20 06:00:00+00:00,vibration_mm_s,2.88,mm/s,2026-S1,réelle,
EQ-MIX-259,2026-01-20 06:00:00+00:00,vibration_mm_s,2.26,mm/s,2026-S1,réelle,
EQ-MIX-379,2026-01-20 06:00:00+00:00,vibration_mm_s,2.8,mm/s,2026-S1,réelle,
EQ-OVEN-001,2026-01-20 06:00:00+00:00,temperature_c,50.78,°C,2026-S1,réelle,
EQ-OVEN-123,2026-01-20 06:00:00+00:00,temperature_c,51.59,°C,2026-S1,réelle,
EQ-OVEN-223,2026-01-20 06:00:00+00:00,temperature_c,65.3,°C,2026-S1,réelle,
EQ-OVEN-366,2026-01-20 06:00:00+00:00,temperature_c,46.29,°C,2026-S1,réelle,
EQ-OVEN-386,2026-01-20 06:00:00+00:00,temperature_c,63.93,°C,2026-S1,réelle,
EQ-PUMP-001,2026-01-20 06:00:00+00:00,temperature_c,63.46,°C,2026-S1,réelle,
EQ-PUMP-006,2026-01-20 06:00:00+00:00,temperature_c,59.65,°C,2026-S1,réelle,
EQ-PUMP-006,2026-01-20 06:00:00+00:00,vibration_mm_s,3.03,mm/s,2026-S1,réelle,
EQ-PUMP-171,2026-01-20 06:00:00+00:00,temperature_c,66.82,°C,2026-S1,réelle,
EQ-PUMP-171,2026-01-20 06:00:00+00:00,vibration_mm_s,2.28,mm/s,2026-S1,réelle,
EQ-PUMP-350,2026-01-20 06:00:00+00:00,temperature_c,63.08,°C,2026-S1,réelle,
EQ-PUMP-350,2026-01-20 06:00:00+00:00,vibration_mm_s,3.46,mm/s,2026-S1,réelle,
EQ-ROBOT-358,2026-01-20 06:00:00+00:00,vibration_mm_s,3.27,mm/s,2026-S1,réelle,
EQ-SENSOR-305,2026-01-20 06:00:00+00:00,temperature_c,59.72,°C,2026-S1,réelle,
EQ-STEAM-341,2026-01-20 06:00:00+00:00,temperature_c,58.72,°C,2026-S1,réelle,
EQ-STEAM-352,2026-01-20 06:00:00+00:00,temperature_c,62.92,°C,2026-S1,réelle,
EQ-PUMP-001,2026-01-20 08:00:00+00:00,vibration_mm_s,3.35,mm/s,2026-S1,réelle,
EQ-CAB-134,2026-01-20 12:00:00+00:00,temperature_c,50.82,°C,2026-S1,réelle,
EQ-CHILL-001,2026-01-20 12:00:00+00:00,temperature_c,58.51,°C,2026-S1,réelle,
EQ-CHILL-115,2026-01-20 12:00:00+00:00,temperature_c,65.13,°C,2026-S1,réelle,
EQ-CHILL-168,2026-01-20 12:00:00+00:00,temperature_c,55.37,°C,2026-S1,réelle,
EQ-CHILL-188,2026-01-20 12:00:00+00:00,temperature_c,54.36,°C,2026-S1,réelle,
EQ-CHILL-248,2026-01-20 12:00:00+00:00,temperature_c,52.65,°C,2026-S1,réelle,
EQ-COMP-002,2026-01-20 12:00:00+00:00,temperature_c,55.32,°C,2026-S1,réelle,
EQ-COMP-113,2026-01-20 12:00:00+00:00,temperature_c,57.7,°C,2026-S1,réelle,
EQ-COMP-233,2026-01-20 12:00:00+00:00,temperature_c,54.89,°C,2026-S1,réelle,
EQ-FAN-002,2026-01-20 12:00:00+00:00,vibration_mm_s,3.04,mm/s,2026-S1,réelle,
EQ-FAN-003,2026-01-20 12:00:00+00:00,vibration_mm_s,3.21,mm/s,2026-S1,réelle,
EQ-FAN-204,2026-01-20 12:00:00+00:00,vibration_mm_s,2.98,mm/s,2026-S1,réelle,
EQ-FAN-284,2026-01-20 12:00:00+00:00,vibration_mm_s,3.56,mm/s,2026-S1,réelle,
EQ-FAN-304,2026-01-20 12:00:00+00:00,vibration_mm_s,2.76,mm/s,2026-S1,réelle,
EQ-MIX-159,2026-01-20 12:00:00+00:00,vibration_mm_s,3.01,mm/s,2026-S1,réelle,
EQ-MIX-259,2026-01-20 12:00:00+00:00,vibration_mm_s,2.59,mm/s,2026-S1,réelle,
EQ-MIX-379,2026-01-20 12:00:00+00:00,vibration_mm_s,2.89,mm/s,2026-S1,réelle,
EQ-OVEN-001,2026-01-20 12:00:00+00:00,temperature_c,46.55,°C,2026-S1,réelle,
EQ-OVEN-123,2026-01-20 12:00:00+00:00,temperature_c,60.77,°C,2026-S1,réelle,
EQ-OVEN-223,2026-01-20 12:00:00+00:00,temperature_c,67.79,°C,2026-S1,réelle,
EQ-OVEN-366,2026-01-20 12:00:00+00:00,temperature_c,52.18,°C,2026-S1,réelle,
EQ-OVEN-386,2026-01-20 12:00:00+00:00,temperature_c,68.52,°C,2026-S1,réelle,
EQ-PUMP-001,2026-01-20 12:00:00+00:00,temperature_c,56.46,°C,2026-S1,réelle,
EQ-PUMP-006,2026-01-20 12:00:00+00:00,temperature_c,60.25,°C,2026-S1,réelle,
EQ-PUMP-006,2026-01-20 12:00:00+00:00,vibration_mm_s,2.74,mm/s,2026-S1,réelle,
EQ-PUMP-171,2026-01-20 12:00:00+00:00,temperature_c,56.58,°C,2026-S1,réelle,
EQ-PUMP-171,2026-01-20 12:00:00+00:00,vibration_mm_s,3.21,mm/s,2026-S1,réelle,
EQ-PUMP-350,2026-01-20 12:00:00+00:00,temperature_c,61.91,°C,2026-S1,réelle,
EQ-PUMP-350,2026-01-20 12:00:00+00:00,vibration_mm_s,2.95,mm/s,2026-S1,réelle,
EQ-ROBOT-358,2026-01-20 12:00:00+00:00,vibration_mm_s,2.61,mm/s,2026-S1,réelle,
EQ-SENSOR-305,2026-01-20 12:00:00+00:00,temperature_c,55.57,°C,2026-S1,réelle,
EQ-STEAM-341,2026-01-20 12:00:00+00:00,temperature_c,57.19,°C,2026-S1,réelle,
EQ-STEAM-352,2026-01-20 12:00:00+00:00,temperature_c,56.84,°C,2026-S1,réelle,
EQ-PUMP-001,2026-01-20 14:00:00+00:00,vibration_mm_s,3.07,mm/s,2026-S1,réelle,
EQ-CAB-134,2026-01-20 18:00:00+00:00,temperature_c,57.75,°C,2026-S1,réelle,
EQ-CHILL-001,2026-01-20 18:00:00+00:00,temperature_c,51.8,°C,2026-S1,réelle,
EQ-CHILL-115,2026-01-20 18:00:00+00:00,temperature_c,57.37,°C,2026-S1,réelle,
EQ-CHILL-168,2026-01-20 18:00:00+00:00,temperature_c,58.81,°C,2026-S1,réelle,
EQ-CHILL-188,2026-01-20 18:00:00+00:00,temperature_c,59.55,°C,2026-S1,réelle,
EQ-CHILL-248,2026-01-20 18:00:00+00:00,temperature_c,57.3,°C,2026-S1,réelle,
EQ-COMP-002,2026-01-20 18:00:00+00:00,temperature_c,54.99,°C,2026-S1,réelle,
EQ-COMP-113,2026-01-20 18:00:00+00:00,temperature_c,59.83,°C,2026-S1,réelle,
EQ-COMP-233,2026-01-20 18:00:00+00:00,temperature_c,58.98,°C,2026-S1,réelle,
EQ-FAN-002,2026-01-20 18:00:00+00:00,vibration_mm_s,2.53,mm/s,2026-S1,réelle,
EQ-FAN-003,2026-01-20 18:00:00+00:00,vibration_mm_s,3.27,mm/s,2026-S1,réelle,
EQ-FAN-204,2026-01-20 18:00:00+00:00,vibration_mm_s,2.95,mm/s,2026-S1,réelle,
EQ-FAN-284,2026-01-20 18:00:00+00:00,vibration_mm_s,2.09,mm/s,2026-S1,réelle,
EQ-FAN-304,2026-01-20 18:00:00+00:00,vibration_mm_s,2.72,mm/s,2026-S1,réelle,
EQ-MIX-159,2026-01-20 18:00:00+00:00,vibration_mm_s,2.32,mm/s,2026-S1,réelle,
EQ-MIX-259,2026-01-20 18:00:00+00:00,vibration_mm_s,3.02,mm/s,2026-S1,réelle,
EQ-MIX-379,2026-01-20 18:00:00+00:00,vibration_mm_s,3.3,mm/s,2026-S1,réelle,
EQ-OVEN-001,2026-01-20 18:00:00+00:00,temperature_c,51.57,°C,2026-S1,réelle,
EQ-OVEN-123,2026-01-20 18:00:00+00:00,temperature_c,64.54,°C,2026-S1,réelle,
EQ-OVEN-223,2026-01-20 18:00:00+00:00,temperature_c,59.55,°C,2026-S1,réelle,
EQ-OVEN-366,2026-01-20 18:00:00+00:00,temperature_c,55.66,°C,2026-S1,réelle,
EQ-OVEN-386,2026-01-20 18:00:00+00:00,temperature_c,63.28,°C,2026-S1,réelle,
EQ-PUMP-001,2026-01-20 18:00:00+00:00,temperature_c,54.0,°C,2026-S1,réelle,
EQ-PUMP-006,2026-01-20 18:00:00+00:00,temperature_c,53.52,°C,2026-S1,réelle,
EQ-PUMP-006,2026-01-20 18:00:00+00:00,vibration_mm_s,3.19,mm/s,2026-S1,réelle,
EQ-PUMP-171,2026-01-20 18:00:00+00:00,temperature_c,60.72,°C,2026-S1,réelle,
EQ-PUMP-171,2026-01-20 18:00:00+00:00,vibration_mm_s,3.6,mm/s,2026-S1,réelle,
EQ-PUMP-350,2026-01-20 18:00:00+00:00,temperature_c,56.6,°C,2026-S1,réelle,
EQ-PUMP-350,2026-01-20 18:00:00+00:00,vibration_mm_s,3.23,mm/s,2026-S1,réelle,
EQ-ROBOT-358,2026-01-20 18:00:00+00:00,vibration_mm_s,2.87,mm/s,2026-S1,réelle,
EQ-SENSOR-305,2026-01-20 18:00:00+00:00,temperature_c,51.04,°C,2026-S1,réelle,
EQ-STEAM-341,2026-01-20 18:00:00+00:00,temperature_c,53.6,°C,2026-S1,réelle,
EQ-STEAM-352,2026-01-20 18:00:00+00:00,temperature_c,56.78,°C,2026-S1,réelle,
EQ-PUMP-001,2026-01-20 20:00:00+00:00,vibration_mm_s,2.71,mm/s,2026-S1,réelle,
EQ-CAB-134,2026-01-21 00:00:00+00:00,temperature_c,61.4,°C,2026-S1,réelle,
EQ-CHILL-001,2026-01-21 00:00:00+00:00,temperature_c,51.3,°C,2026-S1,réelle,
EQ-CHILL-115,2026-01-21 00:00:00+00:00,temperature_c,57.19,°C,2026-S1,réelle,
EQ-CHILL-168,2026-01-21 00:00:00+00:00,temperature_c,63.89,°C,2026-S1,réelle,
EQ-CHILL-188,2026-01-21 00:00:00+00:00,temperature_c,61.41,°C,2026-S1,réelle,
EQ-CHILL-248,2026-01-21 00:00:00+00:00,temperature_c,50.63,°C,2026-S1,réelle,
EQ-COMP-002,2026-01-21 00:00:00+00:00,temperature_c,64.08,°C,2026-S1,réelle,
EQ-COMP-113,2026-01-21 00:00:00+00:00,temperature_c,67.25,°C,2026-S1,réelle,
EQ-COMP-233,2026-01-21 00:00:00+00:00,temperature_c,62.37,°C,2026-S1,réelle,
EQ-FAN-002,2026-01-21 00:00:00+00:00,vibration_mm_s,3.11,mm/s,2026-S1,réelle,
EQ-FAN-003,2026-01-21 00:00:00+00:00,vibration_mm_s,2.79,mm/s,2026-S1,réelle,
EQ-FAN-204,2026-01-21 00:00:00+00:00,vibration_mm_s,2.64,mm/s,2026-S1,réelle,
EQ-FAN-284,2026-01-21 00:00:00+00:00,vibration_mm_s,2.59,mm/s,2026-S1,réelle,
EQ-FAN-304,2026-01-21 00:00:00+00:00,vibration_mm_s,2.9,mm/s,2026-S1,réelle,
EQ-MIX-159,2026-01-21 00:00:00+00:00,vibration_mm_s,2.61,mm/s,2026-S1,réelle,
EQ-MIX-259,2026-01-21 00:00:00+00:00,vibration_mm_s,2.26,mm/s,2026-S1,réelle,
EQ-MIX-379,2026-01-21 00:00:00+00:00,vibration_mm_s,3.1,mm/s,2026-S1,réelle,
EQ-OVEN-001,2026-01-21 00:00:00+00:00,temperature_c,57.07,°C,2026-S1,réelle,
EQ-OVEN-123,2026-01-21 00:00:00+00:00,temperature_c,56.17,°C,2026-S1,réelle,
EQ-OVEN-223,2026-01-21 00:00:00+00:00,temperature_c,59.16,°C,2026-S1,réelle,
EQ-OVEN-366,2026-01-21 00:00:00+00:00,temperature_c,51.22,°C,2026-S1,réelle,
EQ-OVEN-386,2026-01-21 00:00:00+00:00,temperature_c,58.57,°C,2026-S1,réelle,
EQ-PUMP-001,2026-01-21 00:00:00+00:00,temperature_c,58.88,°C,2026-S1,réelle,
EQ-PUMP-006,2026-01-21 00:00:00+00:00,temperature_c,52.57,°C,2026-S1,réelle,
EQ-PUMP-006,2026-01-21 00:00:00+00:00,vibration_mm_s,3.53,mm/s,2026-S1,réelle,
EQ-PUMP-171,2026-01-21 00:00:00+00:00,temperature_c,65.31,°C,2026-S1,réelle,
EQ-PUMP-171,2026-01-21 00:00:00+00:00,vibration_mm_s,2.71,mm/s,2026-S1,réelle,
EQ-PUMP-350,2026-01-21 00:00:00+00:00,temperature_c,61.5,°C,2026-S1,réelle,
EQ-PUMP-350,2026-01-21 00:00:00+00:00,vibration_mm_s,3.43,mm/s,2026-S1,réelle,
EQ-ROBOT-358,2026-01-21 00:00:00+00:00,vibration_mm_s,3.45,mm/s,2026-S1,réelle,
EQ-SENSOR-305,2026-01-21 00:00:00+00:00,temperature_c,59.16,°C,2026-S1,réelle,
EQ-STEAM-341,2026-01-21 00:00:00+00:00,temperature_c,52.88,°C,2026-S1,réelle,
EQ-STEAM-352,2026-01-21 00:00:00+00:00,temperature_c,64.05,°C,2026-S1,réelle,
EQ-PUMP-001,2026-01-21 02:00:00+00:00,vibration_mm_s,2.96,mm/s,2026-S1,réelle,
EQ-CAB-134,2026-01-21 06:00:00+00:00,temperature_c,55.2,°C,2026-S1,réelle,
EQ-CHILL-001,2026-01-21 06:00:00+00:00,temperature_c,61.17,°C,2026-S1,réelle,
EQ-CHILL-115,2026-01-21 06:00:00+00:00,temperature_c,67.45,°C,2026-S1,réelle,
EQ-CHILL-168,2026-01-21 06:00:00+00:00,temperature_c,58.93,°C,2026-S1,réelle,
EQ-CHILL-188,2026-01-21 06:00:00+00:00,temperature_c,58.78,°C,2026-S1,réelle,
EQ-CHILL-248,2026-01-21 06:00:00+00:00,temperature_c,45.82,°C,2026-S1,réelle,
EQ-COMP-002,2026-01-21 06:00:00+00:00,temperature_c,62.7,°C,2026-S1,réelle,
EQ-COMP-113,2026-01-21 06:00:00+00:00,temperature_c,66.28,°C,2026-S1,réelle,
EQ-COMP-233,2026-01-21 06:00:00+00:00,temperature_c,61.01,°C,2026-S1,réelle,
EQ-FAN-002,2026-01-21 06:00:00+00:00,vibration_mm_s,3.28,mm/s,2026-S1,réelle,
EQ-FAN-003,2026-01-21 06:00:00+00:00,vibration_mm_s,3.09,mm/s,2026-S1,réelle,
EQ-FAN-204,2026-01-21 06:00:00+00:00,vibration_mm_s,2.87,mm/s,2026-S1,réelle,
EQ-FAN-284,2026-01-21 06:00:00+00:00,vibration_mm_s,2.69,mm/s,2026-S1,réelle,
EQ-FAN-304,2026-01-21 06:00:00+00:00,vibration_mm_s,2.55,mm/s,2026-S1,réelle,
EQ-MIX-159,2026-01-21 06:00:00+00:00,vibration_mm_s,2.82,mm/s,2026-S1,réelle,
EQ-MIX-259,2026-01-21 06:00:00+00:00,vibration_mm_s,2.47,mm/s,2026-S1,réelle,
EQ-MIX-379,2026-01-21 06:00:00+00:00,vibration_mm_s,2.6,mm/s,2026-S1,réelle,
EQ-OVEN-001,2026-01-21 06:00:00+00:00,temperature_c,50.54,°C,2026-S1,réelle,
EQ-OVEN-123,2026-01-21 06:00:00+00:00,temperature_c,53.32,°C,2026-S1,réelle,
EQ-OVEN-223,2026-01-21 06:00:00+00:00,temperature_c,62.6,°C,2026-S1,réelle,
EQ-OVEN-366,2026-01-21 06:00:00+00:00,temperature_c,44.87,°C,2026-S1,réelle,
EQ-OVEN-386,2026-01-21 06:00:00+00:00,temperature_c,61.8,°C,2026-S1,réelle,
EQ-PUMP-001,2026-01-21 06:00:00+00:00,temperature_c,62.47,°C,2026-S1,réelle,
EQ-PUMP-006,2026-01-21 06:00:00+00:00,temperature_c,57.34,°C,2026-S1,réelle,
EQ-PUMP-006,2026-01-21 06:00:00+00:00,vibration_mm_s,2.95,mm/s,2026-S1,réelle,
EQ-PUMP-171,2026-01-21 06:00:00+00:00,temperature_c,61.22,°C,2026-S1,réelle,
EQ-PUMP-171,2026-01-21 06:00:00+00:00,vibration_mm_s,2.6,mm/s,2026-S1,réelle,
EQ-PUMP-350,2026-01-21 06:00:00+00:00,temperature_c,66.06,°C,2026-S1,réelle,
EQ-PUMP-350,2026-01-21 06:00:00+00:00,vibration_mm_s,2.96,mm/s,2026-S1,réelle,
EQ-ROBOT-358,2026-01-21 06:00:00+00:00,vibration_mm_s,3.47,mm/s,2026-S1,réelle,
EQ-SENSOR-305,2026-01-21 06:00:00+00:00,temperature_c,62.36,°C,2026-S1,réelle,
EQ-STEAM-341,2026-01-21 06:00:00+00:00,temperature_c,58.15,°C,2026-S1,réelle,
EQ-STEAM-352,2026-01-21 06:00:00+00:00,temperature_c,61.52,°C,2026-S1,réelle,
EQ-PUMP-001,2026-01-21 08:00:00+00:00,vibration_mm_s,3.28,mm/s,2026-S1,réelle,
EQ-CAB-134,2026-01-21 12:00:00+00:00,temperature_c,53.26,°C,2026-S1,réelle,
EQ-CHILL-001,2026-01-21 12:00:00+00:00,temperature_c,59.67,°C,2026-S1,réelle,
EQ-CHILL-115,2026-01-21 12:00:00+00:00,temperature_c,61.51,°C,2026-S1,réelle,
EQ-CHILL-168,2026-01-21 12:00:00+00:00,temperature_c,56.33,°C,2026-S1,réelle,
EQ-CHILL-188,2026-01-21 12:00:00+00:00,temperature_c,51.94,°C,2026-S1,réelle,
EQ-CHILL-248,2026-01-21 12:00:00+00:00,temperature_c,52.24,°C,2026-S1,réelle,
EQ-COMP-002,2026-01-21 12:00:00+00:00,temperature_c,60.44,°C,2026-S1,réelle,
EQ-COMP-113,2026-01-21 12:00:00+00:00,temperature_c,61.36,°C,2026-S1,réelle,
EQ-COMP-233,2026-01-21 12:00:00+00:00,temperature_c,54.35,°C,2026-S1,réelle,
EQ-FAN-002,2026-01-21 12:00:00+00:00,vibration_mm_s,3.06,mm/s,2026-S1,réelle,
EQ-FAN-003,2026-01-21 12:00:00+00:00,vibration_mm_s,3.34,mm/s,2026-S1,réelle,
EQ-FAN-204,2026-01-21 12:00:00+00:00,vibration_mm_s,3.33,mm/s,2026-S1,réelle,
EQ-FAN-284,2026-01-21 12:00:00+00:00,vibration_mm_s,3.27,mm/s,2026-S1,réelle,
EQ-FAN-304,2026-01-21 12:00:00+00:00,vibration_mm_s,2.64,mm/s,2026-S1,réelle,
EQ-MIX-159,2026-01-21 12:00:00+00:00,vibration_mm_s,3.38,mm/s,2026-S1,réelle,
EQ-MIX-259,2026-01-21 12:00:00+00:00,vibration_mm_s,3.25,mm/s,2026-S1,réelle,
EQ-MIX-379,2026-01-21 12:00:00+00:00,vibration_mm_s,2.82,mm/s,2026-S1,réelle,
EQ-OVEN-001,2026-01-21 12:00:00+00:00,temperature_c,47.1,°C,2026-S1,réelle,
EQ-OVEN-123,2026-01-21 12:00:00+00:00,temperature_c,60.66,°C,2026-S1,réelle,
EQ-OVEN-223,2026-01-21 12:00:00+00:00,temperature_c,64.98,°C,2026-S1,réelle,
EQ-OVEN-366,2026-01-21 12:00:00+00:00,temperature_c,50.0,°C,2026-S1,réelle,
EQ-OVEN-386,2026-01-21 12:00:00+00:00,temperature_c,66.43,°C,2026-S1,réelle,
EQ-PUMP-001,2026-01-21 12:00:00+00:00,temperature_c,54.01,°C,2026-S1,réelle,
EQ-PUMP-006,2026-01-21 12:00:00+00:00,temperature_c,58.61,°C,2026-S1,réelle,
EQ-PUMP-006,2026-01-21 12:00:00+00:00,vibration_mm_s,2.76,mm/s,2026-S1,réelle,
EQ-PUMP-171,2026-01-21 12:00:00+00:00,temperature_c,54.85,°C,2026-S1,réelle,
EQ-PUMP-171,2026-01-21 12:00:00+00:00,vibration_mm_s,3.17,mm/s,2026-S1,réelle,
EQ-PUMP-350,2026-01-21 12:00:00+00:00,temperature_c,61.54,°C,2026-S1,réelle,
EQ-PUMP-350,2026-01-21 12:00:00+00:00,vibration_mm_s,2.63,mm/s,2026-S1,réelle,
EQ-ROBOT-358,2026-01-21 12:00:00+00:00,vibration_mm_s,2.43,mm/s,2026-S1,réelle,
EQ-SENSOR-305,2026-01-21 12:00:00+00:00,temperature_c,55.92,°C,2026-S1,réelle,
EQ-STEAM-341,2026-01-21 12:00:00+00:00,temperature_c,56.16,°C,2026-S1,réelle,
EQ-STEAM-352,2026-01-21 12:00:00+00:00,temperature_c,58.68,°C,2026-S1,réelle,
EQ-PUMP-001,2026-01-21 14:00:00+00:00,vibration_mm_s,2.6,mm/s,2026-S1,réelle,
EQ-CAB-134,2026-01-21 18:00:00+00:00,temperature_c,57.31,°C,2026-S1,réelle,
EQ-CHILL-001,2026-01-21 18:00:00+00:00,temperature_c,53.69,°C,2026-S1,réelle,
EQ-CHILL-115,2026-01-21 18:00:00+00:00,temperature_c,56.78,°C,2026-S1,réelle,
EQ-CHILL-168,2026-01-21 18:00:00+00:00,temperature_c,59.83,°C,2026-S1,réelle,
EQ-CHILL-188,2026-01-21 18:00:00+00:00,temperature_c,59.49,°C,2026-S1,réelle,
EQ-CHILL-248,2026-01-21 18:00:00+00:00,temperature_c,57.74,°C,2026-S1,réelle,
EQ-COMP-002,2026-01-21 18:00:00+00:00,temperature_c,57.42,°C,2026-S1,réelle,
EQ-COMP-113,2026-01-21 18:00:00+00:00,temperature_c,60.68,°C,2026-S1,réelle,
EQ-COMP-233,2026-01-21 18:00:00+00:00,temperature_c,60.3,°C,2026-S1,réelle,
EQ-FAN-002,2026-01-21 18:00:00+00:00,vibration_mm_s,2.35,mm/s,2026-S1,réelle,
EQ-FAN-003,2026-01-21 18:00:00+00:00,vibration_mm_s,3.1,mm/s,2026-S1,réelle,
EQ-FAN-204,2026-01-21 18:00:00+00:00,vibration_mm_s,2.96,mm/s,2026-S1,réelle,
EQ-FAN-284,2026-01-21 18:00:00+00:00,vibration_mm_s,2.43,mm/s,2026-S1,réelle,
EQ-FAN-304,2026-01-21 18:00:00+00:00,vibration_mm_s,2.67,mm/s,2026-S1,réelle,
EQ-MIX-159,2026-01-21 18:00:00+00:00,vibration_mm_s,2.28,mm/s,2026-S1,réelle,
EQ-MIX-259,2026-01-21 18:00:00+00:00,vibration_mm_s,3.09,mm/s,2026-S1,réelle,
EQ-MIX-379,2026-01-21 18:00:00+00:00,vibration_mm_s,3.35,mm/s,2026-S1,réelle,
EQ-OVEN-001,2026-01-21 18:00:00+00:00,temperature_c,49.91,°C,2026-S1,réelle,
EQ-OVEN-123,2026-01-21 18:00:00+00:00,temperature_c,63.37,°C,2026-S1,réelle,
EQ-OVEN-223,2026-01-21 18:00:00+00:00,temperature_c,56.09,°C,2026-S1,réelle,
EQ-OVEN-366,2026-01-21 18:00:00+00:00,temperature_c,56.36,°C,2026-S1,réelle,
EQ-OVEN-386,2026-01-21 18:00:00+00:00,temperature_c,62.5,°C,2026-S1,réelle,
EQ-PUMP-001,2026-01-21 18:00:00+00:00,temperature_c,53.36,°C,2026-S1,réelle,
EQ-PUMP-006,2026-01-21 18:00:00+00:00,temperature_c,54.98,°C,2026-S1,réelle,
EQ-PUMP-006,2026-01-21 18:00:00+00:00,vibration_mm_s,3.62,mm/s,2026-S1,réelle,
EQ-PUMP-171,2026-01-21 18:00:00+00:00,temperature_c,55.44,°C,2026-S1,réelle,
EQ-PUMP-171,2026-01-21 18:00:00+00:00,vibration_mm_s,3.13,mm/s,2026-S1,réelle,
EQ-PUMP-350,2026-01-21 18:00:00+00:00,temperature_c,57.45,°C,2026-S1,réelle,
EQ-PUMP-350,2026-01-21 18:00:00+00:00,vibration_mm_s,2.8,mm/s,2026-S1,réelle,
EQ-ROBOT-358,2026-01-21 18:00:00+00:00,vibration_mm_s,2.65,mm/s,2026-S1,réelle,
EQ-SENSOR-305,2026-01-21 18:00:00+00:00,temperature_c,52.5,°C,2026-S1,réelle,
EQ-STEAM-341,2026-01-21 18:00:00+00:00,temperature_c,50.66,°C,2026-S1,réelle,
EQ-STEAM-352,2026-01-21 18:00:00+00:00,temperature_c,53.83,°C,2026-S1,réelle,
EQ-PUMP-001,2026-01-21 20:00:00+00:00,vibration_mm_s,2.76,mm/s,2026-S1,réelle,
EQ-CAB-134,2026-01-22 00:00:00+00:00,temperature_c,61.11,°C,2026-S1,réelle,
EQ-CHILL-001,2026-01-22 00:00:00+00:00,temperature_c,56.95,°C,2026-S1,réelle,
EQ-CHILL-115,2026-01-22 00:00:00+00:00,temperature_c,58.24,°C,2026-S1,réelle,
EQ-CHILL-168,2026-01-22 00:00:00+00:00,temperature_c,64.4,°C,2026-S1,réelle,
EQ-CHILL-188,2026-01-22 00:00:00+00:00,temperature_c,63.31,°C,2026-S1,réelle,
EQ-CHILL-248,2026-01-22 00:00:00+00:00,temperature_c,54.33,°C,2026-S1,réelle,
EQ-COMP-002,2026-01-22 00:00:00+00:00,temperature_c,65.61,°C,2026-S1,réelle,
EQ-COMP-113,2026-01-22 00:00:00+00:00,temperature_c,65.77,°C,2026-S1,réelle,
EQ-COMP-233,2026-01-22 00:00:00+00:00,temperature_c,63.59,°C,2026-S1,réelle,
EQ-FAN-002,2026-01-22 00:00:00+00:00,vibration_mm_s,3.11,mm/s,2026-S1,réelle,
EQ-FAN-003,2026-01-22 00:00:00+00:00,vibration_mm_s,2.71,mm/s,2026-S1,réelle,
EQ-FAN-204,2026-01-22 00:00:00+00:00,vibration_mm_s,2.77,mm/s,2026-S1,réelle,
EQ-FAN-284,2026-01-22 00:00:00+00:00,vibration_mm_s,2.25,mm/s,2026-S1,réelle,
EQ-FAN-304,2026-01-22 00:00:00+00:00,vibration_mm_s,2.08,mm/s,2026-S1,réelle,
EQ-MIX-159,2026-01-22 00:00:00+00:00,vibration_mm_s,2.7,mm/s,2026-S1,réelle,
EQ-MIX-259,2026-01-22 00:00:00+00:00,vibration_mm_s,2.35,mm/s,2026-S1,réelle,
EQ-MIX-379,2026-01-22 00:00:00+00:00,vibration_mm_s,3.04,mm/s,2026-S1,réelle,
EQ-OVEN-001,2026-01-22 00:00:00+00:00,temperature_c,55.58,°C,2026-S1,réelle,
EQ-OVEN-123,2026-01-22 00:00:00+00:00,temperature_c,58.23,°C,2026-S1,réelle,
EQ-OVEN-223,2026-01-22 00:00:00+00:00,temperature_c,57.42,°C,2026-S1,réelle,
EQ-OVEN-366,2026-01-22 00:00:00+00:00,temperature_c,50.32,°C,2026-S1,réelle,
EQ-OVEN-386,2026-01-22 00:00:00+00:00,temperature_c,55.32,°C,2026-S1,réelle,
EQ-PUMP-001,2026-01-22 00:00:00+00:00,temperature_c,59.17,°C,2026-S1,réelle,
EQ-PUMP-006,2026-01-22 00:00:00+00:00,temperature_c,53.21,°C,2026-S1,réelle,
EQ-PUMP-006,2026-01-22 00:00:00+00:00,vibration_mm_s,3.31,mm/s,2026-S1,réelle,
EQ-PUMP-171,2026-01-22 00:00:00+00:00,temperature_c,62.43,°C,2026-S1,réelle,
EQ-PUMP-171,2026-01-22 00:00:00+00:00,vibration_mm_s,2.72,mm/s,2026-S1,réelle,
EQ-PUMP-350,2026-01-22 00:00:00+00:00,temperature_c,58.14,°C,2026-S1,réelle,
EQ-PUMP-350,2026-01-22 00:00:00+00:00,vibration_mm_s,3.68,mm/s,2026-S1,réelle,
EQ-ROBOT-358,2026-01-22 00:00:00+00:00,vibration_mm_s,2.74,mm/s,2026-S1,réelle,
EQ-SENSOR-305,2026-01-22 00:00:00+00:00,temperature_c,57.09,°C,2026-S1,réelle,
EQ-STEAM-341,2026-01-22 00:00:00+00:00,temperature_c,56.24,°C,2026-S1,réelle,
EQ-STEAM-352,2026-01-22 00:00:00+00:00,temperature_c,61.94,°C,2026-S1,réelle,
EQ-PUMP-001,2026-01-22 02:00:00+00:00,vibration_mm_s,3.12,mm/s,2026-S1,réelle,
EQ-CAB-134,2026-01-22 06:00:00+00:00,temperature_c,55.11,°C,2026-S1,réelle,
EQ-CHILL-001,2026-01-22 06:00:00+00:00,temperature_c,59.34,°C,2026-S1,réelle,
EQ-CHILL-115,2026-01-22 06:00:00+00:00,temperature_c,64.54,°C,2026-S1,réelle,
EQ-CHILL-168,2026-01-22 06:00:00+00:00,temperature_c,60.05,°C,2026-S1,réelle,
EQ-CHILL-188,2026-01-22 06:00:00+00:00,temperature_c,57.24,°C,2026-S1,réelle,
EQ-CHILL-248,2026-01-22 06:00:00+00:00,temperature_c,49.74,°C,2026-S1,réelle,
EQ-COMP-002,2026-01-22 06:00:00+00:00,temperature_c,63.5,°C,2026-S1,réelle,
EQ-COMP-113,2026-01-22 06:00:00+00:00,temperature_c,64.83,°C,2026-S1,réelle,
EQ-COMP-233,2026-01-22 06:00:00+00:00,temperature_c,60.17,°C,2026-S1,réelle,
EQ-FAN-002,2026-01-22 06:00:00+00:00,vibration_mm_s,3.41,mm/s,2026-S1,réelle,
EQ-FAN-003,2026-01-22 06:00:00+00:00,vibration_mm_s,2.62,mm/s,2026-S1,réelle,
EQ-FAN-204,2026-01-22 06:00:00+00:00,vibration_mm_s,3.22,mm/s,2026-S1,réelle,
EQ-FAN-284,2026-01-22 06:00:00+00:00,vibration_mm_s,2.58,mm/s,2026-S1,réelle,
EQ-FAN-304,2026-01-22 06:00:00+00:00,vibration_mm_s,2.53,mm/s,2026-S1,réelle,
EQ-MIX-159,2026-01-22 06:00:00+00:00,vibration_mm_s,3.08,mm/s,2026-S1,réelle,
EQ-MIX-259,2026-01-22 06:00:00+00:00,vibration_mm_s,2.24,mm/s,2026-S1,réelle,
EQ-MIX-379,2026-01-22 06:00:00+00:00,vibration_mm_s,2.58,mm/s,2026-S1,réelle,
EQ-OVEN-001,2026-01-22 06:00:00+00:00,temperature_c,48.71,°C,2026-S1,réelle,
EQ-OVEN-123,2026-01-22 06:00:00+00:00,temperature_c,55.49,°C,2026-S1,réelle,
EQ-OVEN-223,2026-01-22 06:00:00+00:00,temperature_c,68.57,°C,2026-S1,réelle,
EQ-OVEN-366,2026-01-22 06:00:00+00:00,temperature_c,45.53,°C,2026-S1,réelle,
EQ-OVEN-386,2026-01-22 06:00:00+00:00,temperature_c,62.87,°C,2026-S1,réelle,
EQ-PUMP-001,2026-01-22 06:00:00+00:00,temperature_c,64.35,°C,2026-S1,réelle,
EQ-PUMP-006,2026-01-22 06:00:00+00:00,temperature_c,59.12,°C,2026-S1,réelle,
EQ-PUMP-006,2026-01-22 06:00:00+00:00,vibration_mm_s,2.85,mm/s,2026-S1,réelle,
EQ-PUMP-171,2026-01-22 06:00:00+00:00,temperature_c,64.18,°C,2026-S1,réelle,
EQ-PUMP-171,2026-01-22 06:00:00+00:00,vibration_mm_s,2.36,mm/s,2026-S1,réelle,
EQ-PUMP-350,2026-01-22 06:00:00+00:00,temperature_c,64.89,°C,2026-S1,réelle,
EQ-PUMP-350,2026-01-22 06:00:00+00:00,vibration_mm_s,2.96,mm/s,2026-S1,réelle,
EQ-ROBOT-358,2026-01-22 06:00:00+00:00,vibration_mm_s,3.47,mm/s,2026-S1,réelle,
EQ-SENSOR-305,2026-01-22 06:00:00+00:00,temperature_c,58.5,°C,2026-S1,réelle,
EQ-STEAM-341,2026-01-22 06:00:00+00:00,temperature_c,57.91,°C,2026-S1,réelle,
EQ-STEAM-352,2026-01-22 06:00:00+00:00,temperature_c,62.5,°C,2026-S1,réelle,
EQ-PUMP-001,2026-01-22 08:00:00+00:00,vibration_mm_s,3.39,mm/s,2026-S1,réelle,
EQ-CAB-134,2026-01-22 12:00:00+00:00,temperature_c,50.85,°C,2026-S1,réelle,
EQ-CHILL-001,2026-01-22 12:00:00+00:00,temperature_c,58.71,°C,2026-S1,réelle,
EQ-CHILL-115,2026-01-22 12:00:00+00:00,temperature_c,61.53,°C,2026-S1,réelle,
EQ-CHILL-168,2026-01-22 12:00:00+00:00,temperature_c,55.2,°C,2026-S1,réelle,
EQ-CHILL-188,2026-01-22 12:00:00+00:00,temperature_c,55.78,°C,2026-S1,réelle,
EQ-CHILL-248,2026-01-22 12:00:00+00:00,temperature_c,52.74,°C,2026-S1,réelle,
EQ-COMP-002,2026-01-22 12:00:00+00:00,temperature_c,55.1,°C,2026-S1,réelle,
EQ-COMP-113,2026-01-22 12:00:00+00:00,temperature_c,56.56,°C,2026-S1,réelle,
EQ-COMP-233,2026-01-22 12:00:00+00:00,temperature_c,54.7,°C,2026-S1,réelle,
EQ-FAN-002,2026-01-22 12:00:00+00:00,vibration_mm_s,2.79,mm/s,2026-S1,réelle,
EQ-FAN-003,2026-01-22 12:00:00+00:00,vibration_mm_s,3.67,mm/s,2026-S1,réelle,
EQ-FAN-204,2026-01-22 12:00:00+00:00,vibration_mm_s,3.47,mm/s,2026-S1,réelle,
EQ-FAN-284,2026-01-22 12:00:00+00:00,vibration_mm_s,3.02,mm/s,2026-S1,réelle,
EQ-FAN-304,2026-01-22 12:00:00+00:00,vibration_mm_s,2.78,mm/s,2026-S1,réelle,
EQ-MIX-159,2026-01-22 12:00:00+00:00,vibration_mm_s,2.74,mm/s,2026-S1,réelle,
EQ-MIX-259,2026-01-22 12:00:00+00:00,vibration_mm_s,2.8,mm/s,2026-S1,réelle,
EQ-MIX-379,2026-01-22 12:00:00+00:00,vibration_mm_s,2.63,mm/s,2026-S1,réelle,
EQ-OVEN-001,2026-01-22 12:00:00+00:00,temperature_c,46.7,°C,2026-S1,réelle,
EQ-OVEN-123,2026-01-22 12:00:00+00:00,temperature_c,59.71,°C,2026-S1,réelle,
EQ-OVEN-223,2026-01-22 12:00:00+00:00,temperature_c,65.27,°C,2026-S1,réelle,
EQ-OVEN-366,2026-01-22 12:00:00+00:00,temperature_c,52.81,°C,2026-S1,réelle,
EQ-OVEN-386,2026-01-22 12:00:00+00:00,temperature_c,67.38,°C,2026-S1,réelle,
EQ-PUMP-001,2026-01-22 12:00:00+00:00,temperature_c,57.01,°C,2026-S1,réelle,
EQ-PUMP-006,2026-01-22 12:00:00+00:00,temperature_c,55.37,°C,2026-S1,réelle,
EQ-PUMP-006,2026-01-22 12:00:00+00:00,vibration_mm_s,3.18,mm/s,2026-S1,réelle,
EQ-PUMP-171,2026-01-22 12:00:00+00:00,temperature_c,56.14,°C,2026-S1,réelle,
EQ-PUMP-171,2026-01-22 12:00:00+00:00,vibration_mm_s,3.07,mm/s,2026-S1,réelle,
EQ-PUMP-350,2026-01-22 12:00:00+00:00,temperature_c,59.96,°C,2026-S1,réelle,
EQ-PUMP-350,2026-01-22 12:00:00+00:00,vibration_mm_s,2.5,mm/s,2026-S1,réelle,
EQ-ROBOT-358,2026-01-22 12:00:00+00:00,vibration_mm_s,2.62,mm/s,2026-S1,réelle,
EQ-SENSOR-305,2026-01-22 12:00:00+00:00,temperature_c,56.1,°C,2026-S1,réelle,
EQ-STEAM-341,2026-01-22 12:00:00+00:00,temperature_c,60.89,°C,2026-S1,réelle,
EQ-STEAM-352,2026-01-22 12:00:00+00:00,temperature_c,59.04,°C,2026-S1,réelle,
EQ-PUMP-001,2026-01-22 14:00:00+00:00,vibration_mm_s,2.99,mm/s,2026-S1,réelle,
EQ-CAB-134,2026-01-22 18:00:00+00:00,temperature_c,57.31,°C,2026-S1,réelle,
EQ-CHILL-001,2026-01-22 18:00:00+00:00,temperature_c,53.17,°C,2026-S1,réelle,
EQ-CHILL-115,2026-01-22 18:00:00+00:00,temperature_c,56.33,°C,2026-S1,réelle,
EQ-CHILL-168,2026-01-22 18:00:00+00:00,temperature_c,58.82,°C,2026-S1,réelle,
EQ-CHILL-188,2026-01-22 18:00:00+00:00,temperature_c,58.05,°C,2026-S1,réelle,
EQ-CHILL-248,2026-01-22 18:00:00+00:00,temperature_c,57.08,°C,2026-S1,réelle,
EQ-COMP-002,2026-01-22 18:00:00+00:00,temperature_c,57.21,°C,2026-S1,réelle,
EQ-COMP-113,2026-01-22 18:00:00+00:00,temperature_c,57.6,°C,2026-S1,réelle,
EQ-COMP-233,2026-01-22 18:00:00+00:00,temperature_c,59.3,°C,2026-S1,réelle,
EQ-FAN-002,2026-01-22 18:00:00+00:00,vibration_mm_s,2.51,mm/s,2026-S1,réelle,
EQ-FAN-003,2026-01-22 18:00:00+00:00,vibration_mm_s,3.07,mm/s,2026-S1,réelle,
EQ-FAN-204,2026-01-22 18:00:00+00:00,vibration_mm_s,3.06,mm/s,2026-S1,réelle,
EQ-FAN-284,2026-01-22 18:00:00+00:00,vibration_mm_s,2.32,mm/s,2026-S1,réelle,
EQ-FAN-304,2026-01-22 18:00:00+00:00,vibration_mm_s,2.73,mm/s,2026-S1,réelle,
EQ-MIX-159,2026-01-22 18:00:00+00:00,vibration_mm_s,2.03,mm/s,2026-S1,réelle,
EQ-MIX-259,2026-01-22 18:00:00+00:00,vibration_mm_s,2.71,mm/s,2026-S1,réelle,
EQ-MIX-379,2026-01-22 18:00:00+00:00,vibration_mm_s,3.38,mm/s,2026-S1,réelle,
EQ-OVEN-001,2026-01-22 18:00:00+00:00,temperature_c,52.48,°C,2026-S1,réelle,
EQ-OVEN-123,2026-01-22 18:00:00+00:00,temperature_c,64.45,°C,2026-S1,réelle,
EQ-OVEN-223,2026-01-22 18:00:00+00:00,temperature_c,61.56,°C,2026-S1,réelle,
EQ-OVEN-366,2026-01-22 18:00:00+00:00,temperature_c,54.52,°C,2026-S1,réelle,
EQ-OVEN-386,2026-01-22 18:00:00+00:00,temperature_c,61.58,°C,2026-S1,réelle,
EQ-PUMP-001,2026-01-22 18:00:00+00:00,temperature_c,55.99,°C,2026-S1,réelle,
EQ-PUMP-006,2026-01-22 18:00:00+00:00,temperature_c,48.71,°C,2026-S1,réelle,
EQ-PUMP-006,2026-01-22 18:00:00+00:00,vibration_mm_s,3.43,mm/s,2026-S1,réelle,
EQ-PUMP-171,2026-01-22 18:00:00+00:00,temperature_c,60.03,°C,2026-S1,réelle,
EQ-PUMP-171,2026-01-22 18:00:00+00:00,vibration_mm_s,3.22,mm/s,2026-S1,réelle,
EQ-PUMP-350,2026-01-22 18:00:00+00:00,temperature_c,57.45,°C,2026-S1,réelle,
EQ-PUMP-350,2026-01-22 18:00:00+00:00,vibration_mm_s,2.66,mm/s,2026-S1,réelle,
EQ-ROBOT-358,2026-01-22 18:00:00+00:00,vibration_mm_s,2.57,mm/s,2026-S1,réelle,
EQ-SENSOR-305,2026-01-22 18:00:00+00:00,temperature_c,52.42,°C,2026-S1,réelle,
EQ-STEAM-341,2026-01-22 18:00:00+00:00,temperature_c,53.46,°C,2026-S1,réelle,
EQ-STEAM-352,2026-01-22 18:00:00+00:00,temperature_c,55.12,°C,2026-S1,réelle,
EQ-PUMP-001,2026-01-22 20:00:00+00:00,vibration_mm_s,2.61,mm/s,2026-S1,réelle,
EQ-CAB-134,2026-01-23 00:00:00+00:00,temperature_c,58.44,°C,2026-S1,réelle,
EQ-CHILL-001,2026-01-23 00:00:00+00:00,temperature_c,53.33,°C,2026-S1,réelle,
EQ-CHILL-115,2026-01-23 00:00:00+00:00,temperature_c,57.59,°C,2026-S1,réelle,
EQ-CHILL-168,2026-01-23 00:00:00+00:00,temperature_c,65.48,°C,2026-S1,réelle,
EQ-CHILL-188,2026-01-23 00:00:00+00:00,temperature_c,60.78,°C,2026-S1,réelle,
EQ-CHILL-248,2026-01-23 00:00:00+00:00,temperature_c,52.46,°C,2026-S1,réelle,
EQ-COMP-002,2026-01-23 00:00:00+00:00,temperature_c,64.13,°C,2026-S1,réelle,
EQ-COMP-113,2026-01-23 00:00:00+00:00,temperature_c,66.32,°C,2026-S1,réelle,
EQ-COMP-233,2026-01-23 00:00:00+00:00,temperature_c,64.05,°C,2026-S1,réelle,
EQ-FAN-002,2026-01-23 00:00:00+00:00,vibration_mm_s,3.16,mm/s,2026-S1,réelle,
EQ-FAN-003,2026-01-23 00:00:00+00:00,vibration_mm_s,2.89,mm/s,2026-S1,réelle,
EQ-FAN-204,2026-01-23 00:00:00+00:00,vibration_mm_s,2.81,mm/s,2026-S1,réelle,
EQ-FAN-284,2026-01-23 00:00:00+00:00,vibration_mm_s,2.18,mm/s,2026-S1,réelle,
EQ-FAN-304,2026-01-23 00:00:00+00:00,vibration_mm_s,2.36,mm/s,2026-S1,réelle,
EQ-MIX-159,2026-01-23 00:00:00+00:00,vibration_mm_s,2.48,mm/s,2026-S1,réelle,
EQ-MIX-259,2026-01-23 00:00:00+00:00,vibration_mm_s,2.58,mm/s,2026-S1,réelle,
EQ-MIX-379,2026-01-23 00:00:00+00:00,vibration_mm_s,2.87,mm/s,2026-S1,réelle,
EQ-OVEN-001,2026-01-23 00:00:00+00:00,temperature_c,54.87,°C,2026-S1,réelle,
EQ-OVEN-123,2026-01-23 00:00:00+00:00,temperature_c,57.5,°C,2026-S1,réelle,
EQ-OVEN-223,2026-01-23 00:00:00+00:00,temperature_c,61.27,°C,2026-S1,réelle,
EQ-OVEN-366,2026-01-23 00:00:00+00:00,temperature_c,51.16,°C,2026-S1,réelle,
EQ-OVEN-386,2026-01-23 00:00:00+00:00,temperature_c,59.96,°C,2026-S1,réelle,
EQ-PUMP-001,2026-01-23 00:00:00+00:00,temperature_c,61.39,°C,2026-S1,réelle,
EQ-PUMP-006,2026-01-23 00:00:00+00:00,temperature_c,54.08,°C,2026-S1,réelle,
EQ-PUMP-006,2026-01-23 00:00:00+00:00,vibration_mm_s,3.23,mm/s,2026-S1,réelle,
EQ-PUMP-171,2026-01-23 00:00:00+00:00,temperature_c,66.44,°C,2026-S1,réelle,
EQ-PUMP-171,2026-01-23 00:00:00+00:00,vibration_mm_s,2.98,mm/s,2026-S1,réelle,
EQ-PUMP-350,2026-01-23 00:00:00+00:00,temperature_c,59.85,°C,2026-S1,réelle,
EQ-PUMP-350,2026-01-23 00:00:00+00:00,vibration_mm_s,3.52,mm/s,2026-S1,réelle,
EQ-ROBOT-358,2026-01-23 00:00:00+00:00,vibration_mm_s,2.74,mm/s,2026-S1,réelle,
EQ-SENSOR-305,2026-01-23 00:00:00+00:00,temperature_c,58.78,°C,2026-S1,réelle,
EQ-STEAM-341,2026-01-23 00:00:00+00:00,temperature_c,53.62,°C,2026-S1,réelle,
EQ-STEAM-352,2026-01-23 00:00:00+00:00,temperature_c,61.42,°C,2026-S1,réelle,
EQ-PUMP-001,2026-01-23 02:00:00+00:00,vibration_mm_s,3.03,mm/s,2026-S1,réelle,
EQ-CAB-134,2026-01-23 06:00:00+00:00,temperature_c,54.17,°C,2026-S1,réelle,
EQ-CHILL-001,2026-01-23 06:00:00+00:00,temperature_c,56.86,°C,2026-S1,réelle,
EQ-CHILL-115,2026-01-23 06:00:00+00:00,temperature_c,65.42,°C,2026-S1,réelle,
EQ-CHILL-168,2026-01-23 06:00:00+00:00,temperature_c,63.55,°C,2026-S1,réelle,
EQ-CHILL-188,2026-01-23 06:00:00+00:00,temperature_c,56.26,°C,2026-S1,réelle,
EQ-CHILL-248,2026-01-23 06:00:00+00:00,temperature_c,47.06,°C,2026-S1,réelle,
EQ-COMP-002,2026-01-23 06:00:00+00:00,temperature_c,63.64,°C,2026-S1,réelle,
EQ-COMP-113,2026-01-23 06:00:00+00:00,temperature_c,66.75,°C,2026-S1,réelle,
EQ-COMP-233,2026-01-23 06:00:00+00:00,temperature_c,61.29,°C,2026-S1,réelle,
EQ-FAN-002,2026-01-23 06:00:00+00:00,vibration_mm_s,3.38,mm/s,2026-S1,réelle,
EQ-FAN-003,2026-01-23 06:00:00+00:00,vibration_mm_s,2.7,mm/s,2026-S1,réelle,
EQ-FAN-204,2026-01-23 06:00:00+00:00,vibration_mm_s,2.74,mm/s,2026-S1,réelle,
EQ-FAN-284,2026-01-23 06:00:00+00:00,vibration_mm_s,2.38,mm/s,2026-S1,réelle,
EQ-FAN-304,2026-01-23 06:00:00+00:00,vibration_mm_s,2.73,mm/s,2026-S1,réelle,
EQ-MIX-159,2026-01-23 06:00:00+00:00,vibration_mm_s,3.46,mm/s,2026-S1,réelle,
EQ-MIX-259,2026-01-23 06:00:00+00:00,vibration_mm_s,2.63,mm/s,2026-S1,réelle,
EQ-MIX-379,2026-01-23 06:00:00+00:00,vibration_mm_s,2.76,mm/s,2026-S1,réelle,
EQ-OVEN-001,2026-01-23 06:00:00+00:00,temperature_c,53.51,°C,2026-S1,réelle,
EQ-OVEN-123,2026-01-23 06:00:00+00:00,temperature_c,50.95,°C,2026-S1,réelle,
EQ-OVEN-223,2026-01-23 06:00:00+00:00,temperature_c,65.36,°C,2026-S1,réelle,
EQ-OVEN-366,2026-01-23 06:00:00+00:00,temperature_c,47.72,°C,2026-S1,réelle,
EQ-OVEN-386,2026-01-23 06:00:00+00:00,temperature_c,60.55,°C,2026-S1,réelle,
EQ-PUMP-001,2026-01-23 06:00:00+00:00,temperature_c,62.37,°C,2026-S1,réelle,
EQ-PUMP-006,2026-01-23 06:00:00+00:00,temperature_c,58.46,°C,2026-S1,réelle,
EQ-PUMP-006,2026-01-23 06:00:00+00:00,vibration_mm_s,3.03,mm/s,2026-S1,réelle,
EQ-PUMP-171,2026-01-23 06:00:00+00:00,temperature_c,64.9,°C,2026-S1,réelle,
EQ-PUMP-171,2026-01-23 06:00:00+00:00,vibration_mm_s,2.48,mm/s,2026-S1,réelle,
EQ-PUMP-350,2026-01-23 06:00:00+00:00,temperature_c,66.29,°C,2026-S1,réelle,
EQ-PUMP-350,2026-01-23 06:00:00+00:00,vibration_mm_s,2.87,mm/s,2026-S1,réelle,
EQ-ROBOT-358,2026-01-23 06:00:00+00:00,vibration_mm_s,3.24,mm/s,2026-S1,réelle,
EQ-SENSOR-305,2026-01-23 06:00:00+00:00,temperature_c,61.89,°C,2026-S1,réelle,
EQ-STEAM-341,2026-01-23 06:00:00+00:00,temperature_c,60.72,°C,2026-S1,réelle,
EQ-STEAM-352,2026-01-23 06:00:00+00:00,temperature_c,63.35,°C,2026-S1,réelle,
EQ-PUMP-001,2026-01-23 08:00:00+00:00,vibration_mm_s,3.43,mm/s,2026-S1,réelle,
EQ-CAB-134,2026-01-23 12:00:00+00:00,temperature_c,51.51,°C,2026-S1,réelle,
EQ-CHILL-001,2026-01-23 12:00:00+00:00,temperature_c,58.5,°C,2026-S1,réelle,
EQ-CHILL-115,2026-01-23 12:00:00+00:00,temperature_c,61.22,°C,2026-S1,réelle,
EQ-CHILL-168,2026-01-23 12:00:00+00:00,temperature_c,56.09,°C,2026-S1,réelle,
EQ-CHILL-188,2026-01-23 12:00:00+00:00,temperature_c,55.54,°C,2026-S1,réelle,
EQ-CHILL-248,2026-01-23 12:00:00+00:00,temperature_c,51.28,°C,2026-S1,réelle,
EQ-COMP-002,2026-01-23 12:00:00+00:00,temperature_c,56.1,°C,2026-S1,réelle,
EQ-COMP-113,2026-01-23 12:00:00+00:00,temperature_c,57.78,°C,2026-S1,réelle,
EQ-COMP-233,2026-01-23 12:00:00+00:00,temperature_c,55.86,°C,2026-S1,réelle,
EQ-FAN-002,2026-01-23 12:00:00+00:00,vibration_mm_s,2.81,mm/s,2026-S1,réelle,
EQ-FAN-003,2026-01-23 12:00:00+00:00,vibration_mm_s,3.18,mm/s,2026-S1,réelle,
EQ-FAN-204,2026-01-23 12:00:00+00:00,vibration_mm_s,3.49,mm/s,2026-S1,réelle,
EQ-FAN-284,2026-01-23 12:00:00+00:00,vibration_mm_s,3.07,mm/s,2026-S1,réelle,
EQ-FAN-304,2026-01-23 12:00:00+00:00,vibration_mm_s,3.04,mm/s,2026-S1,réelle,
EQ-MIX-159,2026-01-23 12:00:00+00:00,vibration_mm_s,2.97,mm/s,2026-S1,réelle,
EQ-MIX-259,2026-01-23 12:00:00+00:00,vibration_mm_s,2.67,mm/s,2026-S1,réelle,
EQ-MIX-379,2026-01-23 12:00:00+00:00,vibration_mm_s,3.41,mm/s,2026-S1,réelle,
EQ-OVEN-001,2026-01-23 12:00:00+00:00,temperature_c,46.53,°C,2026-S1,réelle,
EQ-OVEN-123,2026-01-23 12:00:00+00:00,temperature_c,60.68,°C,2026-S1,réelle,
EQ-OVEN-223,2026-01-23 12:00:00+00:00,temperature_c,67.13,°C,2026-S1,réelle,
EQ-OVEN-366,2026-01-23 12:00:00+00:00,temperature_c,56.07,°C,2026-S1,réelle,
EQ-OVEN-386,2026-01-23 12:00:00+00:00,temperature_c,67.25,°C,2026-S1,réelle,
EQ-PUMP-001,2026-01-23 12:00:00+00:00,temperature_c,55.79,°C,2026-S1,réelle,
EQ-PUMP-006,2026-01-23 12:00:00+00:00,temperature_c,61.45,°C,2026-S1,réelle,
EQ-PUMP-006,2026-01-23 12:00:00+00:00,vibration_mm_s,2.74,mm/s,2026-S1,réelle,
EQ-PUMP-171,2026-01-23 12:00:00+00:00,temperature_c,56.89,°C,2026-S1,réelle,
EQ-PUMP-171,2026-01-23 12:00:00+00:00,vibration_mm_s,2.87,mm/s,2026-S1,réelle,
EQ-PUMP-350,2026-01-23 12:00:00+00:00,temperature_c,62.05,°C,2026-S1,réelle,
EQ-PUMP-350,2026-01-23 12:00:00+00:00,vibration_mm_s,2.99,mm/s,2026-S1,réelle,
EQ-ROBOT-358,2026-01-23 12:00:00+00:00,vibration_mm_s,2.72,mm/s,2026-S1,réelle,
EQ-SENSOR-305,2026-01-23 12:00:00+00:00,temperature_c,55.93,°C,2026-S1,réelle,
EQ-STEAM-341,2026-01-23 12:00:00+00:00,temperature_c,58.3,°C,2026-S1,réelle,
EQ-STEAM-352,2026-01-23 12:00:00+00:00,temperature_c,57.92,°C,2026-S1,réelle,
EQ-PUMP-001,2026-01-23 14:00:00+00:00,vibration_mm_s,2.89,mm/s,2026-S1,réelle,
EQ-CAB-134,2026-01-23 18:00:00+00:00,temperature_c,55.13,°C,2026-S1,réelle,
EQ-CHILL-001,2026-01-23 18:00:00+00:00,temperature_c,51.08,°C,2026-S1,réelle,
EQ-CHILL-115,2026-01-23 18:00:00+00:00,temperature_c,55.6,°C,2026-S1,réelle,
EQ-CHILL-168,2026-01-23 18:00:00+00:00,temperature_c,57.17,°C,2026-S1,réelle,
EQ-CHILL-188,2026-01-23 18:00:00+00:00,temperature_c,60.61,°C,2026-S1,réelle,
EQ-CHILL-248,2026-01-23 18:00:00+00:00,temperature_c,59.56,°C,2026-S1,réelle,
EQ-COMP-002,2026-01-23 18:00:00+00:00,temperature_c,55.57,°C,2026-S1,réelle,
EQ-COMP-113,2026-01-23 18:00:00+00:00,temperature_c,62.47,°C,2026-S1,réelle,
EQ-COMP-233,2026-01-23 18:00:00+00:00,temperature_c,57.99,°C,2026-S1,réelle,
EQ-FAN-002,2026-01-23 18:00:00+00:00,vibration_mm_s,2.88,mm/s,2026-S1,réelle,
EQ-FAN-003,2026-01-23 18:00:00+00:00,vibration_mm_s,2.95,mm/s,2026-S1,réelle,
EQ-FAN-204,2026-01-23 18:00:00+00:00,vibration_mm_s,2.95,mm/s,2026-S1,réelle,
EQ-FAN-284,2026-01-23 18:00:00+00:00,vibration_mm_s,2.14,mm/s,2026-S1,réelle,
EQ-FAN-304,2026-01-23 18:00:00+00:00,vibration_mm_s,2.85,mm/s,2026-S1,réelle,
EQ-MIX-159,2026-01-23 18:00:00+00:00,vibration_mm_s,2.64,mm/s,2026-S1,réelle,
EQ-MIX-259,2026-01-23 18:00:00+00:00,vibration_mm_s,3.33,mm/s,2026-S1,réelle,
EQ-MIX-379,2026-01-23 18:00:00+00:00,vibration_mm_s,3.07,mm/s,2026-S1,réelle,
EQ-OVEN-001,2026-01-23 18:00:00+00:00,temperature_c,51.71,°C,2026-S1,réelle,
EQ-OVEN-123,2026-01-23 18:00:00+00:00,temperature_c,60.81,°C,2026-S1,réelle,
EQ-OVEN-223,2026-01-23 18:00:00+00:00,temperature_c,60.44,°C,2026-S1,réelle,
EQ-OVEN-366,2026-01-23 18:00:00+00:00,temperature_c,58.71,°C,2026-S1,réelle,
EQ-OVEN-386,2026-01-23 18:00:00+00:00,temperature_c,65.27,°C,2026-S1,réelle,
EQ-PUMP-001,2026-01-23 18:00:00+00:00,temperature_c,55.78,°C,2026-S1,réelle,
EQ-PUMP-006,2026-01-23 18:00:00+00:00,temperature_c,52.0,°C,2026-S1,réelle,
EQ-PUMP-006,2026-01-23 18:00:00+00:00,vibration_mm_s,3.48,mm/s,2026-S1,réelle,
EQ-PUMP-171,2026-01-23 18:00:00+00:00,temperature_c,59.08,°C,2026-S1,réelle,
EQ-PUMP-171,2026-01-23 18:00:00+00:00,vibration_mm_s,3.28,mm/s,2026-S1,réelle,
EQ-PUMP-350,2026-01-23 18:00:00+00:00,temperature_c,56.83,°C,2026-S1,réelle,
EQ-PUMP-350,2026-01-23 18:00:00+00:00,vibration_mm_s,2.48,mm/s,2026-S1,réelle,
EQ-ROBOT-358,2026-01-23 18:00:00+00:00,vibration_mm_s,2.46,mm/s,2026-S1,réelle,
EQ-SENSOR-305,2026-01-23 18:00:00+00:00,temperature_c,48.37,°C,2026-S1,réelle,
EQ-STEAM-341,2026-01-23 18:00:00+00:00,temperature_c,50.84,°C,2026-S1,réelle,
EQ-STEAM-352,2026-01-23 18:00:00+00:00,temperature_c,55.5,°C,2026-S1,réelle,
EQ-PUMP-001,2026-01-23 20:00:00+00:00,vibration_mm_s,2.3,mm/s,2026-S1,réelle,
EQ-CAB-134,2026-01-24 00:00:00+00:00,temperature_c,57.37,°C,2026-S1,réelle,
EQ-CHILL-001,2026-01-24 00:00:00+00:00,temperature_c,50.7,°C,2026-S1,réelle,
EQ-CHILL-115,2026-01-24 00:00:00+00:00,temperature_c,54.75,°C,2026-S1,réelle,
EQ-CHILL-168,2026-01-24 00:00:00+00:00,temperature_c,62.72,°C,2026-S1,réelle,
EQ-CHILL-188,2026-01-24 00:00:00+00:00,temperature_c,61.85,°C,2026-S1,réelle,
EQ-CHILL-248,2026-01-24 00:00:00+00:00,temperature_c,51.86,°C,2026-S1,réelle,
EQ-COMP-002,2026-01-24 00:00:00+00:00,temperature_c,61.25,°C,2026-S1,réelle,
EQ-COMP-113,2026-01-24 00:00:00+00:00,temperature_c,65.1,°C,2026-S1,réelle,
EQ-COMP-233,2026-01-24 00:00:00+00:00,temperature_c,62.69,°C,2026-S1,réelle,
EQ-FAN-002,2026-01-24 00:00:00+00:00,vibration_mm_s,2.9,mm/s,2026-S1,réelle,
EQ-FAN-003,2026-01-24 00:00:00+00:00,vibration_mm_s,2.58,mm/s,2026-S1,réelle,
EQ-FAN-204,2026-01-24 00:00:00+00:00,vibration_mm_s,2.05,mm/s,2026-S1,réelle,
EQ-FAN-284,2026-01-24 00:00:00+00:00,vibration_mm_s,2.11,mm/s,2026-S1,réelle,
EQ-FAN-304,2026-01-24 00:00:00+00:00,vibration_mm_s,2.39,mm/s,2026-S1,réelle,
EQ-MIX-159,2026-01-24 00:00:00+00:00,vibration_mm_s,2.2,mm/s,2026-S1,réelle,
EQ-MIX-259,2026-01-24 00:00:00+00:00,vibration_mm_s,2.35,mm/s,2026-S1,réelle,
EQ-MIX-379,2026-01-24 00:00:00+00:00,vibration_mm_s,2.9,mm/s,2026-S1,réelle,
EQ-OVEN-001,2026-01-24 00:00:00+00:00,temperature_c,50.46,°C,2026-S1,réelle,
EQ-OVEN-123,2026-01-24 00:00:00+00:00,temperature_c,54.29,°C,2026-S1,réelle,
EQ-OVEN-223,2026-01-24 00:00:00+00:00,temperature_c,56.16,°C,2026-S1,réelle,
EQ-OVEN-366,2026-01-24 00:00:00+00:00,temperature_c,46.32,°C,2026-S1,réelle,
EQ-OVEN-386,2026-01-24 00:00:00+00:00,temperature_c,58.21,°C,2026-S1,réelle,
EQ-PUMP-001,2026-01-24 00:00:00+00:00,temperature_c,59.01,°C,2026-S1,réelle,
EQ-PUMP-006,2026-01-24 00:00:00+00:00,temperature_c,51.51,°C,2026-S1,réelle,
EQ-PUMP-006,2026-01-24 00:00:00+00:00,vibration_mm_s,3.12,mm/s,2026-S1,réelle,
EQ-PUMP-171,2026-01-24 00:00:00+00:00,temperature_c,61.93,°C,2026-S1,réelle,
EQ-PUMP-171,2026-01-24 00:00:00+00:00,vibration_mm_s,2.68,mm/s,2026-S1,réelle,
EQ-PUMP-350,2026-01-24 00:00:00+00:00,temperature_c,57.69,°C,2026-S1,réelle,
EQ-PUMP-350,2026-01-24 00:00:00+00:00,vibration_mm_s,3.13,mm/s,2026-S1,réelle,
EQ-ROBOT-358,2026-01-24 00:00:00+00:00,vibration_mm_s,3.08,mm/s,2026-S1,réelle,
EQ-SENSOR-305,2026-01-24 00:00:00+00:00,temperature_c,55.43,°C,2026-S1,réelle,
EQ-STEAM-341,2026-01-24 00:00:00+00:00,temperature_c,50.68,°C,2026-S1,réelle,
EQ-STEAM-352,2026-01-24 00:00:00+00:00,temperature_c,59.82,°C,2026-S1,réelle,
EQ-PUMP-001,2026-01-24 02:00:00+00:00,vibration_mm_s,3.07,mm/s,2026-S1,réelle,
EQ-CAB-134,2026-01-24 06:00:00+00:00,temperature_c,52.12,°C,2026-S1,réelle,
EQ-CHILL-001,2026-01-24 06:00:00+00:00,temperature_c,55.86,°C,2026-S1,réelle,
EQ-CHILL-115,2026-01-24 06:00:00+00:00,temperature_c,63.61,°C,2026-S1,réelle,
EQ-CHILL-168,2026-01-24 06:00:00+00:00,temperature_c,58.0,°C,2026-S1,réelle,
EQ-CHILL-188,2026-01-24 06:00:00+00:00,temperature_c,54.56,°C,2026-S1,réelle,
EQ-CHILL-248,2026-01-24 06:00:00+00:00,temperature_c,46.27,°C,2026-S1,réelle,
EQ-COMP-002,2026-01-24 06:00:00+00:00,temperature_c,59.91,°C,2026-S1,réelle,
EQ-COMP-113,2026-01-24 06:00:00+00:00,temperature_c,63.48,°C,2026-S1,réelle,
EQ-COMP-233,2026-01-24 06:00:00+00:00,temperature_c,59.45,°C,2026-S1,réelle,
EQ-FAN-002,2026-01-24 06:00:00+00:00,vibration_mm_s,2.97,mm/s,2026-S1,réelle,
EQ-FAN-003,2026-01-24 06:00:00+00:00,vibration_mm_s,2.65,mm/s,2026-S1,réelle,
EQ-FAN-204,2026-01-24 06:00:00+00:00,vibration_mm_s,2.78,mm/s,2026-S1,réelle,
EQ-FAN-284,2026-01-24 06:00:00+00:00,vibration_mm_s,3.2,mm/s,2026-S1,réelle,
EQ-FAN-304,2026-01-24 06:00:00+00:00,vibration_mm_s,2.27,mm/s,2026-S1,réelle,
EQ-MIX-159,2026-01-24 06:00:00+00:00,vibration_mm_s,2.98,mm/s,2026-S1,réelle,
EQ-MIX-259,2026-01-24 06:00:00+00:00,vibration_mm_s,2.74,mm/s,2026-S1,réelle,
EQ-MIX-379,2026-01-24 06:00:00+00:00,vibration_mm_s,2.7,mm/s,2026-S1,réelle,
EQ-OVEN-001,2026-01-24 06:00:00+00:00,temperature_c,47.53,°C,2026-S1,réelle,
EQ-OVEN-123,2026-01-24 06:00:00+00:00,temperature_c,53.36,°C,2026-S1,réelle,
EQ-OVEN-223,2026-01-24 06:00:00+00:00,temperature_c,64.45,°C,2026-S1,réelle,
EQ-OVEN-366,2026-01-24 06:00:00+00:00,temperature_c,47.96,°C,2026-S1,réelle,
EQ-OVEN-386,2026-01-24 06:00:00+00:00,temperature_c,60.4,°C,2026-S1,réelle,
EQ-PUMP-001,2026-01-24 06:00:00+00:00,temperature_c,62.32,°C,2026-S1,réelle,
EQ-PUMP-006,2026-01-24 06:00:00+00:00,temperature_c,57.93,°C,2026-S1,réelle,
EQ-PUMP-006,2026-01-24 06:00:00+00:00,vibration_mm_s,2.67,mm/s,2026-S1,réelle,
EQ-PUMP-171,2026-01-24 06:00:00+00:00,temperature_c,61.96,°C,2026-S1,réelle,
EQ-PUMP-171,2026-01-24 06:00:00+00:00,vibration_mm_s,2.68,mm/s,2026-S1,réelle,
EQ-PUMP-350,2026-01-24 06:00:00+00:00,temperature_c,63.11,°C,2026-S1,réelle,
EQ-PUMP-350,2026-01-24 06:00:00+00:00,vibration_mm_s,3.11,mm/s,2026-S1,réelle,
EQ-ROBOT-358,2026-01-24 06:00:00+00:00,vibration_mm_s,2.72,mm/s,2026-S1,réelle,
EQ-SENSOR-305,2026-01-24 06:00:00+00:00,temperature_c,59.07,°C,2026-S1,réelle,
EQ-STEAM-341,2026-01-24 06:00:00+00:00,temperature_c,55.59,°C,2026-S1,réelle,
EQ-STEAM-352,2026-01-24 06:00:00+00:00,temperature_c,61.76,°C,2026-S1,réelle,
EQ-PUMP-001,2026-01-24 08:00:00+00:00,vibration_mm_s,3.6,mm/s,2026-S1,réelle,
EQ-CAB-134,2026-01-24 12:00:00+00:00,temperature_c,52.86,°C,2026-S1,réelle,
EQ-CHILL-001,2026-01-24 12:00:00+00:00,temperature_c,56.92,°C,2026-S1,réelle,
EQ-CHILL-115,2026-01-24 12:00:00+00:00,temperature_c,59.73,°C,2026-S1,réelle,
EQ-CHILL-168,2026-01-24 12:00:00+00:00,temperature_c,54.45,°C,2026-S1,réelle,
EQ-CHILL-188,2026-01-24 12:00:00+00:00,temperature_c,51.93,°C,2026-S1,réelle,
EQ-CHILL-248,2026-01-24 12:00:00+00:00,temperature_c,51.35,°C,2026-S1,réelle,
EQ-COMP-002,2026-01-24 12:00:00+00:00,temperature_c,54.53,°C,2026-S1,réelle,
EQ-COMP-113,2026-01-24 12:00:00+00:00,temperature_c,56.02,°C,2026-S1,réelle,
EQ-COMP-233,2026-01-24 12:00:00+00:00,temperature_c,53.5,°C,2026-S1,réelle,
EQ-FAN-002,2026-01-24 12:00:00+00:00,vibration_mm_s,2.63,mm/s,2026-S1,réelle,
EQ-FAN-003,2026-01-24 12:00:00+00:00,vibration_mm_s,2.94,mm/s,2026-S1,réelle,
EQ-FAN-204,2026-01-24 12:00:00+00:00,vibration_mm_s,3.22,mm/s,2026-S1,réelle,
EQ-FAN-284,2026-01-24 12:00:00+00:00,vibration_mm_s,2.74,mm/s,2026-S1,réelle,
EQ-FAN-304,2026-01-24 12:00:00+00:00,vibration_mm_s,2.65,mm/s,2026-S1,réelle,
EQ-MIX-159,2026-01-24 12:00:00+00:00,vibration_mm_s,3.3,mm/s,2026-S1,réelle,
EQ-MIX-259,2026-01-24 12:00:00+00:00,vibration_mm_s,2.68,mm/s,2026-S1,réelle,
EQ-MIX-379,2026-01-24 12:00:00+00:00,vibration_mm_s,2.52,mm/s,2026-S1,réelle,
EQ-OVEN-001,2026-01-24 12:00:00+00:00,temperature_c,47.02,°C,2026-S1,réelle,
EQ-OVEN-123,2026-01-24 12:00:00+00:00,temperature_c,56.24,°C,2026-S1,réelle,
EQ-OVEN-223,2026-01-24 12:00:00+00:00,temperature_c,62.43,°C,2026-S1,réelle,
EQ-OVEN-366,2026-01-24 12:00:00+00:00,temperature_c,51.0,°C,2026-S1,réelle,
EQ-OVEN-386,2026-01-24 12:00:00+00:00,temperature_c,66.12,°C,2026-S1,réelle,
EQ-PUMP-001,2026-01-24 12:00:00+00:00,temperature_c,54.27,°C,2026-S1,réelle,
EQ-PUMP-006,2026-01-24 12:00:00+00:00,temperature_c,56.41,°C,2026-S1,réelle,
EQ-PUMP-006,2026-01-24 12:00:00+00:00,vibration_mm_s,3.41,mm/s,2026-S1,réelle,
EQ-PUMP-171,2026-01-24 12:00:00+00:00,temperature_c,56.66,°C,2026-S1,réelle,
EQ-PUMP-171,2026-01-24 12:00:00+00:00,vibration_mm_s,,mm/s,2026-S1,réelle,
EQ-PUMP-350,2026-01-24 12:00:00+00:00,temperature_c,60.08,°C,2026-S1,réelle,
EQ-PUMP-350,2026-01-24 12:00:00+00:00,vibration_mm_s,2.19,mm/s,2026-S1,réelle,
EQ-ROBOT-358,2026-01-24 12:00:00+00:00,vibration_mm_s,2.58,mm/s,2026-S1,réelle,
EQ-SENSOR-305,2026-01-24 12:00:00+00:00,temperature_c,53.31,°C,2026-S1,réelle,
EQ-STEAM-341,2026-01-24 12:00:00+00:00,temperature_c,56.96,°C,2026-S1,réelle,
EQ-STEAM-352,2026-01-24 12:00:00+00:00,temperature_c,54.18,°C,2026-S1,réelle,
EQ-PUMP-001,2026-01-24 14:00:00+00:00,vibration_mm_s,2.62,mm/s,2026-S1,réelle,
EQ-CAB-134,2026-01-24 18:00:00+00:00,temperature_c,55.01,°C,2026-S1,réelle,
EQ-CHILL-001,2026-01-24 18:00:00+00:00,temperature_c,50.04,°C,2026-S1,réelle,
EQ-CHILL-115,2026-01-24 18:00:00+00:00,temperature_c,54.53,°C,2026-S1,réelle,
EQ-CHILL-168,2026-01-24 18:00:00+00:00,temperature_c,56.15,°C,2026-S1,réelle,
EQ-CHILL-188,2026-01-24 18:00:00+00:00,temperature_c,59.78,°C,2026-S1,réelle,
EQ-CHILL-248,2026-01-24 18:00:00+00:00,temperature_c,55.28,°C,2026-S1,réelle,
EQ-COMP-002,2026-01-24 18:00:00+00:00,temperature_c,54.53,°C,2026-S1,réelle,
EQ-COMP-113,2026-01-24 18:00:00+00:00,temperature_c,57.89,°C,2026-S1,réelle,
EQ-COMP-233,2026-01-24 18:00:00+00:00,temperature_c,57.4,°C,2026-S1,réelle,
EQ-FAN-002,2026-01-24 18:00:00+00:00,vibration_mm_s,2.41,mm/s,2026-S1,réelle,
EQ-FAN-003,2026-01-24 18:00:00+00:00,vibration_mm_s,2.93,mm/s,2026-S1,réelle,
EQ-FAN-204,2026-01-24 18:00:00+00:00,vibration_mm_s,2.96,mm/s,2026-S1,réelle,
EQ-FAN-284,2026-01-24 18:00:00+00:00,vibration_mm_s,2.52,mm/s,2026-S1,réelle,
EQ-FAN-304,2026-01-24 18:00:00+00:00,vibration_mm_s,2.64,mm/s,2026-S1,réelle,
EQ-MIX-159,2026-01-24 18:00:00+00:00,vibration_mm_s,2.17,mm/s,2026-S1,réelle,
EQ-MIX-259,2026-01-24 18:00:00+00:00,vibration_mm_s,2.98,mm/s,2026-S1,réelle,
EQ-MIX-379,2026-01-24 18:00:00+00:00,vibration_mm_s,2.87,mm/s,2026-S1,réelle,
EQ-OVEN-001,2026-01-24 18:00:00+00:00,temperature_c,52.25,°C,2026-S1,réelle,
EQ-OVEN-123,2026-01-24 18:00:00+00:00,temperature_c,63.77,°C,2026-S1,réelle,
EQ-OVEN-223,2026-01-24 18:00:00+00:00,temperature_c,55.26,°C,2026-S1,réelle,
EQ-OVEN-366,2026-01-24 18:00:00+00:00,temperature_c,53.27,°C,2026-S1,réelle,
EQ-OVEN-386,2026-01-24 18:00:00+00:00,temperature_c,65.51,°C,2026-S1,réelle,
EQ-PUMP-001,2026-01-24 18:00:00+00:00,temperature_c,51.5,°C,2026-S1,réelle,
EQ-PUMP-006,2026-01-24 18:00:00+00:00,temperature_c,51.75,°C,2026-S1,réelle,
EQ-PUMP-006,2026-01-24 18:00:00+00:00,vibration_mm_s,3.08,mm/s,2026-S1,réelle,
EQ-PUMP-171,2026-01-24 18:00:00+00:00,temperature_c,57.27,°C,2026-S1,réelle,
EQ-PUMP-171,2026-01-24 18:00:00+00:00,vibration_mm_s,3.08,mm/s,2026-S1,réelle,
EQ-PUMP-350,2026-01-24 18:00:00+00:00,temperature_c,55.52,°C,2026-S1,réelle,
EQ-PUMP-350,2026-01-24 18:00:00+00:00,vibration_mm_s,2.76,mm/s,2026-S1,réelle,
EQ-ROBOT-358,2026-01-24 18:00:00+00:00,vibration_mm_s,2.32,mm/s,2026-S1,réelle,
EQ-SENSOR-305,2026-01-24 18:00:00+00:00,temperature_c,49.31,°C,2026-S1,réelle,
EQ-STEAM-341,2026-01-24 18:00:00+00:00,temperature_c,49.33,°C,2026-S1,réelle,
EQ-STEAM-352,2026-01-24 18:00:00+00:00,temperature_c,55.08,°C,2026-S1,réelle,
EQ-PUMP-001,2026-01-24 20:00:00+00:00,vibration_mm_s,2.34,mm/s,2026-S1,réelle,
EQ-CAB-134,2026-01-25 00:00:00+00:00,temperature_c,58.54,°C,2026-S1,réelle,
EQ-CHILL-001,2026-01-25 00:00:00+00:00,temperature_c,53.1,°C,2026-S1,réelle,
EQ-CHILL-115,2026-01-25 00:00:00+00:00,temperature_c,56.32,°C,2026-S1,réelle,
EQ-CHILL-168,2026-01-25 00:00:00+00:00,temperature_c,62.56,°C,2026-S1,réelle,
EQ-CHILL-188,2026-01-25 00:00:00+00:00,temperature_c,61.99,°C,2026-S1,réelle,
EQ-CHILL-248,2026-01-25 00:00:00+00:00,temperature_c,49.89,°C,2026-S1,réelle,
EQ-COMP-002,2026-01-25 00:00:00+00:00,temperature_c,60.83,°C,2026-S1,réelle,
EQ-COMP-113,2026-01-25 00:00:00+00:00,temperature_c,65.51,°C,2026-S1,réelle,
EQ-COMP-233,2026-01-25 00:00:00+00:00,temperature_c,63.57,°C,2026-S1,réelle,
EQ-FAN-002,2026-01-25 00:00:00+00:00,vibration_mm_s,3.05,mm/s,2026-S1,réelle,
EQ-FAN-003,2026-01-25 00:00:00+00:00,vibration_mm_s,2.21,mm/s,2026-S1,réelle,
EQ-FAN-204,2026-01-25 00:00:00+00:00,vibration_mm_s,2.6,mm/s,2026-S1,réelle,
EQ-FAN-284,2026-01-25 00:00:00+00:00,vibration_mm_s,2.55,mm/s,2026-S1,réelle,
EQ-FAN-304,2026-01-25 00:00:00+00:00,vibration_mm_s,2.24,mm/s,2026-S1,réelle,
EQ-MIX-159,2026-01-25 00:00:00+00:00,vibration_mm_s,2.54,mm/s,2026-S1,réelle,
EQ-MIX-259,2026-01-25 00:00:00+00:00,vibration_mm_s,1.97,mm/s,2026-S1,réelle,
EQ-MIX-379,2026-01-25 00:00:00+00:00,vibration_mm_s,2.58,mm/s,2026-S1,réelle,
EQ-OVEN-001,2026-01-25 00:00:00+00:00,temperature_c,53.51,°C,2026-S1,réelle,
EQ-OVEN-123,2026-01-25 00:00:00+00:00,temperature_c,54.78,°C,2026-S1,réelle,
EQ-OVEN-223,2026-01-25 00:00:00+00:00,temperature_c,55.6,°C,2026-S1,réelle,
EQ-OVEN-366,2026-01-25 00:00:00+00:00,temperature_c,47.76,°C,2026-S1,réelle,
EQ-OVEN-386,2026-01-25 00:00:00+00:00,temperature_c,57.77,°C,2026-S1,réelle,
EQ-PUMP-001,2026-01-25 00:00:00+00:00,temperature_c,58.53,°C,2026-S1,réelle,
EQ-PUMP-006,2026-01-25 00:00:00+00:00,temperature_c,50.5,°C,2026-S1,réelle,
EQ-PUMP-006,2026-01-25 00:00:00+00:00,vibration_mm_s,3.37,mm/s,2026-S1,réelle,
EQ-PUMP-171,2026-01-25 00:00:00+00:00,temperature_c,61.66,°C,2026-S1,réelle,
EQ-PUMP-171,2026-01-25 00:00:00+00:00,vibration_mm_s,2.76,mm/s,2026-S1,réelle,
EQ-PUMP-350,2026-01-25 00:00:00+00:00,temperature_c,59.1,°C,2026-S1,réelle,
EQ-PUMP-350,2026-01-25 00:00:00+00:00,vibration_mm_s,3.37,mm/s,2026-S1,réelle,
EQ-ROBOT-358,2026-01-25 00:00:00+00:00,vibration_mm_s,3.1,mm/s,2026-S1,réelle,
EQ-SENSOR-305,2026-01-25 00:00:00+00:00,temperature_c,56.04,°C,2026-S1,réelle,
EQ-STEAM-341,2026-01-25 00:00:00+00:00,temperature_c,50.63,°C,2026-S1,réelle,
EQ-STEAM-352,2026-01-25 00:00:00+00:00,temperature_c,61.26,°C,2026-S1,réelle,
EQ-PUMP-001,2026-01-25 02:00:00+00:00,vibration_mm_s,3.24,mm/s,2026-S1,réelle,
EQ-CAB-134,2026-01-25 06:00:00+00:00,temperature_c,49.78,°C,2026-S1,réelle,
EQ-CHILL-001,2026-01-25 06:00:00+00:00,temperature_c,58.79,°C,2026-S1,réelle,
EQ-CHILL-115,2026-01-25 06:00:00+00:00,temperature_c,60.46,°C,2026-S1,réelle,
EQ-CHILL-168,2026-01-25 06:00:00+00:00,temperature_c,58.39,°C,2026-S1,réelle,
EQ-CHILL-188,2026-01-25 06:00:00+00:00,temperature_c,54.2,°C,2026-S1,réelle,
EQ-CHILL-248,2026-01-25 06:00:00+00:00,temperature_c,46.46,°C,2026-S1,réelle,
EQ-COMP-002,2026-01-25 06:00:00+00:00,temperature_c,60.03,°C,2026-S1,réelle,
EQ-COMP-113,2026-01-25 06:00:00+00:00,temperature_c,64.79,°C,2026-S1,réelle,
EQ-COMP-233,2026-01-25 06:00:00+00:00,temperature_c,56.06,°C,2026-S1,réelle,
EQ-FAN-002,2026-01-25 06:00:00+00:00,vibration_mm_s,3.17,mm/s,2026-S1,réelle,
EQ-FAN-003,2026-01-25 06:00:00+00:00,vibration_mm_s,2.63,mm/s,2026-S1,réelle,
EQ-FAN-204,2026-01-25 06:00:00+00:00,vibration_mm_s,2.85,mm/s,2026-S1,réelle,
EQ-FAN-284,2026-01-25 06:00:00+00:00,vibration_mm_s,2.88,mm/s,2026-S1,réelle,
EQ-FAN-304,2026-01-25 06:00:00+00:00,vibration_mm_s,2.5,mm/s,2026-S1,réelle,
EQ-MIX-159,2026-01-25 06:00:00+00:00,vibration_mm_s,3.18,mm/s,2026-S1,réelle,
EQ-MIX-259,2026-01-25 06:00:00+00:00,vibration_mm_s,2.13,mm/s,2026-S1,réelle,
EQ-MIX-379,2026-01-25 06:00:00+00:00,vibration_mm_s,2.59,mm/s,2026-S1,réelle,
EQ-OVEN-001,2026-01-25 06:00:00+00:00,temperature_c,50.02,°C,2026-S1,réelle,
EQ-OVEN-123,2026-01-25 06:00:00+00:00,temperature_c,51.47,°C,2026-S1,réelle,
EQ-OVEN-223,2026-01-25 06:00:00+00:00,temperature_c,62.97,°C,2026-S1,réelle,
EQ-OVEN-366,2026-01-25 06:00:00+00:00,temperature_c,46.56,°C,2026-S1,réelle,
EQ-OVEN-386,2026-01-25 06:00:00+00:00,temperature_c,60.96,°C,2026-S1,réelle,
EQ-PUMP-001,2026-01-25 06:00:00+00:00,temperature_c,60.4,°C,2026-S1,réelle,
EQ-PUMP-006,2026-01-25 06:00:00+00:00,temperature_c,57.83,°C,2026-S1,réelle,
EQ-PUMP-006,2026-01-25 06:00:00+00:00,vibration_mm_s,2.73,mm/s,2026-S1,réelle,
EQ-PUMP-171,2026-01-25 06:00:00+00:00,temperature_c,62.84,°C,2026-S1,réelle,
EQ-PUMP-171,2026-01-25 06:00:00+00:00,vibration_mm_s,2.33,mm/s,2026-S1,réelle,
EQ-PUMP-350,2026-01-25 06:00:00+00:00,temperature_c,63.36,°C,2026-S1,réelle,
EQ-PUMP-350,2026-01-25 06:00:00+00:00,vibration_mm_s,3.1,mm/s,2026-S1,réelle,
EQ-ROBOT-358,2026-01-25 06:00:00+00:00,vibration_mm_s,2.97,mm/s,2026-S1,réelle,
EQ-SENSOR-305,2026-01-25 06:00:00+00:00,temperature_c,60.64,°C,2026-S1,réelle,
EQ-STEAM-341,2026-01-25 06:00:00+00:00,temperature_c,58.01,°C,2026-S1,réelle,
EQ-STEAM-352,2026-01-25 06:00:00+00:00,temperature_c,58.3,°C,2026-S1,réelle,
EQ-PUMP-001,2026-01-25 08:00:00+00:00,vibration_mm_s,3.17,mm/s,2026-S1,réelle,
EQ-CAB-134,2026-01-25 12:00:00+00:00,temperature_c,48.96,°C,2026-S1,réelle,
EQ-CHILL-001,2026-01-25 12:00:00+00:00,temperature_c,57.51,°C,2026-S1,réelle,
EQ-CHILL-115,2026-01-25 12:00:00+00:00,temperature_c,62.33,°C,2026-S1,réelle,
EQ-CHILL-168,2026-01-25 12:00:00+00:00,temperature_c,53.49,°C,2026-S1,réelle,
EQ-CHILL-188,2026-01-25 12:00:00+00:00,temperature_c,52.56,°C,2026-S1,réelle,
EQ-CHILL-248,2026-01-25 12:00:00+00:00,temperature_c,53.88,°C,2026-S1,réelle,
EQ-COMP-002,2026-01-25 12:00:00+00:00,temperature_c,54.55,°C,2026-S1,réelle,
EQ-COMP-113,2026-01-25 12:00:00+00:00,temperature_c,59.21,°C,2026-S1,réelle,
EQ-COMP-233,2026-01-25 12:00:00+00:00,temperature_c,52.81,°C,2026-S1,réelle,
EQ-FAN-002,2026-01-25 12:00:00+00:00,vibration_mm_s,3.06,mm/s,2026-S1,réelle,
EQ-FAN-003,2026-01-25 12:00:00+00:00,vibration_mm_s,3.32,mm/s,2026-S1,réelle,
EQ-FAN-204,2026-01-25 12:00:00+00:00,vibration_mm_s,3.22,mm/s,2026-S1,réelle,
EQ-FAN-284,2026-01-25 12:00:00+00:00,vibration_mm_s,2.99,mm/s,2026-S1,réelle,
EQ-FAN-304,2026-01-25 12:00:00+00:00,vibration_mm_s,2.6,mm/s,2026-S1,réelle,
EQ-MIX-159,2026-01-25 12:00:00+00:00,vibration_mm_s,2.68,mm/s,2026-S1,réelle,
EQ-MIX-259,2026-01-25 12:00:00+00:00,vibration_mm_s,2.91,mm/s,2026-S1,réelle,
EQ-MIX-379,2026-01-25 12:00:00+00:00,vibration_mm_s,2.51,mm/s,2026-S1,réelle,
EQ-OVEN-001,2026-01-25 12:00:00+00:00,temperature_c,44.18,°C,2026-S1,réelle,
EQ-OVEN-123,2026-01-25 12:00:00+00:00,temperature_c,59.39,°C,2026-S1,réelle,
EQ-OVEN-223,2026-01-25 12:00:00+00:00,temperature_c,62.05,°C,2026-S1,réelle,
EQ-OVEN-366,2026-01-25 12:00:00+00:00,temperature_c,51.15,°C,2026-S1,réelle,
EQ-OVEN-386,2026-01-25 12:00:00+00:00,temperature_c,65.66,°C,2026-S1,réelle,
EQ-PUMP-001,2026-01-25 12:00:00+00:00,temperature_c,55.73,°C,2026-S1,réelle,
EQ-PUMP-006,2026-01-25 12:00:00+00:00,temperature_c,55.45,°C,2026-S1,réelle,
EQ-PUMP-006,2026-01-25 12:00:00+00:00,vibration_mm_s,2.8,mm/s,2026-S1,réelle,
EQ-PUMP-171,2026-01-25 12:00:00+00:00,temperature_c,54.83,°C,2026-S1,réelle,
EQ-PUMP-171,2026-01-25 12:00:00+00:00,vibration_mm_s,2.83,mm/s,2026-S1,réelle,
EQ-PUMP-350,2026-01-25 12:00:00+00:00,temperature_c,60.47,°C,2026-S1,réelle,
EQ-PUMP-350,2026-01-25 12:00:00+00:00,vibration_mm_s,2.3,mm/s,2026-S1,réelle,
EQ-ROBOT-358,2026-01-25 12:00:00+00:00,vibration_mm_s,2.74,mm/s,2026-S1,réelle,
EQ-SENSOR-305,2026-01-25 12:00:00+00:00,temperature_c,54.72,°C,2026-S1,réelle,
EQ-STEAM-341,2026-01-25 12:00:00+00:00,temperature_c,55.03,°C,2026-S1,réelle,
EQ-STEAM-352,2026-01-25 12:00:00+00:00,temperature_c,55.54,°C,2026-S1,réelle,
EQ-PUMP-001,2026-01-25 14:00:00+00:00,vibration_mm_s,2.62,mm/s,2026-S1,réelle,
EQ-CAB-134,2026-01-25 18:00:00+00:00,temperature_c,56.92,°C,2026-S1,réelle,
EQ-CHILL-001,2026-01-25 18:00:00+00:00,temperature_c,50.31,°C,2026-S1,réelle,
EQ-CHILL-115,2026-01-25 18:00:00+00:00,temperature_c,55.43,°C,2026-S1,réelle,
EQ-CHILL-168,2026-01-25 18:00:00+00:00,temperature_c,59.0,°C,2026-S1,réelle,
EQ-CHILL-188,2026-01-25 18:00:00+00:00,temperature_c,57.48,°C,2026-S1,réelle,
EQ-CHILL-248,2026-01-25 18:00:00+00:00,temperature_c,56.52,°C,2026-S1,réelle,
EQ-COMP-002,2026-01-25 18:00:00+00:00,temperature_c,56.17,°C,2026-S1,réelle,
EQ-COMP-113,2026-01-25 18:00:00+00:00,temperature_c,56.47,°C,2026-S1,réelle,
EQ-COMP-233,2026-01-25 18:00:00+00:00,temperature_c,55.92,°C,2026-S1,réelle,
EQ-FAN-002,2026-01-25 18:00:00+00:00,vibration_mm_s,2.43,mm/s,2026-S1,réelle,
EQ-FAN-003,2026-01-25 18:00:00+00:00,vibration_mm_s,2.81,mm/s,2026-S1,réelle,
EQ-FAN-204,2026-01-25 18:00:00+00:00,vibration_mm_s,2.55,mm/s,2026-S1,réelle,
EQ-FAN-284,2026-01-25 18:00:00+00:00,vibration_mm_s,2.12,mm/s,2026-S1,réelle,
EQ-FAN-304,2026-01-25 18:00:00+00:00,vibration_mm_s,2.51,mm/s,2026-S1,réelle,
EQ-MIX-159,2026-01-25 18:00:00+00:00,vibration_mm_s,2.51,mm/s,2026-S1,réelle,
EQ-MIX-259,2026-01-25 18:00:00+00:00,vibration_mm_s,2.53,mm/s,2026-S1,réelle,
EQ-MIX-379,2026-01-25 18:00:00+00:00,vibration_mm_s,3.09,mm/s,2026-S1,réelle,
EQ-OVEN-001,2026-01-25 18:00:00+00:00,temperature_c,48.2,°C,2026-S1,réelle,
EQ-OVEN-123,2026-01-25 18:00:00+00:00,temperature_c,59.42,°C,2026-S1,réelle,
EQ-OVEN-223,2026-01-25 18:00:00+00:00,temperature_c,55.13,°C,2026-S1,réelle,
EQ-OVEN-366,2026-01-25 18:00:00+00:00,temperature_c,54.43,°C,2026-S1,réelle,
EQ-OVEN-386,2026-01-25 18:00:00+00:00,temperature_c,62.29,°C,2026-S1,réelle,
EQ-PUMP-001,2026-01-25 18:00:00+00:00,temperature_c,53.9,°C,2026-S1,réelle,
EQ-PUMP-006,2026-01-25 18:00:00+00:00,temperature_c,50.81,°C,2026-S1,réelle,
EQ-PUMP-006,2026-01-25 18:00:00+00:00,vibration_mm_s,3.01,mm/s,2026-S1,réelle,
EQ-PUMP-171,2026-01-25 18:00:00+00:00,temperature_c,56.2,°C,2026-S1,réelle,
EQ-PUMP-171,2026-01-25 18:00:00+00:00,vibration_mm_s,3.15,mm/s,2026-S1,réelle,
EQ-PUMP-350,2026-01-25 18:00:00+00:00,temperature_c,53.25,°C,2026-S1,réelle,
EQ-PUMP-350,2026-01-25 18:00:00+00:00,vibration_mm_s,3.18,mm/s,2026-S1,réelle,
EQ-ROBOT-358,2026-01-25 18:00:00+00:00,vibration_mm_s,2.74,mm/s,2026-S1,réelle,
EQ-SENSOR-305,2026-01-25 18:00:00+00:00,temperature_c,50.75,°C,2026-S1,réelle,
EQ-STEAM-341,2026-01-25 18:00:00+00:00,temperature_c,50.71,°C,2026-S1,réelle,
EQ-STEAM-352,2026-01-25 18:00:00+00:00,temperature_c,56.92,°C,2026-S1,réelle,
EQ-PUMP-001,2026-01-25 20:00:00+00:00,vibration_mm_s,2.44,mm/s,2026-S1,réelle,
EQ-CAB-134,2026-01-26 00:00:00+00:00,temperature_c,59.99,°C,2026-S1,réelle,
EQ-CHILL-001,2026-01-26 00:00:00+00:00,temperature_c,52.9,°C,2026-S1,réelle,
EQ-CHILL-115,2026-01-26 00:00:00+00:00,temperature_c,58.76,°C,2026-S1,réelle,
EQ-CHILL-168,2026-01-26 00:00:00+00:00,temperature_c,64.87,°C,2026-S1,réelle,
EQ-CHILL-188,2026-01-26 00:00:00+00:00,temperature_c,60.86,°C,2026-S1,réelle,
EQ-CHILL-248,2026-01-26 00:00:00+00:00,temperature_c,52.08,°C,2026-S1,réelle,
EQ-COMP-002,2026-01-26 00:00:00+00:00,temperature_c,62.49,°C,2026-S1,réelle,
EQ-COMP-113,2026-01-26 00:00:00+00:00,temperature_c,66.91,°C,2026-S1,réelle,
EQ-COMP-233,2026-01-26 00:00:00+00:00,temperature_c,65.53,°C,2026-S1,réelle,
EQ-FAN-002,2026-01-26 00:00:00+00:00,vibration_mm_s,2.85,mm/s,2026-S1,réelle,
EQ-FAN-003,2026-01-26 00:00:00+00:00,vibration_mm_s,2.52,mm/s,2026-S1,réelle,
EQ-FAN-204,2026-01-26 00:00:00+00:00,vibration_mm_s,2.46,mm/s,2026-S1,réelle,
EQ-FAN-284,2026-01-26 00:00:00+00:00,vibration_mm_s,2.66,mm/s,2026-S1,réelle,
EQ-FAN-304,2026-01-26 00:00:00+00:00,vibration_mm_s,1.98,mm/s,2026-S1,réelle,
EQ-MIX-159,2026-01-26 00:00:00+00:00,vibration_mm_s,2.64,mm/s,2026-S1,réelle,
EQ-MIX-259,2026-01-26 00:00:00+00:00,vibration_mm_s,2.04,mm/s,2026-S1,réelle,
EQ-MIX-379,2026-01-26 00:00:00+00:00,vibration_mm_s,2.95,mm/s,2026-S1,réelle,
EQ-OVEN-001,2026-01-26 00:00:00+00:00,temperature_c,54.4,°C,2026-S1,réelle,
EQ-OVEN-123,2026-01-26 00:00:00+00:00,temperature_c,58.47,°C,2026-S1,réelle,
EQ-OVEN-223,2026-01-26 00:00:00+00:00,temperature_c,59.39,°C,2026-S1,réelle,
EQ-OVEN-366,2026-01-26 00:00:00+00:00,temperature_c,51.71,°C,2026-S1,réelle,
EQ-OVEN-386,2026-01-26 00:00:00+00:00,temperature_c,57.66,°C,2026-S1,réelle,
EQ-PUMP-001,2026-01-26 00:00:00+00:00,temperature_c,60.36,°C,2026-S1,réelle,
EQ-PUMP-006,2026-01-26 00:00:00+00:00,temperature_c,51.57,°C,2026-S1,réelle,
EQ-PUMP-006,2026-01-26 00:00:00+00:00,vibration_mm_s,3.41,mm/s,2026-S1,réelle,
EQ-PUMP-171,2026-01-26 00:00:00+00:00,temperature_c,65.38,°C,2026-S1,réelle,
EQ-PUMP-171,2026-01-26 00:00:00+00:00,vibration_mm_s,2.37,mm/s,2026-S1,réelle,
EQ-PUMP-350,2026-01-26 00:00:00+00:00,temperature_c,61.54,°C,2026-S1,réelle,
EQ-PUMP-350,2026-01-26 00:00:00+00:00,vibration_mm_s,3.65,mm/s,2026-S1,réelle,
EQ-ROBOT-358,2026-01-26 00:00:00+00:00,vibration_mm_s,2.61,mm/s,2026-S1,réelle,
EQ-SENSOR-305,2026-01-26 00:00:00+00:00,temperature_c,56.14,°C,2026-S1,réelle,
EQ-STEAM-341,2026-01-26 00:00:00+00:00,temperature_c,55.33,°C,2026-S1,réelle,
EQ-STEAM-352,2026-01-26 00:00:00+00:00,temperature_c,62.63,°C,2026-S1,réelle,
EQ-PUMP-001,2026-01-26 02:00:00+00:00,vibration_mm_s,2.82,mm/s,2026-S1,réelle,
EQ-CAB-134,2026-01-26 06:00:00+00:00,temperature_c,52.75,°C,2026-S1,réelle,
EQ-CHILL-001,2026-01-26 06:00:00+00:00,temperature_c,60.77,°C,2026-S1,réelle,
EQ-CHILL-115,2026-01-26 06:00:00+00:00,temperature_c,62.93,°C,2026-S1,réelle,
EQ-CHILL-168,2026-01-26 06:00:00+00:00,temperature_c,64.08,°C,2026-S1,réelle,
EQ-CHILL-188,2026-01-26 06:00:00+00:00,temperature_c,55.39,°C,2026-S1,réelle,
EQ-CHILL-248,2026-01-26 06:00:00+00:00,temperature_c,48.06,°C,2026-S1,réelle,
EQ-COMP-002,2026-01-26 06:00:00+00:00,temperature_c,61.58,°C,2026-S1,réelle,
EQ-COMP-113,2026-01-26 06:00:00+00:00,temperature_c,65.04,°C,2026-S1,réelle,
EQ-COMP-233,2026-01-26 06:00:00+00:00,temperature_c,60.03,°C,2026-S1,réelle,
EQ-FAN-002,2026-01-26 06:00:00+00:00,vibration_mm_s,3.39,mm/s,2026-S1,réelle,
EQ-FAN-003,2026-01-26 06:00:00+00:00,vibration_mm_s,2.3,mm/s,2026-S1,réelle,
EQ-FAN-204,2026-01-26 06:00:00+00:00,vibration_mm_s,3.31,mm/s,2026-S1,réelle,
EQ-FAN-284,2026-01-26 06:00:00+00:00,vibration_mm_s,2.96,mm/s,2026-S1,réelle,
EQ-FAN-304,2026-01-26 06:00:00+00:00,vibration_mm_s,2.72,mm/s,2026-S1,réelle,
EQ-MIX-159,2026-01-26 06:00:00+00:00,vibration_mm_s,3.1,mm/s,2026-S1,réelle,
EQ-MIX-259,2026-01-26 06:00:00+00:00,vibration_mm_s,3.01,mm/s,2026-S1,réelle,
EQ-MIX-379,2026-01-26 06:00:00+00:00,vibration_mm_s,2.65,mm/s,2026-S1,réelle,
EQ-OVEN-001,2026-01-26 06:00:00+00:00,temperature_c,50.99,°C,2026-S1,réelle,
EQ-OVEN-123,2026-01-26 06:00:00+00:00,temperature_c,52.6,°C,2026-S1,réelle,
EQ-OVEN-223,2026-01-26 06:00:00+00:00,temperature_c,65.56,°C,2026-S1,réelle,
EQ-OVEN-366,2026-01-26 06:00:00+00:00,temperature_c,48.11,°C,2026-S1,réelle,
EQ-OVEN-386,2026-01-26 06:00:00+00:00,temperature_c,62.8,°C,2026-S1,réelle,
EQ-PUMP-001,2026-01-26 06:00:00+00:00,temperature_c,61.66,°C,2026-S1,réelle,
EQ-PUMP-006,2026-01-26 06:00:00+00:00,temperature_c,61.88,°C,2026-S1,réelle,
EQ-PUMP-006,2026-01-26 06:00:00+00:00,vibration_mm_s,3.29,mm/s,2026-S1,réelle,
EQ-PUMP-171,2026-01-26 06:00:00+00:00,temperature_c,61.79,°C,2026-S1,réelle,
EQ-PUMP-171,2026-01-26 06:00:00+00:00,vibration_mm_s,2.66,mm/s,2026-S1,réelle,
EQ-PUMP-350,2026-01-26 06:00:00+00:00,temperature_c,65.5,°C,2026-S1,réelle,
EQ-PUMP-350,2026-01-26 06:00:00+00:00,vibration_mm_s,3.22,mm/s,2026-S1,réelle,
EQ-ROBOT-358,2026-01-26 06:00:00+00:00,vibration_mm_s,3.24,mm/s,2026-S1,réelle,
EQ-SENSOR-305,2026-01-26 06:00:00+00:00,temperature_c,62.7,°C,2026-S1,réelle,
EQ-STEAM-341,2026-01-26 06:00:00+00:00,temperature_c,57.97,°C,2026-S1,réelle,
EQ-STEAM-352,2026-01-26 06:00:00+00:00,temperature_c,61.74,°C,2026-S1,réelle,
EQ-PUMP-001,2026-01-26 08:00:00+00:00,vibration_mm_s,3.22,mm/s,2026-S1,réelle,
EQ-CAB-134,2026-01-26 12:00:00+00:00,temperature_c,51.32,°C,2026-S1,réelle,
EQ-CHILL-001,2026-01-26 12:00:00+00:00,temperature_c,58.72,°C,2026-S1,réelle,
EQ-CHILL-115,2026-01-26 12:00:00+00:00,temperature_c,63.37,°C,2026-S1,réelle,
EQ-CHILL-168,2026-01-26 12:00:00+00:00,temperature_c,52.65,°C,2026-S1,réelle,
EQ-CHILL-188,2026-01-26 12:00:00+00:00,temperature_c,54.88,°C,2026-S1,réelle,
EQ-CHILL-248,2026-01-26 12:00:00+00:00,temperature_c,53.18,°C,2026-S1,réelle,
EQ-COMP-002,2026-01-26 12:00:00+00:00,temperature_c,54.1,°C,2026-S1,réelle,
EQ-COMP-113,2026-01-26 12:00:00+00:00,temperature_c,57.91,°C,2026-S1,réelle,
EQ-COMP-233,2026-01-26 12:00:00+00:00,temperature_c,55.71,°C,2026-S1,réelle,
EQ-FAN-002,2026-01-26 12:00:00+00:00,vibration_mm_s,2.88,mm/s,2026-S1,réelle,
EQ-FAN-003,2026-01-26 12:00:00+00:00,vibration_mm_s,3.32,mm/s,2026-S1,réelle,
EQ-FAN-204,2026-01-26 12:00:00+00:00,vibration_mm_s,3.25,mm/s,2026-S1,réelle,
EQ-FAN-284,2026-01-26 12:00:00+00:00,vibration_mm_s,3.3,mm/s,2026-S1,réelle,
EQ-FAN-304,2026-01-26 12:00:00+00:00,vibration_mm_s,2.83,mm/s,2026-S1,réelle,
EQ-MIX-159,2026-01-26 12:00:00+00:00,vibration_mm_s,3.04,mm/s,2026-S1,réelle,
EQ-MIX-259,2026-01-26 12:00:00+00:00,vibration_mm_s,3.0,mm/s,2026-S1,réelle,
EQ-MIX-379,2026-01-26 12:00:00+00:00,vibration_mm_s,2.96,mm/s,2026-S1,réelle,
EQ-OVEN-001,2026-01-26 12:00:00+00:00,temperature_c,43.62,°C,2026-S1,réelle,
EQ-OVEN-123,2026-01-26 12:00:00+00:00,temperature_c,59.81,°C,2026-S1,réelle,
EQ-OVEN-223,2026-01-26 12:00:00+00:00,temperature_c,65.43,°C,2026-S1,réelle,
EQ-OVEN-366,2026-01-26 12:00:00+00:00,temperature_c,52.49,°C,2026-S1,réelle,
EQ-OVEN-386,2026-01-26 12:00:00+00:00,temperature_c,66.48,°C,2026-S1,réelle,
EQ-PUMP-001,2026-01-26 12:00:00+00:00,temperature_c,58.63,°C,2026-S1,réelle,
EQ-PUMP-006,2026-01-26 12:00:00+00:00,temperature_c,57.17,°C,2026-S1,réelle,
EQ-PUMP-006,2026-01-26 12:00:00+00:00,vibration_mm_s,3.55,mm/s,2026-S1,réelle,
EQ-PUMP-171,2026-01-26 12:00:00+00:00,temperature_c,59.29,°C,2026-S1,réelle,
EQ-PUMP-171,2026-01-26 12:00:00+00:00,vibration_mm_s,2.98,mm/s,2026-S1,réelle,
EQ-PUMP-350,2026-01-26 12:00:00+00:00,temperature_c,59.76,°C,2026-S1,réelle,
EQ-PUMP-350,2026-01-26 12:00:00+00:00,vibration_mm_s,2.74,mm/s,2026-S1,réelle,
EQ-ROBOT-358,2026-01-26 12:00:00+00:00,vibration_mm_s,3.02,mm/s,2026-S1,réelle,
EQ-SENSOR-305,2026-01-26 12:00:00+00:00,temperature_c,56.37,°C,2026-S1,réelle,
EQ-STEAM-341,2026-01-26 12:00:00+00:00,temperature_c,56.29,°C,2026-S1,réelle,
EQ-STEAM-352,2026-01-26 12:00:00+00:00,temperature_c,58.57,°C,2026-S1,réelle,
EQ-PUMP-001,2026-01-26 14:00:00+00:00,vibration_mm_s,3.01,mm/s,2026-S1,réelle,
EQ-CAB-134,2026-01-26 18:00:00+00:00,temperature_c,59.05,°C,2026-S1,réelle,
EQ-CHILL-001,2026-01-26 18:00:00+00:00,temperature_c,50.22,°C,2026-S1,réelle,
EQ-CHILL-115,2026-01-26 18:00:00+00:00,temperature_c,59.43,°C,2026-S1,réelle,
EQ-CHILL-168,2026-01-26 18:00:00+00:00,temperature_c,57.08,°C,2026-S1,réelle,
EQ-CHILL-188,2026-01-26 18:00:00+00:00,temperature_c,61.46,°C,2026-S1,réelle,
EQ-CHILL-248,2026-01-26 18:00:00+00:00,temperature_c,58.8,°C,2026-S1,réelle,
EQ-COMP-002,2026-01-26 18:00:00+00:00,temperature_c,57.73,°C,2026-S1,réelle,
EQ-COMP-113,2026-01-26 18:00:00+00:00,temperature_c,59.56,°C,2026-S1,réelle,
EQ-COMP-233,2026-01-26 18:00:00+00:00,temperature_c,60.34,°C,2026-S1,réelle,
EQ-FAN-002,2026-01-26 18:00:00+00:00,vibration_mm_s,2.64,mm/s,2026-S1,réelle,
EQ-FAN-003,2026-01-26 18:00:00+00:00,vibration_mm_s,2.95,mm/s,2026-S1,réelle,
EQ-FAN-204,2026-01-26 18:00:00+00:00,vibration_mm_s,2.91,mm/s,2026-S1,réelle,
EQ-FAN-284,2026-01-26 18:00:00+00:00,vibration_mm_s,2.44,mm/s,2026-S1,réelle,
EQ-FAN-304,2026-01-26 18:00:00+00:00,vibration_mm_s,2.58,mm/s,2026-S1,réelle,
EQ-MIX-159,2026-01-26 18:00:00+00:00,vibration_mm_s,2.47,mm/s,2026-S1,réelle,
EQ-MIX-259,2026-01-26 18:00:00+00:00,vibration_mm_s,3.0,mm/s,2026-S1,réelle,
EQ-MIX-379,2026-01-26 18:00:00+00:00,vibration_mm_s,3.32,mm/s,2026-S1,réelle,
EQ-OVEN-001,2026-01-26 18:00:00+00:00,temperature_c,49.18,°C,2026-S1,réelle,
EQ-OVEN-123,2026-01-26 18:00:00+00:00,temperature_c,63.68,°C,2026-S1,réelle,
EQ-OVEN-223,2026-01-26 18:00:00+00:00,temperature_c,60.45,°C,2026-S1,réelle,
EQ-OVEN-366,2026-01-26 18:00:00+00:00,temperature_c,58.85,°C,2026-S1,réelle,
EQ-OVEN-386,2026-01-26 18:00:00+00:00,temperature_c,65.18,°C,2026-S1,réelle,
EQ-PUMP-001,2026-01-26 18:00:00+00:00,temperature_c,53.97,°C,2026-S1,réelle,
EQ-PUMP-006,2026-01-26 18:00:00+00:00,temperature_c,51.1,°C,2026-S1,réelle,
EQ-PUMP-006,2026-01-26 18:00:00+00:00,vibration_mm_s,3.53,mm/s,2026-S1,réelle,
EQ-PUMP-171,2026-01-26 18:00:00+00:00,temperature_c,60.64,°C,2026-S1,réelle,
EQ-PUMP-171,2026-01-26 18:00:00+00:00,vibration_mm_s,3.24,mm/s,2026-S1,réelle,
EQ-PUMP-350,2026-01-26 18:00:00+00:00,temperature_c,58.05,°C,2026-S1,réelle,
EQ-PUMP-350,2026-01-26 18:00:00+00:00,vibration_mm_s,2.81,mm/s,2026-S1,réelle,
EQ-ROBOT-358,2026-01-26 18:00:00+00:00,vibration_mm_s,3.12,mm/s,2026-S1,réelle,
EQ-SENSOR-305,2026-01-26 18:00:00+00:00,temperature_c,53.01,°C,2026-S1,réelle,
EQ-STEAM-341,2026-01-26 18:00:00+00:00,temperature_c,51.33,°C,2026-S1,réelle,
EQ-STEAM-352,2026-01-26 18:00:00+00:00,temperature_c,56.34,°C,2026-S1,réelle,
EQ-PUMP-001,2026-01-26 20:00:00+00:00,vibration_mm_s,2.52,mm/s,2026-S1,réelle,
EQ-CAB-134,2026-01-27 00:00:00+00:00,temperature_c,59.89,°C,2026-S1,réelle,
EQ-CHILL-001,2026-01-27 00:00:00+00:00,temperature_c,51.49,°C,2026-S1,réelle,
EQ-CHILL-115,2026-01-27 00:00:00+00:00,temperature_c,57.82,°C,2026-S1,réelle,
EQ-CHILL-168,2026-01-27 00:00:00+00:00,temperature_c,65.28,°C,2026-S1,réelle,
EQ-CHILL-188,2026-01-27 00:00:00+00:00,temperature_c,64.35,°C,2026-S1,réelle,
EQ-CHILL-248,2026-01-27 00:00:00+00:00,temperature_c,50.61,°C,2026-S1,réelle,
EQ-COMP-002,2026-01-27 00:00:00+00:00,temperature_c,64.19,°C,2026-S1,réelle,
EQ-COMP-113,2026-01-27 00:00:00+00:00,temperature_c,65.77,°C,2026-S1,réelle,
EQ-COMP-233,2026-01-27 00:00:00+00:00,temperature_c,63.94,°C,2026-S1,réelle,
EQ-FAN-002,2026-01-27 00:00:00+00:00,vibration_mm_s,3.22,mm/s,2026-S1,réelle,
EQ-FAN-003,2026-01-27 00:00:00+00:00,vibration_mm_s,2.51,mm/s,2026-S1,réelle,
EQ-FAN-204,2026-01-27 00:00:00+00:00,vibration_mm_s,2.29,mm/s,2026-S1,réelle,
EQ-FAN-284,2026-01-27 00:00:00+00:00,vibration_mm_s,2.0,mm/s,2026-S1,réelle,
EQ-FAN-304,2026-01-27 00:00:00+00:00,vibration_mm_s,2.37,mm/s,2026-S1,réelle,
EQ-MIX-159,2026-01-27 00:00:00+00:00,vibration_mm_s,2.68,mm/s,2026-S1,réelle,
EQ-MIX-259,2026-01-27 00:00:00+00:00,vibration_mm_s,2.14,mm/s,2026-S1,réelle,
EQ-MIX-379,2026-01-27 00:00:00+00:00,vibration_mm_s,3.04,mm/s,2026-S1,réelle,
EQ-OVEN-001,2026-01-27 00:00:00+00:00,temperature_c,56.77,°C,2026-S1,réelle,
EQ-OVEN-123,2026-01-27 00:00:00+00:00,temperature_c,57.22,°C,2026-S1,réelle,
EQ-OVEN-223,2026-01-27 00:00:00+00:00,temperature_c,57.74,°C,2026-S1,réelle,
EQ-OVEN-366,2026-01-27 00:00:00+00:00,temperature_c,48.86,°C,2026-S1,réelle,
EQ-OVEN-386,2026-01-27 00:00:00+00:00,temperature_c,56.7,°C,2026-S1,réelle,
EQ-PUMP-001,2026-01-27 00:00:00+00:00,temperature_c,60.74,°C,2026-S1,réelle,
EQ-PUMP-006,2026-01-27 00:00:00+00:00,temperature_c,52.67,°C,2026-S1,réelle,
EQ-PUMP-006,2026-01-27 00:00:00+00:00,vibration_mm_s,3.37,mm/s,2026-S1,réelle,
EQ-PUMP-171,2026-01-27 00:00:00+00:00,temperature_c,64.33,°C,2026-S1,réelle,
EQ-PUMP-171,2026-01-27 00:00:00+00:00,vibration_mm_s,2.88,mm/s,2026-S1,réelle,
EQ-PUMP-350,2026-01-27 00:00:00+00:00,temperature_c,59.2,°C,2026-S1,réelle,
EQ-PUMP-350,2026-01-27 00:00:00+00:00,vibration_mm_s,3.55,mm/s,2026-S1,réelle,
EQ-ROBOT-358,2026-01-27 00:00:00+00:00,vibration_mm_s,3.24,mm/s,2026-S1,réelle,
EQ-SENSOR-305,2026-01-27 00:00:00+00:00,temperature_c,56.67,°C,2026-S1,réelle,
EQ-STEAM-341,2026-01-27 00:00:00+00:00,temperature_c,53.77,°C,2026-S1,réelle,
EQ-STEAM-352,2026-01-27 00:00:00+00:00,temperature_c,62.15,°C,2026-S1,réelle,
EQ-PUMP-001,2026-01-27 02:00:00+00:00,vibration_mm_s,2.86,mm/s,2026-S1,réelle,
EQ-CAB-134,2026-01-27 06:00:00+00:00,temperature_c,52.7,°C,2026-S1,réelle,
EQ-CHILL-001,2026-01-27 06:00:00+00:00,temperature_c,59.82,°C,2026-S1,réelle,
EQ-CHILL-115,2026-01-27 06:00:00+00:00,temperature_c,64.35,°C,2026-S1,réelle,
EQ-CHILL-168,2026-01-27 06:00:00+00:00,temperature_c,61.55,°C,2026-S1,réelle,
EQ-CHILL-188,2026-01-27 06:00:00+00:00,temperature_c,57.89,°C,2026-S1,réelle,
EQ-CHILL-248,2026-01-27 06:00:00+00:00,temperature_c,49.6,°C,2026-S1,réelle,
EQ-COMP-002,2026-01-27 06:00:00+00:00,temperature_c,62.22,°C,2026-S1,réelle,
EQ-COMP-113,2026-01-27 06:00:00+00:00,temperature_c,63.5,°C,2026-S1,réelle,
EQ-COMP-233,2026-01-27 06:00:00+00:00,temperature_c,60.34,°C,2026-S1,réelle,
EQ-FAN-002,2026-01-27 06:00:00+00:00,vibration_mm_s,3.38,mm/s,2026-S1,réelle,
EQ-FAN-003,2026-01-27 06:00:00+00:00,vibration_mm_s,2.71,mm/s,2026-S1,réelle,
EQ-FAN-204,2026-01-27 06:00:00+00:00,vibration_mm_s,3.23,mm/s,2026-S1,réelle,
EQ-FAN-284,2026-01-27 06:00:00+00:00,vibration_mm_s,2.62,mm/s,2026-S1,réelle,
EQ-FAN-304,2026-01-27 06:00:00+00:00,vibration_mm_s,2.57,mm/s,2026-S1,réelle,
EQ-MIX-159,2026-01-27 06:00:00+00:00,vibration_mm_s,2.72,mm/s,2026-S1,réelle,
EQ-MIX-259,2026-01-27 06:00:00+00:00,vibration_mm_s,2.47,mm/s,2026-S1,réelle,
EQ-MIX-379,2026-01-27 06:00:00+00:00,vibration_mm_s,2.31,mm/s,2026-S1,réelle,
EQ-OVEN-001,2026-01-27 06:00:00+00:00,temperature_c,50.95,°C,2026-S1,réelle,
EQ-OVEN-123,2026-01-27 06:00:00+00:00,temperature_c,55.84,°C,2026-S1,réelle,
EQ-OVEN-223,2026-01-27 06:00:00+00:00,temperature_c,66.28,°C,2026-S1,réelle,
EQ-OVEN-366,2026-01-27 06:00:00+00:00,temperature_c,46.35,°C,2026-S1,réelle,
EQ-OVEN-386,2026-01-27 06:00:00+00:00,temperature_c,65.03,°C,2026-S1,réelle,
EQ-PUMP-001,2026-01-27 06:00:00+00:00,temperature_c,63.0,°C,2026-S1,réelle,
EQ-PUMP-006,2026-01-27 06:00:00+00:00,temperature_c,58.55,°C,2026-S1,réelle,
EQ-PUMP-006,2026-01-27 06:00:00+00:00,vibration_mm_s,3.11,mm/s,2026-S1,réelle,
EQ-PUMP-171,2026-01-27 06:00:00+00:00,temperature_c,63.73,°C,2026-S1,réelle,
EQ-PUMP-171,2026-01-27 06:00:00+00:00,vibration_mm_s,2.68,mm/s,2026-S1,réelle,
EQ-PUMP-350,2026-01-27 06:00:00+00:00,temperature_c,65.74,°C,2026-S1,réelle,
EQ-PUMP-350,2026-01-27 06:00:00+00:00,vibration_mm_s,3.03,mm/s,2026-S1,réelle,
EQ-ROBOT-358,2026-01-27 06:00:00+00:00,vibration_mm_s,2.78,mm/s,2026-S1,réelle,
EQ-SENSOR-305,2026-01-27 06:00:00+00:00,temperature_c,59.91,°C,2026-S1,réelle,
EQ-STEAM-341,2026-01-27 06:00:00+00:00,temperature_c,61.11,°C,2026-S1,réelle,
EQ-STEAM-352,2026-01-27 06:00:00+00:00,temperature_c,65.61,°C,2026-S1,réelle,
EQ-PUMP-001,2026-01-27 08:00:00+00:00,vibration_mm_s,3.41,mm/s,2026-S1,réelle,
EQ-CAB-134,2026-01-27 12:00:00+00:00,temperature_c,48.85,°C,2026-S1,réelle,
EQ-CHILL-001,2026-01-27 12:00:00+00:00,temperature_c,59.34,°C,2026-S1,réelle,
EQ-CHILL-115,2026-01-27 12:00:00+00:00,temperature_c,64.62,°C,2026-S1,réelle,
EQ-CHILL-168,2026-01-27 12:00:00+00:00,temperature_c,52.87,°C,2026-S1,réelle,
EQ-CHILL-188,2026-01-27 12:00:00+00:00,temperature_c,53.28,°C,2026-S1,réelle,
EQ-CHILL-248,2026-01-27 12:00:00+00:00,temperature_c,53.04,°C,2026-S1,réelle,
EQ-COMP-002,2026-01-27 12:00:00+00:00,temperature_c,55.4,°C,2026-S1,réelle,
EQ-COMP-113,2026-01-27 12:00:00+00:00,temperature_c,58.94,°C,2026-S1,réelle,
EQ-COMP-233,2026-01-27 12:00:00+00:00,temperature_c,54.1,°C,2026-S1,réelle,
EQ-FAN-002,2026-01-27 12:00:00+00:00,vibration_mm_s,3.35,mm/s,2026-S1,réelle,
EQ-FAN-003,2026-01-27 12:00:00+00:00,vibration_mm_s,3.53,mm/s,2026-S1,réelle,
EQ-FAN-204,2026-01-27 12:00:00+00:00,vibration_mm_s,3.19,mm/s,2026-S1,réelle,
EQ-FAN-284,2026-01-27 12:00:00+00:00,vibration_mm_s,3.12,mm/s,2026-S1,réelle,
EQ-FAN-304,2026-01-27 12:00:00+00:00,vibration_mm_s,3.07,mm/s,2026-S1,réelle,
EQ-MIX-159,2026-01-27 12:00:00+00:00,vibration_mm_s,2.96,mm/s,2026-S1,réelle,
EQ-MIX-259,2026-01-27 12:00:00+00:00,vibration_mm_s,3.03,mm/s,2026-S1,réelle,
EQ-MIX-379,2026-01-27 12:00:00+00:00,vibration_mm_s,2.62,mm/s,2026-S1,réelle,
EQ-OVEN-001,2026-01-27 12:00:00+00:00,temperature_c,45.66,°C,2026-S1,réelle,
EQ-OVEN-123,2026-01-27 12:00:00+00:00,temperature_c,58.62,°C,2026-S1,réelle,
EQ-OVEN-223,2026-01-27 12:00:00+00:00,temperature_c,65.23,°C,2026-S1,réelle,
EQ-OVEN-366,2026-01-27 12:00:00+00:00,temperature_c,53.77,°C,2026-S1,réelle,
EQ-OVEN-386,2026-01-27 12:00:00+00:00,temperature_c,69.6,°C,2026-S1,réelle,
EQ-PUMP-001,2026-01-27 12:00:00+00:00,temperature_c,55.98,°C,2026-S1,réelle,
EQ-PUMP-006,2026-01-27 12:00:00+00:00,temperature_c,59.95,°C,2026-S1,réelle,
EQ-PUMP-006,2026-01-27 12:00:00+00:00,vibration_mm_s,2.67,mm/s,2026-S1,réelle,
EQ-PUMP-171,2026-01-27 12:00:00+00:00,temperature_c,58.4,°C,2026-S1,réelle,
EQ-PUMP-171,2026-01-27 12:00:00+00:00,vibration_mm_s,2.76,mm/s,2026-S1,réelle,
EQ-PUMP-350,2026-01-27 12:00:00+00:00,temperature_c,63.12,°C,2026-S1,réelle,
EQ-PUMP-350,2026-01-27 12:00:00+00:00,vibration_mm_s,2.43,mm/s,2026-S1,réelle,
EQ-ROBOT-358,2026-01-27 12:00:00+00:00,vibration_mm_s,2.81,mm/s,2026-S1,réelle,
EQ-SENSOR-305,2026-01-27 12:00:00+00:00,temperature_c,55.18,°C,2026-S1,réelle,
EQ-STEAM-341,2026-01-27 12:00:00+00:00,temperature_c,57.7,°C,2026-S1,réelle,
EQ-STEAM-352,2026-01-27 12:00:00+00:00,temperature_c,58.61,°C,2026-S1,réelle,
EQ-PUMP-001,2026-01-27 14:00:00+00:00,vibration_mm_s,2.68,mm/s,2026-S1,réelle,
EQ-CAB-134,2026-01-27 18:00:00+00:00,temperature_c,58.5,°C,2026-S1,réelle,
EQ-CHILL-001,2026-01-27 18:00:00+00:00,temperature_c,53.41,°C,2026-S1,réelle,
EQ-CHILL-115,2026-01-27 18:00:00+00:00,temperature_c,54.67,°C,2026-S1,réelle,
EQ-CHILL-168,2026-01-27 18:00:00+00:00,temperature_c,56.69,°C,2026-S1,réelle,
EQ-CHILL-188,2026-01-27 18:00:00+00:00,temperature_c,58.28,°C,2026-S1,réelle,
EQ-CHILL-248,2026-01-27 18:00:00+00:00,temperature_c,56.55,°C,2026-S1,réelle,
EQ-COMP-002,2026-01-27 18:00:00+00:00,temperature_c,,°C,2026-S1,réelle,
EQ-COMP-113,2026-01-27 18:00:00+00:00,temperature_c,61.83,°C,2026-S1,réelle,
EQ-COMP-233,2026-01-27 18:00:00+00:00,temperature_c,59.62,°C,2026-S1,réelle,
EQ-FAN-002,2026-01-27 18:00:00+00:00,vibration_mm_s,2.63,mm/s,2026-S1,réelle,
EQ-FAN-003,2026-01-27 18:00:00+00:00,vibration_mm_s,2.79,mm/s,2026-S1,réelle,
EQ-FAN-204,2026-01-27 18:00:00+00:00,vibration_mm_s,3.02,mm/s,2026-S1,réelle,
EQ-FAN-284,2026-01-27 18:00:00+00:00,vibration_mm_s,2.6,mm/s,2026-S1,réelle,
EQ-FAN-304,2026-01-27 18:00:00+00:00,vibration_mm_s,2.57,mm/s,2026-S1,réelle,
EQ-MIX-159,2026-01-27 18:00:00+00:00,vibration_mm_s,2.85,mm/s,2026-S1,réelle,
EQ-MIX-259,2026-01-27 18:00:00+00:00,vibration_mm_s,2.69,mm/s,2026-S1,réelle,
EQ-MIX-379,2026-01-27 18:00:00+00:00,vibration_mm_s,3.62,mm/s,2026-S1,réelle,
EQ-OVEN-001,2026-01-27 18:00:00+00:00,temperature_c,48.88,°C,2026-S1,réelle,
EQ-OVEN-123,2026-01-27 18:00:00+00:00,temperature_c,61.67,°C,2026-S1,réelle,
EQ-OVEN-223,2026-01-27 18:00:00+00:00,temperature_c,58.32,°C,2026-S1,réelle,
EQ-OVEN-366,2026-01-27 18:00:00+00:00,temperature_c,55.86,°C,2026-S1,réelle,
EQ-OVEN-386,2026-01-27 18:00:00+00:00,temperature_c,66.46,°C,2026-S1,réelle,
EQ-PUMP-001,2026-01-27 18:00:00+00:00,temperature_c,58.01,°C,2026-S1,réelle,
EQ-PUMP-006,2026-01-27 18:00:00+00:00,temperature_c,51.63,°C,2026-S1,réelle,
EQ-PUMP-006,2026-01-27 18:00:00+00:00,vibration_mm_s,3.26,mm/s,2026-S1,réelle,
EQ-PUMP-171,2026-01-27 18:00:00+00:00,temperature_c,55.96,°C,2026-S1,réelle,
EQ-PUMP-171,2026-01-27 18:00:00+00:00,vibration_mm_s,3.37,mm/s,2026-S1,réelle,
EQ-PUMP-350,2026-01-27 18:00:00+00:00,temperature_c,56.42,°C,2026-S1,réelle,
EQ-PUMP-350,2026-01-27 18:00:00+00:00,vibration_mm_s,3.05,mm/s,2026-S1,réelle,
EQ-ROBOT-358,2026-01-27 18:00:00+00:00,vibration_mm_s,2.73,mm/s,2026-S1,réelle,
EQ-SENSOR-305,2026-01-27 18:00:00+00:00,temperature_c,53.48,°C,2026-S1,réelle,
EQ-STEAM-341,2026-01-27 18:00:00+00:00,temperature_c,53.73,°C,2026-S1,réelle,
EQ-STEAM-352,2026-01-27 18:00:00+00:00,temperature_c,59.78,°C,2026-S1,réelle,
EQ-PUMP-001,2026-01-27 20:00:00+00:00,vibration_mm_s,2.48,mm/s,2026-S1,réelle,
EQ-CAB-134,2026-01-28 00:00:00+00:00,temperature_c,59.46,°C,2026-S1,réelle,
EQ-CHILL-001,2026-01-28 00:00:00+00:00,temperature_c,49.14,°C,2026-S1,réelle,
EQ-CHILL-115,2026-01-28 00:00:00+00:00,temperature_c,57.28,°C,2026-S1,réelle,
EQ-CHILL-168,2026-01-28 00:00:00+00:00,temperature_c,65.27,°C,2026-S1,réelle,
EQ-CHILL-188,2026-01-28 00:00:00+00:00,temperature_c,62.13,°C,2026-S1,réelle,
EQ-CHILL-248,2026-01-28 00:00:00+00:00,temperature_c,50.75,°C,2026-S1,réelle,
EQ-COMP-002,2026-01-28 00:00:00+00:00,temperature_c,63.81,°C,2026-S1,réelle,
EQ-COMP-113,2026-01-28 00:00:00+00:00,temperature_c,64.14,°C,2026-S1,réelle,
EQ-COMP-233,2026-01-28 00:00:00+00:00,temperature_c,62.66,°C,2026-S1,réelle,
EQ-FAN-002,2026-01-28 00:00:00+00:00,vibration_mm_s,3.14,mm/s,2026-S1,réelle,
EQ-FAN-003,2026-01-28 00:00:00+00:00,vibration_mm_s,2.82,mm/s,2026-S1,réelle,
EQ-FAN-204,2026-01-28 00:00:00+00:00,vibration_mm_s,2.41,mm/s,2026-S1,réelle,
EQ-FAN-284,2026-01-28 00:00:00+00:00,vibration_mm_s,2.43,mm/s,2026-S1,réelle,
EQ-FAN-304,2026-01-28 00:00:00+00:00,vibration_mm_s,2.49,mm/s,2026-S1,réelle,
EQ-MIX-159,2026-01-28 00:00:00+00:00,vibration_mm_s,2.59,mm/s,2026-S1,réelle,
EQ-MIX-259,2026-01-28 00:00:00+00:00,vibration_mm_s,2.64,mm/s,2026-S1,réelle,
EQ-MIX-379,2026-01-28 00:00:00+00:00,vibration_mm_s,3.4,mm/s,2026-S1,réelle,
EQ-OVEN-001,2026-01-28 00:00:00+00:00,temperature_c,58.46,°C,2026-S1,réelle,
EQ-OVEN-123,2026-01-28 00:00:00+00:00,temperature_c,54.84,°C,2026-S1,réelle,
EQ-OVEN-223,2026-01-28 00:00:00+00:00,temperature_c,56.51,°C,2026-S1,réelle,
EQ-OVEN-366,2026-01-28 00:00:00+00:00,temperature_c,51.2,°C,2026-S1,réelle,
EQ-OVEN-386,2026-01-28 00:00:00+00:00,temperature_c,59.14,°C,2026-S1,réelle,
EQ-PUMP-001,2026-01-28 00:00:00+00:00,temperature_c,58.65,°C,2026-S1,réelle,
EQ-PUMP-006,2026-01-28 00:00:00+00:00,temperature_c,49.95,°C,2026-S1,réelle,
EQ-PUMP-006,2026-01-28 00:00:00+00:00,vibration_mm_s,3.79,mm/s,2026-S1,réelle,
EQ-PUMP-171,2026-01-28 00:00:00+00:00,temperature_c,64.38,°C,2026-S1,réelle,
EQ-PUMP-171,2026-01-28 00:00:00+00:00,vibration_mm_s,2.91,mm/s,2026-S1,réelle,
EQ-PUMP-350,2026-01-28 00:00:00+00:00,temperature_c,63.08,°C,2026-S1,réelle,
EQ-PUMP-350,2026-01-28 00:00:00+00:00,vibration_mm_s,3.45,mm/s,2026-S1,réelle,
EQ-ROBOT-358,2026-01-28 00:00:00+00:00,vibration_mm_s,2.83,mm/s,2026-S1,réelle,
EQ-SENSOR-305,2026-01-28 00:00:00+00:00,temperature_c,55.71,°C,2026-S1,réelle,
EQ-STEAM-341,2026-01-28 00:00:00+00:00,temperature_c,52.46,°C,2026-S1,réelle,
EQ-STEAM-352,2026-01-28 00:00:00+00:00,temperature_c,63.2,°C,2026-S1,réelle,
EQ-PUMP-001,2026-01-28 02:00:00+00:00,vibration_mm_s,2.87,mm/s,2026-S1,réelle,
EQ-CAB-134,2026-01-28 06:00:00+00:00,temperature_c,54.09,°C,2026-S1,réelle,
EQ-CHILL-001,2026-01-28 06:00:00+00:00,temperature_c,58.17,°C,2026-S1,réelle,
EQ-CHILL-115,2026-01-28 06:00:00+00:00,temperature_c,66.86,°C,2026-S1,réelle,
EQ-CHILL-168,2026-01-28 06:00:00+00:00,temperature_c,59.26,°C,2026-S1,réelle,
EQ-CHILL-188,2026-01-28 06:00:00+00:00,temperature_c,54.18,°C,2026-S1,réelle,
EQ-CHILL-248,2026-01-28 06:00:00+00:00,temperature_c,47.13,°C,2026-S1,réelle,
EQ-COMP-002,2026-01-28 06:00:00+00:00,temperature_c,61.05,°C,2026-S1,réelle,
EQ-COMP-113,2026-01-28 06:00:00+00:00,temperature_c,64.4,°C,2026-S1,réelle,
EQ-COMP-233,2026-01-28 06:00:00+00:00,temperature_c,58.9,°C,2026-S1,réelle,
EQ-FAN-002,2026-01-28 06:00:00+00:00,vibration_mm_s,3.6,mm/s,2026-S1,réelle,
EQ-FAN-003,2026-01-28 06:00:00+00:00,vibration_mm_s,2.86,mm/s,2026-S1,réelle,
EQ-FAN-204,2026-01-28 06:00:00+00:00,vibration_mm_s,3.14,mm/s,2026-S1,réelle,
EQ-FAN-284,2026-01-28 06:00:00+00:00,vibration_mm_s,2.91,mm/s,2026-S1,réelle,
EQ-FAN-304,2026-01-28 06:00:00+00:00,vibration_mm_s,2.15,mm/s,2026-S1,réelle,
EQ-MIX-159,2026-01-28 06:00:00+00:00,vibration_mm_s,2.88,mm/s,2026-S1,réelle,
EQ-MIX-259,2026-01-28 06:00:00+00:00,vibration_mm_s,2.56,mm/s,2026-S1,réelle,
EQ-MIX-379,2026-01-28 06:00:00+00:00,vibration_mm_s,2.46,mm/s,2026-S1,réelle,
EQ-OVEN-001,2026-01-28 06:00:00+00:00,temperature_c,48.59,°C,2026-S1,réelle,
EQ-OVEN-123,2026-01-28 06:00:00+00:00,temperature_c,54.61,°C,2026-S1,réelle,
EQ-OVEN-223,2026-01-28 06:00:00+00:00,temperature_c,62.33,°C,2026-S1,réelle,
EQ-OVEN-366,2026-01-28 06:00:00+00:00,temperature_c,43.94,°C,2026-S1,réelle,
EQ-OVEN-386,2026-01-28 06:00:00+00:00,temperature_c,62.62,°C,2026-S1,réelle,
EQ-PUMP-001,2026-01-28 06:00:00+00:00,temperature_c,62.37,°C,2026-S1,réelle,
EQ-PUMP-006,2026-01-28 06:00:00+00:00,temperature_c,58.31,°C,2026-S1,réelle,
EQ-PUMP-006,2026-01-28 06:00:00+00:00,vibration_mm_s,2.74,mm/s,2026-S1,réelle,
EQ-PUMP-171,2026-01-28 06:00:00+00:00,temperature_c,62.02,°C,2026-S1,réelle,
EQ-PUMP-171,2026-01-28 06:00:00+00:00,vibration_mm_s,2.76,mm/s,2026-S1,réelle,
EQ-PUMP-350,2026-01-28 06:00:00+00:00,temperature_c,64.39,°C,2026-S1,réelle,
EQ-PUMP-350,2026-01-28 06:00:00+00:00,vibration_mm_s,2.86,mm/s,2026-S1,réelle,
EQ-ROBOT-358,2026-01-28 06:00:00+00:00,vibration_mm_s,3.76,mm/s,2026-S1,réelle,
EQ-SENSOR-305,2026-01-28 06:00:00+00:00,temperature_c,62.63,°C,2026-S1,réelle,
EQ-STEAM-341,2026-01-28 06:00:00+00:00,temperature_c,59.56,°C,2026-S1,réelle,
EQ-STEAM-352,2026-01-28 06:00:00+00:00,temperature_c,62.13,°C,2026-S1,réelle,
EQ-PUMP-001,2026-01-28 08:00:00+00:00,vibration_mm_s,2.46,mm/s,2026-S1,réelle,
EQ-CAB-134,2026-01-28 12:00:00+00:00,temperature_c,50.81,°C,2026-S1,réelle,
EQ-CHILL-001,2026-01-28 12:00:00+00:00,temperature_c,58.55,°C,2026-S1,réelle,
EQ-CHILL-115,2026-01-28 12:00:00+00:00,temperature_c,64.09,°C,2026-S1,réelle,
EQ-CHILL-168,2026-01-28 12:00:00+00:00,temperature_c,57.73,°C,2026-S1,réelle,
EQ-CHILL-188,2026-01-28 12:00:00+00:00,temperature_c,54.23,°C,2026-S1,réelle,
EQ-CHILL-248,2026-01-28 12:00:00+00:00,temperature_c,53.59,°C,2026-S1,réelle,
EQ-COMP-002,2026-01-28 12:00:00+00:00,temperature_c,54.3,°C,2026-S1,réelle,
EQ-COMP-113,2026-01-28 12:00:00+00:00,temperature_c,59.36,°C,2026-S1,réelle,
EQ-COMP-233,2026-01-28 12:00:00+00:00,temperature_c,53.57,°C,2026-S1,réelle,
EQ-FAN-002,2026-01-28 12:00:00+00:00,vibration_mm_s,2.89,mm/s,2026-S1,réelle,
EQ-FAN-003,2026-01-28 12:00:00+00:00,vibration_mm_s,3.22,mm/s,2026-S1,réelle,
EQ-FAN-204,2026-01-28 12:00:00+00:00,vibration_mm_s,3.03,mm/s,2026-S1,réelle,
EQ-FAN-284,2026-01-28 12:00:00+00:00,vibration_mm_s,3.27,mm/s,2026-S1,réelle,
EQ-FAN-304,2026-01-28 12:00:00+00:00,vibration_mm_s,3.01,mm/s,2026-S1,réelle,
EQ-MIX-159,2026-01-28 12:00:00+00:00,vibration_mm_s,2.88,mm/s,2026-S1,réelle,
EQ-MIX-259,2026-01-28 12:00:00+00:00,vibration_mm_s,3.02,mm/s,2026-S1,réelle,
EQ-MIX-379,2026-01-28 12:00:00+00:00,vibration_mm_s,2.93,mm/s,2026-S1,réelle,
EQ-OVEN-001,2026-01-28 12:00:00+00:00,temperature_c,50.34,°C,2026-S1,réelle,
EQ-OVEN-123,2026-01-28 12:00:00+00:00,temperature_c,59.68,°C,2026-S1,réelle,
EQ-OVEN-223,2026-01-28 12:00:00+00:00,temperature_c,65.79,°C,2026-S1,réelle,
EQ-OVEN-366,2026-01-28 12:00:00+00:00,temperature_c,53.77,°C,2026-S1,réelle,
EQ-OVEN-386,2026-01-28 12:00:00+00:00,temperature_c,65.68,°C,2026-S1,réelle,
EQ-PUMP-001,2026-01-28 12:00:00+00:00,temperature_c,57.51,°C,2026-S1,réelle,
EQ-PUMP-006,2026-01-28 12:00:00+00:00,temperature_c,58.02,°C,2026-S1,réelle,
EQ-PUMP-006,2026-01-28 12:00:00+00:00,vibration_mm_s,2.9,mm/s,2026-S1,réelle,
EQ-PUMP-171,2026-01-28 12:00:00+00:00,temperature_c,57.66,°C,2026-S1,réelle,
EQ-PUMP-171,2026-01-28 12:00:00+00:00,vibration_mm_s,3.29,mm/s,2026-S1,réelle,
EQ-PUMP-350,2026-01-28 12:00:00+00:00,temperature_c,61.01,°C,2026-S1,réelle,
EQ-PUMP-350,2026-01-28 12:00:00+00:00,vibration_mm_s,2.81,mm/s,2026-S1,réelle,
EQ-ROBOT-358,2026-01-28 12:00:00+00:00,vibration_mm_s,2.83,mm/s,2026-S1,réelle,
EQ-SENSOR-305,2026-01-28 12:00:00+00:00,temperature_c,59.5,°C,2026-S1,réelle,
EQ-STEAM-341,2026-01-28 12:00:00+00:00,temperature_c,58.04,°C,2026-S1,réelle,
EQ-STEAM-352,2026-01-28 12:00:00+00:00,temperature_c,56.63,°C,2026-S1,réelle,
EQ-PUMP-001,2026-01-28 14:00:00+00:00,vibration_mm_s,2.61,mm/s,2026-S1,réelle,
EQ-CAB-134,2026-01-28 18:00:00+00:00,temperature_c,54.34,°C,2026-S1,réelle,
EQ-CHILL-001,2026-01-28 18:00:00+00:00,temperature_c,55.38,°C,2026-S1,réelle,
EQ-CHILL-115,2026-01-28 18:00:00+00:00,temperature_c,56.73,°C,2026-S1,réelle,
EQ-CHILL-168,2026-01-28 18:00:00+00:00,temperature_c,59.01,°C,2026-S1,réelle,
EQ-CHILL-188,2026-01-28 18:00:00+00:00,temperature_c,60.53,°C,2026-S1,réelle,
EQ-CHILL-248,2026-01-28 18:00:00+00:00,temperature_c,56.22,°C,2026-S1,réelle,
EQ-COMP-002,2026-01-28 18:00:00+00:00,temperature_c,60.59,°C,2026-S1,réelle,
EQ-COMP-113,2026-01-28 18:00:00+00:00,temperature_c,59.32,°C,2026-S1,réelle,
EQ-COMP-233,2026-01-28 18:00:00+00:00,temperature_c,56.74,°C,2026-S1,réelle,
EQ-FAN-002,2026-01-28 18:00:00+00:00,vibration_mm_s,2.46,mm/s,2026-S1,réelle,
EQ-FAN-003,2026-01-28 18:00:00+00:00,vibration_mm_s,2.88,mm/s,2026-S1,réelle,
EQ-FAN-204,2026-01-28 18:00:00+00:00,vibration_mm_s,2.71,mm/s,2026-S1,réelle,
EQ-FAN-284,2026-01-28 18:00:00+00:00,vibration_mm_s,2.33,mm/s,2026-S1,réelle,
EQ-FAN-304,2026-01-28 18:00:00+00:00,vibration_mm_s,2.86,mm/s,2026-S1,réelle,
EQ-MIX-159,2026-01-28 18:00:00+00:00,vibration_mm_s,2.33,mm/s,2026-S1,réelle,
EQ-MIX-259,2026-01-28 18:00:00+00:00,vibration_mm_s,2.85,mm/s,2026-S1,réelle,
EQ-MIX-379,2026-01-28 18:00:00+00:00,vibration_mm_s,3.01,mm/s,2026-S1,réelle,
EQ-OVEN-001,2026-01-28 18:00:00+00:00,temperature_c,51.02,°C,2026-S1,réelle,
EQ-OVEN-123,2026-01-28 18:00:00+00:00,temperature_c,63.74,°C,2026-S1,réelle,
EQ-OVEN-223,2026-01-28 18:00:00+00:00,temperature_c,58.98,°C,2026-S1,réelle,
EQ-OVEN-366,2026-01-28 18:00:00+00:00,temperature_c,53.98,°C,2026-S1,réelle,
EQ-OVEN-386,2026-01-28 18:00:00+00:00,temperature_c,62.38,°C,2026-S1,réelle,
EQ-PUMP-001,2026-01-28 18:00:00+00:00,temperature_c,54.16,°C,2026-S1,réelle,
EQ-PUMP-006,2026-01-28 18:00:00+00:00,temperature_c,53.98,°C,2026-S1,réelle,
EQ-PUMP-006,2026-01-28 18:00:00+00:00,vibration_mm_s,3.18,mm/s,2026-S1,réelle,
EQ-PUMP-171,2026-01-28 18:00:00+00:00,temperature_c,58.11,°C,2026-S1,réelle,
EQ-PUMP-171,2026-01-28 18:00:00+00:00,vibration_mm_s,3.21,mm/s,2026-S1,réelle,
EQ-PUMP-350,2026-01-28 18:00:00+00:00,temperature_c,56.29,°C,2026-S1,réelle,
EQ-PUMP-350,2026-01-28 18:00:00+00:00,vibration_mm_s,3.11,mm/s,2026-S1,réelle,
EQ-ROBOT-358,2026-01-28 18:00:00+00:00,vibration_mm_s,2.59,mm/s,2026-S1,réelle,
EQ-SENSOR-305,2026-01-28 18:00:00+00:00,temperature_c,52.66,°C,2026-S1,réelle,
EQ-STEAM-341,2026-01-28 18:00:00+00:00,temperature_c,51.75,°C,2026-S1,réelle,
EQ-STEAM-352,2026-01-28 18:00:00+00:00,temperature_c,56.14,°C,2026-S1,réelle,
EQ-PUMP-001,2026-01-28 20:00:00+00:00,vibration_mm_s,2.48,mm/s,2026-S1,réelle,
EQ-CAB-134,2026-01-29 00:00:00+00:00,temperature_c,59.82,°C,2026-S1,réelle,
EQ-CHILL-001,2026-01-29 00:00:00+00:00,temperature_c,52.94,°C,2026-S1,réelle,
EQ-CHILL-115,2026-01-29 00:00:00+00:00,temperature_c,60.1,°C,2026-S1,réelle,
EQ-CHILL-168,2026-01-29 00:00:00+00:00,temperature_c,62.73,°C,2026-S1,réelle,
EQ-CHILL-188,2026-01-29 00:00:00+00:00,temperature_c,64.04,°C,2026-S1,réelle,
EQ-CHILL-248,2026-01-29 00:00:00+00:00,temperature_c,52.93,°C,2026-S1,réelle,
EQ-COMP-002,2026-01-29 00:00:00+00:00,temperature_c,62.38,°C,2026-S1,réelle,
EQ-COMP-113,2026-01-29 00:00:00+00:00,temperature_c,65.61,°C,2026-S1,réelle,
EQ-COMP-233,2026-01-29 00:00:00+00:00,temperature_c,63.76,°C,2026-S1,réelle,
EQ-FAN-002,2026-01-29 00:00:00+00:00,vibration_mm_s,3.1,mm/s,2026-S1,réelle,
EQ-FAN-003,2026-01-29 00:00:00+00:00,vibration_mm_s,2.24,mm/s,2026-S1,réelle,
EQ-FAN-204,2026-01-29 00:00:00+00:00,vibration_mm_s,2.41,mm/s,2026-S1,réelle,
EQ-FAN-284,2026-01-29 00:00:00+00:00,vibration_mm_s,2.36,mm/s,2026-S1,réelle,
EQ-FAN-304,2026-01-29 00:00:00+00:00,vibration_mm_s,2.36,mm/s,2026-S1,réelle,
EQ-MIX-159,2026-01-29 00:00:00+00:00,vibration_mm_s,2.62,mm/s,2026-S1,réelle,
EQ-MIX-259,2026-01-29 00:00:00+00:00,vibration_mm_s,2.1,mm/s,2026-S1,réelle,
EQ-MIX-379,2026-01-29 00:00:00+00:00,vibration_mm_s,2.83,mm/s,2026-S1,réelle,
EQ-OVEN-001,2026-01-29 00:00:00+00:00,temperature_c,56.86,°C,2026-S1,réelle,
EQ-OVEN-123,2026-01-29 00:00:00+00:00,temperature_c,55.43,°C,2026-S1,réelle,
EQ-OVEN-223,2026-01-29 00:00:00+00:00,temperature_c,58.61,°C,2026-S1,réelle,
EQ-OVEN-366,2026-01-29 00:00:00+00:00,temperature_c,50.49,°C,2026-S1,réelle,
EQ-OVEN-386,2026-01-29 00:00:00+00:00,temperature_c,58.16,°C,2026-S1,réelle,
EQ-PUMP-001,2026-01-29 00:00:00+00:00,temperature_c,61.95,°C,2026-S1,réelle,
EQ-PUMP-006,2026-01-29 00:00:00+00:00,temperature_c,52.57,°C,2026-S1,réelle,
EQ-PUMP-006,2026-01-29 00:00:00+00:00,vibration_mm_s,3.25,mm/s,2026-S1,réelle,
EQ-PUMP-171,2026-01-29 00:00:00+00:00,temperature_c,66.57,°C,2026-S1,réelle,
EQ-PUMP-171,2026-01-29 00:00:00+00:00,vibration_mm_s,3.24,mm/s,2026-S1,réelle,
EQ-PUMP-350,2026-01-29 00:00:00+00:00,temperature_c,61.06,°C,2026-S1,réelle,
EQ-PUMP-350,2026-01-29 00:00:00+00:00,vibration_mm_s,3.63,mm/s,2026-S1,réelle,
EQ-ROBOT-358,2026-01-29 00:00:00+00:00,vibration_mm_s,3.49,mm/s,2026-S1,réelle,
EQ-SENSOR-305,2026-01-29 00:00:00+00:00,temperature_c,58.21,°C,2026-S1,réelle,
EQ-STEAM-341,2026-01-29 00:00:00+00:00,temperature_c,53.89,°C,2026-S1,réelle,
EQ-STEAM-352,2026-01-29 00:00:00+00:00,temperature_c,61.67,°C,2026-S1,réelle,
EQ-PUMP-001,2026-01-29 02:00:00+00:00,vibration_mm_s,2.99,mm/s,2026-S1,réelle,
EQ-CAB-134,2026-01-29 06:00:00+00:00,temperature_c,54.31,°C,2026-S1,réelle,
EQ-CHILL-001,2026-01-29 06:00:00+00:00,temperature_c,57.65,°C,2026-S1,réelle,
EQ-CHILL-115,2026-01-29 06:00:00+00:00,temperature_c,63.9,°C,2026-S1,réelle,
EQ-CHILL-168,2026-01-29 06:00:00+00:00,temperature_c,61.75,°C,2026-S1,réelle,
EQ-CHILL-188,2026-01-29 06:00:00+00:00,temperature_c,56.39,°C,2026-S1,réelle,
EQ-CHILL-248,2026-01-29 06:00:00+00:00,temperature_c,47.55,°C,2026-S1,réelle,
EQ-COMP-002,2026-01-29 06:00:00+00:00,temperature_c,63.45,°C,2026-S1,réelle,
EQ-COMP-113,2026-01-29 06:00:00+00:00,temperature_c,63.83,°C,2026-S1,réelle,
EQ-COMP-233,2026-01-29 06:00:00+00:00,temperature_c,58.06,°C,2026-S1,réelle,
EQ-FAN-002,2026-01-29 06:00:00+00:00,vibration_mm_s,3.67,mm/s,2026-S1,réelle,
EQ-FAN-003,2026-01-29 06:00:00+00:00,vibration_mm_s,2.77,mm/s,2026-S1,réelle,
EQ-FAN-204,2026-01-29 06:00:00+00:00,vibration_mm_s,2.69,mm/s,2026-S1,réelle,
EQ-FAN-284,2026-01-29 06:00:00+00:00,vibration_mm_s,2.7,mm/s,2026-S1,réelle,
EQ-FAN-304,2026-01-29 06:00:00+00:00,vibration_mm_s,2.66,mm/s,2026-S1,réelle,
EQ-MIX-159,2026-01-29 06:00:00+00:00,vibration_mm_s,3.04,mm/s,2026-S1,réelle,
EQ-MIX-259,2026-01-29 06:00:00+00:00,vibration_mm_s,2.63,mm/s,2026-S1,réelle,
EQ-MIX-379,2026-01-29 06:00:00+00:00,vibration_mm_s,2.76,mm/s,2026-S1,réelle,
EQ-OVEN-001,2026-01-29 06:00:00+00:00,temperature_c,49.75,°C,2026-S1,réelle,
EQ-OVEN-123,2026-01-29 06:00:00+00:00,temperature_c,53.8,°C,2026-S1,réelle,
EQ-OVEN-223,2026-01-29 06:00:00+00:00,temperature_c,65.53,°C,2026-S1,réelle,
EQ-OVEN-366,2026-01-29 06:00:00+00:00,temperature_c,48.16,°C,2026-S1,réelle,
EQ-OVEN-386,2026-01-29 06:00:00+00:00,temperature_c,62.93,°C,2026-S1,réelle,
EQ-PUMP-001,2026-01-29 06:00:00+00:00,temperature_c,60.39,°C,2026-S1,réelle,
EQ-PUMP-006,2026-01-29 06:00:00+00:00,temperature_c,61.77,°C,2026-S1,réelle,
EQ-PUMP-006,2026-01-29 06:00:00+00:00,vibration_mm_s,2.84,mm/s,2026-S1,réelle,
EQ-PUMP-171,2026-01-29 06:00:00+00:00,temperature_c,63.68,°C,2026-S1,réelle,
EQ-PUMP-171,2026-01-29 06:00:00+00:00,vibration_mm_s,2.6,mm/s,2026-S1,réelle,
EQ-PUMP-350,2026-01-29 06:00:00+00:00,temperature_c,67.53,°C,2026-S1,réelle,
EQ-PUMP-350,2026-01-29 06:00:00+00:00,vibration_mm_s,2.74,mm/s,2026-S1,réelle,
EQ-ROBOT-358,2026-01-29 06:00:00+00:00,vibration_mm_s,3.02,mm/s,2026-S1,réelle,
EQ-SENSOR-305,2026-01-29 06:00:00+00:00,temperature_c,59.49,°C,2026-S1,réelle,
EQ-STEAM-341,2026-01-29 06:00:00+00:00,temperature_c,58.12,°C,2026-S1,réelle,
EQ-STEAM-352,2026-01-29 06:00:00+00:00,temperature_c,63.95,°C,2026-S1,réelle,
EQ-PUMP-001,2026-01-29 08:00:00+00:00,vibration_mm_s,3.29,mm/s,2026-S1,réelle,
EQ-CAB-134,2026-01-29 12:00:00+00:00,temperature_c,51.18,°C,2026-S1,réelle,
EQ-CHILL-001,2026-01-29 12:00:00+00:00,temperature_c,59.16,°C,2026-S1,réelle,
EQ-CHILL-115,2026-01-29 12:00:00+00:00,temperature_c,60.93,°C,2026-S1,réelle,
EQ-CHILL-168,2026-01-29 12:00:00+00:00,temperature_c,53.23,°C,2026-S1,réelle,
EQ-CHILL-188,2026-01-29 12:00:00+00:00,temperature_c,56.82,°C,2026-S1,réelle,
EQ-CHILL-248,2026-01-29 12:00:00+00:00,temperature_c,55.4,°C,2026-S1,réelle,
EQ-COMP-002,2026-01-29 12:00:00+00:00,temperature_c,55.87,°C,2026-S1,réelle,
EQ-COMP-113,2026-01-29 12:00:00+00:00,temperature_c,59.87,°C,2026-S1,réelle,
EQ-COMP-233,2026-01-29 12:00:00+00:00,temperature_c,56.33,°C,2026-S1,réelle,
EQ-FAN-002,2026-01-29 12:00:00+00:00,vibration_mm_s,3.12,mm/s,2026-S1,réelle,
EQ-FAN-003,2026-01-29 12:00:00+00:00,vibration_mm_s,3.41,mm/s,2026-S1,réelle,
EQ-FAN-204,2026-01-29 12:00:00+00:00,vibration_mm_s,3.46,mm/s,2026-S1,réelle,
EQ-FAN-284,2026-01-29 12:00:00+00:00,vibration_mm_s,2.79,mm/s,2026-S1,réelle,
EQ-FAN-304,2026-01-29 12:00:00+00:00,vibration_mm_s,3.01,mm/s,2026-S1,réelle,
EQ-MIX-159,2026-01-29 12:00:00+00:00,vibration_mm_s,2.73,mm/s,2026-S1,réelle,
EQ-MIX-259,2026-01-29 12:00:00+00:00,vibration_mm_s,3.39,mm/s,2026-S1,réelle,
EQ-MIX-379,2026-01-29 12:00:00+00:00,vibration_mm_s,3.05,mm/s,2026-S1,réelle,
EQ-OVEN-001,2026-01-29 12:00:00+00:00,temperature_c,43.87,°C,2026-S1,réelle,
EQ-OVEN-123,2026-01-29 12:00:00+00:00,temperature_c,60.97,°C,2026-S1,réelle,
EQ-OVEN-223,2026-01-29 12:00:00+00:00,temperature_c,66.68,°C,2026-S1,réelle,
EQ-OVEN-366,2026-01-29 12:00:00+00:00,temperature_c,52.08,°C,2026-S1,réelle,
EQ-OVEN-386,2026-01-29 12:00:00+00:00,temperature_c,66.64,°C,2026-S1,réelle,
EQ-PUMP-001,2026-01-29 12:00:00+00:00,temperature_c,58.01,°C,2026-S1,réelle,
EQ-PUMP-006,2026-01-29 12:00:00+00:00,temperature_c,55.31,°C,2026-S1,réelle,
EQ-PUMP-006,2026-01-29 12:00:00+00:00,vibration_mm_s,2.69,mm/s,2026-S1,réelle,
EQ-PUMP-171,2026-01-29 12:00:00+00:00,temperature_c,59.44,°C,2026-S1,réelle,
EQ-PUMP-171,2026-01-29 12:00:00+00:00,vibration_mm_s,3.3,mm/s,2026-S1,réelle,
EQ-PUMP-350,2026-01-29 12:00:00+00:00,temperature_c,59.02,°C,2026-S1,réelle,
EQ-PUMP-350,2026-01-29 12:00:00+00:00,vibration_mm_s,2.87,mm/s,2026-S1,réelle,
EQ-ROBOT-358,2026-01-29 12:00:00+00:00,vibration_mm_s,2.68,mm/s,2026-S1,réelle,
EQ-SENSOR-305,2026-01-29 12:00:00+00:00,temperature_c,54.31,°C,2026-S1,réelle,
EQ-STEAM-341,2026-01-29 12:00:00+00:00,temperature_c,58.8,°C,2026-S1,réelle,
EQ-STEAM-352,2026-01-29 12:00:00+00:00,temperature_c,57.02,°C,2026-S1,réelle,
EQ-PUMP-001,2026-01-29 14:00:00+00:00,vibration_mm_s,2.78,mm/s,2026-S1,réelle,
EQ-CAB-134,2026-01-29 18:00:00+00:00,temperature_c,57.61,°C,2026-S1,réelle,
EQ-CHILL-001,2026-01-29 18:00:00+00:00,temperature_c,52.5,°C,2026-S1,réelle,
EQ-CHILL-115,2026-01-29 18:00:00+00:00,temperature_c,58.28,°C,2026-S1,réelle,
EQ-CHILL-168,2026-01-29 18:00:00+00:00,temperature_c,59.4,°C,2026-S1,réelle,
EQ-CHILL-188,2026-01-29 18:00:00+00:00,temperature_c,59.12,°C,2026-S1,réelle,
EQ-CHILL-248,2026-01-29 18:00:00+00:00,temperature_c,56.36,°C,2026-S1,réelle,
EQ-COMP-002,2026-01-29 18:00:00+00:00,temperature_c,57.81,°C,2026-S1,réelle,
EQ-COMP-113,2026-01-29 18:00:00+00:00,temperature_c,58.36,°C,2026-S1,réelle,
EQ-COMP-233,2026-01-29 18:00:00+00:00,temperature_c,59.55,°C,2026-S1,réelle,
EQ-FAN-002,2026-01-29 18:00:00+00:00,vibration_mm_s,2.65,mm/s,2026-S1,réelle,
EQ-FAN-003,2026-01-29 18:00:00+00:00,vibration_mm_s,2.94,mm/s,2026-S1,réelle,
EQ-FAN-204,2026-01-29 18:00:00+00:00,vibration_mm_s,3.1,mm/s,2026-S1,réelle,
EQ-FAN-284,2026-01-29 18:00:00+00:00,vibration_mm_s,2.49,mm/s,2026-S1,réelle,
EQ-FAN-304,2026-01-29 18:00:00+00:00,vibration_mm_s,2.5,mm/s,2026-S1,réelle,
EQ-MIX-159,2026-01-29 18:00:00+00:00,vibration_mm_s,2.47,mm/s,2026-S1,réelle,
EQ-MIX-259,2026-01-29 18:00:00+00:00,vibration_mm_s,2.65,mm/s,2026-S1,réelle,
EQ-MIX-379,2026-01-29 18:00:00+00:00,vibration_mm_s,3.08,mm/s,2026-S1,réelle,
EQ-OVEN-001,2026-01-29 18:00:00+00:00,temperature_c,52.07,°C,2026-S1,réelle,
EQ-OVEN-123,2026-01-29 18:00:00+00:00,temperature_c,60.96,°C,2026-S1,réelle,
EQ-OVEN-223,2026-01-29 18:00:00+00:00,temperature_c,58.97,°C,2026-S1,réelle,
EQ-OVEN-366,2026-01-29 18:00:00+00:00,temperature_c,55.6,°C,2026-S1,réelle,
EQ-OVEN-386,2026-01-29 18:00:00+00:00,temperature_c,62.93,°C,2026-S1,réelle,
EQ-PUMP-001,2026-01-29 18:00:00+00:00,temperature_c,57.52,°C,2026-S1,réelle,
EQ-PUMP-006,2026-01-29 18:00:00+00:00,temperature_c,49.31,°C,2026-S1,réelle,
EQ-PUMP-006,2026-01-29 18:00:00+00:00,vibration_mm_s,3.51,mm/s,2026-S1,réelle,
EQ-PUMP-171,2026-01-29 18:00:00+00:00,temperature_c,56.5,°C,2026-S1,réelle,
EQ-PUMP-171,2026-01-29 18:00:00+00:00,vibration_mm_s,3.25,mm/s,2026-S1,réelle,
EQ-PUMP-350,2026-01-29 18:00:00+00:00,temperature_c,56.83,°C,2026-S1,réelle,
EQ-PUMP-350,2026-01-29 18:00:00+00:00,vibration_mm_s,3.02,mm/s,2026-S1,réelle,
EQ-ROBOT-358,2026-01-29 18:00:00+00:00,vibration_mm_s,2.47,mm/s,2026-S1,réelle,
EQ-SENSOR-305,2026-01-29 18:00:00+00:00,temperature_c,52.18,°C,2026-S1,réelle,
EQ-STEAM-341,2026-01-29 18:00:00+00:00,temperature_c,50.94,°C,2026-S1,réelle,
EQ-STEAM-352,2026-01-29 18:00:00+00:00,temperature_c,57.2,°C,2026-S1,réelle,
EQ-PUMP-001,2026-01-29 20:00:00+00:00,vibration_mm_s,2.48,mm/s,2026-S1,réelle,
EQ-CAB-134,2026-01-30 00:00:00+00:00,temperature_c,59.58,°C,2026-S1,réelle,
EQ-CHILL-001,2026-01-30 00:00:00+00:00,temperature_c,54.34,°C,2026-S1,réelle,
EQ-CHILL-115,2026-01-30 00:00:00+00:00,temperature_c,55.15,°C,2026-S1,réelle,
EQ-CHILL-168,2026-01-30 00:00:00+00:00,temperature_c,64.02,°C,2026-S1,réelle,
EQ-CHILL-188,2026-01-30 00:00:00+00:00,temperature_c,64.63,°C,2026-S1,réelle,
EQ-CHILL-248,2026-01-30 00:00:00+00:00,temperature_c,55.04,°C,2026-S1,réelle,
EQ-COMP-002,2026-01-30 00:00:00+00:00,temperature_c,63.74,°C,2026-S1,réelle,
EQ-COMP-113,2026-01-30 00:00:00+00:00,temperature_c,65.0,°C,2026-S1,réelle,
EQ-COMP-233,2026-01-30 00:00:00+00:00,temperature_c,64.6,°C,2026-S1,réelle,
EQ-FAN-002,2026-01-30 00:00:00+00:00,vibration_mm_s,2.73,mm/s,2026-S1,réelle,
EQ-FAN-003,2026-01-30 00:00:00+00:00,vibration_mm_s,2.64,mm/s,2026-S1,réelle,
EQ-FAN-204,2026-01-30 00:00:00+00:00,vibration_mm_s,2.22,mm/s,2026-S1,réelle,
EQ-FAN-284,2026-01-30 00:00:00+00:00,vibration_mm_s,2.83,mm/s,2026-S1,réelle,
EQ-FAN-304,2026-01-30 00:00:00+00:00,vibration_mm_s,1.81,mm/s,2026-S1,réelle,
EQ-MIX-159,2026-01-30 00:00:00+00:00,vibration_mm_s,2.44,mm/s,2026-S1,réelle,
EQ-MIX-259,2026-01-30 00:00:00+00:00,vibration_mm_s,2.38,mm/s,2026-S1,réelle,
EQ-MIX-379,2026-01-30 00:00:00+00:00,vibration_mm_s,3.43,mm/s,2026-S1,réelle,
EQ-OVEN-001,2026-01-30 00:00:00+00:00,temperature_c,54.66,°C,2026-S1,réelle,
EQ-OVEN-123,2026-01-30 00:00:00+00:00,temperature_c,55.82,°C,2026-S1,réelle,
EQ-OVEN-223,2026-01-30 00:00:00+00:00,temperature_c,59.62,°C,2026-S1,réelle,
EQ-OVEN-366,2026-01-30 00:00:00+00:00,temperature_c,48.37,°C,2026-S1,réelle,
EQ-OVEN-386,2026-01-30 00:00:00+00:00,temperature_c,57.13,°C,2026-S1,réelle,
EQ-PUMP-001,2026-01-30 00:00:00+00:00,temperature_c,59.82,°C,2026-S1,réelle,
EQ-PUMP-006,2026-01-30 00:00:00+00:00,temperature_c,54.22,°C,2026-S1,réelle,
EQ-PUMP-006,2026-01-30 00:00:00+00:00,vibration_mm_s,3.38,mm/s,2026-S1,réelle,
EQ-PUMP-171,2026-01-30 00:00:00+00:00,temperature_c,65.63,°C,2026-S1,réelle,
EQ-PUMP-171,2026-01-30 00:00:00+00:00,vibration_mm_s,2.97,mm/s,2026-S1,réelle,
EQ-PUMP-350,2026-01-30 00:00:00+00:00,temperature_c,60.74,°C,2026-S1,réelle,
EQ-PUMP-350,2026-01-30 00:00:00+00:00,vibration_mm_s,3.64,mm/s,2026-S1,réelle,
EQ-ROBOT-358,2026-01-30 00:00:00+00:00,vibration_mm_s,3.07,mm/s,2026-S1,réelle,
EQ-SENSOR-305,2026-01-30 00:00:00+00:00,temperature_c,59.48,°C,2026-S1,réelle,
EQ-STEAM-341,2026-01-30 00:00:00+00:00,temperature_c,56.86,°C,2026-S1,réelle,
EQ-STEAM-352,2026-01-30 00:00:00+00:00,temperature_c,61.51,°C,2026-S1,réelle,
EQ-PUMP-001,2026-01-30 02:00:00+00:00,vibration_mm_s,3.02,mm/s,2026-S1,réelle,
EQ-CAB-134,2026-01-30 06:00:00+00:00,temperature_c,54.85,°C,2026-S1,réelle,
EQ-CHILL-001,2026-01-30 06:00:00+00:00,temperature_c,58.32,°C,2026-S1,réelle,
EQ-CHILL-115,2026-01-30 06:00:00+00:00,temperature_c,63.45,°C,2026-S1,réelle,
EQ-CHILL-168,2026-01-30 06:00:00+00:00,temperature_c,61.15,°C,2026-S1,réelle,
EQ-CHILL-188,2026-01-30 06:00:00+00:00,temperature_c,56.11,°C,2026-S1,réelle,
EQ-CHILL-248,2026-01-30 06:00:00+00:00,temperature_c,49.06,°C,2026-S1,réelle,
EQ-COMP-002,2026-01-30 06:00:00+00:00,temperature_c,60.38,°C,2026-S1,réelle,
EQ-COMP-113,2026-01-30 06:00:00+00:00,temperature_c,67.87,°C,2026-S1,réelle,
EQ-COMP-233,2026-01-30 06:00:00+00:00,temperature_c,60.67,°C,2026-S1,réelle,
EQ-FAN-002,2026-01-30 06:00:00+00:00,vibration_mm_s,3.46,mm/s,2026-S1,réelle,
EQ-FAN-003,2026-01-30 06:00:00+00:00,vibration_mm_s,2.59,mm/s,2026-S1,réelle,
EQ-FAN-204,2026-01-30 06:00:00+00:00,vibration_mm_s,3.02,mm/s,2026-S1,réelle,
EQ-FAN-284,2026-01-30 06:00:00+00:00,vibration_mm_s,2.87,mm/s,2026-S1,réelle,
EQ-FAN-304,2026-01-30 06:00:00+00:00,vibration_mm_s,2.43,mm/s,2026-S1,réelle,
EQ-MIX-159,2026-01-30 06:00:00+00:00,vibration_mm_s,2.86,mm/s,2026-S1,réelle,
EQ-MIX-259,2026-01-30 06:00:00+00:00,vibration_mm_s,2.41,mm/s,2026-S1,réelle,
EQ-MIX-379,2026-01-30 06:00:00+00:00,vibration_mm_s,2.36,mm/s,2026-S1,réelle,
EQ-OVEN-001,2026-01-30 06:00:00+00:00,temperature_c,49.28,°C,2026-S1,réelle,
EQ-OVEN-123,2026-01-30 06:00:00+00:00,temperature_c,54.05,°C,2026-S1,réelle,
EQ-OVEN-223,2026-01-30 06:00:00+00:00,temperature_c,64.97,°C,2026-S1,réelle,
EQ-OVEN-366,2026-01-30 06:00:00+00:00,temperature_c,46.96,°C,2026-S1,réelle,
EQ-OVEN-386,2026-01-30 06:00:00+00:00,temperature_c,62.37,°C,2026-S1,réelle,
EQ-PUMP-001,2026-01-30 06:00:00+00:00,temperature_c,62.67,°C,2026-S1,réelle,
EQ-PUMP-006,2026-01-30 06:00:00+00:00,temperature_c,57.76,°C,2026-S1,réelle,
EQ-PUMP-006,2026-01-30 06:00:00+00:00,vibration_mm_s,2.64,mm/s,2026-S1,réelle,
EQ-PUMP-171,2026-01-30 06:00:00+00:00,temperature_c,65.97,°C,2026-S1,réelle,
EQ-PUMP-171,2026-01-30 06:00:00+00:00,vibration_mm_s,2.23,mm/s,2026-S1,réelle,
EQ-PUMP-350,2026-01-30 06:00:00+00:00,temperature_c,65.94,°C,2026-S1,réelle,
EQ-PUMP-350,2026-01-30 06:00:00+00:00,vibration_mm_s,3.04,mm/s,2026-S1,réelle,
EQ-ROBOT-358,2026-01-30 06:00:00+00:00,vibration_mm_s,3.51,mm/s,2026-S1,réelle,
EQ-SENSOR-305,2026-01-30 06:00:00+00:00,temperature_c,60.13,°C,2026-S1,réelle,
EQ-STEAM-341,2026-01-30 06:00:00+00:00,temperature_c,58.59,°C,2026-S1,réelle,
EQ-STEAM-352,2026-01-30 06:00:00+00:00,temperature_c,63.36,°C,2026-S1,réelle,
EQ-PUMP-001,2026-01-30 08:00:00+00:00,vibration_mm_s,2.59,mm/s,2026-S1,réelle,
EQ-CAB-134,2026-01-30 12:00:00+00:00,temperature_c,51.95,°C,2026-S1,réelle,
EQ-CHILL-001,2026-01-30 12:00:00+00:00,temperature_c,58.22,°C,2026-S1,réelle,
EQ-CHILL-115,2026-01-30 12:00:00+00:00,temperature_c,62.52,°C,2026-S1,réelle,
EQ-CHILL-168,2026-01-30 12:00:00+00:00,temperature_c,57.7,°C,2026-S1,réelle,
EQ-CHILL-188,2026-01-30 12:00:00+00:00,temperature_c,54.87,°C,2026-S1,réelle,
EQ-CHILL-248,2026-01-30 12:00:00+00:00,temperature_c,54.97,°C,2026-S1,réelle,
EQ-COMP-002,2026-01-30 12:00:00+00:00,temperature_c,55.73,°C,2026-S1,réelle,
EQ-COMP-113,2026-01-30 12:00:00+00:00,temperature_c,57.05,°C,2026-S1,réelle,
EQ-COMP-233,2026-01-30 12:00:00+00:00,temperature_c,54.19,°C,2026-S1,réelle,
EQ-FAN-002,2026-01-30 12:00:00+00:00,vibration_mm_s,2.95,mm/s,2026-S1,réelle,
EQ-FAN-003,2026-01-30 12:00:00+00:00,vibration_mm_s,3.25,mm/s,2026-S1,réelle,
EQ-FAN-204,2026-01-30 12:00:00+00:00,vibration_mm_s,3.2,mm/s,2026-S1,réelle,
EQ-FAN-284,2026-01-30 12:00:00+00:00,vibration_mm_s,3.23,mm/s,2026-S1,réelle,
EQ-FAN-304,2026-01-30 12:00:00+00:00,vibration_mm_s,3.0,mm/s,2026-S1,réelle,
EQ-MIX-159,2026-01-30 12:00:00+00:00,vibration_mm_s,2.95,mm/s,2026-S1,réelle,
EQ-MIX-259,2026-01-30 12:00:00+00:00,vibration_mm_s,3.0,mm/s,2026-S1,réelle,
EQ-MIX-379,2026-01-30 12:00:00+00:00,vibration_mm_s,2.49,mm/s,2026-S1,réelle,
EQ-OVEN-001,2026-01-30 12:00:00+00:00,temperature_c,47.12,°C,2026-S1,réelle,
EQ-OVEN-123,2026-01-30 12:00:00+00:00,temperature_c,61.56,°C,2026-S1,réelle,
EQ-OVEN-223,2026-01-30 12:00:00+00:00,temperature_c,64.2,°C,2026-S1,réelle,
EQ-OVEN-366,2026-01-30 12:00:00+00:00,temperature_c,52.36,°C,2026-S1,réelle,
EQ-OVEN-386,2026-01-30 12:00:00+00:00,temperature_c,66.35,°C,2026-S1,réelle,
EQ-PUMP-001,2026-01-30 12:00:00+00:00,temperature_c,57.76,°C,2026-S1,réelle,
EQ-PUMP-006,2026-01-30 12:00:00+00:00,temperature_c,60.67,°C,2026-S1,réelle,
EQ-PUMP-006,2026-01-30 12:00:00+00:00,vibration_mm_s,2.99,mm/s,2026-S1,réelle,
EQ-PUMP-171,2026-01-30 12:00:00+00:00,temperature_c,59.86,°C,2026-S1,réelle,
EQ-PUMP-171,2026-01-30 12:00:00+00:00,vibration_mm_s,2.55,mm/s,2026-S1,réelle,
EQ-PUMP-350,2026-01-30 12:00:00+00:00,temperature_c,63.47,°C,2026-S1,réelle,
EQ-PUMP-350,2026-01-30 12:00:00+00:00,vibration_mm_s,2.96,mm/s,2026-S1,réelle,
EQ-ROBOT-358,2026-01-30 12:00:00+00:00,vibration_mm_s,2.5,mm/s,2026-S1,réelle,
EQ-SENSOR-305,2026-01-30 12:00:00+00:00,temperature_c,56.81,°C,2026-S1,réelle,
EQ-STEAM-341,2026-01-30 12:00:00+00:00,temperature_c,56.15,°C,2026-S1,réelle,
EQ-STEAM-352,2026-01-30 12:00:00+00:00,temperature_c,56.06,°C,2026-S1,réelle,
EQ-PUMP-001,2026-01-30 14:00:00+00:00,vibration_mm_s,2.64,mm/s,2026-S1,réelle,
EQ-CAB-134,2026-01-30 18:00:00+00:00,temperature_c,55.57,°C,2026-S1,réelle,
EQ-CHILL-001,2026-01-30 18:00:00+00:00,temperature_c,52.15,°C,2026-S1,réelle,
EQ-CHILL-115,2026-01-30 18:00:00+00:00,temperature_c,56.12,°C,2026-S1,réelle,
EQ-CHILL-168,2026-01-30 18:00:00+00:00,temperature_c,60.36,°C,2026-S1,réelle,
EQ-CHILL-188,2026-01-30 18:00:00+00:00,temperature_c,60.45,°C,2026-S1,réelle,
EQ-CHILL-248,2026-01-30 18:00:00+00:00,temperature_c,59.22,°C,2026-S1,réelle,
EQ-COMP-002,2026-01-30 18:00:00+00:00,temperature_c,59.01,°C,2026-S1,réelle,
EQ-COMP-113,2026-01-30 18:00:00+00:00,temperature_c,59.78,°C,2026-S1,réelle,
EQ-COMP-233,2026-01-30 18:00:00+00:00,temperature_c,60.57,°C,2026-S1,réelle,
EQ-FAN-002,2026-01-30 18:00:00+00:00,vibration_mm_s,2.65,mm/s,2026-S1,réelle,
EQ-FAN-003,2026-01-30 18:00:00+00:00,vibration_mm_s,3.25,mm/s,2026-S1,réelle,
EQ-FAN-204,2026-01-30 18:00:00+00:00,vibration_mm_s,3.2,mm/s,2026-S1,réelle,
EQ-FAN-284,2026-01-30 18:00:00+00:00,vibration_mm_s,2.71,mm/s,2026-S1,réelle,
EQ-FAN-304,2026-01-30 18:00:00+00:00,vibration_mm_s,2.84,mm/s,2026-S1,réelle,
EQ-MIX-159,2026-01-30 18:00:00+00:00,vibration_mm_s,2.45,mm/s,2026-S1,réelle,
EQ-MIX-259,2026-01-30 18:00:00+00:00,vibration_mm_s,2.93,mm/s,2026-S1,réelle,
EQ-MIX-379,2026-01-30 18:00:00+00:00,vibration_mm_s,3.23,mm/s,2026-S1,réelle,
EQ-OVEN-001,2026-01-30 18:00:00+00:00,temperature_c,51.99,°C,2026-S1,réelle,
EQ-OVEN-123,2026-01-30 18:00:00+00:00,temperature_c,61.78,°C,2026-S1,réelle,
EQ-OVEN-223,2026-01-30 18:00:00+00:00,temperature_c,59.57,°C,2026-S1,réelle,
EQ-OVEN-366,2026-01-30 18:00:00+00:00,temperature_c,57.52,°C,2026-S1,réelle,
EQ-OVEN-386,2026-01-30 18:00:00+00:00,temperature_c,64.23,°C,2026-S1,réelle,
EQ-PUMP-001,2026-01-30 18:00:00+00:00,temperature_c,58.62,°C,2026-S1,réelle,
EQ-PUMP-006,2026-01-30 18:00:00+00:00,temperature_c,53.08,°C,2026-S1,réelle,
EQ-PUMP-006,2026-01-30 18:00:00+00:00,vibration_mm_s,3.04,mm/s,2026-S1,réelle,
EQ-PUMP-171,2026-01-30 18:00:00+00:00,temperature_c,58.22,°C,2026-S1,réelle,
EQ-PUMP-171,2026-01-30 18:00:00+00:00,vibration_mm_s,3.44,mm/s,2026-S1,réelle,
EQ-PUMP-350,2026-01-30 18:00:00+00:00,temperature_c,58.04,°C,2026-S1,réelle,
EQ-PUMP-350,2026-01-30 18:00:00+00:00,vibration_mm_s,2.68,mm/s,2026-S1,réelle,
EQ-ROBOT-358,2026-01-30 18:00:00+00:00,vibration_mm_s,2.67,mm/s,2026-S1,réelle,
EQ-SENSOR-305,2026-01-30 18:00:00+00:00,temperature_c,51.29,°C,2026-S1,réelle,
EQ-STEAM-341,2026-01-30 18:00:00+00:00,temperature_c,53.95,°C,2026-S1,réelle,
EQ-STEAM-352,2026-01-30 18:00:00+00:00,temperature_c,55.7,°C,2026-S1,réelle,
EQ-PUMP-001,2026-01-30 20:00:00+00:00,vibration_mm_s,2.35,mm/s,2026-S1,réelle,
EQ-CAB-134,2026-01-31 00:00:00+00:00,temperature_c,59.39,°C,2026-S1,réelle,
EQ-CHILL-001,2026-01-31 00:00:00+00:00,temperature_c,52.67,°C,2026-S1,réelle,
EQ-CHILL-115,2026-01-31 00:00:00+00:00,temperature_c,54.89,°C,2026-S1,réelle,
EQ-CHILL-168,2026-01-31 00:00:00+00:00,temperature_c,,°C,2026-S1,réelle,
EQ-CHILL-188,2026-01-31 00:00:00+00:00,temperature_c,61.12,°C,2026-S1,réelle,
EQ-CHILL-248,2026-01-31 00:00:00+00:00,temperature_c,50.45,°C,2026-S1,réelle,
EQ-COMP-002,2026-01-31 00:00:00+00:00,temperature_c,59.16,°C,2026-S1,réelle,
EQ-COMP-113,2026-01-31 00:00:00+00:00,temperature_c,66.95,°C,2026-S1,réelle,
EQ-COMP-233,2026-01-31 00:00:00+00:00,temperature_c,60.75,°C,2026-S1,réelle,
EQ-FAN-002,2026-01-31 00:00:00+00:00,vibration_mm_s,3.13,mm/s,2026-S1,réelle,
EQ-FAN-003,2026-01-31 00:00:00+00:00,vibration_mm_s,2.41,mm/s,2026-S1,réelle,
EQ-FAN-204,2026-01-31 00:00:00+00:00,vibration_mm_s,2.54,mm/s,2026-S1,réelle,
EQ-FAN-284,2026-01-31 00:00:00+00:00,vibration_mm_s,1.92,mm/s,2026-S1,réelle,
EQ-FAN-304,2026-01-31 00:00:00+00:00,vibration_mm_s,2.16,mm/s,2026-S1,réelle,
EQ-MIX-159,2026-01-31 00:00:00+00:00,vibration_mm_s,2.2,mm/s,2026-S1,réelle,
EQ-MIX-259,2026-01-31 00:00:00+00:00,vibration_mm_s,2.19,mm/s,2026-S1,réelle,
EQ-MIX-379,2026-01-31 00:00:00+00:00,vibration_mm_s,2.47,mm/s,2026-S1,réelle,
EQ-OVEN-001,2026-01-31 00:00:00+00:00,temperature_c,52.65,°C,2026-S1,réelle,
EQ-OVEN-123,2026-01-31 00:00:00+00:00,temperature_c,54.56,°C,2026-S1,réelle,
EQ-OVEN-223,2026-01-31 00:00:00+00:00,temperature_c,54.96,°C,2026-S1,réelle,
EQ-OVEN-366,2026-01-31 00:00:00+00:00,temperature_c,47.65,°C,2026-S1,réelle,
EQ-OVEN-386,2026-01-31 00:00:00+00:00,temperature_c,56.98,°C,2026-S1,réelle,
EQ-PUMP-001,2026-01-31 00:00:00+00:00,temperature_c,60.23,°C,2026-S1,réelle,
EQ-PUMP-006,2026-01-31 00:00:00+00:00,temperature_c,49.73,°C,2026-S1,réelle,
EQ-PUMP-006,2026-01-31 00:00:00+00:00,vibration_mm_s,3.57,mm/s,2026-S1,réelle,
EQ-PUMP-171,2026-01-31 00:00:00+00:00,temperature_c,61.93,°C,2026-S1,réelle,
EQ-PUMP-171,2026-01-31 00:00:00+00:00,vibration_mm_s,2.76,mm/s,2026-S1,réelle,
EQ-PUMP-350,2026-01-31 00:00:00+00:00,temperature_c,58.17,°C,2026-S1,réelle,
EQ-PUMP-350,2026-01-31 00:00:00+00:00,vibration_mm_s,3.29,mm/s,2026-S1,réelle,
EQ-ROBOT-358,2026-01-31 00:00:00+00:00,vibration_mm_s,2.78,mm/s,2026-S1,réelle,
EQ-SENSOR-305,2026-01-31 00:00:00+00:00,temperature_c,58.46,°C,2026-S1,réelle,
EQ-STEAM-341,2026-01-31 00:00:00+00:00,temperature_c,51.18,°C,2026-S1,réelle,
EQ-STEAM-352,2026-01-31 00:00:00+00:00,temperature_c,62.91,°C,2026-S1,réelle,
EQ-PUMP-001,2026-01-31 02:00:00+00:00,vibration_mm_s,2.6,mm/s,2026-S1,réelle,
EQ-CAB-134,2026-01-31 06:00:00+00:00,temperature_c,53.06,°C,2026-S1,réelle,
EQ-CHILL-001,2026-01-31 06:00:00+00:00,temperature_c,58.19,°C,2026-S1,réelle,
EQ-CHILL-115,2026-01-31 06:00:00+00:00,temperature_c,60.45,°C,2026-S1,réelle,
EQ-CHILL-168,2026-01-31 06:00:00+00:00,temperature_c,54.91,°C,2026-S1,réelle,
EQ-CHILL-188,2026-01-31 06:00:00+00:00,temperature_c,56.84,°C,2026-S1,réelle,
EQ-CHILL-248,2026-01-31 06:00:00+00:00,temperature_c,45.82,°C,2026-S1,réelle,
EQ-COMP-002,2026-01-31 06:00:00+00:00,temperature_c,59.63,°C,2026-S1,réelle,
EQ-COMP-113,2026-01-31 06:00:00+00:00,temperature_c,64.3,°C,2026-S1,réelle,
EQ-COMP-233,2026-01-31 06:00:00+00:00,temperature_c,57.04,°C,2026-S1,réelle,
EQ-FAN-002,2026-01-31 06:00:00+00:00,vibration_mm_s,3.19,mm/s,2026-S1,réelle,
EQ-FAN-003,2026-01-31 06:00:00+00:00,vibration_mm_s,3.05,mm/s,2026-S1,réelle,
EQ-FAN-204,2026-01-31 06:00:00+00:00,vibration_mm_s,2.94,mm/s,2026-S1,réelle,
EQ-FAN-284,2026-01-31 06:00:00+00:00,vibration_mm_s,2.67,mm/s,2026-S1,réelle,
EQ-FAN-304,2026-01-31 06:00:00+00:00,vibration_mm_s,2.33,mm/s,2026-S1,réelle,
EQ-MIX-159,2026-01-31 06:00:00+00:00,vibration_mm_s,2.95,mm/s,2026-S1,réelle,
EQ-MIX-259,2026-01-31 06:00:00+00:00,vibration_mm_s,1.94,mm/s,2026-S1,réelle,
EQ-MIX-379,2026-01-31 06:00:00+00:00,vibration_mm_s,2.71,mm/s,2026-S1,réelle,
EQ-OVEN-001,2026-01-31 06:00:00+00:00,temperature_c,48.5,°C,2026-S1,réelle,
EQ-OVEN-123,2026-01-31 06:00:00+00:00,temperature_c,50.74,°C,2026-S1,réelle,
EQ-OVEN-223,2026-01-31 06:00:00+00:00,temperature_c,63.79,°C,2026-S1,réelle,
EQ-OVEN-366,2026-01-31 06:00:00+00:00,temperature_c,44.33,°C,2026-S1,réelle,
EQ-OVEN-386,2026-01-31 06:00:00+00:00,temperature_c,57.06,°C,2026-S1,réelle,
EQ-PUMP-001,2026-01-31 06:00:00+00:00,temperature_c,60.79,°C,2026-S1,réelle,
EQ-PUMP-006,2026-01-31 06:00:00+00:00,temperature_c,55.82,°C,2026-S1,réelle,
EQ-PUMP-006,2026-01-31 06:00:00+00:00,vibration_mm_s,3.0,mm/s,2026-S1,réelle,
EQ-PUMP-171,2026-01-31 06:00:00+00:00,temperature_c,62.16,°C,2026-S1,réelle,
EQ-PUMP-171,2026-01-31 06:00:00+00:00,vibration_mm_s,2.67,mm/s,2026-S1,réelle,
EQ-PUMP-350,2026-01-31 06:00:00+00:00,temperature_c,62.62,°C,2026-S1,réelle,
EQ-PUMP-350,2026-01-31 06:00:00+00:00,vibration_mm_s,2.61,mm/s,2026-S1,réelle,
EQ-ROBOT-358,2026-01-31 06:00:00+00:00,vibration_mm_s,3.14,mm/s,2026-S1,réelle,
EQ-SENSOR-305,2026-01-31 06:00:00+00:00,temperature_c,60.47,°C,2026-S1,réelle,
EQ-STEAM-341,2026-01-31 06:00:00+00:00,temperature_c,59.08,°C,2026-S1,réelle,
EQ-STEAM-352,2026-01-31 06:00:00+00:00,temperature_c,63.4,°C,2026-S1,réelle,
EQ-PUMP-001,2026-01-31 08:00:00+00:00,vibration_mm_s,2.7,mm/s,2026-S1,réelle,
EQ-CAB-134,2026-01-31 12:00:00+00:00,temperature_c,50.97,°C,2026-S1,réelle,
EQ-CHILL-001,2026-01-31 12:00:00+00:00,temperature_c,60.02,°C,2026-S1,réelle,
EQ-CHILL-115,2026-01-31 12:00:00+00:00,temperature_c,59.65,°C,2026-S1,réelle,
EQ-CHILL-168,2026-01-31 12:00:00+00:00,temperature_c,52.53,°C,2026-S1,réelle,
EQ-CHILL-188,2026-01-31 12:00:00+00:00,temperature_c,53.1,°C,2026-S1,réelle,
EQ-CHILL-248,2026-01-31 12:00:00+00:00,temperature_c,49.5,°C,2026-S1,réelle,
EQ-COMP-002,2026-01-31 12:00:00+00:00,temperature_c,55.56,°C,2026-S1,réelle,
EQ-COMP-113,2026-01-31 12:00:00+00:00,temperature_c,58.52,°C,2026-S1,réelle,
EQ-COMP-233,2026-01-31 12:00:00+00:00,temperature_c,54.59,°C,2026-S1,réelle,
EQ-FAN-002,2026-01-31 12:00:00+00:00,vibration_mm_s,2.88,mm/s,2026-S1,réelle,
EQ-FAN-003,2026-01-31 12:00:00+00:00,vibration_mm_s,3.16,mm/s,2026-S1,réelle,
EQ-FAN-204,2026-01-31 12:00:00+00:00,vibration_mm_s,2.66,mm/s,2026-S1,réelle,
EQ-FAN-284,2026-01-31 12:00:00+00:00,vibration_mm_s,2.42,mm/s,2026-S1,réelle,
EQ-FAN-304,2026-01-31 12:00:00+00:00,vibration_mm_s,2.67,mm/s,2026-S1,réelle,
EQ-MIX-159,2026-01-31 12:00:00+00:00,vibration_mm_s,2.81,mm/s,2026-S1,réelle,
EQ-MIX-259,2026-01-31 12:00:00+00:00,vibration_mm_s,2.68,mm/s,2026-S1,réelle,
EQ-MIX-379,2026-01-31 12:00:00+00:00,vibration_mm_s,3.02,mm/s,2026-S1,réelle,
EQ-OVEN-001,2026-01-31 12:00:00+00:00,temperature_c,44.15,°C,2026-S1,réelle,
EQ-OVEN-123,2026-01-31 12:00:00+00:00,temperature_c,57.8,°C,2026-S1,réelle,
EQ-OVEN-223,2026-01-31 12:00:00+00:00,temperature_c,63.04,°C,2026-S1,réelle,
EQ-OVEN-366,2026-01-31 12:00:00+00:00,temperature_c,51.29,°C,2026-S1,réelle,
EQ-OVEN-386,2026-01-31 12:00:00+00:00,temperature_c,66.5,°C,2026-S1,réelle,
EQ-PUMP-001,2026-01-31 12:00:00+00:00,temperature_c,54.38,°C,2026-S1,réelle,
EQ-PUMP-006,2026-01-31 12:00:00+00:00,temperature_c,57.92,°C,2026-S1,réelle,
EQ-PUMP-006,2026-01-31 12:00:00+00:00,vibration_mm_s,3.12,mm/s,2026-S1,réelle,
EQ-PUMP-171,2026-01-31 12:00:00+00:00,temperature_c,57.78,°C,2026-S1,réelle,
EQ-PUMP-171,2026-01-31 12:00:00+00:00,vibration_mm_s,3.19,mm/s,2026-S1,réelle,
EQ-PUMP-350,2026-01-31 12:00:00+00:00,temperature_c,60.46,°C,2026-S1,réelle,
EQ-PUMP-350,2026-01-31 12:00:00+00:00,vibration_mm_s,2.54,mm/s,2026-S1,réelle,
EQ-ROBOT-358,2026-01-31 12:00:00+00:00,vibration_mm_s,3.06,mm/s,2026-S1,réelle,
EQ-SENSOR-305,2026-01-31 12:00:00+00:00,temperature_c,52.08,°C,2026-S1,réelle,
EQ-STEAM-341,2026-01-31 12:00:00+00:00,temperature_c,54.75,°C,2026-S1,réelle,
EQ-STEAM-352,2026-01-31 12:00:00+00:00,temperature_c,53.6,°C,2026-S1,réelle,
EQ-PUMP-001,2026-01-31 14:00:00+00:00,vibration_mm_s,2.77,mm/s,2026-S1,réelle,
EQ-CAB-134,2026-01-31 18:00:00+00:00,temperature_c,56.22,°C,2026-S1,réelle,
EQ-CHILL-001,2026-01-31 18:00:00+00:00,temperature_c,51.83,°C,2026-S1,réelle,
EQ-CHILL-115,2026-01-31 18:00:00+00:00,temperature_c,54.59,°C,2026-S1,réelle,
EQ-CHILL-168,2026-01-31 18:00:00+00:00,temperature_c,57.71,°C,2026-S1,réelle,
EQ-CHILL-188,2026-01-31 18:00:00+00:00,temperature_c,58.83,°C,2026-S1,réelle,
EQ-CHILL-248,2026-01-31 18:00:00+00:00,temperature_c,56.99,°C,2026-S1,réelle,
EQ-COMP-002,2026-01-31 18:00:00+00:00,temperature_c,56.25,°C,2026-S1,réelle,
EQ-COMP-113,2026-01-31 18:00:00+00:00,temperature_c,57.84,°C,2026-S1,réelle,
EQ-COMP-233,2026-01-31 18:00:00+00:00,temperature_c,58.12,°C,2026-S1,réelle,
EQ-FAN-002,2026-01-31 18:00:00+00:00,vibration_mm_s,2.89,mm/s,2026-S1,réelle,
EQ-FAN-003,2026-01-31 18:00:00+00:00,vibration_mm_s,2.62,mm/s,2026-S1,réelle,
EQ-FAN-204,2026-01-31 18:00:00+00:00,vibration_mm_s,2.99,mm/s,2026-S1,réelle,
EQ-FAN-284,2026-01-31 18:00:00+00:00,vibration_mm_s,2.36,mm/s,2026-S1,réelle,
EQ-FAN-304,2026-01-31 18:00:00+00:00,vibration_mm_s,2.27,mm/s,2026-S1,réelle,
EQ-MIX-159,2026-01-31 18:00:00+00:00,vibration_mm_s,2.29,mm/s,2026-S1,réelle,
EQ-MIX-259,2026-01-31 18:00:00+00:00,vibration_mm_s,2.75,mm/s,2026-S1,réelle,
EQ-MIX-379,2026-01-31 18:00:00+00:00,vibration_mm_s,3.14,mm/s,2026-S1,réelle,
EQ-OVEN-001,2026-01-31 18:00:00+00:00,temperature_c,46.36,°C,2026-S1,réelle,
EQ-OVEN-123,2026-01-31 18:00:00+00:00,temperature_c,60.91,°C,2026-S1,réelle,
EQ-OVEN-223,2026-01-31 18:00:00+00:00,temperature_c,56.36,°C,2026-S1,réelle,
EQ-OVEN-366,2026-01-31 18:00:00+00:00,temperature_c,54.58,°C,2026-S1,réelle,
EQ-OVEN-386,2026-01-31 18:00:00+00:00,temperature_c,60.68,°C,2026-S1,réelle,
EQ-PUMP-001,2026-01-31 18:00:00+00:00,temperature_c,53.07,°C,2026-S1,réelle,
EQ-PUMP-006,2026-01-31 18:00:00+00:00,temperature_c,49.1,°C,2026-S1,réelle,
EQ-PUMP-006,2026-01-31 18:00:00+00:00,vibration_mm_s,3.38,mm/s,2026-S1,réelle,
EQ-PUMP-171,2026-01-31 18:00:00+00:00,temperature_c,58.56,°C,2026-S1,réelle,
EQ-PUMP-171,2026-01-31 18:00:00+00:00,vibration_mm_s,3.3,mm/s,2026-S1,réelle,
EQ-PUMP-350,2026-01-31 18:00:00+00:00,temperature_c,54.82,°C,2026-S1,réelle,
EQ-PUMP-350,2026-01-31 18:00:00+00:00,vibration_mm_s,2.68,mm/s,2026-S1,réelle,
EQ-ROBOT-358,2026-01-31 18:00:00+00:00,vibration_mm_s,2.32,mm/s,2026-S1,réelle,
EQ-SENSOR-305,2026-01-31 18:00:00+00:00,temperature_c,48.65,°C,2026-S1,réelle,
EQ-STEAM-341,2026-01-31 18:00:00+00:00,temperature_c,49.13,°C,2026-S1,réelle,
EQ-STEAM-352,2026-01-31 18:00:00+00:00,temperature_c,55.68,°C,2026-S1,réelle,
EQ-PUMP-001,2026-01-31 20:00:00+00:00,vibration_mm_s,2.21,mm/s,2026-S1,réelle,
